#rname	startpos	endpos	numreads	covbases	coverage	meandepth	meanbaseq	meanmapq
dDocent_Contig_1	1	535	20	436	81.4953	4.9757	35.9	60
dDocent_Contig_2	1	333	9	142	42.6426	3.62162	36.7	60
dDocent_Contig_6	1	445	14	291	65.3933	3.99775	35.5	60
dDocent_Contig_8	1	685	213	497	72.5547	44.7416	36.2	60
dDocent_Contig_47	1	420	7	345	82.1429	2.21905	36.7	60
dDocent_Contig_48	1	332	3	114	34.3373	0.876506	33.5	60
dDocent_Contig_49	1	332	3	142	42.7711	1.25602	36.8	60
dDocent_Contig_111	1	880	3916	753	85.5682	656.477	36.3	40.5
dDocent_Contig_121	1	505	378	399	79.0099	104.186	36.2	59.9
dDocent_Contig_140	1	394	25	354	89.8477	8.94924	36.2	60
dDocent_Contig_185	1	998	157	866	86.7735	21.8046	36.2	44
dDocent_Contig_211	1	356	15	291	81.7416	5.09551	36.4	51
dDocent_Contig_236	1	927	4285	867	93.5275	684.802	36.3	41
dDocent_Contig_239	1	987	504	934	94.6302	74.4428	36.3	37.7
dDocent_Contig_244	1	333	29	289	86.7868	11.7147	36.7	60
dDocent_Contig_254	1	523	56	323	61.7591	14.4646	36.3	37.2
dDocent_Contig_274	1	334	3	179	53.5928	1.34731	36.9	60
dDocent_Contig_275	1	333	11	138	41.4414	4.33634	36.5	60
dDocent_Contig_276	1	333	11	144	43.2432	4.44144	36.8	60
dDocent_Contig_278	1	333	7	143	42.9429	2.84685	36.7	60
dDocent_Contig_286	1	973	1598	656	67.4203	241.848	36.2	37.3
dDocent_Contig_353	1	800	151	729	91.125	27.1788	36.3	40.7
dDocent_Contig_362	1	525	51	379	72.1905	13.8952	35.6	39.7
dDocent_Contig_369	1	550	73	522	94.9091	16.2364	35.9	60
dDocent_Contig_372	1	600	1387	559	93.1667	338.56	36	48.9
dDocent_Contig_378	1	1030	307	793	76.9903	40.8369	36.2	36.8
dDocent_Contig_385	1	639	48	504	78.8732	10.1612	36	35.2
dDocent_Contig_403	1	583	100	525	90.0515	24.765	36	39.9
dDocent_Contig_405	1	627	343	550	87.7193	78.9649	36.1	39.7
dDocent_Contig_423	1	523	362	483	92.3518	101.57	36.1	39.4
dDocent_Contig_425	1	483	156	428	88.6128	47.853	36.3	39.8
dDocent_Contig_439	1	1059	1732	830	78.3758	235.868	36.2	40.9
dDocent_Contig_506	1	333	11	142	42.6426	4.24324	36.5	60
dDocent_Contig_514	1	384	19	347	90.3646	6.64844	36.2	60
dDocent_Contig_516	1	528	65	489	92.6136	13.3125	36.1	53.8
dDocent_Contig_517	1	368	197	142	38.587	66.1821	36.3	41.9
dDocent_Contig_521	1	335	40	291	86.8657	15.5313	35.7	60
dDocent_Contig_522	1	420	25	377	89.7619	8.0381	36.4	60
dDocent_Contig_523	1	511	41	291	56.9472	10.9511	36.7	60
dDocent_Contig_528	1	343	3	300	87.4636	1.23032	36.9	60
dDocent_Contig_530	1	474	50	391	82.4895	14.097	36.1	60
dDocent_Contig_531	1	392	11	142	36.2245	3.46173	36.5	60
dDocent_Contig_535	1	630	115	592	93.9683	26.1667	36.1	55.6
dDocent_Contig_542	1	382	58	352	92.1466	20.5864	36.3	60
dDocent_Contig_544	1	519	11	322	62.0424	2.72062	36.4	60
dDocent_Contig_545	1	432	31	319	73.8426	9.61574	36.4	60
dDocent_Contig_551	1	408	19	299	73.2843	6.34804	36.3	60
dDocent_Contig_552	1	440	5	286	65	1.53864	36.1	60
dDocent_Contig_568	1	482	69	384	79.668	20.3797	36.3	60
dDocent_Contig_569	1	591	61	551	93.2318	14.1438	35.9	60
dDocent_Contig_573	1	505	46	446	88.3168	11.7941	35.6	59.6
dDocent_Contig_575	1	403	2	113	28.0397	0.560794	36.9	60
dDocent_Contig_576	1	408	38	342	83.8235	12.6225	36.3	60
dDocent_Contig_577	1	571	61	520	91.0683	15.2907	36.1	60
dDocent_Contig_578	1	475	18	287	60.4211	5.22737	36.1	60
dDocent_Contig_581	1	357	17	200	56.0224	5.65546	35.7	60
dDocent_Contig_582	1	557	21	399	71.6338	4.95512	36.5	60
dDocent_Contig_583	1	348	14	142	40.8046	5.14655	36.7	60
dDocent_Contig_584	1	471	22	429	91.0828	6.40127	36.2	60
dDocent_Contig_585	1	579	47	434	74.9568	11.2366	36.1	60
dDocent_Contig_586	1	507	16	399	78.6982	4.49112	36.5	60
dDocent_Contig_588	1	365	43	231	63.2877	15.263	35.8	60
dDocent_Contig_593	1	365	15	315	86.3014	5.63288	36.3	60
dDocent_Contig_595	1	561	159	468	83.4225	40.5686	35.8	60
dDocent_Contig_596	1	414	6	357	86.2319	1.85507	35.9	60
dDocent_Contig_598	1	608	31	345	56.7434	6.94572	36.6	60
dDocent_Contig_599	1	583	29	482	82.6758	6.83705	36.3	60
dDocent_Contig_605	1	392	12	142	36.2245	3.71939	36.6	60
dDocent_Contig_610	1	408	31	366	89.7059	8.91422	34.7	60
dDocent_Contig_611	1	476	44	362	76.0504	11.9832	36.4	60
dDocent_Contig_615	1	394	24	374	94.9239	8.30964	36.3	60
dDocent_Contig_616	1	427	204	382	89.4614	57.3185	36	59.5
dDocent_Contig_617	1	474	14	318	67.0886	3.77215	36.7	60
dDocent_Contig_618	1	390	3	220	56.4103	0.797436	36.9	60
dDocent_Contig_620	1	385	43	304	78.961	14.4987	36.5	60
dDocent_Contig_621	1	464	22	422	90.9483	6.43103	36.3	60
dDocent_Contig_622	1	492	52	423	85.9756	14.7215	36.6	60
dDocent_Contig_623	1	525	23	352	67.0476	5.77714	36.1	60
dDocent_Contig_624	1	380	5	137	36.0526	1.60526	36.8	60
dDocent_Contig_625	1	569	219	414	72.7592	55.1933	35.9	60
dDocent_Contig_627	1	477	145	453	94.9686	43.1992	36.4	60
dDocent_Contig_632	1	380	58	342	90	21.0895	36.5	60
dDocent_Contig_633	1	474	4	265	55.9072	1.08017	36.5	60
dDocent_Contig_634	1	332	16	276	83.1325	6.23494	36.3	60
dDocent_Contig_635	1	515	24	406	78.835	6.3068	36.4	60
dDocent_Contig_637	1	384	53	345	89.8438	19.0859	36.4	60
dDocent_Contig_638	1	388	22	141	36.3402	7.54124	36.1	60
dDocent_Contig_639	1	413	31	302	73.1235	10.2421	36.2	60
dDocent_Contig_640	1	439	9	319	72.6651	2.66059	36.9	60
dDocent_Contig_642	1	572	111	520	90.9091	26.2465	36.4	59.8
dDocent_Contig_644	1	508	51	366	72.0472	14.3465	36.4	60
dDocent_Contig_649	1	391	15	141	36.0614	4.96164	36.6	60
dDocent_Contig_650	1	539	20	425	78.8497	5.15399	36.6	60
dDocent_Contig_651	1	461	124	432	93.7093	34.1302	35.6	56.7
dDocent_Contig_655	1	557	29	451	80.9695	7.05206	36.2	60
dDocent_Contig_656	1	417	62	394	94.4844	20.1415	36.4	60
dDocent_Contig_664	1	454	30	307	67.6211	9.10132	36.5	60
dDocent_Contig_665	1	372	36	292	78.4946	12.1613	34.8	60
dDocent_Contig_671	1	523	174	459	87.7629	45.7189	36.2	59.8
dDocent_Contig_675	1	361	10	241	66.759	3.51247	36.8	60
dDocent_Contig_676	1	517	11	141	27.2727	2.72534	36.5	60
dDocent_Contig_677	1	478	63	413	86.4017	18.4623	36.2	60
dDocent_Contig_678	1	332	16	275	82.8313	6.10542	36.4	60
dDocent_Contig_680	1	473	29	409	86.4693	8.90275	36.5	60
dDocent_Contig_689	1	332	32	313	94.2771	12.8825	35.9	59.8
dDocent_Contig_690	1	547	126	519	94.8812	32.0475	36.4	59.8
dDocent_Contig_696	1	424	4	363	85.6132	1.3184	36.8	60
dDocent_Contig_700	1	397	42	290	73.0479	14.6725	36.4	60
dDocent_Contig_702	1	533	8	270	50.6567	1.84053	36.7	60
dDocent_Contig_703	1	574	60	491	85.5401	14.4843	36.5	60
dDocent_Contig_704	1	372	21	292	78.4946	7.22849	36.2	60
dDocent_Contig_708	1	465	19	144	30.9677	5.31183	36.4	60
dDocent_Contig_709	1	584	49	535	91.6096	11.0993	36.3	58.9
dDocent_Contig_713	1	426	99	386	90.6103	30.0305	36.2	59.8
dDocent_Contig_714	1	332	19	140	42.1687	7.21386	36.8	60
dDocent_Contig_715	1	380	24	141	37.1053	8.48158	36.5	60
dDocent_Contig_717	1	438	25	143	32.6484	7.58219	36.3	60
dDocent_Contig_719	1	496	87	457	92.1371	24.369	36.1	60
dDocent_Contig_720	1	591	17	350	59.2217	4.022	35.9	60
dDocent_Contig_721	1	493	48	442	89.6552	13.5456	35.9	60
dDocent_Contig_722	1	570	30	521	91.4035	6.95965	35.7	60
dDocent_Contig_724	1	559	64	481	86.0465	15.7657	36.5	60
dDocent_Contig_725	1	477	33	429	89.9371	9.31237	36.2	60
dDocent_Contig_726	1	404	9	352	87.1287	3.18069	36.1	60
dDocent_Contig_729	1	415	60	391	94.2169	20.388	36.5	60
dDocent_Contig_731	1	517	46	328	63.4429	12.4333	36.4	60
dDocent_Contig_732	1	444	2	170	38.2883	0.382883	36.3	54
dDocent_Contig_733	1	495	54	413	83.4343	15.0303	36.3	60
dDocent_Contig_734	1	489	1	150	30.6748	0.306748	36.7	60
dDocent_Contig_736	1	519	31	344	66.2813	8.15607	36.4	60
dDocent_Contig_737	1	558	41	408	73.1183	10.7168	36.6	60
dDocent_Contig_738	1	437	39	387	88.5584	12.5538	36.2	60
dDocent_Contig_739	1	445	39	340	76.4045	11.6652	36.3	60
dDocent_Contig_740	1	427	8	170	39.8126	2.66511	36.6	60
dDocent_Contig_741	1	500	30	460	92	7.736	36.1	60
dDocent_Contig_748	1	441	23	335	75.9637	7.08617	36.7	60
dDocent_Contig_752	1	423	45	343	81.0875	14.5248	36.4	60
dDocent_Contig_756	1	511	24	321	62.818	6.35616	36.4	60
dDocent_Contig_757	1	395	11	285	72.1519	3.81772	35.7	60
dDocent_Contig_759	1	428	25	291	67.9907	7.31075	36.2	60
dDocent_Contig_760	1	332	36	288	86.747	14.9096	36.4	45.9
dDocent_Contig_763	1	395	6	142	35.9494	1.66582	36.9	60
dDocent_Contig_766	1	487	1	150	30.8008	0.308008	36.7	60
dDocent_Contig_767	1	435	18	317	72.8736	5.52414	35.9	60
dDocent_Contig_768	1	332	22	142	42.7711	8.31325	36.5	60
dDocent_Contig_773	1	535	753	495	92.5234	188.432	36.2	59
dDocent_Contig_777	1	434	24	387	89.1705	6.9977	36.6	56.1
dDocent_Contig_778	1	337	42	316	93.7685	16.6855	36.4	60
dDocent_Contig_779	1	486	64	402	82.716	18.2325	36.3	60
dDocent_Contig_780	1	444	21	320	72.0721	6.20946	35.7	60
dDocent_Contig_781	1	332	9	141	42.4699	3.45181	36.7	60
dDocent_Contig_785	1	419	6	325	77.5656	2.1074	36.8	60
dDocent_Contig_787	1	576	27	223	38.7153	6.78993	36.5	60
dDocent_Contig_788	1	351	8	142	40.4558	2.88319	36	60
dDocent_Contig_789	1	471	18	310	65.8174	5.31423	36.6	60
dDocent_Contig_791	1	480	18	324	67.5	5.16875	36.7	60
dDocent_Contig_792	1	394	19	141	35.7868	6.10914	36.9	60
dDocent_Contig_793	1	434	17	339	78.1106	5.25115	36.3	60
dDocent_Contig_794	1	415	2	133	32.0482	0.640964	36.9	60
dDocent_Contig_796	1	416	10	371	89.1827	3.19471	36.6	60
dDocent_Contig_797	1	332	1	139	41.8675	0.418675	36.9	60
dDocent_Contig_798	1	406	12	297	73.1527	3.7734	36.5	60
dDocent_Contig_801	1	402	7	141	35.0746	2.20647	36.7	60
dDocent_Contig_804	1	479	11286	442	92.2756	3379.05	36.3	48.7
dDocent_Contig_807	1	443	20	322	72.6862	6.0158	36.3	60
dDocent_Contig_810	1	418	28	141	33.7321	8.88995	36.3	60
dDocent_Contig_811	1	443	40	360	81.2641	12.7923	36.3	60
dDocent_Contig_813	1	504	28	144	28.5714	7.24802	36.5	60
dDocent_Contig_814	1	444	33	374	84.2342	9.7973	36.5	60
dDocent_Contig_824	1	333	5	140	42.042	1.88889	36.9	60
dDocent_Contig_826	1	461	112	383	83.0803	33.7137	36.1	60
dDocent_Contig_827	1	458	74	381	83.1878	22.6878	36.4	60
dDocent_Contig_829	1	485	62	465	95.8763	17.7505	35.7	60
dDocent_Contig_831	1	582	54	480	82.4742	13.0619	36.5	60
dDocent_Contig_832	1	332	17	290	87.3494	6.61446	36.4	60
dDocent_Contig_835	1	515	2	278	53.9806	0.539806	33.5	60
dDocent_Contig_839	1	368	142	330	89.6739	52.7391	36.4	50.1
dDocent_Contig_840	1	639	1273	561	87.7934	274.139	35.8	58.7
dDocent_Contig_841	1	332	18	141	42.4699	7	35.7	60
dDocent_Contig_842	1	387	30	355	91.7313	10.7597	36	60
dDocent_Contig_844	1	488	31	265	54.3033	8.45287	36	52.7
dDocent_Contig_846	1	518	57	448	86.4865	14.6313	36.5	60
dDocent_Contig_848	1	510	71	458	89.8039	19.6294	36.2	60
dDocent_Contig_849	1	503	16	462	91.8489	4.55666	35.5	60
dDocent_Contig_850	1	351	8	282	80.3419	3.09402	36.8	60
dDocent_Contig_852	1	333	17	140	42.042	6.23123	36.7	58.7
dDocent_Contig_853	1	615	65	530	86.1789	14.2602	36.6	60
dDocent_Contig_856	1	617	52	509	82.4959	11.3306	36.6	60
dDocent_Contig_857	1	608	28	421	69.2434	6.1102	36.5	60
dDocent_Contig_858	1	491	61	427	86.9654	16.8778	36.3	53.5
dDocent_Contig_861	1	507	4	140	27.6134	1.06509	36.9	60
dDocent_Contig_862	1	381	52	341	89.5013	19.3806	36.5	60
dDocent_Contig_863	1	404	61	350	86.6337	20.7772	36.7	60
dDocent_Contig_864	1	488	23	313	64.1393	6.17623	36.5	60
dDocent_Contig_869	1	600	24	438	73	5.38333	36	60
dDocent_Contig_870	1	508	23	438	86.2205	6.3878	36.7	60
dDocent_Contig_872	1	387	13	350	90.4393	4.63566	36.4	60
dDocent_Contig_875	1	512	75	465	90.8203	19.1426	36.1	60
dDocent_Contig_876	1	432	32	393	90.9722	9.72222	36.4	59.9
dDocent_Contig_880	1	472	11	283	59.9576	2.9661	36.9	60
dDocent_Contig_881	1	659	123	550	83.4598	27.258	36.5	60
dDocent_Contig_883	1	429	4	234	54.5455	1.23543	36.9	60
dDocent_Contig_887	1	389	34	141	36.2468	11.5167	36.4	60
dDocent_Contig_889	1	332	31	141	42.4699	12.2892	36.4	60
dDocent_Contig_891	1	460	99	418	90.8696	29.5283	36.4	60
dDocent_Contig_892	1	381	9	341	89.5013	2.83465	35.2	60
dDocent_Contig_893	1	422	27	360	85.3081	9.24408	36.3	60
dDocent_Contig_894	1	425	60	394	92.7059	20.1388	36.3	60
dDocent_Contig_895	1	571	22	428	74.9562	5.19089	36.3	60
dDocent_Contig_898	1	582	65	454	78.0069	15.6838	36.3	59.8
dDocent_Contig_902	1	421	45	382	90.7363	14.4371	36.4	60
dDocent_Contig_907	1	479	68	436	91.023	20.0501	36.4	60
dDocent_Contig_910	1	341	26	292	85.6305	10.0147	36.7	60
dDocent_Contig_913	1	431	5	84	19.4896	0.87471	34.4	57.8
dDocent_Contig_915	1	465	14	389	83.6559	3.81505	36	60
dDocent_Contig_917	1	436	23	141	32.3394	6.45413	36.5	60
dDocent_Contig_922	1	607	896	495	81.5486	209.435	36.2	35.8
dDocent_Contig_947	1	897	1531	735	81.9398	231.472	35.9	48.6
dDocent_Contig_950	1	958	1592	913	95.3027	230.238	36.4	50.4
dDocent_Contig_961	1	368	27	327	88.8587	9.42935	35.7	60
dDocent_Contig_962	1	648	44	343	52.9321	9.65586	36.4	60
dDocent_Contig_963	1	475	33	405	85.2632	9.74526	36.1	60
dDocent_Contig_964	1	412	23	367	89.0777	7.7233	35.9	60
dDocent_Contig_970	1	549	9	430	78.3242	2.28051	36.3	60
dDocent_Contig_971	1	461	30	294	63.7744	8.11931	36.2	60
dDocent_Contig_973	1	332	17	142	42.7711	6.8012	35.9	60
dDocent_Contig_974	1	370	27	301	81.3514	9.78919	35.7	60
dDocent_Contig_978	1	466	14	357	76.6094	3.87983	35.6	60
dDocent_Contig_979	1	376	4	128	34.0426	1.23404	36.7	60
dDocent_Contig_980	1	529	11	141	26.6541	2.71645	36.4	60
dDocent_Contig_981	1	484	12	305	63.0165	3.32438	36.3	60
dDocent_Contig_992	1	472	159	433	91.7373	45.8835	36.3	41
dDocent_Contig_994	1	421	5	326	77.4347	1.69121	35.9	60
dDocent_Contig_995	1	545	5	141	25.8716	1.13578	36.4	60
dDocent_Contig_997	1	474	88	418	88.1857	26.2827	36.2	60
dDocent_Contig_999	1	372	36	142	38.172	12.7957	36.7	60
dDocent_Contig_1001	1	469	19	141	30.064	5.02345	36.8	60
dDocent_Contig_1004	1	477	34	425	89.0985	8.38784	36.2	57.3
dDocent_Contig_1005	1	380	57	341	89.7368	20.6658	35.9	60
dDocent_Contig_1008	1	383	16	331	86.423	5.92167	36.2	60
dDocent_Contig_1010	1	397	32	142	35.7683	10.0932	36.3	59.6
dDocent_Contig_1011	1	638	33	259	40.5956	6.75078	36	55.2
dDocent_Contig_1014	1	555	259	513	92.4324	52.836	35.9	43.1
dDocent_Contig_1015	1	447	35	348	77.8523	10.4877	36.7	60
dDocent_Contig_1017	1	359	67	322	89.6936	25.1894	36.3	50.6
dDocent_Contig_1020	1	353	26	320	90.6516	9.88952	35.5	60
dDocent_Contig_1022	1	403	77	353	87.5931	25.4467	36	46.9
dDocent_Contig_1024	1	390	27	140	35.8974	9.25897	36.3	60
dDocent_Contig_1026	1	360	10	145	40.2778	3.31944	36.3	60
dDocent_Contig_1037	1	630	171	563	89.3651	37.0159	35.8	60
dDocent_Contig_1039	1	443	12	384	86.6817	3.66591	36.5	60
dDocent_Contig_1040	1	405	9	311	76.7901	3.05926	36.7	60
dDocent_Contig_1043	1	500	18	240	48	5.096	36.6	60
dDocent_Contig_1046	1	565	43	500	88.4956	10.8195	36.1	60
dDocent_Contig_1048	1	362	197	335	92.5414	76.5359	36	60
dDocent_Contig_1057	1	440	13	142	32.2727	3.89318	36.9	60
dDocent_Contig_1058	1	426	10	141	33.0986	3.18075	36.3	60
dDocent_Contig_1060	1	412	2	113	27.4272	0.548544	36.9	60
dDocent_Contig_1061	1	416	24	360	86.5385	7.77163	36.5	60
dDocent_Contig_1064	1	447	28	412	92.17	8.54362	36.4	60
dDocent_Contig_1065	1	437	10	316	72.3112	3.14188	36.6	60
dDocent_Contig_1066	1	383	4	315	82.2454	1.48042	36.7	60
dDocent_Contig_1067	1	482	7	287	59.5436	1.93154	36.4	60
dDocent_Contig_1068	1	540	1525	502	92.963	403.774	36	60
dDocent_Contig_1070	1	524	60	386	73.6641	16.1393	36.3	60
dDocent_Contig_1075	1	504	92	446	88.4921	24.6151	35.9	60
dDocent_Contig_1078	1	407	10	140	34.398	2.92875	36.3	60
dDocent_Contig_1079	1	370	19	245	66.2162	6.18108	36.3	60
dDocent_Contig_1081	1	385	11	140	36.3636	3.47792	35.1	60
dDocent_Contig_1082	1	464	41	389	83.8362	12.0647	36.3	60
dDocent_Contig_1083	1	387	10	305	78.8114	3.15504	36.2	60
dDocent_Contig_1084	1	462	2	78	16.8831	0.337662	36	60
dDocent_Contig_1086	1	604	42	377	62.4172	9.57285	36.2	60
dDocent_Contig_1093	1	627	9	219	34.9282	1.74482	36.7	60
dDocent_Contig_1094	1	398	37	359	90.201	12.3166	36.3	60
dDocent_Contig_1096	1	450	5	228	50.6667	1.56444	36.8	60
dDocent_Contig_1105	1	543	18	422	77.7164	4.20074	36	60
dDocent_Contig_1110	1	378	17	335	88.6243	6.31217	36.5	60
dDocent_Contig_1111	1	394	14	142	36.0406	4.55076	36	60
dDocent_Contig_1112	1	635	44	452	71.1811	9.49449	36	60
dDocent_Contig_1113	1	483	6	369	76.3975	1.74534	36.5	60
dDocent_Contig_1115	1	384	71	345	89.8438	25.9609	36.3	60
dDocent_Contig_1117	1	571	17	348	60.9457	3.95447	36.6	60
dDocent_Contig_1125	1	548	25	291	53.1022	6.41971	36.4	60
dDocent_Contig_1132	1	437	53	405	92.6773	17.0686	36.6	60
dDocent_Contig_1133	1	362	4	147	40.6077	1.51934	36.7	60
dDocent_Contig_1136	1	564	139	544	96.4539	33.1046	36.1	60
dDocent_Contig_1138	1	390	39	352	90.2564	11.5359	36	60
dDocent_Contig_1140	1	460	45	420	91.3043	12.6848	36.3	60
dDocent_Contig_1142	1	601	90	560	93.178	20.2529	36.3	60
dDocent_Contig_1147	1	614	26	426	69.3811	5.9886	36.6	60
dDocent_Contig_1148	1	525	189	478	91.0476	50.9086	36.4	60
dDocent_Contig_1149	1	537	1	149	27.7467	0.277467	37	60
dDocent_Contig_1152	1	444	2	140	31.5315	0.524775	36.4	60
dDocent_Contig_1154	1	442	30	279	63.1222	9.3371	35.9	60
dDocent_Contig_1155	1	487	7	302	62.0123	2.00205	36.6	60
dDocent_Contig_1157	1	455	51	298	65.4945	15.2264	36.4	60
dDocent_Contig_1159	1	401	1	135	33.6658	0.336658	36.9	60
dDocent_Contig_1162	1	486	28	399	82.0988	7.57613	36.7	60
dDocent_Contig_1163	1	352	30	141	40.0568	10.8835	35.9	60
dDocent_Contig_1164	1	569	69	428	75.2197	16.4411	36.4	60
dDocent_Contig_1168	1	518	17	350	67.5676	4.28378	35.8	60
dDocent_Contig_1171	1	468	12	330	70.5128	3.12393	36.7	60
dDocent_Contig_1173	1	366	13	141	38.5246	4.30601	36.5	60
dDocent_Contig_1175	1	354	48	329	92.9379	18.1102	36.4	60
dDocent_Contig_1178	1	381	40	250	65.6168	14.4436	36.6	60
dDocent_Contig_1179	1	484	10	263	54.3388	2.47314	36.3	60
dDocent_Contig_1180	1	455	333	426	93.6264	103.112	36.2	59.9
dDocent_Contig_1182	1	415	21	374	90.1205	7.12289	36.2	60
dDocent_Contig_1189	1	426	4	144	33.8028	1.1831	33.5	60
dDocent_Contig_1190	1	504	2	192	38.0952	0.575397	35.5	60
dDocent_Contig_1191	1	468	24	409	87.3932	7.39316	36.5	60
dDocent_Contig_1194	1	460	19	310	67.3913	5.21087	36.8	60
dDocent_Contig_1197	1	403	15	144	35.732	4.40695	36.3	60
dDocent_Contig_1202	1	346	8	143	41.3295	2.83237	36.6	60
dDocent_Contig_1221	1	454	11	367	80.837	2.7467	35.7	60
dDocent_Contig_1224	1	616	58	356	57.7922	12.8555	36.2	60
dDocent_Contig_1228	1	498	313	458	91.9679	85.1526	36.3	56.7
dDocent_Contig_1231	1	388	1	140	36.0825	0.360825	36.9	60
dDocent_Contig_1232	1	335	2	272	81.194	0.81194	36.8	60
dDocent_Contig_1233	1	447	18	291	65.1007	5.38255	36.3	60
dDocent_Contig_1234	1	418	1	61	14.5933	0.145933	30.4	60
dDocent_Contig_1235	1	347	42	316	91.0663	16.3458	35.9	59.6
dDocent_Contig_1236	1	356	7	294	82.5843	2.69101	35.4	60
dDocent_Contig_1237	1	495	12	297	60	3.14141	36.2	60
dDocent_Contig_1239	1	383	24	340	88.7728	9.03655	36.5	60
dDocent_Contig_1240	1	422	30	386	91.4692	9.41232	36.4	60
dDocent_Contig_1243	1	406	38	376	92.6108	12.0567	36	60
dDocent_Contig_1245	1	364	52	325	89.2857	19.8269	36.5	60
dDocent_Contig_1246	1	564	51	516	91.4894	12.5248	36	53.9
dDocent_Contig_1249	1	468	30	424	90.5983	8.77991	36.4	60
dDocent_Contig_1252	1	400	43	361	90.25	13.55	35.7	60
dDocent_Contig_1254	1	399	18	285	71.4286	5.64411	36.5	57.8
dDocent_Contig_1256	1	488	27	278	56.9672	7.58402	36.5	60
dDocent_Contig_1263	1	502	12	175	34.8606	2.89641	36.3	59.5
dDocent_Contig_1267	1	497	31	394	79.2757	8.94567	36.6	60
dDocent_Contig_1268	1	408	68	370	90.6863	22.8775	36.2	60
dDocent_Contig_1273	1	467	51	385	82.4411	15.1713	36.1	60
dDocent_Contig_1274	1	400	10	278	69.5	3.2225	36.8	60
dDocent_Contig_1275	1	366	143	330	90.1639	51.6475	35.3	60
dDocent_Contig_1277	1	339	13	303	89.3805	5.29499	35.6	60
dDocent_Contig_1278	1	609	65	467	76.6831	15.2397	36.6	60
dDocent_Contig_1280	1	549	5	193	35.1548	1.29872	34.8	60
dDocent_Contig_1283	1	441	2	112	25.3968	0.507937	32.8	60
dDocent_Contig_1285	1	541	28	490	90.573	7.21072	36.1	60
dDocent_Contig_1286	1	465	39	361	77.6344	11.5075	36.3	60
dDocent_Contig_1287	1	398	6	354	88.9447	2.16834	36.6	60
dDocent_Contig_1288	1	608	88	547	89.9671	20.125	36.1	57.2
dDocent_Contig_1289	1	363	6	140	38.5675	2.11295	36.7	60
dDocent_Contig_1293	1	600	91	410	68.3333	21.6667	36.1	60
dDocent_Contig_1296	1	445	36	350	78.6517	10.964	36.8	60
dDocent_Contig_1297	1	453	20	366	80.7947	5.36424	36.2	60
dDocent_Contig_1299	1	454	12	401	88.326	3.77093	36.1	60
dDocent_Contig_1300	1	380	36	288	75.7895	9.15789	35	59.4
dDocent_Contig_1303	1	476	47	412	86.5546	13.7731	36.5	59.6
dDocent_Contig_1304	1	614	18	293	47.7199	3.8127	36	60
dDocent_Contig_1305	1	542	25	447	82.4723	6.29705	36.3	60
dDocent_Contig_1308	1	447	8	263	58.8367	2.2774	36.7	60
dDocent_Contig_1310	1	491	34	301	61.3035	9.14053	36.5	60
dDocent_Contig_1312	1	447	7	141	31.5436	1.9821	36.7	60
dDocent_Contig_1315	1	443	26	411	92.7765	8.42889	35.8	55.7
dDocent_Contig_1316	1	571	40	478	83.7128	9.67601	36.4	60
dDocent_Contig_1318	1	462	33	316	68.3983	9.78788	36.2	60
dDocent_Contig_1322	1	427	141	397	92.9742	44.7986	36.5	59.9
dDocent_Contig_1325	1	554	8	200	36.1011	1.77798	36.8	60
dDocent_Contig_1326	1	442	15	292	66.0633	4.5	36.8	60
dDocent_Contig_1332	1	527	78	354	67.1727	20.7552	35.9	60
dDocent_Contig_1333	1	352	17	283	80.3977	6.37216	36.5	60
dDocent_Contig_1342	1	567	233	532	93.8272	59.8765	36.1	36.9
dDocent_Contig_1343	1	540	70	431	79.8148	17.2093	36.1	60
dDocent_Contig_1344	1	392	12	289	73.7245	4.14541	36.7	60
dDocent_Contig_1345	1	527	68	487	92.4099	17.6015	36	60
dDocent_Contig_1347	1	449	15	425	94.6548	4.19154	34.8	60
dDocent_Contig_1348	1	333	7	143	42.9429	2.74474	35.4	60
dDocent_Contig_1350	1	564	17	226	40.0709	4.23759	36.6	60
dDocent_Contig_1353	1	364	27	294	80.7692	9.89011	36.2	60
dDocent_Contig_1354	1	344	36	320	93.0233	14.0959	36.5	59.9
dDocent_Contig_1355	1	626	55	463	73.9617	12.5224	36.5	60
dDocent_Contig_1356	1	426	13	239	56.1033	3.66432	36.7	60
dDocent_Contig_1360	1	357	15	297	83.1933	5.96078	36.6	60
dDocent_Contig_1362	1	343	3	138	40.2332	1.10204	36.8	60
dDocent_Contig_1363	1	379	18	338	89.1821	6.67546	36.5	60
dDocent_Contig_1368	1	528	75	424	80.303	19.928	36.5	60
dDocent_Contig_1369	1	332	356	279	84.0361	138.623	36.4	55.8
dDocent_Contig_1370	1	334	19	140	41.9162	7.48503	33.3	60
dDocent_Contig_1371	1	436	8	341	78.211	2.55275	36.5	60
dDocent_Contig_1372	1	397	55	143	36.0202	12.6398	36.2	57.9
dDocent_Contig_1374	1	443	1	150	33.86	0.3386	36.3	60
dDocent_Contig_1375	1	555	153	516	92.973	39.2468	36.1	60
dDocent_Contig_1376	1	380	29	357	93.9474	10.6632	36.5	60
dDocent_Contig_1377	1	406	122	374	92.1182	41.6921	36.5	60
dDocent_Contig_1379	1	395	25	350	88.6076	8.71392	35.8	60
dDocent_Contig_1383	1	402	35	361	89.801	11.4701	36.6	60
dDocent_Contig_1384	1	516	38	401	77.7132	10.2578	36.3	60
dDocent_Contig_1386	1	538	33	406	75.4647	8.66729	36.1	60
dDocent_Contig_1388	1	460	55	372	80.8696	16.6826	36.1	60
dDocent_Contig_1390	1	472	28	429	90.8898	8.25636	36	60
dDocent_Contig_1391	1	358	47	274	76.5363	17.5168	36.5	60
dDocent_Contig_1393	1	586	16	501	85.4949	3.94369	36.3	60
dDocent_Contig_1395	1	451	5	288	63.8581	1.45898	36.4	60
dDocent_Contig_1396	1	530	47	458	86.4151	12.4226	36.5	60
dDocent_Contig_1397	1	609	57	384	63.0542	13.4483	36.2	60
dDocent_Contig_1399	1	513	15	479	93.3723	3.61014	36.5	59.9
dDocent_Contig_1400	1	332	5	143	43.0723	2.03916	36.2	60
dDocent_Contig_1401	1	369	17	289	78.3198	6.06233	36.7	60
dDocent_Contig_1404	1	370	21	242	65.4054	7.31081	36.4	60
dDocent_Contig_1407	1	487	37	366	75.154	10.848	36.3	60
dDocent_Contig_1408	1	340	40	294	86.4706	15.6235	35.8	60
dDocent_Contig_1410	1	472	38	414	87.7119	10.8072	36.5	60
dDocent_Contig_1411	1	387	14	142	36.6925	4.62016	35	60
dDocent_Contig_1413	1	410	12	285	69.5122	3.83171	36.3	60
dDocent_Contig_1414	1	420	19	337	80.2381	6.3	36.5	60
dDocent_Contig_1416	1	519	23	378	72.8324	6.29672	36.2	60
dDocent_Contig_1417	1	582	73	496	85.2234	16.7388	36	58.9
dDocent_Contig_1418	1	369	2	284	76.9648	0.769648	36.6	44
dDocent_Contig_1424	1	481	14	344	71.5177	3.55094	36.2	60
dDocent_Contig_1428	1	359	27	289	80.5014	9.61281	36.6	60
dDocent_Contig_1429	1	456	37	395	86.6228	11.1952	35.7	59.5
dDocent_Contig_1430	1	412	81	372	90.2913	27.1505	36.2	60
dDocent_Contig_1431	1	344	21	228	66.2791	8.34884	36.5	60
dDocent_Contig_1432	1	395	32	316	80	10.719	36.5	60
dDocent_Contig_1433	1	556	6	282	50.7194	1.48381	36.9	60
dDocent_Contig_1434	1	365	19	325	89.0411	7.32329	36.3	60
dDocent_Contig_1435	1	567	35	333	58.7302	8.39153	36.3	60
dDocent_Contig_1437	1	367	3	260	70.8447	1.04632	34.9	60
dDocent_Contig_1440	1	531	293	475	89.4539	76.9736	36.1	59.7
dDocent_Contig_1441	1	381	65	331	86.8766	22.7113	36.1	58
dDocent_Contig_1442	1	553	23	341	61.6637	5.4774	36.8	60
dDocent_Contig_1443	1	376	14	289	76.8617	4.91489	36.7	60
dDocent_Contig_1444	1	471	2	204	43.3121	0.433121	36.6	60
dDocent_Contig_1447	1	579	7	312	53.886	1.67703	35.9	60
dDocent_Contig_1448	1	413	70	374	90.5569	23.4334	36.5	60
dDocent_Contig_1450	1	427	380	392	91.8033	121.637	36.2	59.7
dDocent_Contig_1457	1	553	15	359	64.9186	3.5208	36.6	60
dDocent_Contig_1458	1	457	13	393	85.9956	3.97812	36.7	60
dDocent_Contig_1459	1	376	29	143	38.0319	10.0691	36.6	60
dDocent_Contig_1460	1	572	137	482	84.2657	33.7343	35.6	60
dDocent_Contig_1464	1	507	2	208	41.0256	0.591716	36.8	60
dDocent_Contig_1469	1	332	18	140	42.1687	7.20181	36.5	60
dDocent_Contig_1470	1	640	24	363	56.7188	4.91094	36.7	60
dDocent_Contig_1472	1	456	58	410	89.9123	17.0702	36.4	57.5
dDocent_Contig_1473	1	449	30	321	71.4922	9.44766	36.4	60
dDocent_Contig_1476	1	426	1	141	33.0986	0.330986	34.2	60
dDocent_Contig_1480	1	602	14	293	48.6711	3.02824	36.3	60
dDocent_Contig_1483	1	463	22	306	66.0907	6.20302	35.8	60
dDocent_Contig_1484	1	332	1	140	42.1687	0.421687	36.9	60
dDocent_Contig_1487	1	341	5	141	41.349	2.02639	35.9	60
dDocent_Contig_1488	1	444	47	348	78.3784	14.1059	36.3	58.7
dDocent_Contig_1489	1	505	4	202	40	1.0396	36.9	60
dDocent_Contig_1491	1	477	14	412	86.3732	4.01468	35.8	60
dDocent_Contig_1495	1	332	20	291	87.6506	7.4488	36.7	58.8
dDocent_Contig_1498	1	406	45	344	84.7291	15.3276	35	59.8
dDocent_Contig_1499	1	556	1	103	18.5252	0.185252	36.8	60
dDocent_Contig_1500	1	455	27	285	62.6374	7.81978	36.8	60
dDocent_Contig_1502	1	492	41	361	73.374	11.3252	36.4	60
dDocent_Contig_1505	1	534	24	386	72.2846	6.42697	36.6	60
dDocent_Contig_1508	1	558	15	305	54.6595	3.45699	36.9	60
dDocent_Contig_1511	1	439	138	402	91.5718	43.1116	36.4	60
dDocent_Contig_1512	1	546	6	142	26.0073	1.51648	37	60
dDocent_Contig_1514	1	332	4	140	42.1687	1.65663	36.2	60
dDocent_Contig_1515	1	414	49	389	93.9614	16.0169	36.5	59.8
dDocent_Contig_1517	1	598	74	514	85.9532	17.102	36.3	60
dDocent_Contig_1519	1	451	26	227	50.3326	7.90244	36.6	60
dDocent_Contig_1521	1	548	26	416	75.9124	6.37956	36.2	60
dDocent_Contig_1524	1	418	24	351	83.9713	7.83971	36.3	60
dDocent_Contig_1525	1	405	16	320	79.0123	5.29136	36.2	60
dDocent_Contig_1528	1	566	239	525	92.7562	58.8887	36.1	58.6
dDocent_Contig_1530	1	539	5	356	66.0482	1.28386	36.2	60
dDocent_Contig_1533	1	594	28	364	61.2795	6.21549	36.4	60
dDocent_Contig_1535	1	421	32	347	82.4228	10.6128	36.1	60
dDocent_Contig_1537	1	517	10	324	62.6692	2.66731	36.6	60
dDocent_Contig_1538	1	514	48	452	87.9377	12.0253	36.7	60
dDocent_Contig_1539	1	625	545	586	93.76	121.566	36.3	52.4
dDocent_Contig_1542	1	416	6	283	68.0288	1.82212	37	60
dDocent_Contig_1544	1	481	17	141	29.3139	4.68191	36.4	60
dDocent_Contig_1545	1	417	29	351	84.1727	9.35492	36.7	60
dDocent_Contig_1549	1	445	16	367	82.4719	4.6809	36.4	60
dDocent_Contig_1552	1	395	44	355	89.8734	15.5443	35.8	60
dDocent_Contig_1556	1	661	43	510	77.1558	9.09682	35.9	60
dDocent_Contig_1559	1	382	17	357	93.4555	6.00785	36.1	60
dDocent_Contig_1560	1	473	8	297	62.7907	2.35095	36.2	60
dDocent_Contig_1561	1	398	5	262	65.8291	1.86935	36.7	60
dDocent_Contig_1564	1	546	40	428	78.3883	9.90659	36.4	60
dDocent_Contig_1568	1	346	66	306	88.4393	24.0694	36.4	52.3
dDocent_Contig_1571	1	530	63	419	79.0566	16.3642	36.2	60
dDocent_Contig_1572	1	434	38	377	86.8664	11.424	36.6	60
dDocent_Contig_1573	1	440	4	175	39.7727	0.956818	36.8	60
dDocent_Contig_1575	1	408	34	341	83.5784	11.3995	35.8	60
dDocent_Contig_1577	1	406	8	286	70.4433	2.66995	36.8	60
dDocent_Contig_1579	1	496	10	141	28.4274	2.57661	36.6	60
dDocent_Contig_1580	1	364	20	277	76.0989	7.42582	36.1	60
dDocent_Contig_1583	1	333	38	258	77.4775	14.6066	36	57.2
dDocent_Contig_1584	1	407	6	309	75.9214	1.93857	36.4	46.7
dDocent_Contig_1586	1	351	22	141	40.1709	8.1567	36.2	60
dDocent_Contig_1591	1	332	2	284	85.5422	0.855422	36.8	60
dDocent_Contig_1592	1	425	12	278	65.4118	3.75529	35.9	60
dDocent_Contig_1593	1	432	8	245	56.713	2.18287	34.8	60
dDocent_Contig_1595	1	364	38	141	38.7363	14.0495	36.3	60
dDocent_Contig_1596	1	336	28	142	42.2619	10.4911	36.2	60
dDocent_Contig_1597	1	403	43	365	90.5707	15.2655	36.3	60
dDocent_Contig_1605	1	410	8	140	34.1463	2.38049	36.6	60
dDocent_Contig_1607	1	409	13	367	89.7311	4.08802	35.9	48.5
dDocent_Contig_1609	1	378	16	141	37.3016	4.83598	36.2	60
dDocent_Contig_1611	1	514	29	286	55.642	7.71401	36.3	60
dDocent_Contig_1612	1	446	62	406	91.0314	18.8969	36.5	60
dDocent_Contig_1616	1	466	14	343	73.6052	4.04077	36	60
dDocent_Contig_1617	1	523	127	417	79.7323	32.9484	36.2	59.2
dDocent_Contig_1619	1	531	1502	493	92.8437	401.563	36.3	56.6
dDocent_Contig_1621	1	558	46	418	74.9104	11.414	36.4	60
dDocent_Contig_1623	1	394	12	142	36.0406	4.19036	36.2	60
dDocent_Contig_1628	1	480	12	380	79.1667	3.34375	36.2	60
dDocent_Contig_1629	1	423	28	140	33.0969	8.9669	36.5	60
dDocent_Contig_1631	1	365	13	315	86.3014	5.01644	36.6	60
dDocent_Contig_1633	1	439	7	292	66.5148	2.16856	36.2	60
dDocent_Contig_1636	1	604	20	435	72.0199	4.34437	36.6	60
dDocent_Contig_1640	1	347	9	142	40.9222	3.53602	36.1	60
dDocent_Contig_1641	1	449	38	143	31.8486	10.7906	35.5	60
dDocent_Contig_1644	1	445	7	281	63.1461	2.1618	36	60
dDocent_Contig_1645	1	481	19	348	72.3493	5.02911	36.2	60
dDocent_Contig_1646	1	378	31	282	74.6032	10.8783	36	60
dDocent_Contig_1647	1	424	20	365	86.0849	6.11792	35.9	60
dDocent_Contig_1648	1	500	22	460	92	5.806	36.4	55
dDocent_Contig_1650	1	442	46	393	88.914	13.8484	36.3	48.2
dDocent_Contig_1652	1	477	36	376	78.826	10.3522	36.4	60
dDocent_Contig_1656	1	333	4	232	69.6697	1.55556	36.5	60
dDocent_Contig_1658	1	447	62	369	82.5503	18.7159	36.1	60
dDocent_Contig_1663	1	412	12	142	34.466	3.82039	36.9	60
dDocent_Contig_1665	1	366	15	230	62.8415	5.46448	36.7	60
dDocent_Contig_1668	1	412	51	287	69.6602	17.0655	36.5	60
dDocent_Contig_1669	1	392	31	348	88.7755	10.3673	35.8	60
dDocent_Contig_1670	1	369	5	289	78.3198	1.66938	35.9	60
dDocent_Contig_1674	1	473	7	315	66.5962	1.93446	36.6	60
dDocent_Contig_1678	1	502	5	400	79.6813	1.35657	36.4	60
dDocent_Contig_1681	1	398	55	369	92.7136	19.6508	36.2	60
dDocent_Contig_1682	1	446	16	399	89.4619	4.62556	36.2	51.7
dDocent_Contig_1684	1	583	121	535	91.7667	28.3002	36.3	59.6
dDocent_Contig_1686	1	501	35	346	69.0619	9.40719	35.2	60
dDocent_Contig_1688	1	371	30	284	76.5499	10.69	36.4	60
dDocent_Contig_1689	1	461	6	289	62.6898	1.77007	36.3	60
dDocent_Contig_1690	1	538	14	480	89.2193	3.57435	36.5	60
dDocent_Contig_1691	1	568	70	417	73.4155	17.0335	36.5	60
dDocent_Contig_1698	1	547	27	355	64.8995	6.6947	36.2	60
dDocent_Contig_1700	1	513	11	461	89.8635	2.95906	36.6	60
dDocent_Contig_1702	1	512	4	268	52.3438	1.15625	36.5	60
dDocent_Contig_1706	1	332	50	141	42.4699	20.0331	35.6	60
dDocent_Contig_1707	1	602	62	551	91.5282	14.397	35.3	60
dDocent_Contig_1710	1	467	10	226	48.394	2.80942	36.9	60
dDocent_Contig_1711	1	465	7	184	39.5699	2.06667	35.6	60
dDocent_Contig_1714	1	568	145	502	88.3803	36.4489	36.5	60
dDocent_Contig_1719	1	503	12	337	66.998	3.28032	36.4	60
dDocent_Contig_1720	1	407	37	366	89.9263	11.4373	35.7	60
dDocent_Contig_1721	1	406	4	309	76.1084	1.40394	36.4	60
dDocent_Contig_1723	1	384	5	142	36.9792	1.42188	36.9	60
dDocent_Contig_1724	1	493	20	347	70.3854	5.4503	36.5	60
dDocent_Contig_1728	1	456	18	371	81.3596	5.53728	36	60
dDocent_Contig_1730	1	445	7	262	58.8764	1.98427	36.9	60
dDocent_Contig_1731	1	361	13	307	85.0416	4.69529	36.4	60
dDocent_Contig_1735	1	521	52	340	65.2591	13.7236	36.4	59.5
dDocent_Contig_1737	1	335	1	127	37.9104	0.379104	36.9	60
dDocent_Contig_1740	1	606	26	472	77.8878	5.78053	36.7	60
dDocent_Contig_1743	1	379	2	135	35.6201	0.707124	34.8	60
dDocent_Contig_1744	1	370	50	322	87.027	17.7946	36.3	60
dDocent_Contig_1752	1	539	21	512	94.9907	5.24119	36.6	56.1
dDocent_Contig_1753	1	390	18	140	35.8974	6.05897	36.8	38.9
dDocent_Contig_1754	1	357	4	141	39.4958	1.47899	37	60
dDocent_Contig_1755	1	403	8	285	70.7196	2.56576	36.7	60
dDocent_Contig_1758	1	454	44	412	90.7489	13.4229	36.7	60
dDocent_Contig_1760	1	491	5	258	52.5458	1.33401	36.1	54.6
dDocent_Contig_1763	1	373	15	269	72.118	4.58713	36.2	60
dDocent_Contig_1765	1	334	22	303	90.7186	8.65868	36.5	60
dDocent_Contig_1767	1	499	20	294	58.9178	5.23848	36.6	60
dDocent_Contig_1770	1	542	32	341	62.9151	8.10517	35.9	60
dDocent_Contig_1771	1	444	40	388	87.3874	11.7252	36.2	55.5
dDocent_Contig_1772	1	480	1	150	31.25	0.3125	36.3	60
dDocent_Contig_1774	1	610	20	334	54.7541	4.17049	36.2	60
dDocent_Contig_1775	1	461	42	299	64.859	12.5249	35.9	60
dDocent_Contig_1776	1	437	19	405	92.6773	6.04119	36.3	60
dDocent_Contig_1779	1	532	40	493	92.6692	10.844	35.9	60
dDocent_Contig_1780	1	389	16	336	86.3753	5.7018	36.5	60
dDocent_Contig_1781	1	373	35	282	75.6032	12.504	35.6	60
dDocent_Contig_1782	1	423	9	142	33.5697	2.83452	35.8	60
dDocent_Contig_1783	1	515	12	184	35.7282	3.18835	36.6	60
dDocent_Contig_1784	1	497	17	281	56.5392	4.35412	36.4	60
dDocent_Contig_1789	1	423	1	140	33.0969	0.330969	36.9	60
dDocent_Contig_1792	1	415	60	392	94.4578	19.7277	36.4	60
dDocent_Contig_1794	1	510	16	141	27.6471	4.15882	36.6	60
dDocent_Contig_1795	1	412	100	395	95.8738	33.335	36.5	59.9
dDocent_Contig_1796	1	468	8	141	30.1282	2.15598	36.1	60
dDocent_Contig_1798	1	345	6	144	41.7391	2.2087	36.5	54.3
dDocent_Contig_1799	1	448	82	413	92.1875	20.1518	35.8	59.7
dDocent_Contig_1801	1	523	2	92	17.5908	0.267686	34.7	60
dDocent_Contig_1804	1	518	43	292	56.3707	10.834	36.5	60
dDocent_Contig_1807	1	466	7	142	30.4721	1.89056	36.5	60
dDocent_Contig_1810	1	481	5	280	58.2121	1.32017	35.7	60
dDocent_Contig_1811	1	510	45	469	91.9608	12.0882	36.4	59.3
dDocent_Contig_1813	1	383	253	333	86.9452	83.9164	36.2	59.7
dDocent_Contig_1818	1	548	30	328	59.854	7.39051	36.3	60
dDocent_Contig_1820	1	555	34	377	67.9279	8.92793	36.4	60
dDocent_Contig_1821	1	407	20	363	89.1892	6.5774	36.6	60
dDocent_Contig_1829	1	637	240	599	94.0345	51.9042	36.3	60
dDocent_Contig_1831	1	406	22	267	65.7635	7.2266	36.7	60
dDocent_Contig_1835	1	570	40	508	89.1228	9.95439	36.5	60
dDocent_Contig_1840	1	405	53	364	89.8765	18.3728	36.4	60
dDocent_Contig_1843	1	371	32	332	89.4879	11.2884	36.1	60
dDocent_Contig_1845	1	405	38	354	87.4074	12.5185	36.4	60
dDocent_Contig_1849	1	611	42	454	74.3044	9.79705	36.1	60
dDocent_Contig_1860	1	362	15	321	88.674	5.60497	36.5	60
dDocent_Contig_1863	1	562	33	287	51.0676	8.25623	36.3	60
dDocent_Contig_1864	1	374	23	292	78.0749	8.10963	36.1	60
dDocent_Contig_1866	1	542	18	388	71.5867	4.68635	36.4	60
dDocent_Contig_1867	1	433	6	350	80.8314	1.76674	36	60
dDocent_Contig_1869	1	400	24	142	35.5	7.4475	36.5	60
dDocent_Contig_1870	1	541	133	435	80.4067	32.3734	36.2	59.3
dDocent_Contig_1872	1	495	50	431	87.0707	13.497	35.9	60
dDocent_Contig_1879	1	357	65	322	90.1961	24.1289	36	60
dDocent_Contig_1880	1	333	9	139	41.7417	3.4024	36.4	60
dDocent_Contig_1881	1	432	10	300	69.4444	3.16667	36.1	60
dDocent_Contig_1882	1	531	10	335	63.0885	2.77213	35.4	60
dDocent_Contig_1885	1	332	20	141	42.4699	8	36.7	60
dDocent_Contig_1886	1	479	29	396	82.6722	8.24635	36.2	60
dDocent_Contig_1887	1	396	91	371	93.6869	31.7904	36.2	59.8
dDocent_Contig_1891	1	427	8	247	57.8454	2.44731	36.7	60
dDocent_Contig_1892	1	559	20	486	86.941	5.06261	35.8	60
dDocent_Contig_1895	1	439	1	132	30.0683	0.300683	37	60
dDocent_Contig_1901	1	368	34	329	89.4022	12.3587	36	60
dDocent_Contig_1902	1	484	37	341	70.4545	10.0744	35.7	60
dDocent_Contig_1903	1	454	20	141	31.0573	5.68943	36.7	60
dDocent_Contig_1904	1	573	10	283	49.3892	2.15532	36.1	60
dDocent_Contig_1906	1	332	26	142	42.7711	10.509	36.6	60
dDocent_Contig_1908	1	339	7	130	38.3481	2.23894	36.9	60
dDocent_Contig_1910	1	546	62	519	95.0549	14.9835	36.1	58.8
dDocent_Contig_1914	1	392	41	144	36.7347	12.824	35.8	60
dDocent_Contig_1916	1	446	34	373	83.6323	10.7803	36.5	59.6
dDocent_Contig_1917	1	645	31	320	49.6124	6.72868	36.3	57.5
dDocent_Contig_1918	1	511	23	470	91.9765	6.42661	36.1	60
dDocent_Contig_1921	1	417	9	370	88.729	2.84412	36.6	60
dDocent_Contig_1922	1	515	50	426	82.7184	13.0136	35.7	60
dDocent_Contig_1924	1	462	14	239	51.7316	4.41991	36.5	60
dDocent_Contig_1925	1	371	20	248	66.8464	7.46631	36.4	60
dDocent_Contig_1926	1	422	22	141	33.4123	6.58294	36.3	60
dDocent_Contig_1927	1	357	6	141	39.4958	2.08683	36.9	60
dDocent_Contig_1928	1	533	10	227	42.5891	2.57974	36.8	60
dDocent_Contig_1929	1	482	17	251	52.0747	4.39834	36.6	60
dDocent_Contig_1932	1	396	22	279	70.4545	7.23232	36.1	60
dDocent_Contig_1933	1	475	11	290	61.0526	2.78737	35.9	60
dDocent_Contig_1935	1	357	10	142	39.7759	3.70028	36.9	60
dDocent_Contig_1936	1	567	66	524	92.4162	16.2575	36.3	60
dDocent_Contig_1937	1	409	27	371	90.709	9.08068	36.1	60
dDocent_Contig_1938	1	451	9	235	52.1064	2.39911	36.1	60
dDocent_Contig_1942	1	645	42	383	59.3798	8.85116	36.6	60
dDocent_Contig_1944	1	553	50	513	92.7667	12.3146	36.3	60
dDocent_Contig_1946	1	456	39	323	70.8333	11.0351	36.3	60
dDocent_Contig_1947	1	407	16	272	66.8305	5.25061	36.2	60
dDocent_Contig_1948	1	424	15	144	33.9623	4.74292	36.7	60
dDocent_Contig_1949	1	552	78	498	90.2174	19.8931	36.1	60
dDocent_Contig_1950	1	556	10	379	68.1655	2.4982	36.3	60
dDocent_Contig_1952	1	379	39	339	89.4459	13.6966	35.9	60
dDocent_Contig_1953	1	372	23	315	84.6774	8.70968	36.7	60
dDocent_Contig_1955	1	494	15	396	80.1619	4.03441	36.6	60
dDocent_Contig_1956	1	469	33	430	91.6844	9.65458	36.6	60
dDocent_Contig_1960	1	401	12	290	72.3192	4.06983	36.7	60
dDocent_Contig_1964	1	496	14	384	77.4194	3.8004	36.6	60
dDocent_Contig_1965	1	462	91	382	82.684	26.829	36.1	60
dDocent_Contig_1966	1	453	135	425	93.819	42.1523	36.3	60
dDocent_Contig_1967	1	413	35	396	95.8838	11.0218	35.9	60
dDocent_Contig_1968	1	573	84	491	85.6894	21.1675	36.6	60
dDocent_Contig_1969	1	524	54	423	80.7252	12.9103	36.1	57.1
dDocent_Contig_1970	1	465	48	426	91.6129	13.6366	36.4	60
dDocent_Contig_1971	1	355	23	141	39.7183	8.85352	36.8	60
dDocent_Contig_1974	1	359	54	320	89.1365	21.4513	36.5	60
dDocent_Contig_1977	1	415	2	140	33.7349	0.650602	36.9	60
dDocent_Contig_1985	1	563	29	378	67.1403	6.5897	36.1	60
dDocent_Contig_1992	1	366	74	328	89.6175	26.6202	36.4	59.8
dDocent_Contig_1996	1	375	14	322	85.8667	4.66133	36.8	57.4
dDocent_Contig_1997	1	332	23	300	90.3614	9.35843	36.4	60
dDocent_Contig_1999	1	411	21	142	34.5499	6.42336	36.8	60
dDocent_Contig_2000	1	474	3	208	43.8819	0.588608	36.1	60
dDocent_Contig_2001	1	515	262	405	78.6408	70.3087	35.5	59.9
dDocent_Contig_2015	1	432	15	292	67.5926	4.5463	36.4	60
dDocent_Contig_2023	1	355	29	313	88.169	11.6254	36.6	60
dDocent_Contig_2024	1	531	8	472	88.8889	2.12241	35.9	60
dDocent_Contig_2025	1	403	36	312	77.4194	11.928	36	60
dDocent_Contig_2026	1	431	19	242	56.1485	5.41995	35.7	60
dDocent_Contig_2029	1	406	26	142	34.9754	8.51724	36.2	60
dDocent_Contig_2032	1	434	7	376	86.6359	1.85714	36.8	60
dDocent_Contig_2034	1	408	9	143	35.049	3.05392	36.2	60
dDocent_Contig_2038	1	501	11	247	49.3014	2.77445	36.5	60
dDocent_Contig_2042	1	443	70	325	73.3634	21.9842	36.6	60
dDocent_Contig_2044	1	452	38	359	79.4248	11.1903	36.5	60
dDocent_Contig_2049	1	404	1	131	32.4257	0.324257	36.6	60
dDocent_Contig_2050	1	485	65	437	90.1031	18.3979	36.5	60
dDocent_Contig_2051	1	383	32	322	84.0731	11.8381	35.9	60
dDocent_Contig_2052	1	501	14	299	59.6806	3.50499	36.7	60
dDocent_Contig_2060	1	581	55	439	75.5594	13.7487	36.3	60
dDocent_Contig_2064	1	533	1	138	25.8912	0.258912	36.9	60
dDocent_Contig_2068	1	522	20	342	65.5172	5.12644	36.1	60
dDocent_Contig_2069	1	525	49	444	84.5714	13.2171	36.2	60
dDocent_Contig_2070	1	412	16	322	78.1553	4.87621	36.2	58.5
dDocent_Contig_2071	1	434	11	377	86.8664	3.22811	35.4	60
dDocent_Contig_2072	1	356	48	315	88.4831	18.2893	36.3	60
dDocent_Contig_2074	1	337	17	285	84.5697	6.47774	36.5	41.2
dDocent_Contig_2075	1	601	59	253	42.0965	12.9201	36.7	40.8
dDocent_Contig_2076	1	440	6	266	60.4545	1.76591	36.7	60
dDocent_Contig_2077	1	512	358	477	93.1641	90.7734	36.4	47.2
dDocent_Contig_2078	1	432	13	329	76.1574	3.46991	36.8	49.8
dDocent_Contig_2080	1	970	316	917	94.5361	46.3423	36.4	59.8
dDocent_Contig_2082	1	480	34	413	86.0417	9.99375	36.3	60
dDocent_Contig_2084	1	530	7	349	65.8491	1.82642	36.9	60
dDocent_Contig_2086	1	439	13	324	73.8041	4.13667	35.9	60
dDocent_Contig_2089	1	396	64	366	92.4242	20.654	36.3	59.3
dDocent_Contig_2092	1	466	37	384	82.4034	11.2103	36.1	60
dDocent_Contig_2093	1	421	46	144	34.2043	14.1781	36.2	60
dDocent_Contig_2094	1	397	25	141	35.5164	8.22922	36.3	60
dDocent_Contig_2102	1	587	23	478	81.431	5.11414	36.5	60
dDocent_Contig_2103	1	425	87	392	92.2353	27.9694	36.4	60
dDocent_Contig_2104	1	451	5	320	70.9534	1.60754	36.3	60
dDocent_Contig_2105	1	357	24	315	88.2353	8.55462	35.9	60
dDocent_Contig_2107	1	509	8	333	65.4224	1.90373	35.2	60
dDocent_Contig_2108	1	449	50	393	87.5278	15.9131	36.6	60
dDocent_Contig_2110	1	506	25	420	83.004	6.84387	36	60
dDocent_Contig_2113	1	352	43	254	72.1591	13.9091	36.4	47.9
dDocent_Contig_2114	1	368	39	351	95.3804	14.1848	36.1	60
dDocent_Contig_2117	1	497	36	388	78.0684	10.3702	36.3	60
dDocent_Contig_2119	1	370	97	335	90.5405	36.3243	36.2	60
dDocent_Contig_2124	1	432	78	378	87.5	25.6644	36.6	60
dDocent_Contig_2125	1	362	20	237	65.4696	7.27072	36.3	60
dDocent_Contig_2128	1	333	29	287	86.1862	10.8619	36.2	60
dDocent_Contig_2130	1	514	81	463	90.0778	21.8852	36.2	60
dDocent_Contig_2131	1	594	8	471	79.2929	1.8064	36.5	60
dDocent_Contig_2132	1	464	32	354	76.2931	9.21767	35.9	60
dDocent_Contig_2133	1	499	29	385	77.1543	8.11623	36.3	60
dDocent_Contig_2134	1	390	72	312	80	22.341	36.4	59.2
dDocent_Contig_2144	1	481	19	288	59.8753	4.96881	36.5	60
dDocent_Contig_2145	1	358	58	319	89.1061	22.0587	36.8	60
dDocent_Contig_2147	1	395	39	290	73.4177	13.1975	36.2	60
dDocent_Contig_2150	1	373	23	337	90.3485	8.57105	36.3	60
dDocent_Contig_2154	1	597	16	476	79.732	3.70352	35.7	60
dDocent_Contig_2156	1	427	3	138	32.3185	0.822014	36.6	60
dDocent_Contig_2158	1	356	4	140	39.3258	1.41854	36.8	60
dDocent_Contig_2159	1	480	41	328	68.3333	11.8625	36.3	60
dDocent_Contig_2160	1	413	16	357	86.4407	5.16949	36.1	60
dDocent_Contig_2161	1	350	9	141	40.2857	3.47143	36.6	60
dDocent_Contig_2162	1	533	33	276	51.7824	7.79362	36.3	60
dDocent_Contig_2163	1	461	29	386	83.731	8.57918	36.2	60
dDocent_Contig_2164	1	372	48	331	88.9785	18.2554	36.2	60
dDocent_Contig_2165	1	454	32	292	64.3172	9.46696	36.5	60
dDocent_Contig_2167	1	404	59	372	92.0792	19.0297	35	60
dDocent_Contig_2169	1	471	19	333	70.7006	5.53291	36.5	60
dDocent_Contig_2170	1	498	44	324	65.0602	11.4177	36	60
dDocent_Contig_2172	1	523	7	352	67.304	1.66922	35.7	60
dDocent_Contig_2174	1	503	31	348	69.1849	8.34791	36.3	60
dDocent_Contig_2175	1	489	23	299	61.1452	6.44172	36.1	60
dDocent_Contig_2176	1	496	37	383	77.2177	10.1048	36.2	60
dDocent_Contig_2177	1	523	44	444	84.8948	11.956	36.6	60
dDocent_Contig_2180	1	332	34	303	91.2651	14.4036	36.1	60
dDocent_Contig_2181	1	438	14	143	32.6484	4.0137	36.7	60
dDocent_Contig_2184	1	407	14	141	34.6437	4.38329	36.4	60
dDocent_Contig_2185	1	529	55	393	74.2911	14.3384	36.2	59.8
dDocent_Contig_2186	1	382	41	328	85.8639	14.8089	35.9	59.8
dDocent_Contig_2188	1	468	12	290	61.9658	3.25	36.7	60
dDocent_Contig_2191	1	365	23	342	93.6986	8.56986	36	59.9
dDocent_Contig_2192	1	482	26	377	78.2158	7.08091	36.8	60
dDocent_Contig_2194	1	413	12	297	71.9128	3.80387	36.5	60
dDocent_Contig_2196	1	432	42	334	77.3148	13.1088	36.2	60
dDocent_Contig_2198	1	378	39	319	84.3915	13.7646	36	59.6
dDocent_Contig_2199	1	436	54	312	71.5596	15.8578	36	60
dDocent_Contig_2204	1	484	42	336	69.4215	11.8595	36.3	60
dDocent_Contig_2208	1	577	70	491	85.0953	16.0919	36.2	57
dDocent_Contig_2209	1	381	49	320	83.9895	16.9738	36	60
dDocent_Contig_2210	1	369	22	140	37.9404	7.64228	36.5	60
dDocent_Contig_2214	1	435	22	333	76.5517	7.01149	36.6	60
dDocent_Contig_2228	1	569	74	425	74.6924	17.993	36.5	59.9
dDocent_Contig_2229	1	489	12	339	69.3252	3.32311	36.8	60
dDocent_Contig_2230	1	427	21	140	32.7869	6.29274	36	60
dDocent_Contig_2231	1	396	54	356	89.899	18.8586	36.5	60
dDocent_Contig_2233	1	332	26	142	42.7711	9.39157	35.4	60
dDocent_Contig_2234	1	527	32	404	76.6603	8.18596	36.3	60
dDocent_Contig_2235	1	520	8	326	62.6923	2.075	35.6	60
dDocent_Contig_2236	1	406	40	359	88.4236	13.5542	36	59.8
dDocent_Contig_2237	1	361	7	141	39.0582	2.47922	36.7	60
dDocent_Contig_2238	1	359	19	142	39.5543	6.33705	36.4	60
dDocent_Contig_2242	1	540	36	442	81.8519	8.72778	36	60
dDocent_Contig_2245	1	522	91	434	83.1418	24.7969	36.1	60
dDocent_Contig_2247	1	457	1	133	29.1028	0.291028	36.8	60
dDocent_Contig_2249	1	451	21	363	80.4878	5.7694	36.3	60
dDocent_Contig_2250	1	527	21	336	63.7571	5.50285	36.6	60
dDocent_Contig_2254	1	365	40	297	81.3699	13.6712	36.3	59.7
dDocent_Contig_2256	1	348	31	143	41.092	11.6092	36.7	60
dDocent_Contig_2258	1	524	31	301	57.4427	7.89885	36.6	60
dDocent_Contig_2259	1	346	41	332	95.9538	15.7832	35.9	60
dDocent_Contig_2260	1	466	57	423	90.7725	16.6867	36.4	60
dDocent_Contig_2261	1	369	64	310	84.0108	21.3496	35.2	59.1
dDocent_Contig_2265	1	484	10	142	29.3388	2.66942	34.7	60
dDocent_Contig_2267	1	375	1	140	37.3333	0.373333	35.6	60
dDocent_Contig_2269	1	332	14	283	85.241	5.14759	35.7	59.7
dDocent_Contig_2270	1	332	24	290	87.3494	9.24699	36.6	60
dDocent_Contig_2274	1	598	28	520	86.9565	6.65385	36.4	60
dDocent_Contig_2278	1	472	52	406	86.0169	15.6949	36.3	60
dDocent_Contig_2279	1	432	610	395	91.4352	187.653	36.2	55.8
dDocent_Contig_2281	1	378	2	136	35.9788	0.716931	35.4	60
dDocent_Contig_2287	1	394	24	289	73.3503	8.02792	36.8	60
dDocent_Contig_2289	1	426	42	309	72.5352	13.3357	36.5	60
dDocent_Contig_2291	1	399	19	141	35.3383	6.07018	35.3	60
dDocent_Contig_2295	1	486	253	440	90.535	65.0494	35.8	51.9
dDocent_Contig_2296	1	398	95	363	91.206	31.6181	36.1	59.7
dDocent_Contig_2298	1	524	33	449	85.687	8.83588	36.3	60
dDocent_Contig_2299	1	347	235	326	93.9481	84.7579	36	43
dDocent_Contig_2300	1	424	48	385	90.8019	15.066	36.4	60
dDocent_Contig_2302	1	332	7	141	42.4699	2.76807	35.5	60
dDocent_Contig_2305	1	386	12	275	71.2435	3.8886	36.8	60
dDocent_Contig_2307	1	370	12	285	77.027	4.34324	36.7	60
dDocent_Contig_2308	1	493	62	377	76.4706	17.497	36.7	59.9
dDocent_Contig_2309	1	587	47	374	63.7138	11.4293	36.5	60
dDocent_Contig_2311	1	382	23	308	80.6283	8.61257	36.1	60
dDocent_Contig_2314	1	359	67	141	39.2758	15.8914	36	60
dDocent_Contig_2316	1	526	12	293	55.7034	3.03042	36.4	60
dDocent_Contig_2317	1	474	16	141	29.7468	4.72785	36.6	60
dDocent_Contig_2319	1	501	53	399	79.6407	14.2295	36	59.8
dDocent_Contig_2324	1	545	5	239	43.8532	1.31743	36.6	60
dDocent_Contig_2325	1	478	20	430	89.9582	6.01464	36.3	60
dDocent_Contig_2331	1	425	43	387	91.0588	14.0682	36.7	60
dDocent_Contig_2333	1	517	6	395	76.4023	1.67892	36.6	60
dDocent_Contig_2335	1	590	18	492	83.3898	4.29153	35.9	60
dDocent_Contig_2336	1	390	3	159	40.7692	0.610256	34.4	60
dDocent_Contig_2340	1	393	42	335	85.2417	14.7074	36.4	60
dDocent_Contig_2342	1	368	24	261	70.9239	8.10598	36.4	58.2
dDocent_Contig_2343	1	441	60	421	95.4649	18.7959	36.4	60
dDocent_Contig_2346	1	498	52	468	93.9759	13.7028	36.1	60
dDocent_Contig_2347	1	417	20	289	69.3046	6.2518	36.2	60
dDocent_Contig_2348	1	586	7	301	51.3652	1.50171	36.5	60
dDocent_Contig_2349	1	348	20	142	40.8046	7.05747	36.6	60
dDocent_Contig_2353	1	332	8	143	43.0723	3.07229	36.8	60
dDocent_Contig_2357	1	494	35	408	82.5911	9.71255	35.9	60
dDocent_Contig_2360	1	540	48	292	54.0741	11.9778	36.7	60
dDocent_Contig_2361	1	336	6	140	41.6667	2.41369	36.1	60
dDocent_Contig_2364	1	336	16	141	41.9643	6.32143	36.2	60
dDocent_Contig_2365	1	463	35	324	69.9784	10.7063	36.5	60
dDocent_Contig_2369	1	525	113	487	92.7619	29.7181	36.4	60
dDocent_Contig_2370	1	491	52	432	87.9837	14.8004	36.3	60
dDocent_Contig_2371	1	332	37	142	42.7711	15.1114	36.3	60
dDocent_Contig_2372	1	494	35	384	77.7328	9.42915	36.2	60
dDocent_Contig_2377	1	401	3	290	72.3192	1.09227	36.9	60
dDocent_Contig_2378	1	473	12	386	81.6068	3.60465	36.1	60
dDocent_Contig_2380	1	493	11	279	56.5923	2.55172	36.1	60
dDocent_Contig_2384	1	513	54	412	80.3119	14.8246	36.4	60
dDocent_Contig_2389	1	397	1	68	17.1285	0.171285	28.6	60
dDocent_Contig_2390	1	353	12	142	40.2266	4.54958	36.7	60
dDocent_Contig_2392	1	506	16	418	82.6087	4.09881	35.2	60
dDocent_Contig_2395	1	614	28	470	76.5472	5.86971	36.1	60
dDocent_Contig_2397	1	403	20	282	69.9752	6.43424	35.7	60
dDocent_Contig_2401	1	484	547	447	92.3554	160.816	36.1	59.4
dDocent_Contig_2405	1	527	16	487	92.4099	4.17078	35.7	60
dDocent_Contig_2407	1	499	85	388	77.7555	23.6433	36.3	60
dDocent_Contig_2412	1	443	24	140	31.6027	6.76298	36.4	60
dDocent_Contig_2415	1	398	61	359	90.201	20.4246	36.3	59.6
dDocent_Contig_2416	1	350	1	102	29.1429	0.291429	37	60
dDocent_Contig_2419	1	584	169	478	81.8493	39.4195	35.6	60
dDocent_Contig_2421	1	456	85	404	88.5965	26.4342	36.5	60
dDocent_Contig_2422	1	429	34	381	88.8112	10.7786	36.3	60
dDocent_Contig_2423	1	388	65	326	84.0206	22.2964	36.1	60
dDocent_Contig_2425	1	498	25	291	58.4337	6.69076	36.5	60
dDocent_Contig_2431	1	362	49	321	88.674	18.9171	36.2	60
dDocent_Contig_2434	1	506	182	366	72.332	51.8597	36.4	52.6
dDocent_Contig_2435	1	533	58	473	88.743	15.3621	36.4	60
dDocent_Contig_2442	1	485	4	140	28.866	1.00412	36.7	60
dDocent_Contig_2443	1	518	52	363	70.0772	13.471	36.3	60
dDocent_Contig_2446	1	501	4	140	27.9441	1.07585	36.5	60
dDocent_Contig_2448	1	332	23	281	84.6386	8.71084	36.8	60
dDocent_Contig_2452	1	606	95	530	87.4587	21.934	36.3	60
dDocent_Contig_2454	1	570	8	426	74.7368	1.92456	36.6	60
dDocent_Contig_2458	1	534	55	488	91.3858	14.6554	36.2	60
dDocent_Contig_2460	1	404	36	352	87.1287	11.7871	36.1	59.6
dDocent_Contig_2462	1	374	14	273	72.9947	4.65775	36.3	60
dDocent_Contig_2466	1	424	20	282	66.5094	6.16274	36.7	60
dDocent_Contig_2467	1	436	17	344	78.8991	5.37844	36.4	60
dDocent_Contig_2469	1	449	22	306	68.1514	6.54343	36.1	60
dDocent_Contig_2471	1	454	4	115	25.3304	0.947137	36.6	60
dDocent_Contig_2472	1	357	3	101	28.2913	0.848739	36.9	60
dDocent_Contig_2474	1	466	15	337	72.3176	4.38627	36.8	60
dDocent_Contig_2476	1	464	26	313	67.4569	7.81466	36.5	60
dDocent_Contig_2479	1	399	2	114	28.5714	0.571429	36.7	60
dDocent_Contig_2481	1	344	10	140	40.6977	3.74128	35.9	60
dDocent_Contig_2486	1	425	38	318	74.8235	11.8729	36.7	60
dDocent_Contig_2488	1	391	10	286	73.1458	3.30435	34.9	60
dDocent_Contig_2493	1	453	85	343	75.7174	26.468	36.4	60
dDocent_Contig_2494	1	527	4	142	26.945	0.996205	34.6	60
dDocent_Contig_2495	1	332	5	141	42.4699	2.01506	36.5	60
dDocent_Contig_2496	1	543	10	338	62.2468	2.72376	34.9	60
dDocent_Contig_2498	1	502	29	428	85.259	7.55378	36.4	60
dDocent_Contig_2499	1	513	2	138	26.9006	0.538012	36.4	60
dDocent_Contig_2500	1	435	100	366	84.1379	32.446	36	59.9
dDocent_Contig_2502	1	443	48	366	82.6185	15.2935	36.3	60
dDocent_Contig_2504	1	370	35	335	90.5405	12.5595	36	60
dDocent_Contig_2505	1	501	81	397	79.2415	21.7226	36.4	59.9
dDocent_Contig_2507	1	429	1	150	34.965	0.34965	36.3	60
dDocent_Contig_2510	1	431	36	390	90.4872	11.5197	36.3	60
dDocent_Contig_2516	1	434	3	236	54.3779	0.769585	36.4	60
dDocent_Contig_2517	1	483	10	304	62.94	2.48861	36.7	60
dDocent_Contig_2518	1	557	69	428	76.8402	17.6409	36.4	60
dDocent_Contig_2520	1	486	33	447	91.9753	9.40947	36.2	60
dDocent_Contig_2524	1	471	24	292	61.9958	6.81953	36.6	60
dDocent_Contig_2525	1	433	78	367	84.7575	25.5127	36.5	60
dDocent_Contig_2528	1	381	13	311	81.6273	4.71654	36.8	60
dDocent_Contig_2529	1	514	3	254	49.4163	0.714008	36.9	60
dDocent_Contig_2531	1	332	18	283	85.241	6.70482	36.5	60
dDocent_Contig_2534	1	336	1	140	41.6667	0.416667	36.8	60
dDocent_Contig_2538	1	363	19	353	97.2452	6.38567	36	59.9
dDocent_Contig_2539	1	490	13	276	56.3265	3.59388	36.3	60
dDocent_Contig_2543	1	543	25	378	69.6133	6.6151	36.6	60
dDocent_Contig_2546	1	493	28	364	73.8337	7.13793	36.1	58.3
dDocent_Contig_2549	1	345	4	300	86.9565	1.66377	36.4	60
dDocent_Contig_2551	1	376	7	142	37.766	2.44947	36.3	60
dDocent_Contig_2552	1	491	59	335	68.2281	15.1202	36.4	60
dDocent_Contig_2553	1	332	12	153	46.0843	5.0241	36.4	20.9
dDocent_Contig_2556	1	635	14	329	51.811	3.16693	36.8	60
dDocent_Contig_2561	1	332	33	144	43.3735	12.8976	36.1	60
dDocent_Contig_2565	1	407	20	142	34.8894	6.56265	36.6	60
dDocent_Contig_2566	1	514	14	373	72.5681	3.66537	36.1	60
dDocent_Contig_2569	1	525	21	314	59.8095	5.46667	36.8	60
dDocent_Contig_2575	1	434	21	377	86.8664	6.40092	35.9	59.4
dDocent_Contig_2581	1	431	14	291	67.5174	4.40371	36.7	60
dDocent_Contig_2584	1	442	60	349	78.9593	18.4321	36.7	60
dDocent_Contig_2590	1	436	16	407	93.3486	4.95872	36.1	60
dDocent_Contig_2594	1	393	18	291	74.0458	5.86768	36.6	60
dDocent_Contig_2595	1	564	34	416	73.7589	8.10993	36.3	60
dDocent_Contig_2596	1	401	12	319	79.5511	3.69576	36.8	60
dDocent_Contig_2597	1	388	14	291	75	4.80155	36.8	60
dDocent_Contig_2598	1	479	8	315	65.762	2.10438	36.6	60
dDocent_Contig_2599	1	332	11	140	42.1687	4.42771	35.1	60
dDocent_Contig_2613	1	361	2	140	38.7812	0.775623	36.5	60
dDocent_Contig_2614	1	399	2	218	54.6366	0.694236	35.9	60
dDocent_Contig_2617	1	342	43	278	81.2865	17.5789	36.3	60
dDocent_Contig_2618	1	434	5	313	72.1198	1.58065	35.3	60
dDocent_Contig_2619	1	513	197	470	91.6179	49.3002	35.7	54.8
dDocent_Contig_2623	1	542	6	271	50	1.41882	36.7	60
dDocent_Contig_2624	1	404	38	367	90.8416	12.8342	36.3	60
dDocent_Contig_2625	1	498	21	143	28.7149	5.64659	36	60
dDocent_Contig_2626	1	464	26	351	75.6466	7.67672	36.4	60
dDocent_Contig_2633	1	408	5	275	67.402	1.63971	36.9	60
dDocent_Contig_2637	1	387	8	194	50.1292	2.27132	36.6	60
dDocent_Contig_2641	1	387	28	261	67.4419	9.41344	35.6	59.4
dDocent_Contig_2642	1	585	30	414	70.7692	6.56923	36.6	60
dDocent_Contig_2643	1	600	6	309	51.5	1.31333	35.6	60
dDocent_Contig_2646	1	412	6	371	90.0485	2.0267	36.5	60
dDocent_Contig_2647	1	370	20	302	81.6216	7.18378	34.6	60
dDocent_Contig_2649	1	442	11	231	52.2624	3.24434	36.8	60
dDocent_Contig_2650	1	342	41	292	85.3801	16.1842	36.7	60
dDocent_Contig_2651	1	456	12	306	67.1053	3.84211	36.5	60
dDocent_Contig_2652	1	405	42	292	72.0988	12.8864	35.9	60
dDocent_Contig_2653	1	380	10	275	72.3684	3.26842	36.7	60
dDocent_Contig_2656	1	332	6	252	75.9036	2.50301	36.5	60
dDocent_Contig_2659	1	404	25	142	35.1485	8.13861	36.2	60
dDocent_Contig_2661	1	381	2	134	35.1706	0.698163	36.8	60
dDocent_Contig_2662	1	340	24	286	84.1176	9.57941	36.4	60
dDocent_Contig_2665	1	490	92	451	92.0408	25.8245	36.4	60
dDocent_Contig_2666	1	342	6	146	42.6901	1.95614	36.9	60
dDocent_Contig_2670	1	396	31	370	93.4343	10.6162	36.6	60
dDocent_Contig_2672	1	547	56	508	92.8702	13.3803	35.6	60
dDocent_Contig_2673	1	611	36	476	77.9051	7.98036	36.2	60
dDocent_Contig_2674	1	432	86	393	90.9722	27.5625	36.6	60
dDocent_Contig_2675	1	559	7	352	62.9696	1.84436	35.8	60
dDocent_Contig_2676	1	571	42	389	68.1261	10.4694	36.6	59.6
dDocent_Contig_2679	1	586	2	120	20.4778	0.409556	36.9	60
dDocent_Contig_2682	1	332	6	143	43.0723	2.3494	36.9	60
dDocent_Contig_2684	1	399	9	290	72.6817	2.84461	36.4	60
dDocent_Contig_2689	1	466	7	321	68.8841	1.98069	35.4	60
dDocent_Contig_2690	1	376	9	140	37.234	3.17021	36.4	60
dDocent_Contig_2693	1	526	5	135	25.6654	1.19202	37	60
dDocent_Contig_2695	1	429	44	403	93.9394	13.8904	36.2	60
dDocent_Contig_2697	1	372	27	142	38.172	9.47312	36.6	60
dDocent_Contig_2706	1	513	16	263	51.2671	3.77583	36.8	60
dDocent_Contig_2707	1	435	16	274	62.9885	4.5977	36.5	60
dDocent_Contig_2708	1	343	6	137	39.9417	2.31778	33.9	60
dDocent_Contig_2712	1	500	10	141	28.2	2.738	36.4	60
dDocent_Contig_2715	1	344	14	277	80.5233	4.2936	34.5	60
dDocent_Contig_2717	1	379	101	335	88.3905	34.9235	36	60
dDocent_Contig_2720	1	336	1	116	34.5238	0.345238	36.6	60
dDocent_Contig_2721	1	462	110	385	83.3333	33.2944	36.4	60
dDocent_Contig_2722	1	419	8	230	54.8926	1.99284	36.9	60
dDocent_Contig_2724	1	459	87	421	91.7211	25.4161	36.2	60
dDocent_Contig_2726	1	459	111	361	78.6492	34.841	36.2	60
dDocent_Contig_2728	1	423	98	338	79.9054	32.0757	36.3	60
dDocent_Contig_2729	1	440	10	396	90	3.00909	36.5	60
dDocent_Contig_2732	1	462	19	241	52.1645	5.28139	36.7	60
dDocent_Contig_2741	1	500	13	321	64.2	3.508	36.4	60
dDocent_Contig_2742	1	408	24	369	90.4412	8.16422	36.5	60
dDocent_Contig_2743	1	421	6	318	75.5344	1.92162	36.8	60
dDocent_Contig_2745	1	462	9	297	64.2857	2.66234	36.1	60
dDocent_Contig_2747	1	502	56	254	50.5976	14.2151	36.4	60
dDocent_Contig_2749	1	434	56	368	84.7926	16.7166	36.3	52.9
dDocent_Contig_2750	1	428	44	388	90.6542	14.3294	36.3	60
dDocent_Contig_2751	1	510	29	468	91.7647	7.03137	36	56.1
dDocent_Contig_2752	1	334	18	276	82.6347	7.17964	36.6	58
dDocent_Contig_2753	1	559	15	507	90.6977	3.55456	36	60
dDocent_Contig_2757	1	533	53	370	69.4184	13.4803	36.7	60
dDocent_Contig_2759	1	564	94	489	86.7021	22.6294	36.6	52.7
dDocent_Contig_2760	1	626	64	439	70.1278	14.6677	35.8	60
dDocent_Contig_2761	1	465	7	292	62.7957	2.07957	35.7	60
dDocent_Contig_2764	1	332	9	141	42.4699	3.48494	36.7	60
dDocent_Contig_2765	1	469	36	312	66.5245	9.60768	36.2	60
dDocent_Contig_2768	1	359	6	242	67.4095	1.85794	35.1	60
dDocent_Contig_2769	1	419	51	349	83.2936	15.9976	36.4	60
dDocent_Contig_2770	1	394	25	289	73.3503	8.40609	36.6	60
dDocent_Contig_2773	1	408	6	338	82.8431	2.11029	35.2	60
dDocent_Contig_2777	1	485	13	220	45.3608	3.56082	35.9	60
dDocent_Contig_2778	1	420	54	383	91.1905	17.8833	36.3	56.9
dDocent_Contig_2782	1	463	34	290	62.635	9.67819	36.4	60
dDocent_Contig_2785	1	389	8	307	78.9203	2.6838	36.7	60
dDocent_Contig_2786	1	383	9	287	74.9347	3.24804	36.5	60
dDocent_Contig_2787	1	401	27	313	78.0549	9.20449	36.3	60
dDocent_Contig_2790	1	335	9	141	42.0896	3.58507	36.3	60
dDocent_Contig_2791	1	426	66	405	95.0704	19.4202	36.4	44
dDocent_Contig_2794	1	602	2	285	47.3422	0.473422	36.8	60
dDocent_Contig_2796	1	537	28	477	88.8268	7.35754	36.4	60
dDocent_Contig_2797	1	453	8	288	63.5762	1.90066	36.4	60
dDocent_Contig_2798	1	573	59	533	93.0192	14.1134	36.5	60
dDocent_Contig_2799	1	335	2	141	42.0896	0.767164	36.9	60
dDocent_Contig_2800	1	523	60	484	92.543	16.0574	36.1	60
dDocent_Contig_2803	1	590	27	231	39.1525	6.47627	36.7	60
dDocent_Contig_2806	1	332	19	142	42.7711	7.5241	36.3	60
dDocent_Contig_2808	1	405	22	351	86.6667	7.08642	36.2	60
dDocent_Contig_2809	1	368	19	331	89.9457	6.88315	36.6	60
dDocent_Contig_2810	1	529	8	446	84.31	2.09641	36.6	60
dDocent_Contig_2811	1	333	38	318	95.4955	14.7357	36.2	60
dDocent_Contig_2813	1	409	1	150	36.6748	0.366748	36.3	60
dDocent_Contig_2817	1	394	2	94	23.8579	0.477157	36.5	60
dDocent_Contig_2821	1	519	17	379	73.025	4.35838	36.5	60
dDocent_Contig_2822	1	531	13	476	89.6422	3.05085	36.6	54.3
dDocent_Contig_2824	1	440	41	311	70.6818	11.9614	36.5	60
dDocent_Contig_2825	1	482	19	140	29.0456	5.08299	36.7	60
dDocent_Contig_2826	1	453	1	122	26.9316	0.269316	36.8	60
dDocent_Contig_2829	1	503	17	220	43.7376	4.19483	36.2	60
dDocent_Contig_2837	1	494	7	141	28.5425	1.97368	36.5	60
dDocent_Contig_2838	1	478	12	309	64.6444	3.29289	36.5	60
dDocent_Contig_2841	1	446	12	291	65.2466	3.37444	36.4	60
dDocent_Contig_2842	1	517	42	449	86.8472	10.5184	36.4	60
dDocent_Contig_2847	1	466	68	422	90.5579	20.6588	36.4	60
dDocent_Contig_2850	1	563	20	434	77.087	4.77087	36.9	60
dDocent_Contig_2851	1	411	16	333	81.0219	4.32847	35.4	60
dDocent_Contig_2854	1	388	3	154	39.6907	1.15979	35.2	60
dDocent_Contig_2856	1	332	6	141	42.4699	2.37349	36.7	60
dDocent_Contig_2857	1	366	6	141	38.5246	2.20765	36.7	60
dDocent_Contig_2858	1	383	13	314	81.9843	4.32115	35.8	60
dDocent_Contig_2859	1	382	26	323	84.555	8.60209	36.4	60
dDocent_Contig_2861	1	332	36	292	87.9518	14.5392	36.3	60
dDocent_Contig_2862	1	464	9	279	60.1293	2.56897	36.8	60
dDocent_Contig_2865	1	499	11	413	82.7655	3.14028	35.9	60
dDocent_Contig_2866	1	396	24	291	73.4848	8.35859	36.7	60
dDocent_Contig_2868	1	437	13	140	32.0366	3.95652	36.5	60
dDocent_Contig_2870	1	379	75	305	80.4749	26.2137	36.1	60
dDocent_Contig_2871	1	397	27	311	78.3375	9.0806	36	60
dDocent_Contig_2872	1	395	8	330	83.5443	2.92152	36.7	60
dDocent_Contig_2873	1	332	33	141	42.4699	13.1416	36.1	60
dDocent_Contig_2874	1	553	69	531	96.0217	17.3418	36.1	60
dDocent_Contig_2876	1	568	41	466	82.0423	9.95599	36.3	60
dDocent_Contig_2880	1	451	69	314	69.6231	15.5344	35.3	60
dDocent_Contig_2882	1	439	39	291	66.287	11.9339	36.1	60
dDocent_Contig_2884	1	568	8	350	61.6197	1.875	36.4	60
dDocent_Contig_2886	1	501	2	136	27.1457	0.542914	36.9	60
dDocent_Contig_2887	1	345	31	289	83.7681	11.8435	36.4	60
dDocent_Contig_2889	1	519	43	401	77.264	11.395	36.2	60
dDocent_Contig_2892	1	536	2	207	38.6194	0.526119	36.6	60
dDocent_Contig_2893	1	438	18	389	88.8128	5.60274	36.4	60
dDocent_Contig_2895	1	336	37	310	92.2619	14.6786	36.1	60
dDocent_Contig_2896	1	453	14	279	61.5894	4.09051	35.1	60
dDocent_Contig_2899	1	518	36	345	66.6023	9.78958	36.3	60
dDocent_Contig_2901	1	571	26	365	63.9229	6.43608	36.7	60
dDocent_Contig_2902	1	344	2	123	35.7558	0.715116	37	60
dDocent_Contig_2903	1	372	64	327	87.9032	22.8763	35.4	60
dDocent_Contig_2904	1	451	1	142	31.4856	0.314856	36.6	60
dDocent_Contig_2906	1	422	44	375	88.8626	9.95498	34.7	59.7
dDocent_Contig_2908	1	354	24	275	77.6836	8.69492	36.6	60
dDocent_Contig_2911	1	397	15	290	73.0479	4.98489	36.1	60
dDocent_Contig_2912	1	550	47	392	71.2727	11.7	36.1	60
dDocent_Contig_2914	1	468	39	352	75.2137	11.1004	36.3	60
dDocent_Contig_2918	1	523	19	278	53.1549	4.8566	36.6	60
dDocent_Contig_2919	1	438	9	140	31.9635	2.67808	36.6	60
dDocent_Contig_2920	1	391	2	132	33.7596	0.578005	36.9	60
dDocent_Contig_2922	1	458	199	418	91.2664	60.0655	36.4	60
dDocent_Contig_2924	1	430	62	392	91.1628	20.2674	36.2	48.7
dDocent_Contig_2925	1	457	19	291	63.6761	5.48359	36.1	60
dDocent_Contig_2932	1	536	104	499	93.097	25.7873	36.1	59.5
dDocent_Contig_2934	1	440	142	400	90.9091	42.5159	36.2	58.3
dDocent_Contig_2935	1	332	5	140	42.1687	1.67169	35.2	60
dDocent_Contig_2937	1	572	44	471	82.3427	11.1154	36.4	60
dDocent_Contig_2938	1	623	43	452	72.5522	9.56019	36.4	60
dDocent_Contig_2939	1	570	31	413	72.4561	7.49825	36.1	60
dDocent_Contig_2940	1	497	11	387	77.8672	2.93763	36.1	60
dDocent_Contig_2944	1	402	45	351	87.3134	15.3706	36.1	60
dDocent_Contig_2945	1	597	44	551	92.2948	9.65159	36	60
dDocent_Contig_2946	1	480	32	434	90.4167	8.8875	35.6	59.1
dDocent_Contig_2948	1	481	1	140	29.106	0.29106	36.7	60
dDocent_Contig_2949	1	380	30	141	37.1053	10.6605	36.3	60
dDocent_Contig_2951	1	349	13	318	91.1175	4.91977	36.7	60
dDocent_Contig_2953	1	471	56	407	86.4119	16.4522	36.6	39.2
dDocent_Contig_2956	1	354	24	277	78.2486	8.63842	36.6	60
dDocent_Contig_2958	1	557	33	436	78.2765	8.26032	36.1	60
dDocent_Contig_2959	1	338	26	243	71.8935	9.97337	36.1	60
dDocent_Contig_2961	1	394	102	348	88.3249	35.4898	36.1	59.9
dDocent_Contig_2963	1	333	63	292	87.6877	25.8138	36.2	60
dDocent_Contig_2966	1	506	48	429	84.7826	13.1285	36.1	60
dDocent_Contig_2978	1	584	35	244	41.7808	8.60959	35.7	60
dDocent_Contig_2980	1	407	49	367	90.172	16.7371	36.2	60
dDocent_Contig_2981	1	333	43	292	87.6877	18.033	36	60
dDocent_Contig_2986	1	494	73	338	68.4211	20.4089	36.4	60
dDocent_Contig_2987	1	485	6	292	60.2062	1.66186	36	60
dDocent_Contig_2988	1	446	17	367	82.287	5.45964	35.8	60
dDocent_Contig_2991	1	368	52	142	38.587	18.0408	36.2	60
dDocent_Contig_2992	1	556	12	334	60.0719	2.94964	36.4	49.7
dDocent_Contig_2995	1	480	76	441	91.875	22.1271	36.2	60
dDocent_Contig_2996	1	332	11	142	42.7711	4.21988	36.7	60
dDocent_Contig_2997	1	406	21	325	80.0493	6.73153	36	60
dDocent_Contig_3008	1	495	4	140	28.2828	1.02222	36.6	60
dDocent_Contig_3009	1	598	17	536	89.6321	3.40803	36.2	55.3
dDocent_Contig_3010	1	385	22	141	36.6234	7.2987	36.2	60
dDocent_Contig_3012	1	375	16	140	37.3333	5.43733	36.6	60
dDocent_Contig_3015	1	481	28	434	90.2287	7.94179	36.7	60
dDocent_Contig_3016	1	390	8	291	74.6154	2.3641	35.8	60
dDocent_Contig_3017	1	509	35	396	77.7996	9.57564	36.4	60
dDocent_Contig_3020	1	460	12	366	79.5652	3.33261	36.7	60
dDocent_Contig_3023	1	389	15	348	89.4602	5.16452	35.7	60
dDocent_Contig_3024	1	386	46	362	93.7824	16.4275	36.5	60
dDocent_Contig_3025	1	454	40	411	90.5286	11.7467	36.4	59.7
dDocent_Contig_3030	1	437	6	370	84.6682	1.72769	36.9	60
dDocent_Contig_3033	1	588	20	557	94.7279	4.80952	36.6	60
dDocent_Contig_3035	1	617	10	362	58.671	2.24797	36.4	60
dDocent_Contig_3037	1	397	44	359	90.4282	14.864	36.4	60
dDocent_Contig_3038	1	486	22	407	83.7449	6.46502	35.7	60
dDocent_Contig_3039	1	501	2	228	45.509	0.596806	36.8	60
dDocent_Contig_3041	1	399	17	353	88.4712	5.89474	35.9	60
dDocent_Contig_3043	1	353	34	292	82.7195	13.1501	36.7	60
dDocent_Contig_3044	1	448	24	391	87.2768	7.17634	36.4	60
dDocent_Contig_3045	1	333	30	298	89.4895	11.5465	36.7	60
dDocent_Contig_3049	1	463	20	343	74.0821	5.80778	36.7	60
dDocent_Contig_3050	1	453	11	349	77.0419	3.13024	36.1	60
dDocent_Contig_3052	1	421	6	275	65.3207	1.90024	35.5	60
dDocent_Contig_3055	1	463	34	343	74.0821	10.0065	36	60
dDocent_Contig_3056	1	417	24	364	87.2902	7.69305	36.3	60
dDocent_Contig_3058	1	514	13	297	57.7821	3.33074	35.9	60
dDocent_Contig_3059	1	332	38	142	42.7711	15.1506	36	60
dDocent_Contig_3061	1	496	63	454	91.5323	17.5625	36.1	60
dDocent_Contig_3062	1	490	2	153	31.2245	0.612245	36.9	60
dDocent_Contig_3063	1	501	47	461	92.016	12.9441	36.5	60
dDocent_Contig_3068	1	434	4	289	66.5899	1.23041	36.6	60
dDocent_Contig_3073	1	491	35	405	82.4847	9.73116	36.1	60
dDocent_Contig_3076	1	438	21	373	85.1598	6.67352	36.2	60
dDocent_Contig_3077	1	426	47	382	89.6714	14.7559	36.6	60
dDocent_Contig_3079	1	510	68	466	91.3725	19.0529	36.4	60
dDocent_Contig_3080	1	479	26	389	81.2109	7.42797	36.1	60
dDocent_Contig_3081	1	557	59	430	77.1993	14.7612	36.3	60
dDocent_Contig_3082	1	437	18	315	72.0824	5.21053	36.7	60
dDocent_Contig_3084	1	442	73	370	83.7104	21.9389	36.3	60
dDocent_Contig_3086	1	516	3	260	50.3876	0.722868	36.9	60
dDocent_Contig_3087	1	484	42	390	80.5785	12.3347	36.3	60
dDocent_Contig_3088	1	606	82	559	92.2442	18.5792	36.3	44.2
dDocent_Contig_3089	1	493	3	184	37.3225	0.768763	36.3	60
dDocent_Contig_3091	1	574	2	125	21.777	0.43554	36.6	60
dDocent_Contig_3095	1	524	24	476	90.8397	6.33397	36.8	60
dDocent_Contig_3097	1	374	31	291	77.8075	11.107	36.2	60
dDocent_Contig_3100	1	451	28	413	91.5743	8.95344	36.6	60
dDocent_Contig_3106	1	647	54	436	67.3879	12.1206	36.6	60
dDocent_Contig_3107	1	409	2	252	61.6137	0.616137	36.2	60
dDocent_Contig_3108	1	628	14	411	65.4459	2.99045	36.2	60
dDocent_Contig_3109	1	470	15	342	72.766	4.41064	36.8	60
dDocent_Contig_3111	1	390	22	350	89.7436	7.38205	36.5	60
dDocent_Contig_3112	1	561	30	386	68.8057	7.24955	36.7	60
dDocent_Contig_3114	1	404	25	336	83.1683	8.31931	36.5	59.2
dDocent_Contig_3116	1	451	36	412	91.3525	10.2373	36.6	60
dDocent_Contig_3120	1	400	20	266	66.5	6.51	36.8	60
dDocent_Contig_3138	1	527	36	430	81.5939	9.18786	36.1	60
dDocent_Contig_3141	1	501	67	416	83.0339	17.7325	36	53.4
dDocent_Contig_3144	1	382	9	141	36.911	2.97382	35.8	60
dDocent_Contig_3145	1	343	21	275	80.1749	7.55685	36.3	60
dDocent_Contig_3149	1	408	162	369	90.4412	56.6054	36.3	60
dDocent_Contig_3151	1	453	52	401	88.521	15.0552	35.6	57
dDocent_Contig_3153	1	565	15	366	64.7788	3.58761	36.7	57.9
dDocent_Contig_3156	1	512	51	442	86.3281	13.0078	36.4	59.9
dDocent_Contig_3159	1	466	11	318	68.2403	3.11588	36.1	60
dDocent_Contig_3160	1	539	2	296	54.9165	0.549165	36.8	60
dDocent_Contig_3161	1	561	89	528	94.1176	21.2282	36.1	60
dDocent_Contig_3163	1	476	17	281	59.0336	4.5063	35.9	60
dDocent_Contig_3164	1	501	181	461	92.016	51.1257	36.1	60
dDocent_Contig_3166	1	492	54	276	56.0976	13.6768	35.8	53.6
dDocent_Contig_3167	1	393	28	354	90.0763	9.14249	36.2	60
dDocent_Contig_3170	1	332	66	142	42.7711	26.7922	35.9	60
dDocent_Contig_3173	1	497	20	286	57.5453	5.44668	36.5	60
dDocent_Contig_3174	1	388	21	322	82.9897	7.26804	36.3	60
dDocent_Contig_3175	1	332	8	142	42.7711	3.12952	36.4	60
dDocent_Contig_3188	1	446	29	200	44.843	7.26682	35.6	60
dDocent_Contig_3191	1	470	8	343	72.9787	2.36596	36.8	60
dDocent_Contig_3192	1	460	28	410	89.1304	8.88261	36.3	60
dDocent_Contig_3193	1	535	36	464	86.729	9.32523	36.6	60
dDocent_Contig_3197	1	449	118	410	91.314	37.0312	36.2	60
dDocent_Contig_3199	1	338	21	141	41.716	8.28107	36.4	60
dDocent_Contig_3201	1	377	39	140	37.1353	13.1167	36.6	60
dDocent_Contig_3202	1	359	23	173	48.1894	7.49025	36.2	50
dDocent_Contig_3204	1	434	21	326	75.1152	6.75806	35.8	60
dDocent_Contig_3206	1	522	169	484	92.7203	42.4674	36.2	56.2
dDocent_Contig_3209	1	514	93	349	67.8988	25.5545	36.5	60
dDocent_Contig_3212	1	445	35	365	82.0225	10.2404	36.2	60
dDocent_Contig_3215	1	386	48	346	89.6373	16.4637	36.2	60
dDocent_Contig_3217	1	420	67	329	78.3333	22.4571	36.3	60
dDocent_Contig_3220	1	419	9	141	33.6516	2.47733	36.6	60
dDocent_Contig_3221	1	345	25	303	87.8261	10.2638	36.6	60
dDocent_Contig_3222	1	332	18	292	87.9518	6.57831	34.3	59.6
dDocent_Contig_3223	1	434	2	289	66.5899	0.665899	36.7	60
dDocent_Contig_3225	1	501	9	423	84.4311	2.62076	36.9	60
dDocent_Contig_3226	1	375	29	292	77.8667	10.5147	36.5	60
dDocent_Contig_3227	1	562	46	382	67.9715	11.2349	36.6	60
dDocent_Contig_3228	1	447	105	406	90.8277	33.17	36.5	60
dDocent_Contig_3229	1	417	56	296	70.9832	12.3094	33.9	60
dDocent_Contig_3231	1	489	25	328	67.0757	6.68303	36.5	55.8
dDocent_Contig_3232	1	425	46	385	90.5882	13.6282	35.9	58.7
dDocent_Contig_3233	1	453	6	299	66.0044	1.69095	36.5	60
dDocent_Contig_3234	1	460	34	370	80.4348	9.63043	35.5	60
dDocent_Contig_3237	1	346	22	298	86.1272	8.1185	36.4	60
dDocent_Contig_3238	1	534	33	375	70.2247	8.59363	35.8	60
dDocent_Contig_3239	1	422	13	141	33.4123	4.12322	36	60
dDocent_Contig_3240	1	531	89	473	89.0772	23.4068	36.3	60
dDocent_Contig_3245	1	531	95	487	91.7137	25.209	36.1	60
dDocent_Contig_3247	1	398	18	142	35.6784	6.03266	36.5	60
dDocent_Contig_3248	1	332	13	222	66.8675	4.69277	36.4	56.4
dDocent_Contig_3250	1	492	128	453	92.0732	36.3618	36.2	60
dDocent_Contig_3251	1	595	7	468	78.6555	1.57815	35.9	60
dDocent_Contig_3252	1	359	31	141	39.2758	11.0808	36.3	60
dDocent_Contig_3254	1	435	35	360	82.7586	11.0184	36.4	60
dDocent_Contig_3260	1	376	29	315	83.7766	10.3936	36.4	59.8
dDocent_Contig_3264	1	595	25	369	62.0168	5.81681	36.3	60
dDocent_Contig_3265	1	392	48	365	93.1122	16.8061	36.3	60
dDocent_Contig_3270	1	336	150	297	88.3929	61.7738	35.9	60
dDocent_Contig_3272	1	458	78	426	93.0131	23.6921	36.3	60
dDocent_Contig_3274	1	557	85	464	83.3034	20.6912	36.3	60
dDocent_Contig_3275	1	430	90	348	80.9302	25.5419	36.4	43
dDocent_Contig_3278	1	421	565	384	91.2114	178.107	36.4	59.7
dDocent_Contig_3280	1	472	25	350	74.1525	7.30508	35.6	58.4
dDocent_Contig_3283	1	614	9	228	37.1336	2.14169	36.7	60
dDocent_Contig_3286	1	494	55	354	71.6599	15.1174	36.2	60
dDocent_Contig_3290	1	372	70	332	89.2473	25.8871	35.9	60
dDocent_Contig_3291	1	574	58	529	92.1603	14.0714	36.5	60
dDocent_Contig_3294	1	480	35	441	91.875	10.1813	36.2	60
dDocent_Contig_3297	1	492	149	456	92.6829	41.4106	36.4	59.9
dDocent_Contig_3298	1	490	9	255	52.0408	2.03673	36	60
dDocent_Contig_3299	1	401	6	142	35.4115	1.8803	35.6	60
dDocent_Contig_3301	1	446	3	135	30.2691	0.845291	35.5	60
dDocent_Contig_3302	1	391	9	141	36.0614	2.7289	35.6	60
dDocent_Contig_3303	1	368	49	308	83.6957	18.1848	35.8	60
dDocent_Contig_3304	1	539	40	232	43.0427	10.7904	36.3	60
dDocent_Contig_3306	1	376	48	319	84.8404	17.3856	36.1	58.3
dDocent_Contig_3307	1	353	31	313	88.6686	12.1133	35.8	60
dDocent_Contig_3308	1	564	50	468	82.9787	11.9043	36.1	60
dDocent_Contig_3310	1	567	23	519	91.5344	5.61376	36.7	60
dDocent_Contig_3314	1	352	9	145	41.1932	3.0625	36.6	52.7
dDocent_Contig_3317	1	482	5	257	53.3195	1.5249	36.7	52
dDocent_Contig_3320	1	450	15	141	31.3333	4.22444	36.5	60
dDocent_Contig_3321	1	337	10	282	83.6795	3.45697	36.9	60
dDocent_Contig_3322	1	334	24	292	87.4251	9.1976	36	60
dDocent_Contig_3324	1	445	34	387	86.9663	10.7955	36.6	60
dDocent_Contig_3326	1	543	57	419	77.1639	15.1289	36.3	60
dDocent_Contig_3330	1	440	2	130	29.5455	0.590909	33.5	60
dDocent_Contig_3331	1	338	16	291	86.0947	6.43787	36.3	60
dDocent_Contig_3333	1	434	9	273	62.9032	2.79954	36.1	49.7
dDocent_Contig_3335	1	393	55	325	82.6972	18.4733	36.4	57.4
dDocent_Contig_3343	1	401	8	140	34.9127	2.7581	36.8	60
dDocent_Contig_3344	1	374	53	305	81.5508	18.6578	35.9	60
dDocent_Contig_3345	1	458	10	140	30.5677	2.75983	36.4	60
dDocent_Contig_3347	1	419	62	353	84.2482	19.2053	36.2	60
dDocent_Contig_3350	1	334	18	297	88.9222	7.31138	35.9	60
dDocent_Contig_3352	1	467	32	336	71.9486	9.17345	36.6	60
dDocent_Contig_3354	1	557	8	222	39.8564	1.74686	36.2	60
dDocent_Contig_3355	1	445	37	404	90.7865	11.3303	36.6	60
dDocent_Contig_3357	1	380	55	294	77.3684	16.4526	36.3	60
dDocent_Contig_3358	1	430	21	342	79.5349	6.70698	35.9	60
dDocent_Contig_3360	1	529	41	385	72.7788	10.448	36.1	60
dDocent_Contig_3362	1	477	34	324	67.9245	9.27463	36.4	60
dDocent_Contig_3365	1	348	30	141	40.5172	11.3448	36.6	60
dDocent_Contig_3366	1	528	71	459	86.9318	18.9261	36.3	60
dDocent_Contig_3371	1	566	9	526	92.9329	2.28445	35.7	60
dDocent_Contig_3372	1	604	53	471	77.9801	12	36.4	60
dDocent_Contig_3376	1	339	16	140	41.2979	6.25369	36.1	60
dDocent_Contig_3377	1	378	52	323	85.4497	19.0132	36.3	60
dDocent_Contig_3378	1	377	5	266	70.557	1.59151	36.9	60
dDocent_Contig_3380	1	449	22	326	72.6058	6.52784	36.6	60
dDocent_Contig_3386	1	532	19	315	59.2105	4.79323	36.6	57.4
dDocent_Contig_3390	1	456	17	373	81.7982	5.16667	36.4	60
dDocent_Contig_3391	1	529	15	292	55.1985	3.70321	36.7	60
dDocent_Contig_3393	1	592	12	229	38.6824	2.71959	36.6	60
dDocent_Contig_3396	1	465	4	285	61.2903	1.02581	36.9	60
dDocent_Contig_3397	1	437	10	290	66.3616	2.98169	36.9	60
dDocent_Contig_3399	1	396	3	132	33.3333	0.929293	35.8	60
dDocent_Contig_3406	1	431	27	145	33.6427	8.05336	36.5	60
dDocent_Contig_3407	1	504	60	463	91.8651	13.9464	34.4	60
dDocent_Contig_3409	1	525	3	249	47.4286	0.847619	36.8	60
dDocent_Contig_3410	1	401	23	246	61.3466	7.74564	36	60
dDocent_Contig_3413	1	480	9	414	86.25	2.67708	36.6	60
dDocent_Contig_3414	1	379	15	244	64.3799	5.44855	36.4	60
dDocent_Contig_3415	1	485	36	434	89.4845	10.3402	36.4	60
dDocent_Contig_3418	1	444	11	325	73.1982	3.20721	36.9	60
dDocent_Contig_3420	1	424	28	350	82.5472	9.01415	36.2	60
dDocent_Contig_3421	1	371	46	333	89.7574	16.7898	36.5	60
dDocent_Contig_3422	1	468	30	416	88.8889	8.69872	36.4	60
dDocent_Contig_3424	1	399	15	142	35.589	4.74436	36.2	60
dDocent_Contig_3429	1	450	15	412	91.5556	4.54444	36.4	60
dDocent_Contig_3433	1	353	13	140	39.6601	4.91785	36.3	60
dDocent_Contig_3445	1	484	41	423	87.3967	11.7025	36.3	60
dDocent_Contig_3449	1	459	4	233	50.7625	0.973856	36.6	60
dDocent_Contig_3453	1	454	21	328	72.2467	6.3326	36.5	60
dDocent_Contig_3455	1	434	29	355	81.7972	9.0553	36.6	60
dDocent_Contig_3458	1	352	2	141	40.0568	0.721591	36.9	60
dDocent_Contig_3459	1	518	19	424	81.8533	5.06178	35.8	60
dDocent_Contig_3460	1	523	8	439	83.9388	2.05545	36.8	60
dDocent_Contig_3461	1	435	18	349	80.2299	5.45747	35.9	60
dDocent_Contig_3463	1	449	17	407	90.6459	5.12027	35.9	60
dDocent_Contig_3466	1	408	3	148	36.2745	1.08824	37	60
dDocent_Contig_3467	1	436	33	302	69.2661	10.1376	36.4	60
dDocent_Contig_3470	1	400	45	338	84.5	15.52	36.2	60
dDocent_Contig_3471	1	420	8	142	33.8095	2.4881	36.7	60
dDocent_Contig_3472	1	512	73	464	90.625	17.4727	36.4	60
dDocent_Contig_3476	1	457	14	307	67.1772	4.14442	36.3	60
dDocent_Contig_3481	1	402	41	295	73.3831	12.995	36.7	60
dDocent_Contig_3482	1	464	97	386	83.1897	26.2737	35.7	58.9
dDocent_Contig_3484	1	597	114	557	93.2998	24.9598	36.3	59.6
dDocent_Contig_3485	1	443	49	385	86.9074	14.754	36.3	59.8
dDocent_Contig_3486	1	556	56	424	76.259	13.9029	35.4	60
dDocent_Contig_3494	1	448	12	141	31.4732	3.60938	36.1	60
dDocent_Contig_3498	1	639	41	601	94.0532	8.87011	36.6	60
dDocent_Contig_3499	1	478	35	398	83.2636	9.95607	36.5	60
dDocent_Contig_3502	1	427	1	134	31.3817	0.313817	36.9	60
dDocent_Contig_3503	1	460	19	293	63.6957	5.22609	36.5	60
dDocent_Contig_3504	1	505	22	284	56.2376	5.74455	36.6	60
dDocent_Contig_3506	1	437	27	291	66.5904	7.81465	36.1	60
dDocent_Contig_3507	1	561	82	546	97.3262	20.1872	36.5	60
dDocent_Contig_3508	1	468	32	400	85.4701	9.69231	36.3	60
dDocent_Contig_3510	1	456	41	376	82.4561	12.5439	36.5	60
dDocent_Contig_3511	1	460	78	389	84.5652	24.5935	36.1	60
dDocent_Contig_3512	1	370	10	329	88.9189	3.91892	36.5	60
dDocent_Contig_3514	1	550	67	479	87.0909	16.8291	36.4	59.8
dDocent_Contig_3516	1	523	6	357	68.26	1.68069	36.5	60
dDocent_Contig_3517	1	449	72	345	76.8374	22.0111	36.1	60
dDocent_Contig_3520	1	410	31	371	90.4878	9.72195	36.3	60
dDocent_Contig_3521	1	332	15	142	42.7711	6.0241	35.8	60
dDocent_Contig_3522	1	471	41	406	86.1996	11.0318	36.1	60
dDocent_Contig_3523	1	510	15	253	49.6078	3.58824	35.7	60
dDocent_Contig_3525	1	382	20	277	72.5131	7.00262	36.3	60
dDocent_Contig_3527	1	464	26	395	85.1293	7.77802	36.6	60
dDocent_Contig_3534	1	484	37	424	87.6033	10.2624	36.2	59.8
dDocent_Contig_3537	1	367	22	327	89.1008	7.84469	36	60
dDocent_Contig_3539	1	509	27	298	58.5462	6.93517	36.2	60
dDocent_Contig_3541	1	444	43	407	91.6667	13.0968	36.1	60
dDocent_Contig_3543	1	484	6	304	62.8099	1.75413	34.1	60
dDocent_Contig_3544	1	430	19	346	80.4651	6.22791	36.7	60
dDocent_Contig_3546	1	372	16	292	78.4946	5.58065	36.6	60
dDocent_Contig_3547	1	354	8	141	39.8305	2.84181	36.6	60
dDocent_Contig_3548	1	451	10	140	31.0421	2.78714	36.4	60
dDocent_Contig_3549	1	400	43	353	88.25	14.0125	36.7	60
dDocent_Contig_3550	1	537	279	452	84.1713	64.8026	35.3	60
dDocent_Contig_3560	1	499	51	437	87.5752	13.8557	36.3	60
dDocent_Contig_3561	1	512	2	106	20.7031	0.414062	36.8	60
dDocent_Contig_3562	1	512	14	418	81.6406	3.8125	36.7	60
dDocent_Contig_3564	1	339	20	290	85.5457	7.35398	36.1	60
dDocent_Contig_3565	1	499	92	388	77.7555	26.01	36.3	60
dDocent_Contig_3566	1	429	16	140	32.634	4.73893	35.8	60
dDocent_Contig_3570	1	486	80	368	75.7202	23.3519	36.4	60
dDocent_Contig_3574	1	470	38	400	85.1064	10.7511	35.7	60
dDocent_Contig_3577	1	409	13	142	34.7188	4.04645	36.6	60
dDocent_Contig_3579	1	338	55	311	92.0118	21.6716	36.6	60
dDocent_Contig_3580	1	394	50	360	91.3706	17.5102	36	60
dDocent_Contig_3581	1	547	15	292	53.3821	3.52834	36.6	60
dDocent_Contig_3583	1	332	61	304	91.5663	24.4217	36.2	60
dDocent_Contig_3584	1	508	76	334	65.748	20.7106	36.3	60
dDocent_Contig_3588	1	556	23	427	76.7986	6.0036	36.4	60
dDocent_Contig_3590	1	364	34	316	86.8132	12.7527	36.4	60
dDocent_Contig_3592	1	377	60	337	89.3899	21.6764	35.9	60
dDocent_Contig_3597	1	441	41	403	91.3832	12.5079	36.4	60
dDocent_Contig_3599	1	451	22	303	67.184	6.85588	36.7	60
dDocent_Contig_3600	1	382	123	306	80.1047	43.8665	36.4	60
dDocent_Contig_3602	1	486	51	314	64.6091	13.5	35.9	60
dDocent_Contig_3603	1	430	6	225	52.3256	1.93721	36.6	60
dDocent_Contig_3605	1	466	32	314	67.382	9.09013	36.5	60
dDocent_Contig_3606	1	332	11	258	77.7108	4.45783	36.6	60
dDocent_Contig_3607	1	457	21	372	81.4004	6.0547	36.5	60
dDocent_Contig_3609	1	332	12	143	43.0723	4.71084	36.2	60
dDocent_Contig_3611	1	365	15	141	38.6301	5.19726	36.4	60
dDocent_Contig_3613	1	399	16	278	69.6742	5.23058	36.3	60
dDocent_Contig_3614	1	506	13	305	60.2767	3.59091	36.5	60
dDocent_Contig_3615	1	578	48	473	81.8339	11.4429	36.2	60
dDocent_Contig_3618	1	402	35	311	77.3632	12.2612	36.2	60
dDocent_Contig_3620	1	435	19	278	63.908	5.61379	36.7	60
dDocent_Contig_3621	1	586	17	394	67.2355	4.07167	36.3	60
dDocent_Contig_3622	1	585	8	202	34.5299	1.77778	36.6	60
dDocent_Contig_3623	1	426	8	235	55.1643	2.13615	36	49.5
dDocent_Contig_3625	1	333	4	248	74.4745	1.71171	35.5	60
dDocent_Contig_3626	1	372	15	330	88.7097	5.32527	35.8	60
dDocent_Contig_3627	1	522	7	297	56.8966	1.85824	36.7	60
dDocent_Contig_3628	1	373	1	133	35.6568	0.356568	36.8	60
dDocent_Contig_3629	1	540	37	444	82.2222	9.14444	36.2	60
dDocent_Contig_3630	1	567	86	402	70.8995	21.3263	36.5	60
dDocent_Contig_3634	1	342	18	231	67.5439	7.44737	36.5	60
dDocent_Contig_3635	1	603	150	523	86.733	35.6716	36.4	60
dDocent_Contig_3636	1	562	44	464	82.5623	11.0765	36.4	60
dDocent_Contig_3638	1	382	9	290	75.9162	3.29319	36.5	60
dDocent_Contig_3641	1	553	7	424	76.6727	1.8698	36.5	60
dDocent_Contig_3642	1	440	2150	431	97.9545	619.298	36.1	54.3
dDocent_Contig_3648	1	592	7	140	23.6486	1.49662	36.8	60
dDocent_Contig_3649	1	397	4	278	70.0252	1.34761	36.9	60
dDocent_Contig_3650	1	388	10	357	92.0103	3.6366	36.7	60
dDocent_Contig_3652	1	495	10	292	58.9899	2.71111	36.6	60
dDocent_Contig_3653	1	397	14	342	86.1461	4.68514	36.5	60
dDocent_Contig_3658	1	399	18	140	35.0877	5.67419	36.4	60
dDocent_Contig_3662	1	332	23	140	42.1687	8.80723	36	60
dDocent_Contig_3663	1	485	43	460	94.8454	12.0619	36.2	59.8
dDocent_Contig_3664	1	516	49	426	82.5581	13.0407	36	60
dDocent_Contig_3667	1	363	19	286	78.7879	7.13774	36.3	60
dDocent_Contig_3670	1	468	60	389	83.1197	16.5342	36.2	60
dDocent_Contig_3673	1	446	14	311	69.7309	4.43722	36.5	60
dDocent_Contig_3674	1	475	25	435	91.5789	7.41684	36.4	60
dDocent_Contig_3675	1	492	44	437	88.8211	12.0874	36.3	60
dDocent_Contig_3676	1	561	33	416	74.1533	7.58467	36.5	60
dDocent_Contig_3678	1	543	28	427	78.6372	7.06998	36.1	60
dDocent_Contig_3679	1	502	20	365	72.7092	5.40837	36.2	60
dDocent_Contig_3680	1	504	28	442	87.6984	7.32937	36	60
dDocent_Contig_3681	1	489	16	304	62.1677	3.94683	36.6	59.5
dDocent_Contig_3684	1	494	101	454	91.9028	25.5101	35.7	42
dDocent_Contig_3686	1	557	18	410	73.6086	3.42729	36.2	55.2
dDocent_Contig_3687	1	433	39	376	86.836	12.0716	35.9	60
dDocent_Contig_3688	1	506	10	425	83.9921	2.71542	35.7	60
dDocent_Contig_3690	1	436	36	358	82.1101	11.4472	36.3	60
dDocent_Contig_3691	1	431	18	141	32.7146	5.59397	36.7	60
dDocent_Contig_3692	1	332	25	141	42.4699	10.0241	35.8	60
dDocent_Contig_3695	1	398	15	286	71.8593	4.83668	36.6	60
dDocent_Contig_3696	1	426	4	140	32.8638	1.24648	36.8	60
dDocent_Contig_3697	1	442	6	320	72.3982	1.94796	34.8	60
dDocent_Contig_3699	1	370	20	337	91.0811	7.25946	36.5	60
dDocent_Contig_3700	1	489	23	445	91.002	6.24131	36.4	60
dDocent_Contig_3701	1	533	9	425	79.7373	2.39775	35.9	60
dDocent_Contig_3702	1	417	9	140	33.5731	2.91127	36.8	60
dDocent_Contig_3703	1	457	73	436	95.4048	22.3764	35.9	60
dDocent_Contig_3706	1	585	9	330	56.4103	2.09573	36.8	60
dDocent_Contig_3707	1	583	24	544	93.3105	5.80446	36.2	60
dDocent_Contig_3709	1	381	12	282	74.0157	4.34121	36.5	60
dDocent_Contig_3710	1	332	20	244	73.494	7.8253	36.8	60
dDocent_Contig_3712	1	506	30	422	83.3992	8.30632	35.6	60
dDocent_Contig_3715	1	469	30	377	80.3838	8.91898	36.2	60
dDocent_Contig_3716	1	461	17	330	71.5835	4.94577	36.8	60
dDocent_Contig_3719	1	497	16	141	28.3702	4.20724	36.5	60
dDocent_Contig_3721	1	368	27	337	91.5761	10.038	36.1	60
dDocent_Contig_3722	1	409	7	140	34.2298	2.23716	36.3	60
dDocent_Contig_3724	1	513	16	296	57.6998	4	36.6	60
dDocent_Contig_3725	1	565	23	370	65.4867	5.56283	35.9	60
dDocent_Contig_3727	1	489	43	428	87.5256	11.6912	36.2	60
dDocent_Contig_3729	1	349	9	228	65.3295	3.29226	36.5	60
dDocent_Contig_3731	1	597	23	527	88.2747	5.38191	36.6	60
dDocent_Contig_3733	1	438	32	385	87.8995	9.53653	36.1	60
dDocent_Contig_3738	1	332	31	293	88.253	12.3102	36.5	59
dDocent_Contig_3739	1	448	38	369	82.3661	12.1406	36	60
dDocent_Contig_3740	1	458	13	290	63.3188	3.71397	36.2	60
dDocent_Contig_3743	1	474	52	378	79.7468	15.4684	36.5	59.8
dDocent_Contig_3744	1	494	26	436	88.2591	7.39069	36.1	60
dDocent_Contig_3747	1	345	13	252	73.0435	4.81739	35.8	60
dDocent_Contig_3748	1	352	16	275	78.125	6.45739	36.6	60
dDocent_Contig_3750	1	421	33	291	69.1211	10.4774	36.5	60
dDocent_Contig_3752	1	380	35	141	37.1053	11.6632	36.5	60
dDocent_Contig_3753	1	446	43	398	89.2377	13.3901	36.4	60
dDocent_Contig_3755	1	366	23	141	38.5246	8.47541	36.3	60
dDocent_Contig_3756	1	335	1	139	41.4925	0.414925	36.7	60
dDocent_Contig_3760	1	407	25	342	84.0295	8.36364	36.5	60
dDocent_Contig_3765	1	525	22	336	64	5.76	36.5	60
dDocent_Contig_3768	1	525	2365	507	96.5714	630.221	36	59.8
dDocent_Contig_3770	1	474	3	143	30.1688	0.867089	36.5	60
dDocent_Contig_3772	1	438	21	342	78.0822	6.61872	36.6	60
dDocent_Contig_3773	1	461	8	305	66.1605	2.32321	36.4	60
dDocent_Contig_3776	1	485	12	442	91.134	3.5732	36.6	60
dDocent_Contig_3778	1	402	8	322	80.0995	2.85572	36.8	60
dDocent_Contig_3781	1	555	31	530	95.4955	7.57117	36.5	59.6
dDocent_Contig_3783	1	389	46	314	80.7198	15.8458	36.5	60
dDocent_Contig_3788	1	459	4	366	79.7386	1.25054	36.7	60
dDocent_Contig_3789	1	403	3	298	73.9454	1.08933	36.8	60
dDocent_Contig_3790	1	439	6	290	66.0592	1.69704	36.7	60
dDocent_Contig_3791	1	408	3	290	71.0784	1.03186	36.8	60
dDocent_Contig_3794	1	456	6	141	30.9211	1.8136	36.7	60
dDocent_Contig_3795	1	435	10	291	66.8966	2.61379	36.7	60
dDocent_Contig_3796	1	417	38	332	79.6163	12.0096	35.6	60
dDocent_Contig_3797	1	541	23	361	66.7283	5.49908	36.2	60
dDocent_Contig_3798	1	449	84	420	93.5412	26.245	36.4	60
dDocent_Contig_3799	1	347	56	319	91.9308	21.7032	36.3	60
dDocent_Contig_3800	1	409	43	328	80.1956	14.3276	36.6	60
dDocent_Contig_3801	1	431	10	140	32.4826	2.92343	35.7	60
dDocent_Contig_3803	1	386	26	340	88.0829	8.42746	36.3	60
dDocent_Contig_3804	1	531	50	297	55.9322	12.7872	36.6	60
dDocent_Contig_3805	1	337	9	275	81.6024	3.15134	36.7	60
dDocent_Contig_3809	1	485	28	398	82.0619	8.13402	36.4	60
dDocent_Contig_3810	1	409	16	143	34.9633	5.32274	36.1	60
dDocent_Contig_3813	1	362	31	236	65.1934	7.3674	35.9	60
dDocent_Contig_3815	1	495	25	441	89.0909	6.93131	36.5	60
dDocent_Contig_3816	1	404	18	300	74.2574	5.82178	35.7	60
dDocent_Contig_3818	1	410	57	353	86.0976	19.2805	36.1	60
dDocent_Contig_3822	1	583	62	513	87.9931	14.6141	36.1	60
dDocent_Contig_3824	1	342	10	140	40.9357	3.65205	37	60
dDocent_Contig_3825	1	432	11	142	32.8704	3.51157	36.7	60
dDocent_Contig_3826	1	499	73	409	81.9639	21.0621	36.1	60
dDocent_Contig_3828	1	343	21	299	87.172	8.04665	36.2	60
dDocent_Contig_3829	1	405	99	378	93.3333	34.9556	36	60
dDocent_Contig_3832	1	332	18	254	76.506	7.10843	36.5	60
dDocent_Contig_3833	1	644	39	512	79.5031	8.40994	36.4	60
dDocent_Contig_3834	1	508	53	435	85.6299	14.3484	35.5	60
dDocent_Contig_3838	1	507	54	420	82.8402	14.9606	36.2	60
dDocent_Contig_3839	1	555	116	418	75.3153	25.1802	35.5	60
dDocent_Contig_3840	1	442	7	278	62.8959	1.84842	36.4	60
dDocent_Contig_3845	1	495	24	368	74.3434	6.58182	36.6	60
dDocent_Contig_3846	1	477	18	355	74.4235	5.0021	36.4	60
dDocent_Contig_3848	1	467	53	419	89.7216	14.9186	36.6	59.8
dDocent_Contig_3849	1	344	12	291	84.593	4.63372	36.8	60
dDocent_Contig_3850	1	366	70	290	79.235	24.2869	36.5	53
dDocent_Contig_3852	1	449	27	403	89.755	8.00668	36.3	60
dDocent_Contig_3856	1	494	2	170	34.413	0.607287	36.9	60
dDocent_Contig_3857	1	601	53	529	88.02	11.5907	36	60
dDocent_Contig_3859	1	430	5	290	67.4419	1.57674	36.4	60
dDocent_Contig_3861	1	391	62	338	86.445	20.422	36	60
dDocent_Contig_3863	1	477	38	291	61.0063	10.3354	36.5	60
dDocent_Contig_3864	1	411	25	238	57.9075	8.06326	36.4	60
dDocent_Contig_3865	1	384	18	234	60.9375	6.11979	36.1	60
dDocent_Contig_3867	1	430	30	314	73.0233	9.26744	36.6	60
dDocent_Contig_3868	1	502	28	334	66.5339	7.43825	36.1	60
dDocent_Contig_3874	1	433	25	365	84.2956	7.49654	36.8	60
dDocent_Contig_3875	1	439	10	315	71.754	3.2164	36.6	60
dDocent_Contig_3877	1	389	13	141	36.2468	4.52442	36.1	60
dDocent_Contig_3882	1	453	14	363	80.1325	4.12362	35.6	60
dDocent_Contig_3883	1	411	24	310	75.4258	7.88321	35.9	60
dDocent_Contig_3885	1	579	47	411	70.9845	11.6839	36.6	60
dDocent_Contig_3886	1	635	20	543	85.5118	4.24094	36.8	60
dDocent_Contig_3887	1	482	17	360	74.6888	4.89627	36.1	59.8
dDocent_Contig_3888	1	392	53	299	76.2755	18.2679	36.5	60
dDocent_Contig_3891	1	437	9	141	32.2654	2.40046	36.8	60
dDocent_Contig_3893	1	480	66	430	89.5833	18.6229	36	59.8
dDocent_Contig_3894	1	388	66	366	94.3299	22.9974	36.3	59.8
dDocent_Contig_3898	1	457	29	382	83.5886	8.30853	35.8	60
dDocent_Contig_3900	1	448	27	407	90.8482	8.22768	36.3	60
dDocent_Contig_3901	1	426	18	380	89.2019	5.62207	36.6	60
dDocent_Contig_3905	1	543	514	486	89.5028	129.529	36.3	58.7
dDocent_Contig_3906	1	512	285	484	94.5312	78.1035	36.4	54.2
dDocent_Contig_3908	1	503	2	150	29.8211	0.596421	36.8	60
dDocent_Contig_3910	1	395	28	141	35.6962	9.0557	36.8	60
dDocent_Contig_3913	1	463	2	140	30.2376	0.490281	36.8	60
dDocent_Contig_3915	1	332	14	140	42.1687	5.2259	35.5	60
dDocent_Contig_3917	1	453	213	414	91.3907	60.4857	35.4	58.4
dDocent_Contig_3920	1	455	100	408	89.6703	30.8593	36.4	60
dDocent_Contig_3927	1	395	14	355	89.8734	4.92152	36.6	60
dDocent_Contig_3928	1	495	34	450	90.9091	9.41818	36.5	60
dDocent_Contig_3929	1	501	20	324	64.6707	5.39122	36.1	60
dDocent_Contig_3931	1	393	35	291	74.0458	11.3537	36.2	60
dDocent_Contig_3932	1	582	57	506	86.9416	13.7251	36.2	60
dDocent_Contig_3937	1	481	22	348	72.3493	5.6341	36.4	60
dDocent_Contig_3938	1	458	1	135	29.476	0.29476	36.6	60
dDocent_Contig_3940	1	424	4	298	70.283	1.16509	36.5	60
dDocent_Contig_3941	1	397	38	304	76.5743	12.4534	36	60
dDocent_Contig_3943	1	595	5	140	23.5294	1.10252	36.3	60
dDocent_Contig_3944	1	413	1	150	36.3196	0.363196	36.3	60
dDocent_Contig_3946	1	380	8	141	37.1053	2.76053	36.6	60
dDocent_Contig_3948	1	492	36	303	61.5854	9.23984	36.5	60
dDocent_Contig_3950	1	404	12	348	86.1386	4.20297	35.9	60
dDocent_Contig_3951	1	347	103	333	95.9654	34.7867	36.5	46.9
dDocent_Contig_3952	1	379	26	335	88.3905	9.03166	36.5	60
dDocent_Contig_3954	1	340	31	142	41.7647	12.0765	35.9	60
dDocent_Contig_3956	1	381	12	289	75.853	3.85827	36.1	60
dDocent_Contig_3957	1	477	57	393	82.3899	16.4801	36.3	60
dDocent_Contig_3965	1	423	17	291	68.7943	5.26714	36.6	60
dDocent_Contig_3969	1	429	18	231	53.8462	5.71795	36.3	60
dDocent_Contig_3970	1	354	1	142	40.113	0.40113	37	60
dDocent_Contig_3971	1	333	52	287	86.1862	21.9159	36.1	60
dDocent_Contig_3972	1	615	29	409	66.5041	6.73984	36.2	60
dDocent_Contig_3976	1	385	12	288	74.8052	4.18701	36.6	60
dDocent_Contig_3977	1	353	7	145	41.0765	2.57507	35.9	57.1
dDocent_Contig_3978	1	541	19	476	87.9852	4.5342	36.3	60
dDocent_Contig_3980	1	498	13	309	62.0482	3.38353	36.5	60
dDocent_Contig_3981	1	412	39	359	87.1359	13.2937	36.3	60
dDocent_Contig_3983	1	369	41	324	87.8049	15.2575	35.9	60
dDocent_Contig_3986	1	481	5	260	54.0541	1.1185	36.7	60
dDocent_Contig_3988	1	428	40	391	91.3551	11.9159	35.5	57
dDocent_Contig_3993	1	416	8	335	80.5288	2.54327	36	60
dDocent_Contig_3994	1	424	95	367	86.5566	30.2925	36.7	60
dDocent_Contig_3996	1	664	79	505	76.0542	16.9759	35.9	60
dDocent_Contig_3999	1	515	6	457	88.7379	1.53592	36.6	60
dDocent_Contig_4000	1	641	71	577	90.0156	15.5507	36.4	60
dDocent_Contig_4002	1	365	30	143	39.1781	10.8575	36.6	60
dDocent_Contig_4003	1	479	40	406	84.7599	11.5386	36.2	60
dDocent_Contig_4004	1	332	45	309	93.0723	19.1386	36.6	60
dDocent_Contig_4006	1	478	9	141	29.4979	2.35774	36.4	60
dDocent_Contig_4012	1	346	31	274	79.1908	11.8208	36.3	60
dDocent_Contig_4014	1	338	13	141	41.716	4.94675	36.7	60
dDocent_Contig_4015	1	546	32	381	69.7802	7.163	36.5	58.8
dDocent_Contig_4019	1	497	14	224	45.0704	3.64789	36.7	60
dDocent_Contig_4020	1	424	23	140	33.0189	7.03538	36.5	60
dDocent_Contig_4023	1	450	20	355	78.8889	5.88222	35.4	60
dDocent_Contig_4024	1	534	12	285	53.3708	3.05431	35.8	60
dDocent_Contig_4025	1	358	27	141	39.3855	10.0307	35.7	60
dDocent_Contig_4026	1	412	14	369	89.5631	4.59223	36.3	60
dDocent_Contig_4027	1	473	2	121	25.5814	0.511628	36.6	60
dDocent_Contig_4034	1	371	15	295	79.5148	5.51213	36.7	60
dDocent_Contig_4035	1	433	27	315	72.7483	8.75982	36.3	60
dDocent_Contig_4037	1	369	40	202	54.7425	13.2466	35.7	60
dDocent_Contig_4038	1	539	8	358	66.4193	1.9666	36.1	60
dDocent_Contig_4042	1	559	19	500	89.4454	4.56887	36.2	60
dDocent_Contig_4044	1	404	17	376	93.0693	5.43812	35.5	60
dDocent_Contig_4049	1	494	414	457	92.5101	95.5789	36	52
dDocent_Contig_4053	1	434	25	391	90.0922	8.19355	36.3	60
dDocent_Contig_4054	1	568	4711	366	64.4366	1196.44	35.9	58.2
dDocent_Contig_4055	1	575	67	458	79.6522	16.0939	36.3	60
dDocent_Contig_4058	1	362	43	321	88.674	13.2265	35.2	60
dDocent_Contig_4059	1	340	28	315	92.6471	11.4588	36.6	60
dDocent_Contig_4060	1	515	12	316	61.3592	3.18252	36.3	49.2
dDocent_Contig_4064	1	481	67	430	89.3971	19.5281	36.7	60
dDocent_Contig_4065	1	401	51	318	79.3017	17.7606	36.1	60
dDocent_Contig_4068	1	550	5	288	52.3636	1.16909	34.5	60
dDocent_Contig_4069	1	378	10	278	73.545	3.5873	36.7	60
dDocent_Contig_4074	1	474	18	368	77.6371	4.95148	35.6	45.3
dDocent_Contig_4076	1	462	70	397	85.9307	20.3139	36.1	60
dDocent_Contig_4078	1	409	14	362	88.5086	4.46944	36.3	57.3
dDocent_Contig_4080	1	584	14	479	82.0205	3.22603	36.6	60
dDocent_Contig_4082	1	432	12	143	33.1019	3.77778	36.1	60
dDocent_Contig_4086	1	536	40	451	84.1418	10.3302	36.5	60
dDocent_Contig_4089	1	460	5	319	69.3478	1.35652	35.9	60
dDocent_Contig_4090	1	457	11	346	75.7112	3.12691	36.2	60
dDocent_Contig_4091	1	332	25	299	90.0602	10.1777	36.5	60
dDocent_Contig_4092	1	388	18	362	93.299	6.43557	35.9	60
dDocent_Contig_4094	1	332	70	303	91.2651	29.5151	36.3	60
dDocent_Contig_4096	1	486	612	450	92.5926	174.426	36.2	58
dDocent_Contig_4099	1	387	74	327	84.4961	25.0439	36.4	60
dDocent_Contig_4100	1	499	8	140	28.0561	2.07014	36.7	60
dDocent_Contig_4104	1	503	2	136	27.0378	0.473161	36.4	60
dDocent_Contig_4105	1	440	5	259	58.8636	1.46364	36.6	60
dDocent_Contig_4106	1	491	121	378	76.9857	35.7658	36.4	60
dDocent_Contig_4107	1	569	85	409	71.8805	18.2144	36.1	48.2
dDocent_Contig_4109	1	574	101	428	74.5645	25.2003	36.7	60
dDocent_Contig_4112	1	562	26	530	94.306	6.17082	36	60
dDocent_Contig_4114	1	436	31	292	66.9725	9.36697	36.4	60
dDocent_Contig_4117	1	356	147	317	89.0449	57.8315	36.1	59.7
dDocent_Contig_4118	1	478	43	350	73.2218	11.5335	36.4	60
dDocent_Contig_4125	1	479	36	401	83.7161	9.84134	36.2	60
dDocent_Contig_4132	1	435	37	292	67.1264	10.5563	36.5	60
dDocent_Contig_4133	1	476	73	434	91.1765	21.0357	36.1	59.8
dDocent_Contig_4134	1	437	39	368	84.2105	12.0183	36.3	60
dDocent_Contig_4135	1	504	10	209	41.4683	2.02976	35.2	56.6
dDocent_Contig_4139	1	495	2	116	23.4343	0.468687	37	60
dDocent_Contig_4141	1	390	12	292	74.8718	4.09744	36.7	60
dDocent_Contig_4142	1	623	36	436	69.9839	8.10112	36.4	60
dDocent_Contig_4143	1	474	2	140	29.5359	0.559072	36.7	60
dDocent_Contig_4148	1	445	4	286	64.2697	1.19775	36.6	60
dDocent_Contig_4151	1	351	19	290	82.6211	6.31909	36.4	60
dDocent_Contig_4152	1	397	24	307	77.33	8.2796	36.5	60
dDocent_Contig_4155	1	553	35	412	74.5027	8.59855	36.2	60
dDocent_Contig_4156	1	469	18	417	88.9126	5.10021	36.2	60
dDocent_Contig_4159	1	372	14	142	38.172	4.75806	36.8	60
dDocent_Contig_4160	1	563	52	517	91.8295	12.9041	36.2	60
dDocent_Contig_4161	1	429	23	305	71.0956	7.29604	36.7	60
dDocent_Contig_4171	1	370	20	330	89.1892	7.15405	36.2	60
dDocent_Contig_4172	1	448	24	375	83.7054	7.02009	36.6	60
dDocent_Contig_4176	1	555	25	473	85.2252	6.03423	36.4	60
dDocent_Contig_4177	1	513	92	371	72.3197	25.347	36.6	60
dDocent_Contig_4178	1	515	489	501	97.2816	135.111	36.2	59.9
dDocent_Contig_4180	1	421	4	136	32.304	1.1829	36.9	60
dDocent_Contig_4188	1	539	362	500	92.7644	94.7013	36.4	59.9
dDocent_Contig_4189	1	393	35	274	69.7201	11.4809	36.5	53.5
dDocent_Contig_4190	1	368	3	140	38.0435	0.980978	34.8	60
dDocent_Contig_4193	1	605	33	442	73.0579	7.52727	36.6	60
dDocent_Contig_4195	1	542	4	252	46.4945	0.972325	36.6	55.5
dDocent_Contig_4200	1	530	36	504	95.0943	9.3566	36.5	60
dDocent_Contig_4207	1	516	46	417	80.814	12.0853	36.4	60
dDocent_Contig_4211	1	554	3	325	58.6643	0.803249	36.9	60
dDocent_Contig_4213	1	454	126	433	95.3744	37.9251	36.3	59.7
dDocent_Contig_4214	1	446	25	389	87.2197	7.60538	36.7	60
dDocent_Contig_4216	1	540	37	388	71.8519	9.64074	36	60
dDocent_Contig_4220	1	380	3	310	81.5789	1.15526	36.7	60
dDocent_Contig_4221	1	332	17	141	42.4699	6.41566	36.4	60
dDocent_Contig_4224	1	461	41	400	86.7679	12.1909	36.3	59.9
dDocent_Contig_4226	1	548	10	242	44.1606	2.2427	36.6	60
dDocent_Contig_4228	1	437	114	413	94.508	33.5057	36.5	58.3
dDocent_Contig_4231	1	332	81	288	86.747	26.7289	35.2	59.6
dDocent_Contig_4232	1	382	16	327	85.6021	5.71728	36.6	60
dDocent_Contig_4234	1	446	13	235	52.6906	3.58072	36.5	60
dDocent_Contig_4236	1	554	23	469	84.657	4.59747	35.7	59.9
dDocent_Contig_4240	1	388	33	287	73.9691	11.5567	36.5	60
dDocent_Contig_4241	1	515	1	132	25.6311	0.256311	36.5	60
dDocent_Contig_4242	1	506	17	454	89.7233	4.77668	36.2	60
dDocent_Contig_4243	1	439	2	140	31.8907	0.633257	36.8	60
dDocent_Contig_4244	1	501	34	460	91.8164	8.9002	36.1	60
dDocent_Contig_4245	1	343	5	140	40.8163	1.91254	36.8	60
dDocent_Contig_4247	1	542	23	357	65.8672	5.48339	36.4	60
dDocent_Contig_4249	1	503	71	442	87.8728	19.9026	36.2	60
dDocent_Contig_4251	1	430	43	388	90.2326	12.1209	36	59.3
dDocent_Contig_4254	1	531	20	411	77.4011	5.07345	35.9	60
dDocent_Contig_4256	1	334	7	140	41.9162	2.62275	36.1	60
dDocent_Contig_4259	1	426	158	389	91.3146	51.2911	36.3	60
dDocent_Contig_4260	1	466	83	411	88.1974	24.4142	35.8	60
dDocent_Contig_4262	1	371	50	332	89.4879	18.4798	36.6	60
dDocent_Contig_4265	1	333	118	297	89.1892	46.2192	35.1	60
dDocent_Contig_4274	1	433	18	291	67.2055	5.39492	36.1	60
dDocent_Contig_4275	1	368	53	293	79.6196	18.5	35.7	60
dDocent_Contig_4279	1	504	40	463	91.8651	10.5496	36.7	60
dDocent_Contig_4280	1	414	16	338	81.6425	4.82609	36.4	60
dDocent_Contig_4281	1	402	41	349	86.8159	13.5473	36.5	60
dDocent_Contig_4282	1	500	15	264	52.8	4.076	36.6	58.5
dDocent_Contig_4284	1	402	23	350	87.0647	7.87065	36.4	60
dDocent_Contig_4286	1	497	74	441	88.7324	20.0805	36.2	59.7
dDocent_Contig_4288	1	384	45	349	90.8854	16.6536	36.3	60
dDocent_Contig_4289	1	552	36	446	80.7971	8.78623	36.5	60
dDocent_Contig_4290	1	383	22	286	74.6736	7.25065	36.2	60
dDocent_Contig_4294	1	636	33	485	76.2579	7.42925	36.1	60
dDocent_Contig_4296	1	380	18	338	88.9474	5.92368	35.9	60
dDocent_Contig_4299	1	554	90	504	90.9747	22.9477	36.1	60
dDocent_Contig_4301	1	513	7	325	63.3528	1.95712	36	60
dDocent_Contig_4302	1	521	94	414	79.4626	26.4127	36.1	60
dDocent_Contig_4303	1	455	39	304	66.8132	11.4989	36.1	60
dDocent_Contig_4304	1	422	56	323	76.5403	16.891	35.9	59.9
dDocent_Contig_4305	1	486	17	333	68.5185	4.82099	36.6	60
dDocent_Contig_4306	1	496	49	455	91.7339	13.3246	36.3	60
dDocent_Contig_4308	1	442	15	358	80.9955	4.43213	36.7	60
dDocent_Contig_4310	1	386	20	192	49.7409	6.61917	35.9	60
dDocent_Contig_4312	1	524	36	388	74.0458	9.21183	36.2	59.6
dDocent_Contig_4314	1	467	176	446	95.5032	51.7131	36.4	60
dDocent_Contig_4315	1	356	258	318	89.3258	91.8961	36.3	58.7
dDocent_Contig_4318	1	575	40	410	71.3043	10.0278	36.2	60
dDocent_Contig_4322	1	520	142	449	86.3462	38.4462	36.2	60
dDocent_Contig_4325	1	361	48	336	93.0748	18.144	36.2	60
dDocent_Contig_4327	1	492	36	415	84.3496	10.2358	36.4	60
dDocent_Contig_4330	1	435	38	391	89.8851	12.1379	36.5	60
dDocent_Contig_4334	1	342	11	141	41.2281	4.11988	36.7	60
dDocent_Contig_4336	1	403	38	377	93.5484	12.665	35.1	60
dDocent_Contig_4338	1	435	54	382	87.8161	17.331	36.1	60
dDocent_Contig_4342	1	619	42	495	79.9677	9.84006	36.5	60
dDocent_Contig_4343	1	390	74	352	90.2564	24.7821	36.1	60
dDocent_Contig_4344	1	463	22	293	63.2829	6.41253	36.7	60
dDocent_Contig_4345	1	342	13	247	72.2222	4.85088	36.6	60
dDocent_Contig_4346	1	522	79	449	86.0153	21.3812	36.5	60
dDocent_Contig_4349	1	392	57	363	92.602	19.6276	35.9	60
dDocent_Contig_4350	1	469	27	303	64.6055	7.61834	36.3	60
dDocent_Contig_4353	1	424	2	140	33.0189	0.561321	36.8	60
dDocent_Contig_4356	1	359	16	337	93.8719	6.25348	36.7	60
dDocent_Contig_4358	1	393	22	321	81.6794	6.96438	36.3	60
dDocent_Contig_4359	1	332	26	142	42.7711	10.3193	36.5	60
dDocent_Contig_4361	1	379	6	220	58.0475	1.9314	36.8	60
dDocent_Contig_4363	1	332	11	141	42.4699	4.36747	36.8	60
dDocent_Contig_4369	1	424	6	141	33.2547	1.9033	35.9	60
dDocent_Contig_4374	1	430	1	133	30.9302	0.309302	36.8	60
dDocent_Contig_4375	1	437	6	277	63.3867	1.82151	36.6	60
dDocent_Contig_4376	1	418	24	238	56.9378	8.10287	36.8	60
dDocent_Contig_4377	1	332	36	290	87.3494	14.6114	36.2	60
dDocent_Contig_4379	1	332	12	198	59.6386	4.63554	36.2	60
dDocent_Contig_4381	1	487	41	465	95.4825	11.2731	36.2	60
dDocent_Contig_4382	1	501	24	309	61.6766	6.1517	36.4	60
dDocent_Contig_4385	1	588	6	298	50.6803	0.993197	35.7	60
dDocent_Contig_4386	1	446	122	410	91.9283	38.4978	36.2	60
dDocent_Contig_4387	1	419	35	379	90.4535	11.1981	36.5	60
dDocent_Contig_4388	1	540	13	293	54.2593	3.12037	36.6	60
dDocent_Contig_4389	1	332	13	142	42.7711	5.21988	36.8	60
dDocent_Contig_4394	1	409	13	142	34.7188	4.33496	36.8	60
dDocent_Contig_4396	1	507	2	266	52.4655	0.524655	36.5	60
dDocent_Contig_4398	1	463	24	421	90.9287	6.63499	36.7	60
dDocent_Contig_4399	1	589	30	291	49.4058	7.11885	36.3	60
dDocent_Contig_4400	1	510	31	344	67.451	8.45098	36.1	60
dDocent_Contig_4401	1	442	13	337	76.2443	4.12217	35.4	60
dDocent_Contig_4405	1	459	28	322	70.1525	7.84749	36	60
dDocent_Contig_4406	1	380	10	212	55.7895	3.15	35.9	60
dDocent_Contig_4407	1	500	9	349	69.8	2.168	36.6	57.8
dDocent_Contig_4408	1	387	21	358	92.5065	6.96382	36.6	60
dDocent_Contig_4410	1	455	64	436	95.8242	18.6505	36.1	60
dDocent_Contig_4415	1	564	18	399	70.7447	3.52837	35.3	60
dDocent_Contig_4417	1	539	41	378	70.1299	10.8924	36.6	60
dDocent_Contig_4418	1	418	44	377	90.1914	14.5239	36.2	60
dDocent_Contig_4419	1	510	105	300	58.8235	25.1725	35.9	60
dDocent_Contig_4421	1	422	28	141	33.4123	7.99763	36.3	60
dDocent_Contig_4423	1	529	36	379	71.6446	9.37051	36	60
dDocent_Contig_4424	1	433	21	285	65.8199	6.35566	35.8	60
dDocent_Contig_4425	1	407	11	362	88.9435	3.52334	36.3	60
dDocent_Contig_4426	1	479	35	346	72.2338	9.27975	35.5	60
dDocent_Contig_4427	1	403	7	147	36.4764	2.27543	36.8	60
dDocent_Contig_4433	1	401	18	320	79.8005	5.83541	36.3	60
dDocent_Contig_4434	1	347	27	306	88.1844	10.4035	36.6	60
dDocent_Contig_4435	1	332	7	141	42.4699	2.87349	36.6	60
dDocent_Contig_4436	1	381	13	337	88.4514	4.70866	36.6	60
dDocent_Contig_4437	1	444	42	380	85.5856	12.2973	36.4	60
dDocent_Contig_4440	1	362	11	270	74.5856	3.90608	36.4	60
dDocent_Contig_4443	1	379	7	293	77.3087	2.37731	36.4	60
dDocent_Contig_4446	1	520	11	453	87.1154	3.03077	36.4	60
dDocent_Contig_4449	1	421	2	182	43.2304	0.698337	36.9	60
dDocent_Contig_4450	1	404	28	301	74.505	9.40594	36.4	59.9
dDocent_Contig_4452	1	472	37	431	91.3136	10.8919	36.3	60
dDocent_Contig_4453	1	562	32	506	90.0356	7.90569	36.3	60
dDocent_Contig_4454	1	433	13	144	33.2564	3.90531	36	60
dDocent_Contig_4455	1	486	17	303	62.3457	4.64198	36.4	60
dDocent_Contig_4457	1	533	47	470	88.1801	12.9719	36.5	60
dDocent_Contig_4458	1	414	48	291	70.2899	14.9082	36.2	60
dDocent_Contig_4462	1	399	3	219	54.8872	0.93985	36.8	60
dDocent_Contig_4463	1	444	17	293	65.991	5.34459	35.8	60
dDocent_Contig_4464	1	332	5	271	81.6265	2.03916	36.4	60
dDocent_Contig_4467	1	349	138	318	91.1175	47.3467	35.4	60
dDocent_Contig_4469	1	603	174	408	67.6617	40.4892	36.3	60
dDocent_Contig_4471	1	332	107	295	88.8554	42.5512	36.2	59.9
dDocent_Contig_4472	1	450	5	140	31.1111	1.49778	36.8	60
dDocent_Contig_4473	1	395	39	366	92.6582	13.7823	36.7	60
dDocent_Contig_4474	1	332	7	141	42.4699	2.79819	36.6	60
dDocent_Contig_4476	1	386	36	354	91.7098	12.7487	35.9	59.8
dDocent_Contig_4477	1	508	86	213	41.9291	23.3563	36.3	60
dDocent_Contig_4479	1	412	4	244	59.2233	1.24515	36.9	60
dDocent_Contig_4481	1	413	140	380	92.0097	46.7433	36.2	60
dDocent_Contig_4482	1	488	34	445	91.1885	9.08607	36.1	60
dDocent_Contig_4483	1	496	49	350	70.5645	13.7802	36.5	60
dDocent_Contig_4486	1	452	35	329	72.7876	10.2765	36.7	60
dDocent_Contig_4490	1	440	27	307	69.7727	8.50682	36.3	60
dDocent_Contig_4491	1	462	21	402	87.013	6.16667	35.9	60
dDocent_Contig_4495	1	419	28	142	33.8902	8.95943	36.7	60
dDocent_Contig_4497	1	457	11	381	83.3698	2.86871	36.1	60
dDocent_Contig_4498	1	436	42	377	86.4679	12.6307	36.1	60
dDocent_Contig_4499	1	429	18	292	68.0653	5.53846	36.3	60
dDocent_Contig_4503	1	399	11	345	86.4662	3.85965	36.6	60
dDocent_Contig_4504	1	488	6	291	59.6311	1.70902	36.5	60
dDocent_Contig_4507	1	534	48	385	72.0974	12.206	36.1	60
dDocent_Contig_4508	1	332	5	142	42.7711	2.08133	36.2	60
dDocent_Contig_4510	1	460	41	421	91.5217	12.337	36.4	60
dDocent_Contig_4512	1	530	87	473	89.2453	23.3868	36.5	60
dDocent_Contig_4513	1	332	68	143	43.0723	27.0813	36.4	60
dDocent_Contig_4514	1	471	9	396	84.0764	2.71762	36.2	60
dDocent_Contig_4515	1	432	30	393	90.9722	9.90509	36.4	60
dDocent_Contig_4516	1	396	8	284	71.7172	2.74495	36.5	60
dDocent_Contig_4518	1	525	53	379	72.1905	14.28	36.6	60
dDocent_Contig_4519	1	519	78	359	69.1715	20.6551	36.3	60
dDocent_Contig_4521	1	466	54	422	90.5579	15.3219	36.4	60
dDocent_Contig_4526	1	574	95	526	91.6376	23.0383	36.3	60
dDocent_Contig_4527	1	332	34	291	87.6506	13.503	35.9	60
dDocent_Contig_4528	1	347	5	140	40.3458	1.82997	36.3	60
dDocent_Contig_4529	1	600	27	471	78.5	5.40667	36.3	56.9
dDocent_Contig_4531	1	406	29	367	90.3941	9.23645	35.9	60
dDocent_Contig_4532	1	425	21	370	87.0588	6.25412	36.3	57.9
dDocent_Contig_4533	1	383	42	355	92.6893	15.3446	36.6	60
dDocent_Contig_4539	1	551	58	336	60.98	14.9292	36.2	60
dDocent_Contig_4540	1	349	4	141	40.4011	1.56734	36.6	60
dDocent_Contig_4542	1	582	25	373	64.0893	5.5756	35.6	60
dDocent_Contig_4544	1	583	25	533	91.4237	5.92453	36.7	60
dDocent_Contig_4548	1	531	26	345	64.9718	6.05461	36.1	60
dDocent_Contig_4551	1	456	50	432	94.7368	15.0833	36.3	59.4
dDocent_Contig_4553	1	332	4	141	42.4699	1.63855	36.8	60
dDocent_Contig_4554	1	452	39	316	69.9115	11.2566	36.3	60
dDocent_Contig_4555	1	528	9	449	85.0379	2.47917	36.3	60
dDocent_Contig_4558	1	525	18	397	75.619	4.32762	35.9	60
dDocent_Contig_4561	1	462	28	291	62.987	8.07359	36.1	60
dDocent_Contig_4565	1	504	44	429	85.119	11.8869	36.5	60
dDocent_Contig_4566	1	443	23	338	76.298	7.05418	36	60
dDocent_Contig_4567	1	441	38	338	76.644	10.5918	36.3	60
dDocent_Contig_4568	1	605	25	507	83.8017	5.68264	36.6	60
dDocent_Contig_4575	1	426	78	387	90.8451	24.7042	36.4	60
dDocent_Contig_4577	1	332	15	141	42.4699	5.83133	36.1	60
dDocent_Contig_4580	1	332	50	303	91.2651	20.5	36.1	59.7
dDocent_Contig_4581	1	424	19	292	68.8679	5.77594	35.6	60
dDocent_Contig_4585	1	404	26	370	91.5842	9.10396	36.5	60
dDocent_Contig_4587	1	458	92	420	91.7031	26.8362	36.3	60
dDocent_Contig_4589	1	501	5	290	57.8842	1.38124	36.3	60
dDocent_Contig_4591	1	550	22	298	54.1818	5.24727	36.5	60
dDocent_Contig_4594	1	576	56	507	88.0208	13.3264	36.3	60
dDocent_Contig_4595	1	485	5	199	41.0309	1.23299	36.3	60
dDocent_Contig_4596	1	421	42	285	67.696	12.5083	35.7	60
dDocent_Contig_4597	1	477	79	423	88.6792	23.6834	36	60
dDocent_Contig_4599	1	332	32	144	43.3735	13.006	36.7	60
dDocent_Contig_4600	1	467	9	141	30.1927	2.26767	36	60
dDocent_Contig_4601	1	488	169	417	85.4508	47.4037	36	58.8
dDocent_Contig_4602	1	340	19	229	67.3529	7.50294	36.3	60
dDocent_Contig_4603	1	493	57	403	81.7444	15.5396	36.4	60
dDocent_Contig_4605	1	507	50	454	89.5464	14.2051	36.5	60
dDocent_Contig_4606	1	346	36	279	80.6358	13.448	35.8	60
dDocent_Contig_4612	1	455	6	404	88.7912	1.70769	36.5	60
dDocent_Contig_4613	1	435	25	142	32.6437	7.49885	36.4	60
dDocent_Contig_4614	1	394	35	322	81.7259	11.8731	36	60
dDocent_Contig_4618	1	348	18	295	84.7701	7.07759	36.5	60
dDocent_Contig_4619	1	407	10	285	70.0246	3.13022	36.4	60
dDocent_Contig_4623	1	449	25	354	78.8419	6.92205	36.4	60
dDocent_Contig_4625	1	332	28	246	74.0964	10.9337	36.6	60
dDocent_Contig_4634	1	384	67	297	77.3438	24.099	36.1	60
dDocent_Contig_4635	1	496	12	307	61.8952	3.32863	35.8	60
dDocent_Contig_4637	1	506	41	372	73.5178	11.0316	36.6	60
dDocent_Contig_4638	1	491	4	279	56.8228	1.00815	35.9	60
dDocent_Contig_4642	1	490	56	453	92.449	15.6673	36.3	60
dDocent_Contig_4644	1	579	52	477	82.3834	12.4801	36.2	60
dDocent_Contig_4646	1	572	42	344	60.1399	9.97378	36.4	60
dDocent_Contig_4647	1	353	24	330	93.4844	8.43343	35.8	60
dDocent_Contig_4649	1	537	11	334	62.1974	2.72626	35.9	60
dDocent_Contig_4652	1	502	42	434	86.4542	11.3665	35.8	60
dDocent_Contig_4653	1	590	2	174	29.4915	0.508475	36.8	60
dDocent_Contig_4654	1	457	12	402	87.965	3.50985	36.6	60
dDocent_Contig_4656	1	456	11	262	57.4561	3.09211	36.7	60
dDocent_Contig_4658	1	443	13	251	56.6591	3.83296	36.8	60
dDocent_Contig_4660	1	482	21	331	68.6722	6	36.3	60
dDocent_Contig_4661	1	457	17	142	31.0722	4.6849	36.4	60
dDocent_Contig_4663	1	483	8	279	57.764	2.19462	36.6	60
dDocent_Contig_4665	1	420	178	315	75	55.8738	35.6	41.4
dDocent_Contig_4669	1	418	119	363	86.8421	40.067	36.5	60
dDocent_Contig_4673	1	462	12	392	84.8485	3.52381	36.4	60
dDocent_Contig_4674	1	496	9	338	68.1452	2.41734	35.9	60
dDocent_Contig_4676	1	363	15	284	78.2369	5.53719	36.8	60
dDocent_Contig_4677	1	436	9	141	32.3394	2.61927	36.6	60
dDocent_Contig_4681	1	528	4	136	25.7576	1.01136	36.7	60
dDocent_Contig_4682	1	343	2	136	39.6501	0.790087	36.8	60
dDocent_Contig_4683	1	378	117	352	93.1217	40.5847	35.5	60
dDocent_Contig_4684	1	553	68	346	62.5678	17.34	36.2	60
dDocent_Contig_4686	1	463	11	140	30.2376	2.78618	36.8	60
dDocent_Contig_4688	1	345	16	140	40.5797	5.89855	36.3	60
dDocent_Contig_4689	1	427	62	386	90.3981	19.5246	36	60
dDocent_Contig_4690	1	366	14	271	74.0437	5.16393	36	60
dDocent_Contig_4691	1	414	8	368	88.8889	2.49034	36.7	60
dDocent_Contig_4692	1	486	3	279	57.4074	0.86214	36.6	60
dDocent_Contig_4693	1	429	22	142	33.1002	6.58974	36.1	60
dDocent_Contig_4698	1	430	26	361	83.9535	8.44651	36.5	60
dDocent_Contig_4699	1	647	100	607	93.8176	21.8284	36.1	59.8
dDocent_Contig_4701	1	358	40	331	92.4581	15.3296	36.1	59.9
dDocent_Contig_4703	1	334	34	229	68.5629	12.5659	36.6	60
dDocent_Contig_4704	1	422	46	323	76.5403	15.5284	36.2	60
dDocent_Contig_4705	1	434	56	379	87.3272	17.8986	36.3	60
dDocent_Contig_4709	1	473	4	194	41.0148	1.02748	36.1	60
dDocent_Contig_4711	1	446	22	296	66.3677	6.37892	36.2	60
dDocent_Contig_4713	1	445	20	395	88.764	5.76404	36.2	59.6
dDocent_Contig_4715	1	388	11	299	77.0619	3.92784	36.7	60
dDocent_Contig_4717	1	403	22	193	47.8908	7.06948	36	60
dDocent_Contig_4718	1	456	20	397	87.0614	5.73465	35.9	60
dDocent_Contig_4722	1	387	21	334	86.3049	7.79845	36.7	60
dDocent_Contig_4723	1	438	4	306	69.863	1.3242	36.8	60
dDocent_Contig_4726	1	469	17	415	88.4861	4.92324	35.6	60
dDocent_Contig_4728	1	434	5	299	68.894	1.52765	36.6	60
dDocent_Contig_4729	1	447	8	416	93.0649	2.64206	35.8	60
dDocent_Contig_4730	1	470	49	420	89.3617	13.7872	36.5	60
dDocent_Contig_4738	1	444	298	402	90.5405	98.277	36.2	34.8
dDocent_Contig_4739	1	422	53	380	90.0474	17.0284	36.4	60
dDocent_Contig_4740	1	434	291	399	91.9355	91.2696	36.3	58.9
dDocent_Contig_4742	1	517	18	140	27.0793	4.40426	36.4	60
dDocent_Contig_4743	1	483	19	343	71.0145	5.42236	36.6	60
dDocent_Contig_4744	1	467	42	444	95.0749	12.5546	36.3	59.6
dDocent_Contig_4745	1	525	331	481	91.619	81.5619	36.4	59.1
dDocent_Contig_4746	1	374	223	338	90.3743	77.2166	35.8	52.6
dDocent_Contig_4748	1	448	4	343	76.5625	1.28795	36.8	60
dDocent_Contig_4749	1	449	12	290	64.588	3.27394	35.9	59.7
dDocent_Contig_4750	1	332	21	143	43.0723	8.38554	36.7	60
dDocent_Contig_4752	1	572	81	535	93.5315	19.6853	36.3	60
dDocent_Contig_4754	1	392	34	340	86.7347	10.8622	36.2	56.9
dDocent_Contig_4755	1	519	69	438	84.3931	18.6012	36.2	60
dDocent_Contig_4756	1	452	13	363	80.3097	4.08186	35.9	60
dDocent_Contig_4759	1	425	4	305	71.7647	1.36235	36.4	60
dDocent_Contig_4761	1	406	3	147	36.2069	1.04433	36.9	60
dDocent_Contig_4762	1	430	37	390	90.6977	11.6651	36.3	60
dDocent_Contig_4764	1	619	114	578	93.3764	25.5428	36.4	60
dDocent_Contig_4766	1	386	38	336	87.0466	13.4534	36.1	60
dDocent_Contig_4768	1	370	40	331	89.4595	15.6	36.5	60
dDocent_Contig_4771	1	471	108	412	87.4735	32.7495	36.3	60
dDocent_Contig_4772	1	489	16	425	86.9121	4.35583	36.6	60
dDocent_Contig_4776	1	455	61	364	80	18.1648	36.1	60
dDocent_Contig_4778	1	514	10	316	61.4786	2.59533	36.6	60
dDocent_Contig_4779	1	347	1	141	40.634	0.40634	36.5	60
dDocent_Contig_4780	1	388	15	290	74.7423	4.97938	36.7	60
dDocent_Contig_4781	1	445	5	294	66.0674	1.51236	36.6	60
dDocent_Contig_4782	1	377	13	283	75.0663	4.55172	36.6	60
dDocent_Contig_4787	1	467	78	426	91.2206	22.6253	36.3	58
dDocent_Contig_4789	1	437	47	141	32.2654	13.9519	36.5	60
dDocent_Contig_4790	1	332	17	141	42.4699	6.48193	36.6	60
dDocent_Contig_4791	1	390	31	243	62.3077	10.6256	36.7	60
dDocent_Contig_4796	1	486	5	141	29.0123	1.31687	36.7	60
dDocent_Contig_4797	1	367	20	325	88.5559	6.96458	36.5	60
dDocent_Contig_4798	1	535	35	413	77.1963	9.16636	36.6	60
dDocent_Contig_4802	1	399	23	345	86.4662	8.00752	36.6	60
dDocent_Contig_4804	1	433	64	395	91.224	20.4596	36.3	59.5
dDocent_Contig_4806	1	391	35	338	86.445	12.1049	36.6	60
dDocent_Contig_4809	1	332	14	140	42.1687	3.87952	34.5	60
dDocent_Contig_4810	1	513	14	380	74.0741	3.34503	36.4	60
dDocent_Contig_4812	1	482	8	397	82.3651	2.42116	36	60
dDocent_Contig_4816	1	409	65	373	91.198	21.6919	36.4	60
dDocent_Contig_4818	1	432	16	273	63.1944	4.53935	35.3	60
dDocent_Contig_4820	1	462	8	140	30.303	2.25108	36.6	60
dDocent_Contig_4821	1	532	15	307	57.7068	3.69925	36.5	60
dDocent_Contig_4822	1	481	25	419	87.1102	6.86279	35.9	60
dDocent_Contig_4824	1	548	24	517	94.3431	5.7281	36.6	56.8
dDocent_Contig_4825	1	482	1067	429	89.0041	314.365	36.4	59.8
dDocent_Contig_4830	1	431	44	145	33.6427	13.7448	36.5	60
dDocent_Contig_4836	1	445	16	353	79.3258	4.95955	36.6	60
dDocent_Contig_4837	1	345	12	277	80.2899	3.73333	36.6	60
dDocent_Contig_4842	1	435	64	386	88.7356	20.3632	36.5	60
dDocent_Contig_4844	1	371	1	134	36.1186	0.361186	36.6	60
dDocent_Contig_4846	1	347	186	311	89.6254	72.4323	36.2	48.7
dDocent_Contig_4854	1	413	59	371	89.8305	18.3874	36.1	59.1
dDocent_Contig_4856	1	584	166	565	96.7466	39.9229	36.3	60
dDocent_Contig_4858	1	332	24	142	42.7711	9.88253	36.4	60
dDocent_Contig_4859	1	357	24	142	39.7759	8.81793	36.4	60
dDocent_Contig_4861	1	480	10	282	58.75	2.57917	36.7	60
dDocent_Contig_4863	1	576	35	351	60.9375	8.43056	36.4	60
dDocent_Contig_4864	1	472	24	140	29.661	6.72246	36.3	60
dDocent_Contig_4866	1	558	30	452	81.0036	7.48746	36.3	60
dDocent_Contig_4867	1	552	67	369	66.8478	17.5435	35.9	60
dDocent_Contig_4869	1	391	32	142	36.3171	10	36.2	59.2
dDocent_Contig_4870	1	440	28	350	79.5455	8.42045	36.6	60
dDocent_Contig_4871	1	575	6	336	58.4348	1.28	36.5	60
dDocent_Contig_4876	1	629	61	450	71.5421	14.0922	36.1	60
dDocent_Contig_4877	1	332	16	283	85.241	6.0753	36.4	60
dDocent_Contig_4879	1	492	173	419	85.1626	49.878	36.4	60
dDocent_Contig_4882	1	437	10	142	32.4943	2.94279	34.9	60
dDocent_Contig_4890	1	373	8	215	57.6408	2.66488	36.3	60
dDocent_Contig_4893	1	560	10	310	55.3571	2.15	35.9	60
dDocent_Contig_4894	1	340	50	142	41.7647	18.8118	35.5	59.7
dDocent_Contig_4895	1	568	8	280	49.2958	1.67254	35.8	60
dDocent_Contig_4896	1	495	18	438	88.4848	4.82828	36.5	60
dDocent_Contig_4897	1	449	21	411	91.5367	6.39198	36.1	60
dDocent_Contig_4900	1	435	9	291	66.8966	2.52414	36.8	56.2
dDocent_Contig_4901	1	506	113	421	83.2016	31.5929	36.3	60
dDocent_Contig_4904	1	485	28	348	71.7526	7.85979	35.9	60
dDocent_Contig_4907	1	494	3	274	55.4656	0.840081	36.3	60
dDocent_Contig_4909	1	439	34	429	97.7221	10.5011	36.2	60
dDocent_Contig_4910	1	489	22	328	67.0757	5.98364	36.7	60
dDocent_Contig_4916	1	617	94	484	78.4441	21.0276	36.2	60
dDocent_Contig_4917	1	332	14	141	42.4699	5.62048	36.4	60
dDocent_Contig_4919	1	553	23	329	59.4937	5.70886	36.3	60
dDocent_Contig_4922	1	400	2	279	69.75	0.6975	36.8	60
dDocent_Contig_4923	1	473	40	433	91.5433	11.63	36.6	60
dDocent_Contig_4929	1	369	56	293	79.4038	20.9322	36.4	60
dDocent_Contig_4930	1	365	16	323	88.4932	6.11233	36.6	60
dDocent_Contig_4931	1	398	12	344	86.4322	3.88945	35.4	60
dDocent_Contig_4935	1	379	8	142	37.467	2.5752	36	60
dDocent_Contig_4938	1	481	39	363	75.4678	11.6299	36.2	60
dDocent_Contig_4940	1	375	21	322	85.8667	7.896	36.5	60
dDocent_Contig_4943	1	332	9	141	42.4699	3.34337	36.8	60
dDocent_Contig_4945	1	341	18	142	41.6422	6.95601	36.7	60
dDocent_Contig_4948	1	380	16	299	78.6842	5.19211	36.8	56.4
dDocent_Contig_4954	1	480	11	425	88.5417	3.02083	36.3	60
dDocent_Contig_4955	1	394	57	340	86.2944	20.3198	36.2	60
dDocent_Contig_4957	1	363	8	274	75.4821	2.41322	36.6	60
dDocent_Contig_4958	1	334	8	141	42.2156	3.27844	36.5	60
dDocent_Contig_4959	1	568	62	492	86.6197	15.5352	36.3	60
dDocent_Contig_4960	1	413	26	351	84.9879	8.32446	36.2	60
dDocent_Contig_4961	1	502	46	443	88.247	12.8546	36.4	60
dDocent_Contig_4962	1	411	52	371	90.2676	17.7178	36.6	60
dDocent_Contig_4965	1	425	48	352	82.8235	16.0141	36.1	60
dDocent_Contig_4967	1	483	42	431	89.234	10.3623	35.8	60
dDocent_Contig_4969	1	364	12	140	38.4615	4.00549	36.7	60
dDocent_Contig_4971	1	467	18	395	84.5824	5.34261	36.5	59.3
dDocent_Contig_4973	1	387	22	140	36.1757	7.78295	36.5	60
dDocent_Contig_4976	1	359	71	142	39.5543	24.7214	36.6	60
dDocent_Contig_4983	1	346	39	309	89.3064	15.3237	36.2	60
dDocent_Contig_4984	1	538	11	401	74.5353	2.57063	35.8	60
dDocent_Contig_4986	1	382	15	293	76.7016	5.43194	35.8	60
dDocent_Contig_4988	1	370	20	297	80.2703	6.37838	36	55.9
dDocent_Contig_4989	1	412	9	277	67.233	2.93204	36.1	60
dDocent_Contig_4994	1	474	32	433	91.3502	9.46203	36.6	60
dDocent_Contig_4998	1	580	26	238	41.0345	6.49655	36.8	60
dDocent_Contig_5001	1	543	27	443	81.5838	6.99079	36.6	60
dDocent_Contig_5002	1	354	43	285	80.5085	16.2655	36.5	60
dDocent_Contig_5004	1	332	6	142	42.7711	2.39759	36.2	60
dDocent_Contig_5006	1	454	6	323	71.1454	1.72907	36.3	60
dDocent_Contig_5009	1	389	39	322	82.7763	12.8303	36.6	60
dDocent_Contig_5011	1	390	40	348	89.2308	12.4769	35.5	53.7
dDocent_Contig_5012	1	430	11	140	32.5581	3.21395	36.6	60
dDocent_Contig_5014	1	356	17	317	89.0449	6.44944	35.7	60
dDocent_Contig_5015	1	459	4	264	57.5163	1.14379	36.9	60
dDocent_Contig_5016	1	433	25	329	75.9815	8.05312	36.1	60
dDocent_Contig_5019	1	461	3	140	30.3688	0.826464	36.8	60
dDocent_Contig_5020	1	430	13	387	90	4.28837	36.4	60
dDocent_Contig_5023	1	343	27	295	86.0058	10.898	36.6	60
dDocent_Contig_5024	1	389	58	365	93.8303	20.5527	36.2	60
dDocent_Contig_5025	1	416	29	335	80.5288	9.15625	36	60
dDocent_Contig_5026	1	519	5	290	55.8767	1.34104	36.9	60
dDocent_Contig_5032	1	487	64	292	59.9589	17.3799	36.4	60
dDocent_Contig_5033	1	595	46	521	87.563	10.605	36.3	54.7
dDocent_Contig_5038	1	449	28	414	92.2049	8.59243	36.3	52.4
dDocent_Contig_5040	1	504	224	441	87.5	63.9286	36.1	44.2
dDocent_Contig_5043	1	572	685	539	94.2308	164.727	36.4	53.3
dDocent_Contig_5047	1	459	49	400	87.146	13.5686	36.3	58.2
dDocent_Contig_5048	1	487	21	300	61.6016	5.58522	36.2	60
dDocent_Contig_5049	1	332	18	209	62.9518	6.8012	35.8	59.5
dDocent_Contig_5051	1	405	22	286	70.6173	7.26667	36.6	59.7
dDocent_Contig_5052	1	395	9	228	57.7215	2.77468	36.5	60
dDocent_Contig_5057	1	419	24	338	80.6683	7.52506	36.5	40.8
dDocent_Contig_5058	1	534	45	418	78.2772	11.485	36.5	60
dDocent_Contig_5060	1	397	14	357	89.9244	4.98992	36.3	60
dDocent_Contig_5063	1	407	6	291	71.4988	2.04668	36.6	60
dDocent_Contig_5065	1	557	18	310	55.6553	4.31059	36.4	60
dDocent_Contig_5066	1	426	2	124	29.108	0.58216	34.5	60
dDocent_Contig_5069	1	433	100	386	89.1455	32.7829	36.2	60
dDocent_Contig_5071	1	346	6	144	41.6185	2.22254	36.3	60
dDocent_Contig_5074	1	502	29	142	28.2869	7.67928	36.7	60
dDocent_Contig_5077	1	480	11	359	74.7917	2.91667	36.9	60
dDocent_Contig_5083	1	357	7	290	81.2325	2.7395	36.7	60
dDocent_Contig_5084	1	495	3	141	28.4848	0.571717	34.3	60
dDocent_Contig_5087	1	565	55	417	73.8053	14.0018	36.4	59.7
dDocent_Contig_5091	1	431	10	389	90.2552	2.942	36	60
dDocent_Contig_5093	1	549	77	399	72.6776	18.8834	36.5	60
dDocent_Contig_5095	1	557	63	439	78.8151	16.1113	36.3	60
dDocent_Contig_5096	1	542	61	437	80.6273	15.0683	36.4	60
dDocent_Contig_5097	1	601	81	396	65.8902	19.3195	36.4	60
dDocent_Contig_5100	1	334	12	140	41.9162	4.53892	36.6	60
dDocent_Contig_5101	1	384	7	141	36.7188	2.13281	36.4	60
dDocent_Contig_5104	1	422	59	353	83.6493	18.6706	36.3	60
dDocent_Contig_5105	1	529	40	352	66.5406	10.3043	36.4	60
dDocent_Contig_5106	1	434	27	176	40.553	8.66359	35.6	60
dDocent_Contig_5108	1	407	6	306	75.1843	1.88943	36.4	60
dDocent_Contig_5109	1	459	25	417	90.8497	7.62092	36.3	60
dDocent_Contig_5110	1	415	24	184	44.3373	8.0988	36.6	60
dDocent_Contig_5112	1	332	4	264	79.5181	1.09337	36.6	49.5
dDocent_Contig_5114	1	565	87	457	80.885	21.9434	36.4	60
dDocent_Contig_5115	1	616	46	465	75.487	10.6412	36	60
dDocent_Contig_5117	1	379	39	327	86.2797	14.1689	36.6	60
dDocent_Contig_5119	1	495	24	357	72.1212	6.21818	36.5	60
dDocent_Contig_5125	1	369	40	328	88.8889	14.7317	36.1	60
dDocent_Contig_5129	1	377	20	318	84.3501	7.2626	36.2	60
dDocent_Contig_5130	1	404	19	140	34.6535	5.88119	36.8	60
dDocent_Contig_5133	1	475	20	345	72.6316	5.50947	36.6	60
dDocent_Contig_5135	1	433	10	295	68.1293	2.98845	36.8	60
dDocent_Contig_5136	1	338	31	304	89.9408	12.5533	36.8	60
dDocent_Contig_5144	1	429	24	283	65.9674	7.54079	36.2	60
dDocent_Contig_5148	1	445	14	141	31.6854	4.29888	36.7	60
dDocent_Contig_5150	1	400	11	373	93.25	3.64	36.7	60
dDocent_Contig_5151	1	423	28	383	90.5437	9.30969	36.1	60
dDocent_Contig_5152	1	472	6	142	30.0847	1.72034	36.9	60
dDocent_Contig_5156	1	476	19	407	85.5042	5	36.6	60
dDocent_Contig_5157	1	585	9	420	71.7949	2.02564	36	60
dDocent_Contig_5158	1	439	9	319	72.6651	2.8451	34.5	60
dDocent_Contig_5161	1	457	10	349	76.3676	3.0372	36.4	60
dDocent_Contig_5162	1	392	12	291	74.2347	3.89031	36.3	60
dDocent_Contig_5164	1	377	4	283	75.0663	1.48541	36.8	60
dDocent_Contig_5166	1	356	30	317	89.0449	11.3483	36.1	60
dDocent_Contig_5167	1	536	28	375	69.9627	7.3097	36.4	55.3
dDocent_Contig_5174	1	702	204	647	92.1652	41.3946	36.3	39.7
dDocent_Contig_5180	1	356	431	318	89.3258	168.846	36.2	60
dDocent_Contig_5184	1	332	18	101	30.4217	4.00602	36.1	58.4
dDocent_Contig_5186	1	499	21	344	68.9379	5.53307	36.4	60
dDocent_Contig_5189	1	456	2	133	29.1667	0.578947	36.9	60
dDocent_Contig_5191	1	344	28	141	40.9884	10.3459	36.6	60
dDocent_Contig_5195	1	417	36	142	34.0528	7.29257	35.9	60
dDocent_Contig_5197	1	484	6	368	76.0331	1.63223	36.7	60
dDocent_Contig_5199	1	465	40	407	87.5269	11.5892	36.2	57
dDocent_Contig_5201	1	382	16	307	80.3665	4.98953	36.1	60
dDocent_Contig_5202	1	341	7	141	41.349	2.57478	36.8	60
dDocent_Contig_5205	1	383	62	348	90.8616	22.4909	36.1	59.4
dDocent_Contig_5206	1	400	48	360	90	17.075	36.2	60
dDocent_Contig_5207	1	533	53	477	89.4934	13.9869	36.4	60
dDocent_Contig_5208	1	503	32	458	91.0537	8.52684	36.3	60
dDocent_Contig_5212	1	393	16	297	75.5725	5.19084	36	60
dDocent_Contig_5214	1	379	12	293	77.3087	4.24274	35.4	60
dDocent_Contig_5217	1	382	7	299	78.2723	2.55497	36.6	60
dDocent_Contig_5218	1	520	2	112	21.5385	0.430769	35.1	60
dDocent_Contig_5223	1	472	55	436	92.3729	16.2076	36.2	60
dDocent_Contig_5224	1	476	8	373	78.3613	2.22479	36.6	59.1
dDocent_Contig_5226	1	440	18	383	87.0455	5.50682	36.8	60
dDocent_Contig_5227	1	367	3	141	38.4196	0.907357	36.8	52.7
dDocent_Contig_5228	1	409	48	317	77.5061	16.4572	36.2	60
dDocent_Contig_5229	1	549	45	445	81.0565	10.8033	35.6	60
dDocent_Contig_5230	1	354	59	285	80.5085	19.9322	35.9	30.2
dDocent_Contig_5231	1	526	24	328	62.3574	5.39354	36.2	59.9
dDocent_Contig_5232	1	455	54	323	70.989	16.4879	36.6	60
dDocent_Contig_5233	1	428	27	353	82.4766	8.1215	36.2	60
dDocent_Contig_5236	1	450	36	358	79.5556	10.0867	35.8	60
dDocent_Contig_5237	1	503	26	315	62.6243	6.9503	36.1	60
dDocent_Contig_5238	1	552	4	142	25.7246	0.967391	36.1	60
dDocent_Contig_5242	1	423	20	372	87.9433	6.53664	36.3	60
dDocent_Contig_5243	1	353	36	315	89.2351	13.6516	36.4	60
dDocent_Contig_5246	1	375	31	281	74.9333	11.3253	36.7	60
dDocent_Contig_5251	1	378	44	297	78.5714	15.381	36.7	60
dDocent_Contig_5254	1	626	36	365	58.3067	7.99042	35.8	60
dDocent_Contig_5255	1	485	5	356	73.4021	1.27423	36.8	60
dDocent_Contig_5256	1	583	6	299	51.2864	1.4494	36.6	60
dDocent_Contig_5257	1	420	37	381	90.7143	11.95	36.4	60
dDocent_Contig_5263	1	426	41	324	76.0563	12.5657	36.6	60
dDocent_Contig_5265	1	369	148	332	89.9729	52.916	36	43.4
dDocent_Contig_5267	1	393	11	351	89.313	3.90076	35.9	60
dDocent_Contig_5269	1	614	37	561	91.3681	8.06515	36.6	60
dDocent_Contig_5270	1	404	6	140	34.6535	1.82673	36.4	60
dDocent_Contig_5273	1	470	4	285	60.6383	1.17872	36.5	60
dDocent_Contig_5275	1	384	7	141	36.7188	2.44792	35.5	60
dDocent_Contig_5277	1	426	31	341	80.0469	10.1174	35.8	60
dDocent_Contig_5278	1	450	18	341	75.7778	5.57333	35.7	60
dDocent_Contig_5279	1	342	28	302	88.3041	10.5117	36.5	60
dDocent_Contig_5280	1	332	12	278	83.7349	4.06024	36.1	60
dDocent_Contig_5281	1	404	20	350	86.6337	6.92822	36	60
dDocent_Contig_5283	1	343	3	140	40.8163	1.22449	36.7	60
dDocent_Contig_5284	1	402	49	375	93.2836	15.9179	36.4	60
dDocent_Contig_5286	1	448	20	291	64.9554	5.84821	36.6	60
dDocent_Contig_5288	1	418	65	381	91.1483	20.3971	35.9	59.8
dDocent_Contig_5290	1	485	15	415	85.567	4.31753	36.5	60
dDocent_Contig_5291	1	583	82	397	68.0961	20.0017	36	60
dDocent_Contig_5293	1	446	79	359	80.4933	24.8453	36.4	60
dDocent_Contig_5295	1	522	43	272	52.1073	10.9636	35.9	60
dDocent_Contig_5297	1	391	26	307	78.5166	9.63171	36.1	60
dDocent_Contig_5299	1	393	2	171	43.5115	0.564885	33.8	60
dDocent_Contig_5300	1	594	16	390	65.6566	3.19529	35.9	60
dDocent_Contig_5301	1	375	20	292	77.8667	6.81867	36.5	60
dDocent_Contig_5306	1	389	11	281	72.2365	3.75835	36.3	60
dDocent_Contig_5315	1	518	38	439	84.749	9.48649	36.4	60
dDocent_Contig_5316	1	504	47	420	83.3333	11.9623	35.5	60
dDocent_Contig_5317	1	473	8	330	69.7674	2.1649	36.8	60
dDocent_Contig_5319	1	505	9	353	69.901	2.5802	35.9	60
dDocent_Contig_5320	1	510	34	398	78.0392	8.79412	36.6	60
dDocent_Contig_5321	1	433	16	279	64.4342	4.36259	36.5	60
dDocent_Contig_5325	1	500	12	362	72.4	3.148	36.8	60
dDocent_Contig_5327	1	606	54	445	73.4323	12.7244	36.4	60
dDocent_Contig_5328	1	352	46	141	40.0568	17.4034	36.2	60
dDocent_Contig_5329	1	333	13	141	42.3423	5.12613	36.4	60
dDocent_Contig_5330	1	381	33	299	78.4777	12.2152	36.6	60
dDocent_Contig_5331	1	396	17	319	80.5556	5.42677	36.5	60
dDocent_Contig_5333	1	479	23	335	69.9374	6.55115	36.3	59.8
dDocent_Contig_5334	1	410	90	371	90.4878	29.4024	36.3	60
dDocent_Contig_5338	1	367	19	142	38.6921	6.85286	36.5	60
dDocent_Contig_5339	1	353	13	140	39.6601	4.85269	36.8	60
dDocent_Contig_5340	1	387	36	296	76.4858	12.5426	35.9	44.8
dDocent_Contig_5345	1	519	22	329	63.3911	5.36031	36.6	60
dDocent_Contig_5350	1	395	8	239	60.5063	2.96709	36.7	60
dDocent_Contig_5351	1	394	21	299	75.8883	7.31218	35.6	60
dDocent_Contig_5352	1	416	52	321	77.1635	16.3774	35.1	60
dDocent_Contig_5354	1	526	27	320	60.8365	6.42966	36.5	60
dDocent_Contig_5357	1	394	14	253	64.2132	4.16751	36.5	58.5
dDocent_Contig_5359	1	448	21	144	32.1429	6.29911	36.2	60
dDocent_Contig_5360	1	489	77	457	93.456	21.7628	35.9	60
dDocent_Contig_5362	1	433	21	361	83.3718	6.38337	36.8	60
dDocent_Contig_5363	1	395	1	103	26.0759	0.260759	33.2	60
dDocent_Contig_5364	1	454	116	394	86.7841	36.0154	36.3	60
dDocent_Contig_5365	1	397	8	141	35.5164	2.40302	36.5	60
dDocent_Contig_5367	1	474	94	454	95.7806	23.9072	36.2	57.2
dDocent_Contig_5370	1	351	42	142	40.4558	16.0342	36.2	60
dDocent_Contig_5384	1	332	15	144	43.3735	5.94578	36.6	60
dDocent_Contig_5388	1	424	16	242	57.0755	5.42217	36.1	46.1
dDocent_Contig_5391	1	333	4	140	42.042	1.45345	34.8	28.2
dDocent_Contig_5392	1	518	1433	480	92.6641	354.533	35.4	55.3
dDocent_Contig_5397	1	474	28	359	75.7384	8.00633	36.8	60
dDocent_Contig_5400	1	567	8	294	51.8519	1.70194	36.8	60
dDocent_Contig_5402	1	332	17	208	62.6506	6.31928	35	60
dDocent_Contig_5405	1	385	43	350	90.9091	15.5636	36.6	60
dDocent_Contig_5406	1	615	83	474	77.0732	19.6553	36.3	60
dDocent_Contig_5414	1	525	15	464	88.381	3.91048	36.7	60
dDocent_Contig_5416	1	348	59	141	40.5172	22.25	36.3	60
dDocent_Contig_5417	1	332	17	141	42.4699	6.73193	36.4	60
dDocent_Contig_5418	1	585	80	385	65.812	19.5111	36.1	60
dDocent_Contig_5420	1	471	18	266	56.4756	4.7983	35.8	60
dDocent_Contig_5422	1	543	49	341	62.7993	11.7551	36.4	60
dDocent_Contig_5424	1	357	185	318	89.0756	72.381	36.4	60
dDocent_Contig_5425	1	595	129	446	74.958	30.3462	36.4	60
dDocent_Contig_5427	1	552	14	141	25.5435	3.27717	36.5	59
dDocent_Contig_5429	1	398	13	228	57.2864	3.9598	36.1	60
dDocent_Contig_5430	1	451	10	410	90.9091	3.19069	36	60
dDocent_Contig_5431	1	390	29	330	84.6154	9.89487	36.7	60
dDocent_Contig_5432	1	432	141	394	91.2037	45.6759	36	60
dDocent_Contig_5434	1	411	37	275	66.91	12.1265	36.5	60
dDocent_Contig_5435	1	343	30	274	79.8834	11.6851	36.5	60
dDocent_Contig_5436	1	360	39	335	93.0556	15.0056	36	60
dDocent_Contig_5437	1	561	34	354	63.1016	8.26738	36.3	60
dDocent_Contig_5438	1	408	14	237	58.0882	4.40931	36.5	60
dDocent_Contig_5443	1	407	19	367	90.172	6.20885	36.3	60
dDocent_Contig_5444	1	406	8	319	78.5714	2.49507	35.7	60
dDocent_Contig_5445	1	548	14	377	68.7956	3.45255	36.5	60
dDocent_Contig_5448	1	498	48	438	87.9518	13.2129	36.5	60
dDocent_Contig_5449	1	352	98	319	90.625	38.9631	36.2	60
dDocent_Contig_5452	1	470	26	144	30.6383	7.45532	36.8	60
dDocent_Contig_5453	1	518	31	387	74.7104	7.83398	35.9	60
dDocent_Contig_5456	1	622	31	444	71.3826	7.1254	36	60
dDocent_Contig_5462	1	531	22	446	83.9925	5.42561	36.3	60
dDocent_Contig_5463	1	440	71	324	73.6364	21.8114	36.5	60
dDocent_Contig_5464	1	510	39	458	89.8039	10.8569	36.6	60
dDocent_Contig_5466	1	360	2	104	28.8889	0.577778	36.8	60
dDocent_Contig_5469	1	424	26	383	90.3302	8.08962	36.4	60
dDocent_Contig_5470	1	369	32	329	89.1599	9.37127	36.4	58.7
dDocent_Contig_5471	1	412	3	160	38.835	0.781553	36.6	60
dDocent_Contig_5472	1	390	9	141	36.1538	2.86667	36.8	60
dDocent_Contig_5473	1	442	14	365	82.5792	4.181	36.6	60
dDocent_Contig_5474	1	424	21	386	91.0377	6.87972	36.2	60
dDocent_Contig_5475	1	444	4	142	31.982	1.21622	36.7	60
dDocent_Contig_5476	1	546	35	437	80.0366	8.24176	36.1	59.2
dDocent_Contig_5483	1	404	147	365	90.3465	50.5099	36.6	59.9
dDocent_Contig_5485	1	332	35	282	84.9398	13.4789	36.3	59.7
dDocent_Contig_5486	1	523	25	318	60.8031	6.55067	36.6	60
dDocent_Contig_5488	1	459	8	354	77.1242	2.43573	36.4	60
dDocent_Contig_5489	1	487	77	435	89.3224	22.232	36.2	60
dDocent_Contig_5490	1	399	13	288	72.1805	4.29323	36.7	60
dDocent_Contig_5491	1	417	21	363	87.0504	6.95683	36.1	60
dDocent_Contig_5499	1	402	2586	370	92.0398	900.44	36.3	59.9
dDocent_Contig_5500	1	565	10	482	85.3097	2.57168	35.8	60
dDocent_Contig_5501	1	499	2	166	33.2665	0.601202	35.6	60
dDocent_Contig_5507	1	443	10	301	67.9458	3.09707	36.8	60
dDocent_Contig_5509	1	332	33	143	43.0723	12.8916	35.9	60
dDocent_Contig_5512	1	349	1	141	40.4011	0.404011	36.5	60
dDocent_Contig_5514	1	334	34	255	76.3473	13.3204	36.2	60
dDocent_Contig_5515	1	566	15	418	73.8516	3.89929	36.8	60
dDocent_Contig_5517	1	559	15	214	38.2826	3.67979	36.5	60
dDocent_Contig_5518	1	378	41	335	88.6243	14.7989	36.1	60
dDocent_Contig_5519	1	444	42	395	88.964	12.4167	35.5	60
dDocent_Contig_5522	1	492	51	363	73.7805	14.5163	36.1	60
dDocent_Contig_5523	1	573	49	518	90.4014	11.5113	36.2	60
dDocent_Contig_5525	1	511	49	470	91.9765	13.1663	35.9	60
dDocent_Contig_5526	1	332	11	141	42.4699	4.4488	36	60
dDocent_Contig_5527	1	431	28	303	70.3016	8.60789	36.5	60
dDocent_Contig_5528	1	332	27	243	73.1928	10.9669	36.3	60
dDocent_Contig_5529	1	358	44	293	81.8436	16.6006	36.4	60
dDocent_Contig_5531	1	446	51	291	65.2466	15.5269	35.6	60
dDocent_Contig_5532	1	586	28	380	64.8464	6.42662	35.8	60
dDocent_Contig_5533	1	465	8	142	30.5376	2.34194	36.6	60
dDocent_Contig_5537	1	366	14	276	75.4098	5.10929	36.2	60
dDocent_Contig_5539	1	478	35	322	67.364	9.82008	36.4	60
dDocent_Contig_5540	1	566	10	317	56.0071	2.47173	36.6	60
dDocent_Contig_5545	1	449	34	278	61.9154	6.91314	35.7	42.9
dDocent_Contig_5546	1	360	27	305	84.7222	10.3139	36.3	60
dDocent_Contig_5547	1	555	21	379	68.2883	3.9027	36.3	60
dDocent_Contig_5548	1	361	11	284	78.6704	3.93352	36.4	60
dDocent_Contig_5552	1	403	12	227	56.3275	4.1737	36.6	60
dDocent_Contig_5553	1	392	5	293	74.7449	1.73469	36.4	60
dDocent_Contig_5554	1	348	3	137	39.3678	1.14655	36.8	60
dDocent_Contig_5556	1	414	24	279	67.3913	7.48792	36.8	60
dDocent_Contig_5557	1	500	32	405	81	8.714	36.6	60
dDocent_Contig_5558	1	443	26	403	90.9707	7.17156	36.7	60
dDocent_Contig_5559	1	468	56	382	81.6239	17.0705	36.5	60
dDocent_Contig_5560	1	362	19	304	83.9779	6.90055	36.2	60
dDocent_Contig_5561	1	506	48	474	93.6759	12.8083	36.4	60
dDocent_Contig_5562	1	473	78	425	89.852	23.3784	36.5	60
dDocent_Contig_5563	1	577	20	305	52.8596	4.61179	36.6	60
dDocent_Contig_5565	1	465	21	338	72.6882	6.29462	36.6	60
dDocent_Contig_5567	1	337	13	142	42.1365	5.25519	36.8	60
dDocent_Contig_5571	1	459	36	360	78.4314	9.99782	36.3	60
dDocent_Contig_5573	1	563	255	530	94.1385	63.4618	35.5	60
dDocent_Contig_5574	1	485	12	314	64.7423	3.21649	35.2	60
dDocent_Contig_5575	1	375	33	141	37.6	10.792	35.7	60
dDocent_Contig_5577	1	477	15	313	65.6184	4.34382	36.3	60
dDocent_Contig_5578	1	588	23	412	70.068	5.66497	36.6	60
dDocent_Contig_5579	1	468	100	375	80.1282	30.0342	36.2	59.8
dDocent_Contig_5580	1	397	42	292	73.5516	14.4207	35.9	60
dDocent_Contig_5581	1	501	36	432	86.2275	9.86627	35.8	60
dDocent_Contig_5590	1	560	13	456	81.4286	2.85714	36.5	47.8
dDocent_Contig_5591	1	353	47	317	89.8017	18.3456	36.1	60
dDocent_Contig_124	1	556	83	307	55.2158	21.5863	36.2	33.7
dDocent_Contig_142	1	451	1307	440	97.561	404.499	36.3	48.4
dDocent_Contig_188	1	533	588	518	97.1857	155.826	36.3	47.3
dDocent_Contig_213	1	501	41	343	68.4631	11.7605	36.6	35.3
dDocent_Contig_318	1	477	83	433	90.7757	25.1593	36.2	37.5
dDocent_Contig_335	1	613	492	279	45.5139	118.936	36.1	35.5
dDocent_Contig_393	1	539	36	380	70.5009	9.18924	36.5	33.1
dDocent_Contig_406	1	387	36	386	99.7416	11.9483	35.7	56.1
dDocent_Contig_572	1	495	208	444	89.697	60.7071	36.3	60
dDocent_Contig_607	1	487	46	443	90.9651	13.6674	36.5	60
dDocent_Contig_643	1	477	31	364	76.3103	9.25577	36.3	60
dDocent_Contig_646	1	364	91	362	99.4505	34.9011	36.5	60
dDocent_Contig_691	1	540	6	452	83.7037	1.61296	36	60
dDocent_Contig_723	1	349	126	348	99.7135	52.2951	36.3	60
dDocent_Contig_911	1	475	70	466	98.1053	19.3979	36.4	48.8
dDocent_Contig_966	1	455	24	416	91.4286	7.67692	35.2	60
dDocent_Contig_989	1	409	387	409	100	133.496	36.3	49
dDocent_Contig_1049	1	530	51	516	97.3585	13.6358	36.4	60
dDocent_Contig_1089	1	468	49	352	75.2137	14.7628	36.6	56.4
dDocent_Contig_1123	1	458	55	431	94.1048	13.8646	36	59.7
dDocent_Contig_1126	1	561	9	421	75.0446	2.21925	36.5	60
dDocent_Contig_1165	1	467	5	151	32.334	1.41328	36.3	60
dDocent_Contig_1261	1	611	315	610	99.8363	69.4877	36.2	59.8
dDocent_Contig_1271	1	430	194	380	88.3721	65.6512	36.1	60
dDocent_Contig_1311	1	550	258	550	100	66.8873	36.2	59.3
dDocent_Contig_1351	1	207	43	205	99.0338	27.9758	35.9	60
dDocent_Contig_1381	1	256	19	224	87.5	10.5352	36.7	60
dDocent_Contig_1468	1	505	1	103	20.396	0.20396	36.9	60
dDocent_Contig_1532	1	485	350	484	99.7938	102.612	36.5	59.9
dDocent_Contig_1661	1	542	73	457	84.3173	18.9668	36.2	60
dDocent_Contig_1712	1	389	5	253	65.0386	1.40874	36.8	60
dDocent_Contig_1803	1	350	20	333	95.1429	7.36286	36.3	60
dDocent_Contig_1817	1	316	25	313	99.0506	10.9462	36.5	60
dDocent_Contig_1896	1	439	99	346	78.8155	32.7312	36.5	60
dDocent_Contig_1987	1	431	113	419	97.2158	37.9281	35.6	60
dDocent_Contig_2016	1	596	1215	586	98.3221	287.859	36.1	56.3
dDocent_Contig_2020	1	350	228	320	91.4286	88.8686	36.3	45.7
dDocent_Contig_2033	1	496	46	454	91.5323	12.9597	35.9	60
dDocent_Contig_2101	1	449	74	338	75.2784	23.098	36.4	60
dDocent_Contig_2153	1	481	97	433	90.0208	28.1726	36.4	60
dDocent_Contig_2155	1	478	152	465	97.2803	46.0565	35.6	60
dDocent_Contig_2439	1	536	255	484	90.2985	66.153	36.3	58.9
dDocent_Contig_2506	1	534	100	397	74.3446	27.221	36.5	60
dDocent_Contig_2541	1	484	134	325	67.1488	38.7459	36.2	60
dDocent_Contig_2578	1	364	50	364	100	17.3544	36.5	59.7
dDocent_Contig_2612	1	320	112	317	99.0625	47.6344	34.7	59.9
dDocent_Contig_2629	1	438	55	436	99.5434	18.0205	36.3	60
dDocent_Contig_2688	1	538	61	472	87.7323	15.552	35.9	60
dDocent_Contig_2711	1	312	53	311	99.6795	23.8814	36.3	60
dDocent_Contig_2784	1	474	32	420	88.6076	8.90084	35.2	60
dDocent_Contig_2795	1	442	55	390	88.2353	16.0362	36.2	50.4
dDocent_Contig_2814	1	274	8	267	97.4453	3.86496	35.9	60
dDocent_Contig_2957	1	473	43	417	88.1607	12.945	36.5	60
dDocent_Contig_2968	1	465	208	464	99.7849	63.471	36.1	59.5
dDocent_Contig_2979	1	464	6	352	75.8621	1.89655	36.7	60
dDocent_Contig_2982	1	313	48	311	99.361	19.4058	36.5	60
dDocent_Contig_3001	1	466	106	352	75.5365	31.8562	36.6	36.3
dDocent_Contig_3047	1	494	226	493	99.7976	63.7105	36.3	60
dDocent_Contig_3104	1	542	169	516	95.203	45.2343	36.3	60
dDocent_Contig_3186	1	473	278	472	99.7886	82.9873	36.4	60
dDocent_Contig_3210	1	521	57	420	80.6142	15.6315	35.6	60
dDocent_Contig_3269	1	439	89	405	92.2551	28.3235	36	60
dDocent_Contig_3313	1	534	90	414	77.5281	24.2846	36.1	60
dDocent_Contig_3332	1	430	17	355	82.5581	5.44651	36.3	59.3
dDocent_Contig_3339	1	439	88	383	87.2437	28.8565	36.3	60
dDocent_Contig_3342	1	458	46	404	88.2096	14.4432	36.6	60
dDocent_Contig_3359	1	395	53	381	96.4557	19.1241	36.5	60
dDocent_Contig_3411	1	571	17	389	68.1261	4.24518	36.5	60
dDocent_Contig_3552	1	610	5784	610	100	1305.07	35.6	59
dDocent_Contig_3595	1	442	188	406	91.8552	59.7149	36.1	60
dDocent_Contig_3705	1	446	86	443	99.3274	26.5291	35.1	59.8
dDocent_Contig_3763	1	360	8	165	45.8333	2.85278	36.6	60
dDocent_Contig_3767	1	398	205	387	97.2362	73.9347	36	45.4
dDocent_Contig_3777	1	444	15	300	67.5676	5.01802	35	60
dDocent_Contig_3802	1	454	3	112	24.6696	0.643172	36.8	47.7
dDocent_Contig_3878	1	447	101	412	92.17	32.5682	36.2	60
dDocent_Contig_3897	1	466	44	378	81.1159	12.3927	35.7	60
dDocent_Contig_3912	1	556	47	353	63.4892	11.946	36	60
dDocent_Contig_3936	1	415	83	404	97.3494	27.7133	36.2	60
dDocent_Contig_4009	1	588	120	587	99.8299	29.2296	36.3	60
dDocent_Contig_4041	1	422	5	202	47.8673	1.49763	36.9	60
dDocent_Contig_4071	1	390	60	338	86.6667	21.459	36.3	60
dDocent_Contig_4098	1	402	147	400	99.5025	52.1866	36.1	60
dDocent_Contig_4116	1	452	101	384	84.9558	32.8075	36.4	60
dDocent_Contig_4206	1	554	44	492	88.8087	10.9567	35.7	60
dDocent_Contig_4253	1	390	7	311	79.7436	2.4359	36.6	60
dDocent_Contig_4266	1	396	46	391	98.7374	17.0556	36.2	60
dDocent_Contig_4414	1	453	35	419	92.4945	10.8521	36.3	60
dDocent_Contig_4500	1	385	3	138	35.8442	0.948052	36.6	60
dDocent_Contig_4550	1	329	6	198	60.1824	2.15502	34.7	52.5
dDocent_Contig_4557	1	506	23	389	76.8775	6.63241	36.5	60
dDocent_Contig_4667	1	567	173	549	96.8254	44.5185	36.5	60
dDocent_Contig_4767	1	373	104	354	94.9062	40.3217	36.3	60
dDocent_Contig_4813	1	498	465	455	91.3655	136.116	36.2	60
dDocent_Contig_4847	1	482	238	481	99.7925	69.112	36.2	48.4
dDocent_Contig_4878	1	578	113	416	71.9723	26.654	36.4	60
dDocent_Contig_4899	1	563	87	464	82.4156	21.8455	36.1	60
dDocent_Contig_5028	1	432	141	417	96.5278	43.7083	35.9	59.1
dDocent_Contig_5034	1	480	174	447	93.125	52.3396	36.4	44.9
dDocent_Contig_5044	1	415	102	360	86.747	35.4795	36.2	44.2
dDocent_Contig_5050	1	520	18	401	77.1154	4.99615	36.5	60
dDocent_Contig_5070	1	363	2	124	34.1598	0.683196	37	60
dDocent_Contig_5099	1	443	310	442	99.7743	99.9955	36.4	59.9
dDocent_Contig_5155	1	339	53	324	95.5752	22.3363	36.1	60
dDocent_Contig_5309	1	394	1457	361	91.6244	422.97	35.5	40.3
dDocent_Contig_5356	1	453	132	452	99.7792	41.8079	35.8	60
dDocent_Contig_5373	1	593	188	454	76.5599	44.5413	36.2	40.4
dDocent_Contig_5387	1	461	61	453	98.2646	16.731	36.6	55.5
dDocent_Contig_5393	1	325	23	291	89.5385	8.27077	35.5	52.2
dDocent_Contig_5451	1	399	36	370	92.7318	13.0501	36.7	60
dDocent_Contig_5468	1	349	66	348	99.7135	25.788	36.1	60
dDocent_Contig_3	1	464	92	387	83.4052	28.9095	36.4	60
dDocent_Contig_4	1	372	324	371	99.7312	126.363	36.3	60
dDocent_Contig_5	1	450	99	425	94.4444	32.2244	36.2	60
dDocent_Contig_7	1	365	235	361	98.9041	91.4521	35.9	60
dDocent_Contig_11	1	468	73	431	92.094	22.6688	36.4	60
dDocent_Contig_29	1	630	1833	629	99.8413	421.379	35.7	60
dDocent_Contig_46	1	563	98	429	76.1989	25.3872	36.2	60
dDocent_Contig_163	1	423	724	423	100	253.338	36.2	38.4
dDocent_Contig_182	1	550	67	548	99.6364	17.5182	36.3	36.7
dDocent_Contig_193	1	308	962	307	99.6753	436.727	36.2	59.4
dDocent_Contig_221	1	488	5	382	78.2787	1.3709	34.8	38.4
dDocent_Contig_222	1	690	3018	690	100	644.929	36.3	43.5
dDocent_Contig_233	1	469	420	450	95.9488	127.731	36.4	27.3
dDocent_Contig_249	1	574	2486	524	91.2892	621.068	36.3	45.6
dDocent_Contig_258	1	510	1239	502	98.4314	353.147	36.3	43.4
dDocent_Contig_260	1	356	49	341	95.7865	19.3904	36.3	47.6
dDocent_Contig_265	1	601	1444	601	100	349.547	36.3	47
dDocent_Contig_308	1	492	312	418	84.9593	91.9776	36.1	37.1
dDocent_Contig_344	1	477	232	350	73.3753	71.109	36.4	36
dDocent_Contig_356	1	472	211	449	95.1271	60.8157	35.9	39.7
dDocent_Contig_357	1	543	39	479	88.2136	10.3702	36.5	46.1
dDocent_Contig_364	1	502	314	449	89.4422	89.2669	36.4	36.2
dDocent_Contig_371	1	435	154	434	99.7701	51.6782	36	36.5
dDocent_Contig_397	1	433	6	261	60.2771	2.03695	35	60
dDocent_Contig_399	1	345	35	250	72.4638	14.0029	36.3	51.5
dDocent_Contig_401	1	415	133	415	100	41.6578	36.1	39.2
dDocent_Contig_417	1	409	1415	408	99.7555	511.57	36.2	40.1
dDocent_Contig_436	1	603	35	248	41.1277	7.41957	35.7	43.3
dDocent_Contig_477	1	459	23	243	52.9412	6.37255	36.1	43.3
dDocent_Contig_507	1	373	344	372	99.7319	129.92	36.1	58.9
dDocent_Contig_511	1	406	71	402	99.0148	24.6749	36.3	60
dDocent_Contig_512	1	353	56	341	96.6006	22.9207	36	60
dDocent_Contig_513	1	496	108	405	81.6532	30.5181	36.1	58.4
dDocent_Contig_515	1	423	93	421	99.5272	30.9314	36	59.6
dDocent_Contig_518	1	435	49	406	93.3333	16.8414	36.4	60
dDocent_Contig_519	1	468	181	432	92.3077	52.485	35.9	60
dDocent_Contig_520	1	340	68	335	98.5294	27.6794	35.8	60
dDocent_Contig_524	1	444	59	426	95.9459	18.7432	36.1	60
dDocent_Contig_525	1	291	119	289	99.3127	47.8076	35.5	58.9
dDocent_Contig_526	1	531	117	529	99.6234	32.0847	36.3	60
dDocent_Contig_527	1	600	105	528	88	23.72	35.3	60
dDocent_Contig_539	1	567	196	565	99.6473	49.9647	36.3	52.3
dDocent_Contig_543	1	341	203	340	99.7067	79.0499	35.7	59.7
dDocent_Contig_546	1	454	59	414	91.1894	18.4097	36.1	60
dDocent_Contig_547	1	296	91	295	99.6622	44.4459	36.4	60
dDocent_Contig_548	1	397	120	370	93.199	43.6247	35.4	60
dDocent_Contig_549	1	515	31	501	97.2816	8.69126	36.4	60
dDocent_Contig_550	1	404	83	402	99.505	29.2178	36.1	60
dDocent_Contig_558	1	596	2264	595	99.8322	548.27	36.1	59.8
dDocent_Contig_567	1	340	80	339	99.7059	33.7824	36.1	60
dDocent_Contig_570	1	476	71	339	71.2185	20.9265	36.3	59.7
dDocent_Contig_571	1	277	17	274	98.917	8.98195	36.2	60
dDocent_Contig_574	1	263	87	261	99.2395	48.4639	36.6	60
dDocent_Contig_579	1	250	31	248	99.2	18.04	36.6	60
dDocent_Contig_580	1	567	94	519	91.5344	24.1093	36.1	60
dDocent_Contig_587	1	255	69	254	99.6078	39.1333	36.4	60
dDocent_Contig_589	1	501	84	496	99.002	24.489	36.5	60
dDocent_Contig_590	1	482	70	459	95.2282	21.1846	36.4	60
dDocent_Contig_591	1	413	70	395	95.6416	24.7215	36.3	60
dDocent_Contig_594	1	361	5	320	88.6427	1.76731	36	60
dDocent_Contig_597	1	528	20	526	99.6212	5.20644	35.8	60
dDocent_Contig_600	1	311	61	310	99.6785	28.0386	36.6	60
dDocent_Contig_601	1	547	78	391	71.4808	20.5393	36.6	60
dDocent_Contig_602	1	215	449	214	99.5349	206	35.2	48.1
dDocent_Contig_603	1	366	235	343	93.7158	93.3907	36.2	60
dDocent_Contig_604	1	551	16	245	44.4646	4.30309	36.3	60
dDocent_Contig_606	1	291	51	288	98.9691	24.7869	36.2	60
dDocent_Contig_608	1	408	517	407	99.7549	183.032	36.1	60
dDocent_Contig_609	1	410	28	349	85.122	9.70732	36.5	60
dDocent_Contig_612	1	310	57	309	99.6774	26.9452	36.5	60
dDocent_Contig_613	1	324	31	308	95.0617	12.963	35.8	60
dDocent_Contig_614	1	316	349	316	100	145.076	36.2	59.7
dDocent_Contig_626	1	277	62	276	99.639	32.7004	36	60
dDocent_Contig_628	1	372	116	371	99.7312	45.3091	36.3	60
dDocent_Contig_629	1	444	135	382	86.036	44.0158	35.8	60
dDocent_Contig_630	1	432	124	431	99.7685	39.9861	35.7	60
dDocent_Contig_631	1	393	201	392	99.7455	74.1476	36.5	60
dDocent_Contig_636	1	461	80	416	90.2386	24.7072	36.6	59.2
dDocent_Contig_641	1	325	158	324	99.6923	71.0769	36.3	60
dDocent_Contig_645	1	490	116	448	91.4286	33.9286	36.4	60
dDocent_Contig_647	1	317	11	142	44.795	4.58991	36	60
dDocent_Contig_648	1	494	76	380	76.9231	21.7024	36.1	60
dDocent_Contig_652	1	437	67	436	99.7712	22.1876	36.2	60
dDocent_Contig_653	1	184	77	183	99.4565	55.1087	36.3	60
dDocent_Contig_654	1	328	115	328	100	50.7378	36.1	60
dDocent_Contig_657	1	467	19	376	80.5139	5.57173	34.6	60
dDocent_Contig_658	1	390	4	148	37.9487	1.27949	36.3	60
dDocent_Contig_659	1	282	671	279	98.9362	267.677	35.8	46.7
dDocent_Contig_660	1	525	35	504	96	9.42286	36.4	60
dDocent_Contig_661	1	400	97	319	79.75	35.6175	36.4	60
dDocent_Contig_662	1	428	21	205	47.8972	7.25234	36.5	60
dDocent_Contig_663	1	410	114	408	99.5122	40.6024	36	60
dDocent_Contig_666	1	406	1414	386	95.0739	491.554	36.5	60
dDocent_Contig_668	1	571	153	550	96.3222	39.3222	36.3	60
dDocent_Contig_669	1	305	72	302	99.0164	33.6459	35.5	59.5
dDocent_Contig_670	1	432	10	319	73.8426	3.47222	35.9	60
dDocent_Contig_672	1	290	18	288	99.3103	6.54138	35.2	38.2
dDocent_Contig_673	1	334	2	162	48.503	0.886228	36.7	60
dDocent_Contig_674	1	337	3	222	65.8754	1.33531	36.9	60
dDocent_Contig_679	1	239	71	238	99.5816	42.8201	36.7	60
dDocent_Contig_681	1	259	17	237	91.5058	9.33205	36.8	60
dDocent_Contig_682	1	569	280	568	99.8243	71.7522	36.1	60
dDocent_Contig_686	1	564	808	563	99.8227	207.894	36.2	59.7
dDocent_Contig_688	1	379	516	378	99.7361	196.908	36.3	59.5
dDocent_Contig_692	1	438	169	437	99.7717	55.2557	36.3	60
dDocent_Contig_693	1	330	34	328	99.3939	14.4515	36.7	60
dDocent_Contig_694	1	528	58	484	91.6667	15.9621	35.8	60
dDocent_Contig_695	1	392	44	304	77.551	15.0026	36	60
dDocent_Contig_697	1	292	129	292	100	63.1918	36.3	52.4
dDocent_Contig_698	1	338	33	331	97.929	12.9231	36.3	60
dDocent_Contig_699	1	332	85	324	97.5904	37.4548	36.4	60
dDocent_Contig_701	1	269	38	268	99.6283	20.0223	36.3	60
dDocent_Contig_705	1	583	397	506	86.7925	99.5575	36.2	58.8
dDocent_Contig_707	1	547	14	301	55.0274	3.34004	36.4	60
dDocent_Contig_710	1	263	59	261	99.2395	32.2053	36.2	60
dDocent_Contig_711	1	340	39	327	96.1765	16.5147	36.2	60
dDocent_Contig_712	1	465	149	452	97.2043	45.9011	36.5	60
dDocent_Contig_716	1	374	20	311	83.1551	7.63636	36.3	60
dDocent_Contig_718	1	326	17	303	92.9448	7.51227	36.7	60
dDocent_Contig_727	1	281	92	279	99.2883	47.5623	36.1	60
dDocent_Contig_728	1	360	111	357	99.1667	44.7722	36.3	60
dDocent_Contig_735	1	319	63	318	99.6865	28.185	36.5	60
dDocent_Contig_742	1	346	66	344	99.422	27.896	36.4	59.5
dDocent_Contig_743	1	321	26	319	99.3769	11.3894	36.3	60
dDocent_Contig_747	1	393	85	386	98.2188	30.1756	36.1	60
dDocent_Contig_749	1	288	274	287	99.6528	139.497	35.8	60
dDocent_Contig_750	1	392	32	292	74.4898	11.898	36.6	60
dDocent_Contig_751	1	494	126	348	70.4453	36.998	36.3	60
dDocent_Contig_753	1	340	48	312	91.7647	20.3676	36.3	59.9
dDocent_Contig_754	1	288	115	287	99.6528	56.7986	36.1	60
dDocent_Contig_755	1	423	308	356	84.1608	106.026	36	60
dDocent_Contig_761	1	505	69	341	67.5248	19.5663	36.6	60
dDocent_Contig_762	1	406	165	405	99.7537	59.2069	36.3	60
dDocent_Contig_764	1	446	67	386	86.5471	22.0112	36.6	60
dDocent_Contig_765	1	455	48	453	99.5604	15.3473	36.5	60
dDocent_Contig_769	1	325	80	300	92.3077	35.3446	35.8	60
dDocent_Contig_770	1	314	28	312	99.3631	13.1019	36.8	60
dDocent_Contig_771	1	325	37	305	93.8462	12.9785	35.7	60
dDocent_Contig_772	1	474	46	458	96.6245	13.8186	36.4	60
dDocent_Contig_774	1	383	144	375	97.9112	54.5822	36.6	60
dDocent_Contig_775	1	408	56	365	89.4608	20.1005	36.4	60
dDocent_Contig_776	1	478	75	411	85.9833	22.136	36.2	60
dDocent_Contig_782	1	317	43	314	99.0536	19.1924	36.1	60
dDocent_Contig_783	1	468	229	467	99.7863	71.3803	36.3	60
dDocent_Contig_784	1	371	21	332	89.4879	8.34501	36.6	60
dDocent_Contig_786	1	341	38	338	99.1202	15.2727	36.1	60
dDocent_Contig_790	1	232	28	231	99.569	16.3922	36.5	60
dDocent_Contig_795	1	540	120	431	79.8148	31.8037	36.4	60
dDocent_Contig_800	1	404	45	403	99.7525	16.0916	36.2	60
dDocent_Contig_802	1	490	467	466	95.102	136.89	36.4	60
dDocent_Contig_805	1	289	117	288	99.654	57.9446	36.1	59.4
dDocent_Contig_806	1	354	79	312	88.1356	32.0791	36.7	60
dDocent_Contig_808	1	323	189	322	99.6904	85.5232	36.4	60
dDocent_Contig_809	1	409	43	406	99.2665	14.6528	36.3	59.4
dDocent_Contig_812	1	549	451	524	95.4463	120.228	36.5	60
dDocent_Contig_815	1	252	32	251	99.6032	18.2103	36.5	60
dDocent_Contig_823	1	596	3351	595	99.8322	831.253	36.2	60
dDocent_Contig_828	1	457	55	412	90.1532	17.4945	36.2	60
dDocent_Contig_830	1	258	53	258	100	28.7636	35.7	60
dDocent_Contig_833	1	411	56	407	99.0268	20.0803	36.3	60
dDocent_Contig_834	1	167	41	160	95.8084	33.8263	36	60
dDocent_Contig_836	1	297	76	295	99.3266	34.3872	36.3	53.8
dDocent_Contig_837	1	413	64	347	84.0194	22.2906	36.5	60
dDocent_Contig_838	1	366	66	358	97.8142	25.3798	36.4	60
dDocent_Contig_843	1	280	57	279	99.6429	28.8107	35.4	60
dDocent_Contig_845	1	509	115	485	95.2849	32.9175	36	60
dDocent_Contig_851	1	497	122	399	80.2817	35.507	36.3	59.3
dDocent_Contig_854	1	440	25	403	91.5909	8.08636	36.4	60
dDocent_Contig_855	1	417	84	416	99.7602	28.8297	36.6	60
dDocent_Contig_859	1	388	162	386	99.4845	60.2113	36.3	60
dDocent_Contig_860	1	410	6	318	77.561	1.87805	36	60
dDocent_Contig_865	1	273	450	273	100	242.623	36.4	60
dDocent_Contig_866	1	454	149	394	86.7841	47.8921	36.1	60
dDocent_Contig_871	1	256	11	208	81.25	5.95312	36.6	60
dDocent_Contig_873	1	491	47	461	93.89	13.9246	35.9	60
dDocent_Contig_874	1	519	86	397	76.4933	24.0751	36.4	60
dDocent_Contig_877	1	202	20	201	99.505	12.8069	36.4	60
dDocent_Contig_878	1	368	174	334	90.7609	69.1712	36.3	60
dDocent_Contig_879	1	329	61	328	99.696	26.1915	36.1	60
dDocent_Contig_882	1	294	48	293	99.6599	22.9456	36.6	60
dDocent_Contig_884	1	450	442	449	99.7778	139.451	36.3	59.8
dDocent_Contig_885	1	264	82	263	99.6212	44.322	36.2	60
dDocent_Contig_886	1	504	144	503	99.8016	41.0218	36	60
dDocent_Contig_888	1	261	106	260	99.6169	58.7203	36.4	60
dDocent_Contig_890	1	467	103	374	80.0857	32.1585	36.3	60
dDocent_Contig_896	1	253	83	250	98.8142	47.3834	36.3	60
dDocent_Contig_897	1	274	75	274	100	39.8613	36.6	60
dDocent_Contig_900	1	162	40	161	99.3827	34.3086	36.5	60
dDocent_Contig_901	1	429	60	368	85.7809	19.8834	36.8	60
dDocent_Contig_903	1	297	2	129	43.4343	0.868687	36.9	60
dDocent_Contig_904	1	458	172	453	98.9083	53.0655	36.1	60
dDocent_Contig_905	1	312	47	310	99.359	22.0321	36.3	60
dDocent_Contig_906	1	412	3	82	19.9029	0.524272	36.9	45.3
dDocent_Contig_908	1	565	30	565	100	7.46726	35.8	60
dDocent_Contig_912	1	452	228	448	99.115	67.4358	36.2	58.4
dDocent_Contig_914	1	386	86	370	95.8549	31.8731	36	59.6
dDocent_Contig_916	1	394	12	269	68.2741	4.3731	36.6	60
dDocent_Contig_918	1	229	63	227	99.1266	39.4017	36.4	60
dDocent_Contig_955	1	649	1061	639	98.4592	241.482	36.3	38.4
dDocent_Contig_960	1	479	97	394	82.2547	28.3612	36.5	60
dDocent_Contig_965	1	430	13	395	91.8605	4.28372	36.8	60
dDocent_Contig_967	1	326	79	300	92.0245	35.089	36.7	59.5
dDocent_Contig_968	1	541	205	520	96.1183	55.1146	36.4	59.9
dDocent_Contig_972	1	332	61	326	98.1928	26.5783	36.4	60
dDocent_Contig_975	1	462	1991	462	100	594.989	36.2	51.6
dDocent_Contig_976	1	448	3693	448	100	1177.54	36.2	55.9
dDocent_Contig_987	1	429	883	428	99.7669	300.042	36.3	60
dDocent_Contig_993	1	497	79	481	96.7807	22.5875	36.2	60
dDocent_Contig_996	1	227	76	225	99.1189	47.7181	36.7	60
dDocent_Contig_998	1	480	43	468	97.5	12.9833	36.5	60
dDocent_Contig_1000	1	256	51	254	99.2188	28.1641	35.6	59.6
dDocent_Contig_1002	1	411	121	382	92.944	42.1533	35.3	60
dDocent_Contig_1003	1	381	87	381	100	32.622	36.5	60
dDocent_Contig_1007	1	314	67	307	97.7707	31.2325	36.5	60
dDocent_Contig_1009	1	164	23	163	99.3902	18.311	36.6	60
dDocent_Contig_1012	1	481	103	480	99.7921	27.7859	36.1	56.5
dDocent_Contig_1013	1	351	41	349	99.4302	16.9687	36.6	60
dDocent_Contig_1016	1	253	11	224	88.5375	6.31225	36	60
dDocent_Contig_1018	1	415	559	415	100	197.388	36.3	58
dDocent_Contig_1019	1	280	99	279	99.6429	51.3607	36.3	60
dDocent_Contig_1021	1	324	74	323	99.6914	32.7068	36.2	60
dDocent_Contig_1023	1	395	44	338	85.5696	16.0354	36.1	60
dDocent_Contig_1025	1	266	21	264	99.2481	10.9925	36.2	60
dDocent_Contig_1027	1	454	9	344	75.7709	2.95595	36.8	60
dDocent_Contig_1028	1	493	83	478	96.9574	24.4037	36.5	60
dDocent_Contig_1029	1	372	2	220	59.1398	0.766129	36.5	60
dDocent_Contig_1030	1	565	8768	565	100	1889.83	36.1	57.9
dDocent_Contig_1033	1	528	288	524	99.2424	77.9545	36.3	60
dDocent_Contig_1034	1	442	65	361	81.6742	20.2195	36.2	60
dDocent_Contig_1035	1	422	30	410	97.1564	10.4076	36.4	60
dDocent_Contig_1036	1	429	26	423	98.6014	8.65268	36.7	60
dDocent_Contig_1038	1	363	12	332	91.4601	4.55923	36.7	60
dDocent_Contig_1041	1	365	77	365	100	30.3342	36.5	60
dDocent_Contig_1042	1	303	54	301	99.3399	25.1452	36.6	60
dDocent_Contig_1044	1	329	349	328	99.696	139.073	34.9	60
dDocent_Contig_1045	1	443	62	443	100	20.307	36.3	60
dDocent_Contig_1047	1	402	41	326	81.0945	13.0647	36	60
dDocent_Contig_1051	1	412	4	385	93.4466	1.3835	36.5	60
dDocent_Contig_1052	1	341	3	236	69.2082	1.31965	36.8	60
dDocent_Contig_1053	1	279	3	184	65.9498	1.46237	36.9	60
dDocent_Contig_1054	1	369	2	150	40.6504	0.813008	36.5	60
dDocent_Contig_1055	1	575	20	427	74.2609	4.91304	36.3	60
dDocent_Contig_1056	1	232	6	188	81.0345	3.81034	36.5	60
dDocent_Contig_1059	1	370	73	313	84.5946	28.7135	36.2	60
dDocent_Contig_1062	1	498	84	434	87.1486	24.0261	36.3	59.9
dDocent_Contig_1063	1	448	20	378	84.375	5.97768	36.1	58.4
dDocent_Contig_1069	1	216	48	215	99.537	31.2361	36.1	60
dDocent_Contig_1071	1	573	32	319	55.6719	8.00175	36.5	60
dDocent_Contig_1072	1	486	96	394	81.07	28.7119	36.1	60
dDocent_Contig_1074	1	424	565	397	93.6321	185.776	36.3	56.5
dDocent_Contig_1076	1	497	723	479	96.3783	210.551	36.3	60
dDocent_Contig_1077	1	368	112	355	96.4674	43.7038	36.1	60
dDocent_Contig_1080	1	389	106	388	99.7429	39.1594	36.5	60
dDocent_Contig_1085	1	496	93	418	84.2742	26.6552	36.4	60
dDocent_Contig_1087	1	451	40	449	99.5565	12.2927	36.2	60
dDocent_Contig_1088	1	541	12	541	100	3.26987	36.7	60
dDocent_Contig_1092	1	281	1	139	49.4662	0.494662	32.4	60
dDocent_Contig_1095	1	298	57	297	99.6644	27.2081	36.3	60
dDocent_Contig_1097	1	324	18	280	86.4198	7.94444	36.7	60
dDocent_Contig_1098	1	422	37	375	88.8626	12.628	36.4	60
dDocent_Contig_1099	1	332	18	183	55.1205	7.50301	36.5	60
dDocent_Contig_1100	1	300	19	298	99.3333	9.11	36.2	60
dDocent_Contig_1101	1	253	95	253	100	53.6719	36.4	60
dDocent_Contig_1102	1	402	4	359	89.3035	1.48756	35.3	60
dDocent_Contig_1103	1	379	5	252	66.4908	1.75198	36.8	60
dDocent_Contig_1104	1	247	76	202	81.7814	43.2024	36.6	60
dDocent_Contig_1106	1	536	408	534	99.6269	108.321	36.4	59.9
dDocent_Contig_1109	1	474	24	423	89.2405	7.06962	36.7	60
dDocent_Contig_1114	1	445	124	443	99.5506	39.9888	36.3	60
dDocent_Contig_1116	1	508	140	473	93.1102	40.4134	36.3	60
dDocent_Contig_1118	1	364	11	291	79.9451	4.03571	36.4	60
dDocent_Contig_1119	1	366	45	344	93.9891	17.459	36.4	60
dDocent_Contig_1120	1	383	19	382	99.7389	7.28721	36.1	60
dDocent_Contig_1122	1	513	26	424	82.6511	7.12281	36.6	60
dDocent_Contig_1127	1	576	49	451	78.2986	12.0312	36.3	60
dDocent_Contig_1128	1	487	59	486	99.7947	17.2567	36.2	60
dDocent_Contig_1129	1	270	3	180	66.6667	1.66296	36.9	60
dDocent_Contig_1130	1	474	48	449	94.7257	14.5549	36.4	56.6
dDocent_Contig_1131	1	396	5	297	75	1.79798	36.9	60
dDocent_Contig_1134	1	392	38	332	84.6939	13.5765	36.4	60
dDocent_Contig_1135	1	513	151	512	99.8051	42.8967	36.3	60
dDocent_Contig_1139	1	267	10	248	92.8839	5.22472	36.8	55.8
dDocent_Contig_1141	1	243	42	242	99.5885	24.4321	36.4	60
dDocent_Contig_1143	1	395	75	394	99.7468	27.4177	36.1	60
dDocent_Contig_1144	1	408	50	385	94.3627	17.2819	36.8	60
dDocent_Contig_1145	1	410	72	323	78.7805	25.2244	36.5	60
dDocent_Contig_1146	1	447	36	348	77.8523	11.7069	36.7	60
dDocent_Contig_1150	1	483	96	482	99.793	28.3002	36.3	59.6
dDocent_Contig_1151	1	452	50	408	90.2655	16.281	36.3	60
dDocent_Contig_1153	1	265	25	257	96.9811	13.2302	36.2	60
dDocent_Contig_1156	1	397	121	352	88.665	44.7506	36.3	60
dDocent_Contig_1158	1	413	107	408	98.7893	36.8838	36.4	60
dDocent_Contig_1160	1	395	28	394	99.7468	9.66329	36.2	56.8
dDocent_Contig_1161	1	389	27	388	99.7429	10.1542	36.3	60
dDocent_Contig_1167	1	451	26	359	79.6009	7.78492	36.7	59.3
dDocent_Contig_1169	1	484	23	477	98.5537	7.00826	36.1	60
dDocent_Contig_1170	1	354	37	354	100	14.2429	36.3	60
dDocent_Contig_1172	1	395	105	369	93.4177	37.9089	36.5	60
dDocent_Contig_1174	1	392	3	170	43.3673	1.08673	37	60
dDocent_Contig_1176	1	561	157	457	81.4617	41.0553	36.3	60
dDocent_Contig_1177	1	275	16	272	98.9091	7.96727	35.8	60
dDocent_Contig_1181	1	322	2	126	39.1304	0.782609	36.7	60
dDocent_Contig_1183	1	357	468	354	99.1597	184.417	36.2	60
dDocent_Contig_1186	1	366	12	232	63.388	4.6694	36.8	60
dDocent_Contig_1187	1	370	17	326	88.1081	6.36486	36.5	60
dDocent_Contig_1188	1	338	13	331	97.929	5.68639	36.5	60
dDocent_Contig_1192	1	300	24	299	99.6667	11.88	36.8	60
dDocent_Contig_1193	1	380	71	280	73.6842	26.1421	36.5	60
dDocent_Contig_1195	1	528	60	356	67.4242	16.5208	36.1	60
dDocent_Contig_1196	1	372	88	361	97.043	34.1694	36.4	60
dDocent_Contig_1199	1	257	520	257	100	292.813	36.3	60
dDocent_Contig_1200	1	376	30	355	94.4149	11.1356	36.4	60
dDocent_Contig_1201	1	282	95	278	98.5816	48.1738	35.8	60
dDocent_Contig_1203	1	309	44	308	99.6764	19.4013	36.5	60
dDocent_Contig_1218	1	612	3342	612	100	785.284	36	60
dDocent_Contig_1222	1	309	67	309	100	30.3042	36.6	60
dDocent_Contig_1223	1	334	7	320	95.8084	3.14371	35.2	60
dDocent_Contig_1225	1	291	26	291	100	12.4124	36.7	60
dDocent_Contig_1226	1	421	19	346	82.1853	6.30166	36.6	60
dDocent_Contig_1227	1	494	362	494	100	106.638	36.4	60
dDocent_Contig_1230	1	337	14	285	84.5697	6.14243	36.5	60
dDocent_Contig_1238	1	473	44	471	99.5772	13.4905	36.7	60
dDocent_Contig_1241	1	534	133	475	88.9513	36.4457	36.4	60
dDocent_Contig_1242	1	411	68	349	84.9148	23.7348	36.3	60
dDocent_Contig_1244	1	606	377	605	99.835	89.5165	36.5	59.1
dDocent_Contig_1247	1	335	2	240	71.6418	0.895522	36.7	60
dDocent_Contig_1248	1	199	26	192	96.4824	18.3668	34.9	60
dDocent_Contig_1250	1	393	68	383	97.4555	25.4606	36	60
dDocent_Contig_1251	1	345	55	345	100	22.5507	36.5	60
dDocent_Contig_1253	1	497	4	300	60.3622	1.08853	35.8	60
dDocent_Contig_1255	1	388	42	387	99.7423	15.7887	36.1	60
dDocent_Contig_1257	1	383	208	382	99.7389	79.7232	36.5	59.8
dDocent_Contig_1264	1	496	54	361	72.7823	15.8387	36	60
dDocent_Contig_1265	1	301	77	300	99.6678	36.5781	36.2	60
dDocent_Contig_1266	1	349	95	348	99.7135	38.9799	36.4	60
dDocent_Contig_1269	1	313	21	310	99.0415	9.53355	36.6	60
dDocent_Contig_1270	1	397	72	391	98.4887	26.1285	36.3	60
dDocent_Contig_1276	1	390	83	388	99.4872	30.4077	36.5	59.9
dDocent_Contig_1279	1	540	82	427	79.0741	22.2148	36.6	60
dDocent_Contig_1281	1	256	85	255	99.6094	47.5352	36.2	60
dDocent_Contig_1282	1	250	14	245	98	7.512	36.8	60
dDocent_Contig_1284	1	306	17	189	61.7647	7.63072	36.9	60
dDocent_Contig_1290	1	275	180	274	99.6364	92.7018	35.9	60
dDocent_Contig_1291	1	414	38	358	86.4734	13.3043	36.1	60
dDocent_Contig_1292	1	393	61	363	92.3664	22.5649	36.5	60
dDocent_Contig_1294	1	215	47	215	100	30.0698	36.3	60
dDocent_Contig_1295	1	543	573	535	98.5267	153.669	36.4	60
dDocent_Contig_1298	1	482	61	433	89.834	18.0809	36.4	60
dDocent_Contig_1301	1	232	92	232	100	56.2629	36.3	60
dDocent_Contig_1302	1	405	74	404	99.7531	26.4198	35.6	60
dDocent_Contig_1306	1	434	127	410	94.47	42.2097	36.2	60
dDocent_Contig_1307	1	362	95	361	99.7238	37.8066	36.1	60
dDocent_Contig_1309	1	311	55	298	95.8199	25.4791	36.5	60
dDocent_Contig_1313	1	285	4	235	82.4561	2.09825	35.7	60
dDocent_Contig_1314	1	407	85	404	99.2629	30.4029	36.3	60
dDocent_Contig_1317	1	568	58	382	67.2535	14.6109	36.5	60
dDocent_Contig_1319	1	219	10	217	99.0868	5.47489	35.8	60
dDocent_Contig_1320	1	320	3	218	68.125	0.834375	35.2	60
dDocent_Contig_1321	1	225	22	224	99.5556	13.2533	36.5	59.6
dDocent_Contig_1323	1	491	460	490	99.7963	130.695	36.2	59.8
dDocent_Contig_1324	1	489	66	488	99.7955	19.5317	36.3	60
dDocent_Contig_1327	1	417	113	402	96.4029	38.9592	36.2	60
dDocent_Contig_1328	1	255	36	254	99.6078	20.0078	35.9	60
dDocent_Contig_1329	1	555	1016	554	99.8198	261.031	35.7	60
dDocent_Contig_1331	1	545	74	543	99.633	19.3743	36.3	60
dDocent_Contig_1334	1	351	7	350	99.7151	2.86325	36.7	60
dDocent_Contig_1340	1	621	2361	621	100	561.709	36.1	52.5
dDocent_Contig_1346	1	327	229	325	99.3884	101.514	36.4	60
dDocent_Contig_1349	1	347	104	333	95.9654	42.6282	35.7	60
dDocent_Contig_1357	1	368	72	367	99.7283	27.3641	36.2	60
dDocent_Contig_1358	1	474	5	417	87.9747	1.55485	35.9	60
dDocent_Contig_1359	1	529	218	460	86.9565	60.8488	36.3	60
dDocent_Contig_1361	1	229	2	121	52.8384	1.05677	37	60
dDocent_Contig_1364	1	306	9	184	60.1307	4.14706	36.1	60
dDocent_Contig_1365	1	330	2	107	32.4242	0.648485	36.6	60
dDocent_Contig_1366	1	239	64	238	99.5816	38.0586	36.4	60
dDocent_Contig_1367	1	406	46	379	93.3498	15.8498	36.2	60
dDocent_Contig_1373	1	354	3	230	64.9718	1.0226	36.9	60
dDocent_Contig_1378	1	321	126	319	99.3769	56.2212	35.5	60
dDocent_Contig_1380	1	392	139	381	97.1939	51.7832	36.4	60
dDocent_Contig_1382	1	266	11	254	95.4887	5.85714	35.5	60
dDocent_Contig_1385	1	221	43	219	99.095	27.6244	36.6	60
dDocent_Contig_1387	1	299	100	297	99.3311	48.5452	35.9	59.8
dDocent_Contig_1389	1	393	28	308	78.3715	9.64885	35.5	60
dDocent_Contig_1392	1	370	70	370	100	26.727	36.1	60
dDocent_Contig_1394	1	353	56	334	94.6176	22.3881	36.4	60
dDocent_Contig_1398	1	340	41	338	99.4118	17.2265	36.2	60
dDocent_Contig_1402	1	399	95	385	96.4912	34.7293	36.1	60
dDocent_Contig_1403	1	285	7	259	90.8772	1.91228	35.8	36.7
dDocent_Contig_1405	1	370	14	322	87.027	5.17297	36.7	60
dDocent_Contig_1406	1	416	119	411	98.7981	41.5505	36.5	60
dDocent_Contig_1409	1	220	4	161	73.1818	2.46818	36.9	60
dDocent_Contig_1412	1	343	37	341	99.4169	14.9009	36	60
dDocent_Contig_1419	1	186	71	184	98.9247	52.2796	36.4	60
dDocent_Contig_1420	1	474	4	170	35.865	1.24473	36.8	60
dDocent_Contig_1421	1	411	33	409	99.5134	11.7956	36.6	60
dDocent_Contig_1423	1	354	17	329	92.9379	6.91525	36.1	60
dDocent_Contig_1425	1	319	6	191	59.8746	2.62069	36.9	60
dDocent_Contig_1426	1	450	82	431	95.7778	26.4489	36.1	60
dDocent_Contig_1427	1	407	84	406	99.7543	29.8821	36.3	60
dDocent_Contig_1436	1	568	15	491	86.4437	3.71655	36.1	60
dDocent_Contig_1445	1	420	68	400	95.2381	23.2357	36.1	60
dDocent_Contig_1446	1	306	101	282	92.1569	48.5359	36.3	60
dDocent_Contig_1449	1	492	10	346	70.3252	2.6748	36.2	60
dDocent_Contig_1451	1	269	19	242	89.9628	10.2974	36.7	60
dDocent_Contig_1452	1	325	115	324	99.6923	51.6246	36.6	60
dDocent_Contig_1453	1	312	3	204	65.3846	1.44231	36.8	60
dDocent_Contig_1454	1	449	19	366	81.5145	6.03563	36.6	58.9
dDocent_Contig_1455	1	316	52	315	99.6835	22.9494	36.3	60
dDocent_Contig_1456	1	512	114	404	78.9062	32.0234	36.1	60
dDocent_Contig_1461	1	406	46	362	89.1626	16.2118	36.6	60
dDocent_Contig_1463	1	499	42	338	67.7355	11.8277	36.3	60
dDocent_Contig_1465	1	270	260	269	99.6296	137.963	36.3	60
dDocent_Contig_1466	1	252	23	189	75	13.0119	36.3	60
dDocent_Contig_1467	1	228	8	204	89.4737	4.9693	36.1	60
dDocent_Contig_1474	1	409	3	370	90.4645	0.91198	36.9	60
dDocent_Contig_1475	1	463	15	432	93.3045	4.22246	35.6	60
dDocent_Contig_1477	1	433	214	431	99.5381	68.2933	36.3	60
dDocent_Contig_1478	1	204	126	203	99.5098	88.8824	36.4	60
dDocent_Contig_1479	1	401	68	401	100	23.8454	36.1	58.2
dDocent_Contig_1481	1	490	70	453	92.449	20.9469	36.3	60
dDocent_Contig_1482	1	497	186	496	99.7988	55.0101	36.1	60
dDocent_Contig_1485	1	394	10	326	82.7411	3.46954	36.3	60
dDocent_Contig_1486	1	204	98	202	99.0196	68.4559	36.5	60
dDocent_Contig_1490	1	306	57	304	99.3464	26.8758	36.1	60
dDocent_Contig_1492	1	398	8	262	65.8291	3.01256	36.4	60
dDocent_Contig_1493	1	338	15	328	97.0414	6.31361	36.2	60
dDocent_Contig_1496	1	403	23	365	90.5707	8.18362	36	60
dDocent_Contig_1497	1	465	168	464	99.7849	53.4495	36.4	60
dDocent_Contig_1501	1	340	6	337	99.1176	2.35	36.1	60
dDocent_Contig_1503	1	421	61	327	77.6722	20.9644	36.7	60
dDocent_Contig_1504	1	385	35	364	94.5455	12.9766	36.4	60
dDocent_Contig_1506	1	374	17	374	100	6.09091	36.5	60
dDocent_Contig_1507	1	450	6	258	57.3333	1.81556	36.4	57.3
dDocent_Contig_1509	1	262	54	261	99.6183	28.8168	36.2	60
dDocent_Contig_1510	1	442	492	437	98.8688	160.613	36.3	59.7
dDocent_Contig_1513	1	549	11	329	59.9271	2.97632	35.4	60
dDocent_Contig_1516	1	385	72	345	89.6104	27.1221	36.4	60
dDocent_Contig_1518	1	450	105	448	99.5556	33.7067	36.3	60
dDocent_Contig_1520	1	342	53	336	98.2456	22.3304	36.6	60
dDocent_Contig_1522	1	364	82	362	99.4505	32.0055	36.6	60
dDocent_Contig_1523	1	213	27	212	99.5305	17.8826	36.2	60
dDocent_Contig_1526	1	348	96	343	98.5632	40.0029	36.3	60
dDocent_Contig_1527	1	546	145	465	85.1648	38.3645	36.3	60
dDocent_Contig_1531	1	291	26	239	82.1306	11.945	36.2	60
dDocent_Contig_1534	1	346	4	173	50	1.34971	36.9	60
dDocent_Contig_1536	1	282	37	281	99.6454	19.0816	35.8	60
dDocent_Contig_1540	1	491	321	490	99.7963	87.8411	36.2	49.5
dDocent_Contig_1541	1	374	127	373	99.7326	49.0401	36.2	60
dDocent_Contig_1543	1	400	27	338	84.5	9.67	36.3	60
dDocent_Contig_1546	1	344	47	251	72.9651	19.718	36.5	60
dDocent_Contig_1547	1	452	70	352	77.8761	22.2633	36.5	60
dDocent_Contig_1548	1	510	12	355	69.6078	3.06078	36.3	60
dDocent_Contig_1550	1	377	75	361	95.756	27.4005	36.1	59.2
dDocent_Contig_1551	1	401	353	401	100	127.232	36.4	55.8
dDocent_Contig_1553	1	329	100	328	99.696	43.9483	36.2	60
dDocent_Contig_1555	1	342	12	342	100	5.23684	36.1	60
dDocent_Contig_1557	1	294	9	265	90.1361	3.98639	35.5	60
dDocent_Contig_1558	1	368	35	367	99.7283	13.8207	36.3	60
dDocent_Contig_1563	1	237	71	236	99.5781	43.5654	36.1	60
dDocent_Contig_1565	1	364	74	345	94.7802	29.4396	36.3	60
dDocent_Contig_1566	1	536	503	535	99.8134	138.601	36.4	60
dDocent_Contig_1567	1	452	85	417	92.2566	26.8761	36.3	60
dDocent_Contig_1569	1	250	34	247	98.8	19.264	36.2	60
dDocent_Contig_1570	1	582	60	553	95.0172	15.0876	36.4	60
dDocent_Contig_1574	1	384	79	378	98.4375	29.2109	36.4	60
dDocent_Contig_1576	1	601	9	424	70.5491	2.19301	36.3	60
dDocent_Contig_1578	1	278	56	276	99.2806	29.0612	36.3	60
dDocent_Contig_1581	1	501	37	446	89.022	10.8523	36.6	60
dDocent_Contig_1582	1	454	111	441	97.1366	35.3304	36.6	60
dDocent_Contig_1585	1	344	8	319	92.7326	3.2093	36.2	60
dDocent_Contig_1587	1	262	110	261	99.6183	59.9618	36.3	60
dDocent_Contig_1588	1	386	1	149	38.601	0.38601	36.2	60
dDocent_Contig_1589	1	337	65	336	99.7033	28.089	36.4	60
dDocent_Contig_1590	1	502	222	501	99.8008	63.5677	36.3	60
dDocent_Contig_1594	1	285	5	203	71.2281	2.50175	35.5	49.6
dDocent_Contig_1598	1	209	129	208	99.5215	86.8517	35.5	60
dDocent_Contig_1599	1	503	211	496	98.6083	60.0457	36.3	60
dDocent_Contig_1600	1	466	21	393	84.3348	6.44421	35.9	60
dDocent_Contig_1601	1	539	30	445	82.5603	7.90538	36.6	60
dDocent_Contig_1602	1	528	258	526	99.6212	71.6269	36.3	60
dDocent_Contig_1603	1	594	264	588	98.9899	64.0269	36.3	59.9
dDocent_Contig_1606	1	263	59	242	92.0152	31.7262	36.6	60
dDocent_Contig_1608	1	270	24	270	100	12.1407	35.8	60
dDocent_Contig_1610	1	388	55	364	93.8144	20.2036	36.6	60
dDocent_Contig_1613	1	353	52	325	92.068	21.4816	36.3	60
dDocent_Contig_1614	1	377	76	367	97.3475	28.6286	36.3	60
dDocent_Contig_1615	1	428	41	424	99.0654	13.3972	36.2	60
dDocent_Contig_1618	1	360	63	359	99.7222	24.8583	36.2	60
dDocent_Contig_1620	1	369	38	348	94.3089	14.5203	36.4	60
dDocent_Contig_1622	1	268	135	267	99.6269	65.2351	36.4	53.9
dDocent_Contig_1624	1	261	16	188	72.0307	8.37931	36.5	60
dDocent_Contig_1625	1	495	97	493	99.596	28.3535	36.4	60
dDocent_Contig_1626	1	457	131	454	99.3435	41.6783	36.3	60
dDocent_Contig_1627	1	283	99	282	99.6466	50.5866	36.2	60
dDocent_Contig_1632	1	230	24	228	99.1304	15.2043	36.4	60
dDocent_Contig_1634	1	290	3	221	76.2069	1.55172	36.8	60
dDocent_Contig_1635	1	363	74	358	98.6226	29.168	36.4	60
dDocent_Contig_1637	1	398	68	397	99.7487	24.9623	36.4	60
dDocent_Contig_1638	1	308	25	256	83.1169	11.5779	36.2	60
dDocent_Contig_1639	1	197	24	195	98.9848	17.1168	36.1	60
dDocent_Contig_1642	1	419	82	399	95.2267	28.327	36.4	60
dDocent_Contig_1643	1	367	66	315	85.8311	26.5014	36.5	60
dDocent_Contig_1651	1	341	80	340	99.7067	33.5015	36.5	52.1
dDocent_Contig_1653	1	459	42	328	71.4597	13.4183	36.1	60
dDocent_Contig_1654	1	468	40	468	100	12.6111	34.8	60
dDocent_Contig_1655	1	436	85	376	86.2385	27.5344	36.3	60
dDocent_Contig_1657	1	167	8	165	98.8024	6.46707	36.4	60
dDocent_Contig_1659	1	220	69	219	99.5455	43.0636	35.5	60
dDocent_Contig_1660	1	330	4	154	46.6667	1.69697	36.9	60
dDocent_Contig_1662	1	346	39	296	85.5491	16.0318	36.6	60
dDocent_Contig_1664	1	397	123	396	99.7481	45.0126	36.3	60
dDocent_Contig_1666	1	509	22	368	72.2986	6.07859	35.9	60
dDocent_Contig_1667	1	344	29	318	92.4419	12.2674	36.4	60
dDocent_Contig_1671	1	269	5	194	72.119	2.28996	36.8	60
dDocent_Contig_1672	1	312	101	310	99.359	46.7981	36.5	60
dDocent_Contig_1673	1	334	8	286	85.6287	3.5	36.9	60
dDocent_Contig_1675	1	246	24	244	99.187	13.7642	35.9	60
dDocent_Contig_1676	1	224	4	192	85.7143	2.36161	36.6	60
dDocent_Contig_1679	1	313	39	308	98.4026	18.0224	36.1	60
dDocent_Contig_1680	1	463	155	460	99.3521	48.6479	36.4	60
dDocent_Contig_1683	1	243	16	241	99.177	8.78601	36.5	60
dDocent_Contig_1687	1	315	40	313	99.3651	18.4349	36.4	60
dDocent_Contig_1692	1	345	51	315	91.3043	20.6551	36.5	55.6
dDocent_Contig_1693	1	372	19	333	89.5161	7.29032	36.8	58.8
dDocent_Contig_1694	1	378	2	237	62.6984	0.653439	36.6	60
dDocent_Contig_1695	1	513	2	230	44.8343	0.448343	32.4	60
dDocent_Contig_1696	1	493	17	468	94.929	4.85801	36.3	60
dDocent_Contig_1697	1	512	148	501	97.8516	41.9297	36.1	60
dDocent_Contig_1699	1	555	158	553	99.6396	40.4054	36.4	59.2
dDocent_Contig_1701	1	261	1	150	57.4713	0.574713	37	60
dDocent_Contig_1703	1	588	228	570	96.9388	53.4524	36.4	59.9
dDocent_Contig_1708	1	462	122	461	99.7835	38.474	36.6	60
dDocent_Contig_1709	1	397	116	387	97.4811	41.9471	36.5	60
dDocent_Contig_1713	1	248	5	226	91.129	2.43145	36.1	60
dDocent_Contig_1715	1	529	28	327	61.8147	7.68242	36.3	60
dDocent_Contig_1716	1	290	29	290	100	13.2379	35.7	60
dDocent_Contig_1717	1	420	29	359	85.4762	9.22857	36	60
dDocent_Contig_1718	1	391	5	191	48.8491	1.91304	34.7	60
dDocent_Contig_1722	1	397	198	396	99.7481	73.2292	36.4	60
dDocent_Contig_1725	1	438	58	436	99.5434	19.0639	36.3	60
dDocent_Contig_1726	1	366	16	334	91.2568	5.55738	35.8	57.3
dDocent_Contig_1727	1	321	28	315	98.1308	12.8193	36.3	60
dDocent_Contig_1732	1	369	123	367	99.458	48.3252	36.5	60
dDocent_Contig_1733	1	458	160	415	90.6114	50.952	36.5	59.6
dDocent_Contig_1734	1	527	305	520	98.6717	82.7249	36.2	60
dDocent_Contig_1736	1	284	51	283	99.6479	25.7746	36.3	60
dDocent_Contig_1738	1	577	21	516	89.4281	5.0364	36.6	60
dDocent_Contig_1739	1	263	37	262	99.6198	20.1711	36.6	60
dDocent_Contig_1741	1	363	10	362	99.7245	3.79614	36.9	60
dDocent_Contig_1742	1	446	54	431	96.6368	17.287	36.4	60
dDocent_Contig_1745	1	540	13	500	92.5926	3.38704	36.8	60
dDocent_Contig_1746	1	438	42	351	80.137	13.5662	35.8	60
dDocent_Contig_1747	1	441	99	434	98.4127	31.8118	36.4	60
dDocent_Contig_1748	1	363	121	362	99.7245	48.3967	36.3	60
dDocent_Contig_1749	1	327	103	280	85.6269	45.1009	36.7	60
dDocent_Contig_1750	1	244	17	243	99.5902	8.67213	35.4	60
dDocent_Contig_1751	1	392	130	391	99.7449	46.4694	36.3	53.7
dDocent_Contig_1756	1	418	51	397	94.9761	17.6507	36.4	60
dDocent_Contig_1757	1	319	7	257	80.5643	2.83072	36.7	60
dDocent_Contig_1759	1	458	45	358	78.1659	13.7948	36.5	60
dDocent_Contig_1761	1	294	38	293	99.6599	18.966	35.9	60
dDocent_Contig_1762	1	501	26	398	79.4411	7.58283	36.5	60
dDocent_Contig_1764	1	413	112	395	95.6416	39.6925	36.3	60
dDocent_Contig_1766	1	502	280	489	97.4104	80.5139	36.1	60
dDocent_Contig_1769	1	462	98	462	100	30.3333	36.6	60
dDocent_Contig_1773	1	252	76	244	96.8254	38.119	35.7	50.6
dDocent_Contig_1777	1	344	78	342	99.4186	32.6715	36	60
dDocent_Contig_1778	1	335	265	334	99.7015	116.191	36.6	60
dDocent_Contig_1785	1	268	32	261	97.3881	16.0299	36.6	60
dDocent_Contig_1786	1	277	36	264	95.3069	18.9783	36.4	60
dDocent_Contig_1788	1	403	84	395	98.0149	30.1241	36.5	60
dDocent_Contig_1790	1	482	102	404	83.8174	30.5685	35.8	59.9
dDocent_Contig_1791	1	304	84	303	99.6711	39.6217	35.6	59.9
dDocent_Contig_1793	1	270	1	150	55.5556	0.555556	36.9	60
dDocent_Contig_1797	1	349	182	348	99.7135	72.6848	36.4	58.5
dDocent_Contig_1800	1	341	60	338	99.1202	25.4692	36.5	60
dDocent_Contig_1802	1	276	7	252	91.3043	3.42029	35.8	60
dDocent_Contig_1805	1	359	58	355	98.8858	23.5265	36.5	60
dDocent_Contig_1806	1	358	51	329	91.8994	20.6872	36.4	60
dDocent_Contig_1808	1	279	33	277	99.2832	16.7312	36.7	60
dDocent_Contig_1809	1	438	500	437	99.7717	165.863	36.1	60
dDocent_Contig_1812	1	452	23	441	97.5664	7.31637	36.6	60
dDocent_Contig_1814	1	414	3	265	64.0097	0.949275	36.8	60
dDocent_Contig_1815	1	414	97	414	100	32.9662	36.6	60
dDocent_Contig_1816	1	558	11	362	64.8746	2.93369	35.6	60
dDocent_Contig_1819	1	375	7	273	72.8	2.37867	35.7	60
dDocent_Contig_1822	1	275	44	272	98.9091	22.0327	36.6	60
dDocent_Contig_1823	1	404	14	314	77.7228	4.91832	36.3	60
dDocent_Contig_1824	1	556	112	530	95.3237	29.1151	36.2	60
dDocent_Contig_1825	1	325	108	325	100	47.1938	36.5	58.9
dDocent_Contig_1826	1	366	10	337	92.0765	3.85246	36.6	60
dDocent_Contig_1827	1	496	85	363	73.1855	25.119	36.5	60
dDocent_Contig_1828	1	264	94	261	98.8636	52.3523	36.2	60
dDocent_Contig_1830	1	360	85	341	94.7222	33.9444	35.7	60
dDocent_Contig_1832	1	439	66	396	90.205	21.3508	36.2	60
dDocent_Contig_1833	1	366	38	315	86.0656	15.2186	36.4	60
dDocent_Contig_1834	1	422	114	421	99.763	39.128	36.6	60
dDocent_Contig_1836	1	376	169	376	100	64.2447	36.2	59.8
dDocent_Contig_1837	1	303	15	244	80.5281	6.78878	36.4	60
dDocent_Contig_1838	1	345	109	343	99.4203	45.9188	36.1	59.8
dDocent_Contig_1839	1	363	23	362	99.7245	8.90909	36.4	60
dDocent_Contig_1841	1	487	350	480	98.5626	104.302	36.4	60
dDocent_Contig_1842	1	347	48	317	91.3545	19.951	36.3	60
dDocent_Contig_1844	1	427	87	425	99.5316	27.8431	36.3	55.3
dDocent_Contig_1846	1	339	103	333	98.2301	44.3451	36.3	60
dDocent_Contig_1847	1	339	78	339	100	32.8584	36.4	60
dDocent_Contig_1848	1	349	111	347	99.4269	45.788	36.4	60
dDocent_Contig_1850	1	289	92	277	95.8478	45.1315	36.2	60
dDocent_Contig_1851	1	333	65	333	100	28.5105	36.5	60
dDocent_Contig_1852	1	204	43	204	100	29.3137	36.6	60
dDocent_Contig_1853	1	306	153	305	99.6732	73.0556	36.3	60
dDocent_Contig_1854	1	457	106	384	84.0263	33.5558	36.3	60
dDocent_Contig_1855	1	277	38	276	99.639	20.1119	36.4	60
dDocent_Contig_1857	1	341	53	319	93.5484	22.39	35.9	60
dDocent_Contig_1858	1	326	51	314	96.319	22.1472	36.5	60
dDocent_Contig_1859	1	262	14	210	80.1527	7.19847	36.7	60
dDocent_Contig_1861	1	340	198	340	100	84.6324	35.8	60
dDocent_Contig_1862	1	257	5	201	78.2101	2.79767	35.6	60
dDocent_Contig_1865	1	483	167	462	95.6522	50.2712	36.2	60
dDocent_Contig_1868	1	366	25	327	89.3443	9.63115	36.3	60
dDocent_Contig_1871	1	308	58	299	97.0779	27.6494	36	60
dDocent_Contig_1873	1	309	142	308	99.6764	67.2168	36.5	60
dDocent_Contig_1874	1	381	98	338	88.7139	35.084	35.6	60
dDocent_Contig_1875	1	425	155	419	98.5882	53.2753	36.4	60
dDocent_Contig_1876	1	260	44	259	99.6154	24.4654	36.2	60
dDocent_Contig_1877	1	396	7	237	59.8485	2.34848	36.4	60
dDocent_Contig_1878	1	514	83	398	77.4319	23.4922	36.4	60
dDocent_Contig_1883	1	376	52	374	99.4681	20.1011	36.2	60
dDocent_Contig_1889	1	310	83	309	99.6774	37.2516	35.8	60
dDocent_Contig_1890	1	409	48	386	94.3765	16.7066	36.6	60
dDocent_Contig_1893	1	577	38	509	88.2149	9.37088	35.6	60
dDocent_Contig_1894	1	326	7	294	90.184	2.88957	36.6	60
dDocent_Contig_1897	1	292	38	290	99.3151	19.0514	36	60
dDocent_Contig_1898	1	202	10	199	98.5149	6.66337	36.7	60
dDocent_Contig_1899	1	376	12	376	100	4.3883	36.8	60
dDocent_Contig_1900	1	381	37	321	84.252	14.3438	36.5	60
dDocent_Contig_1905	1	417	223	416	99.7602	73.7626	36.2	55.1
dDocent_Contig_1907	1	571	59	519	90.8932	14.5902	36.5	60
dDocent_Contig_1909	1	268	172	267	99.6269	92.2836	36.2	60
dDocent_Contig_1911	1	457	507	408	89.2779	160.834	36.2	59.9
dDocent_Contig_1913	1	262	26	189	72.1374	13.4962	35.9	60
dDocent_Contig_1915	1	261	11	260	99.6169	6.11111	36.6	60
dDocent_Contig_1919	1	263	12	227	86.3118	6.04563	36.2	60
dDocent_Contig_1920	1	374	34	373	99.7326	13.0722	36.7	60
dDocent_Contig_1923	1	367	133	365	99.455	51.0926	36.1	60
dDocent_Contig_1931	1	200	456	200	100	311.485	36.5	60
dDocent_Contig_1934	1	405	36	398	98.2716	12.1975	36	60
dDocent_Contig_1939	1	397	10	238	59.9496	3.62469	36.8	60
dDocent_Contig_1940	1	371	6	178	47.9784	2.09434	36	60
dDocent_Contig_1943	1	448	223	445	99.3304	70.692	36.2	59.8
dDocent_Contig_1945	1	338	323	337	99.7041	136.926	36.3	60
dDocent_Contig_1951	1	331	159	330	99.6979	69.2296	36.3	60
dDocent_Contig_1954	1	328	72	297	90.5488	31.5	36.5	60
dDocent_Contig_1957	1	505	227	496	98.2178	65.3624	36.3	60
dDocent_Contig_1959	1	443	92	442	99.7743	30.2528	36.2	60
dDocent_Contig_1961	1	498	268	497	99.7992	78.6486	36.4	60
dDocent_Contig_1962	1	256	29	254	99.2188	16.1875	35.8	60
dDocent_Contig_1963	1	378	83	329	87.037	32.1772	36.1	60
dDocent_Contig_1972	1	331	63	331	100	26.2719	36.1	60
dDocent_Contig_1975	1	292	40	267	91.4384	18.6062	36.2	60
dDocent_Contig_1976	1	429	3	254	59.2075	0.909091	34.9	60
dDocent_Contig_1978	1	424	21	273	64.3868	7.16274	36.8	60
dDocent_Contig_1979	1	625	100	622	99.52	22.4304	36.5	55.6
dDocent_Contig_1981	1	256	20	251	98.0469	10.7461	36.2	60
dDocent_Contig_1982	1	429	35	412	96.0373	11.4476	36.2	60
dDocent_Contig_1983	1	242	2	107	44.2149	0.884298	37	60
dDocent_Contig_1984	1	409	29	393	96.088	10.0122	36.4	60
dDocent_Contig_1986	1	398	28	334	83.9196	10.0276	36.3	60
dDocent_Contig_1988	1	402	176	401	99.7512	61.2537	35.2	60
dDocent_Contig_1989	1	507	4	243	47.929	0.998028	36.9	60
dDocent_Contig_1990	1	561	145	440	78.4314	37.5865	36.5	60
dDocent_Contig_1991	1	269	76	267	99.2565	41.1375	36.6	60
dDocent_Contig_1993	1	472	37	383	81.1441	11.3835	36.2	60
dDocent_Contig_1994	1	351	3	312	88.8889	1.18803	36.8	60
dDocent_Contig_1995	1	491	61	490	99.7963	18.0652	36	60
dDocent_Contig_1998	1	474	149	456	96.2025	45.6603	36.3	60
dDocent_Contig_2002	1	529	148	528	99.811	40.8544	36.2	60
dDocent_Contig_2021	1	275	9	272	98.9091	4.45818	36.7	60
dDocent_Contig_2022	1	363	2	163	44.9036	0.826446	36.8	60
dDocent_Contig_2027	1	412	128	355	86.165	45.0024	36.3	60
dDocent_Contig_2028	1	262	60	262	100	32.3168	36.6	59
dDocent_Contig_2030	1	537	59	513	95.5307	15.9125	36.3	60
dDocent_Contig_2031	1	464	78	463	99.7845	24.3879	36.4	60
dDocent_Contig_2035	1	360	174	359	99.7222	70.3306	36.3	60
dDocent_Contig_2036	1	274	187	273	99.635	99.2847	36.3	60
dDocent_Contig_2039	1	375	56	366	97.6	21.7387	36.3	60
dDocent_Contig_2040	1	263	10	223	84.7909	5.52852	36.6	60
dDocent_Contig_2041	1	421	18	357	84.7981	6.10926	36.7	60
dDocent_Contig_2043	1	442	174	441	99.7738	57.405	36.6	59.7
dDocent_Contig_2045	1	424	161	420	99.0566	55.3113	36.4	60
dDocent_Contig_2046	1	559	28	431	77.102	7.24687	36.6	60
dDocent_Contig_2047	1	302	125	301	99.6689	60.8543	36.4	60
dDocent_Contig_2048	1	277	247	276	99.639	125.527	36.3	60
dDocent_Contig_2053	1	361	41	349	96.6759	16.313	36.2	60
dDocent_Contig_2055	1	286	156	284	99.3007	78.7028	36.3	60
dDocent_Contig_2056	1	412	64	412	100	22.0583	36.3	56.9
dDocent_Contig_2057	1	297	29	275	92.5926	14.1515	36.4	60
dDocent_Contig_2058	1	417	37	295	70.7434	12.8034	36.1	60
dDocent_Contig_2059	1	457	184	396	86.6521	58.8906	36.5	60
dDocent_Contig_2061	1	377	61	376	99.7347	23.1247	36.3	60
dDocent_Contig_2062	1	385	264	384	99.7403	100.327	36.5	60
dDocent_Contig_2065	1	342	88	341	99.7076	36.7895	36.5	60
dDocent_Contig_2067	1	447	5	384	85.906	1.67785	36.9	60
dDocent_Contig_2073	1	364	26	348	95.6044	9.6044	36.6	57.2
dDocent_Contig_2079	1	436	40	413	94.7248	13.0413	36.5	60
dDocent_Contig_2081	1	189	5	184	97.3545	3.13757	36.6	57.8
dDocent_Contig_2083	1	193	58	193	100	43.0207	35.9	60
dDocent_Contig_2085	1	416	32	360	86.5385	10.9399	36.3	60
dDocent_Contig_2087	1	340	12	219	64.4118	4.63824	36.9	60
dDocent_Contig_2088	1	408	127	407	99.7549	45.5711	36.5	60
dDocent_Contig_2090	1	401	32	318	79.3017	10.3591	35.5	56.8
dDocent_Contig_2091	1	415	231	407	98.0723	72.9446	36.2	57.7
dDocent_Contig_2095	1	594	307	579	97.4747	75.0623	36.2	60
dDocent_Contig_2097	1	489	32	458	93.6605	9.47444	36.7	60
dDocent_Contig_2098	1	414	50	414	100	17.0894	36	60
dDocent_Contig_2099	1	319	404	317	99.373	178.288	36.3	59.6
dDocent_Contig_2106	1	271	53	271	100	27.9631	35.4	60
dDocent_Contig_2109	1	391	48	388	99.2327	16.8645	35.9	60
dDocent_Contig_2111	1	271	107	271	100	56.7749	36.4	60
dDocent_Contig_2112	1	338	136	335	99.1124	58.429	36.4	60
dDocent_Contig_2115	1	354	38	350	98.8701	15.3418	36.6	60
dDocent_Contig_2116	1	346	122	345	99.711	51.5751	36.1	60
dDocent_Contig_2118	1	535	111	379	70.8411	30.1327	36.6	60
dDocent_Contig_2120	1	393	69	391	99.4911	25.8677	36.4	60
dDocent_Contig_2121	1	266	4	192	72.1805	1.82707	36.1	60
dDocent_Contig_2122	1	337	45	336	99.7033	19.1365	36.5	60
dDocent_Contig_2123	1	282	46	281	99.6454	22.7376	36.2	60
dDocent_Contig_2126	1	198	67	198	100	47.9242	36.5	60
dDocent_Contig_2127	1	328	107	327	99.6951	47.372	36.4	60
dDocent_Contig_2129	1	343	6	275	80.1749	2.5102	36.3	60
dDocent_Contig_2135	1	297	129	296	99.6633	63.7677	36.4	60
dDocent_Contig_2136	1	320	56	318	99.375	24.8687	36.7	60
dDocent_Contig_2137	1	434	94	391	90.0922	30.9816	36.4	60
dDocent_Contig_2138	1	430	49	430	100	16.2744	36.2	60
dDocent_Contig_2139	1	438	109	437	99.7717	35.6233	36.5	60
dDocent_Contig_2140	1	419	115	411	98.0907	39.9666	36.3	60
dDocent_Contig_2141	1	453	68	393	86.755	21.3488	36.2	60
dDocent_Contig_2143	1	312	169	312	100	78.0769	36.1	60
dDocent_Contig_2146	1	277	121	275	99.278	64.0469	36.5	60
dDocent_Contig_2148	1	362	136	361	99.7238	54.5249	36.4	60
dDocent_Contig_2149	1	281	94	280	99.6441	47.0996	36.6	60
dDocent_Contig_2151	1	368	124	363	98.6413	48.2582	36.5	60
dDocent_Contig_2152	1	427	82	315	73.7705	27.3232	36.3	60
dDocent_Contig_2157	1	442	10	272	61.5385	3.22398	36.4	60
dDocent_Contig_2166	1	296	43	295	99.6622	21.1453	36.5	60
dDocent_Contig_2168	1	470	31	469	99.7872	9.51915	36.1	60
dDocent_Contig_2171	1	329	83	327	99.3921	36.1155	36.2	60
dDocent_Contig_2173	1	570	77	508	89.1228	19.5596	36.3	60
dDocent_Contig_2178	1	513	56	510	99.4152	15.8168	36.3	60
dDocent_Contig_2179	1	435	18	402	92.4138	5.8046	36.7	60
dDocent_Contig_2183	1	517	259	460	88.9749	73.1354	36.2	60
dDocent_Contig_2187	1	281	193	280	99.6441	99.5125	36.3	60
dDocent_Contig_2189	1	386	8	316	81.8653	3.05959	36.5	60
dDocent_Contig_2190	1	314	36	314	100	16.3217	36.4	60
dDocent_Contig_2193	1	408	345	385	94.3627	113.998	35.2	60
dDocent_Contig_2195	1	250	79	249	99.6	44.804	36.5	60
dDocent_Contig_2197	1	357	31	335	93.8375	12.1345	36	60
dDocent_Contig_2200	1	556	282	533	95.8633	73.5324	36.2	59.7
dDocent_Contig_2201	1	332	21	310	93.3735	9.21988	36.4	60
dDocent_Contig_2202	1	152	21	150	98.6842	17.7697	35.7	60
dDocent_Contig_2203	1	428	74	355	82.9439	25.1028	35.9	60
dDocent_Contig_2206	1	395	97	353	89.3671	34.7975	36.2	60
dDocent_Contig_2211	1	276	70	275	99.6377	36.6812	36.3	60
dDocent_Contig_2212	1	551	58	523	94.9183	15.1162	36.3	60
dDocent_Contig_2213	1	453	55	435	96.0265	17.5894	36.5	60
dDocent_Contig_2215	1	412	85	410	99.5146	29.6529	36.1	60
dDocent_Contig_2216	1	313	6	143	45.6869	2.23962	35	60
dDocent_Contig_2217	1	415	84	377	90.8434	29.5614	36.1	60
dDocent_Contig_2218	1	355	30	299	84.2254	11.9859	36.4	60
dDocent_Contig_2219	1	530	75	414	78.1132	20.4038	36.1	60
dDocent_Contig_2220	1	503	39	429	85.2883	11.002	36.5	60
dDocent_Contig_2221	1	584	173	582	99.6575	42.1267	36	60
dDocent_Contig_2227	1	176	3	160	90.9091	2.52841	36.2	60
dDocent_Contig_2232	1	540	40	459	85	10.7704	35.8	60
dDocent_Contig_2240	1	361	150	360	99.723	60.0526	36	60
dDocent_Contig_2241	1	267	39	264	98.8764	19.3558	36.4	57.3
dDocent_Contig_2243	1	446	40	418	93.722	13.2265	36.2	60
dDocent_Contig_2244	1	420	67	372	88.5714	23.2833	36.4	60
dDocent_Contig_2246	1	290	45	283	97.5862	21.9	36	60
dDocent_Contig_2251	1	509	126	404	79.3713	35.5501	36.4	60
dDocent_Contig_2252	1	279	853	277	99.2832	438.989	36.3	60
dDocent_Contig_2253	1	337	16	250	74.184	6.0178	35.7	60
dDocent_Contig_2255	1	325	150	324	99.6923	65.1938	36.3	60
dDocent_Contig_2257	1	390	134	385	98.7179	49.4513	35.6	60
dDocent_Contig_2262	1	216	155	215	99.537	101.269	36.2	60
dDocent_Contig_2263	1	424	72	410	96.6981	24.0024	36.5	60
dDocent_Contig_2264	1	418	37	416	99.5215	12.4545	36.5	60
dDocent_Contig_2266	1	330	128	330	100	56.8727	36.2	60
dDocent_Contig_2268	1	330	150	329	99.697	66.1091	36.4	60
dDocent_Contig_2271	1	457	16	261	57.1116	4.89278	36	60
dDocent_Contig_2272	1	541	215	522	96.488	56.1996	36.2	59.8
dDocent_Contig_2275	1	357	42	357	100	17.2157	36.6	60
dDocent_Contig_2276	1	437	29	413	94.508	8.49657	36.4	60
dDocent_Contig_2277	1	270	26	266	98.5185	12.9815	36.3	60
dDocent_Contig_2282	1	379	36	361	95.2507	13.4908	36.7	60
dDocent_Contig_2283	1	254	8	253	99.6063	4.50787	35.6	60
dDocent_Contig_2284	1	429	23	313	72.9604	7.70629	36.3	60
dDocent_Contig_2285	1	433	87	385	88.9145	29.1524	36.5	60
dDocent_Contig_2286	1	352	109	351	99.7159	45.2045	36.4	60
dDocent_Contig_2288	1	587	33	576	98.1261	8.04429	36.3	60
dDocent_Contig_2290	1	349	53	348	99.7135	21.7908	36.4	60
dDocent_Contig_2292	1	517	29	352	68.0851	8.02321	36.5	60
dDocent_Contig_2293	1	480	79	456	95	23.8875	36.3	60
dDocent_Contig_2301	1	302	13	248	82.1192	6.34437	36.6	60
dDocent_Contig_2303	1	428	14	351	82.0093	4.56308	36.3	60
dDocent_Contig_2304	1	557	19	176	31.5978	4.73429	36.3	60
dDocent_Contig_2306	1	450	13	293	65.1111	4.25111	36.7	60
dDocent_Contig_2310	1	482	64	426	88.3817	19.2261	36.1	60
dDocent_Contig_2312	1	419	57	414	98.8067	19.4344	36.4	60
dDocent_Contig_2313	1	500	6	171	34.2	1.358	36.5	50.8
dDocent_Contig_2315	1	562	147	492	87.5445	37.7171	36.1	60
dDocent_Contig_2318	1	380	204	377	99.2105	78.2289	36.4	60
dDocent_Contig_2320	1	374	66	374	100	25.3636	36.1	60
dDocent_Contig_2321	1	409	36	303	74.0831	12.7873	36.2	60
dDocent_Contig_2322	1	382	49	370	96.8586	18.0026	36.3	60
dDocent_Contig_2323	1	392	89	391	99.7449	30.574	36.1	60
dDocent_Contig_2326	1	192	47	191	99.4792	34.8281	36.2	60
dDocent_Contig_2327	1	542	37	242	44.6494	9.85055	36.3	60
dDocent_Contig_2328	1	428	4	233	54.4393	1.38785	36.7	60
dDocent_Contig_2329	1	492	137	424	86.1789	40.3049	36.2	60
dDocent_Contig_2330	1	430	74	383	89.0698	24.6674	36.3	60
dDocent_Contig_2332	1	383	100	374	97.6501	38.2063	36.5	60
dDocent_Contig_2334	1	441	89	418	94.7846	28.8503	36.4	60
dDocent_Contig_2337	1	202	62	201	99.505	43.2079	36.4	60
dDocent_Contig_2338	1	310	34	305	98.3871	15.5226	36.4	59.4
dDocent_Contig_2339	1	378	57	377	99.7354	21.6058	36.4	60
dDocent_Contig_2341	1	391	31	326	83.376	11.8184	36.3	60
dDocent_Contig_2344	1	330	73	328	99.3939	32.1939	36.1	60
dDocent_Contig_2345	1	351	51	351	100	20.9972	36.7	60
dDocent_Contig_2350	1	386	139	351	90.9326	52.6969	36.4	60
dDocent_Contig_2351	1	288	96	287	99.6528	48.1806	36.4	60
dDocent_Contig_2352	1	524	103	465	88.7405	29.2156	36.3	60
dDocent_Contig_2354	1	568	651	539	94.8944	165.188	36.3	60
dDocent_Contig_2358	1	318	4	249	78.3019	1.86164	35.8	60
dDocent_Contig_2359	1	535	76	422	78.8785	20.5645	36.5	60
dDocent_Contig_2362	1	257	41	256	99.6109	21.1167	36.3	37.8
dDocent_Contig_2363	1	283	47	281	99.2933	23.8693	36.2	60
dDocent_Contig_2366	1	340	80	338	99.4118	33.6882	36.6	60
dDocent_Contig_2367	1	317	39	298	94.0063	17.9558	36.6	60
dDocent_Contig_2368	1	293	201	292	99.6587	99.6246	36.3	60
dDocent_Contig_2373	1	391	151	378	96.6752	56.1279	36.2	60
dDocent_Contig_2374	1	292	134	290	99.3151	66.8116	36.1	60
dDocent_Contig_2375	1	450	128	446	99.1111	41.6933	36.4	60
dDocent_Contig_2376	1	324	21	262	80.8642	9.09259	36.5	60
dDocent_Contig_2379	1	274	7	217	79.1971	3.58759	36.1	60
dDocent_Contig_2381	1	353	123	341	96.6006	50.0368	36.6	60
dDocent_Contig_2383	1	244	44	241	98.7705	26.1148	36.4	60
dDocent_Contig_2385	1	313	51	312	99.6805	23.9776	36.6	60
dDocent_Contig_2386	1	530	186	401	75.6604	50.834	36.3	60
dDocent_Contig_2387	1	408	81	313	76.7157	28.8088	36.3	60
dDocent_Contig_2388	1	520	25	472	90.7692	6.95962	35.9	60
dDocent_Contig_2391	1	482	24	361	74.8963	7.29461	36.6	60
dDocent_Contig_2393	1	414	17	413	99.7585	6.02174	36.4	60
dDocent_Contig_2394	1	426	135	425	99.7653	46.2418	36.1	60
dDocent_Contig_2396	1	390	133	355	91.0256	49.6615	36.3	60
dDocent_Contig_2402	1	366	146	365	99.7268	56.9317	36.2	59.8
dDocent_Contig_2403	1	295	32	262	88.8136	14.9831	36.8	60
dDocent_Contig_2404	1	287	54	285	99.3031	25.0906	36	60
dDocent_Contig_2406	1	343	130	329	95.9184	55.1808	36.3	60
dDocent_Contig_2408	1	444	79	425	95.7207	25.6622	36.7	60
dDocent_Contig_2409	1	439	262	431	98.1777	80.3964	35.6	60
dDocent_Contig_2410	1	449	65	448	99.7773	20.3608	36.3	60
dDocent_Contig_2411	1	358	104	356	99.4413	41.6285	36.4	60
dDocent_Contig_2413	1	515	81	375	72.8155	22.8699	36.1	60
dDocent_Contig_2414	1	350	78	328	93.7143	32.2429	36.6	60
dDocent_Contig_2418	1	386	62	372	96.3731	23.0311	36.2	60
dDocent_Contig_2420	1	326	88	325	99.6933	38.0828	36.4	60
dDocent_Contig_2424	1	246	69	245	99.5935	39.4634	35.8	60
dDocent_Contig_2426	1	544	121	507	93.1985	31.9081	36.5	60
dDocent_Contig_2427	1	214	4	205	95.7944	2.7243	35.2	45.2
dDocent_Contig_2428	1	510	143	509	99.8039	40.0098	36.3	53.3
dDocent_Contig_2429	1	288	94	284	98.6111	45.8403	36.2	60
dDocent_Contig_2430	1	232	10	217	93.5345	6.09914	36.1	60
dDocent_Contig_2432	1	505	481	504	99.802	133.152	36	59
dDocent_Contig_2433	1	304	59	304	100	27.6612	36.2	58.3
dDocent_Contig_2436	1	456	28	304	66.6667	8.96053	36.6	60
dDocent_Contig_2437	1	444	116	436	98.1982	38.1577	36.5	60
dDocent_Contig_2438	1	263	21	262	99.6198	11.3574	36.4	60
dDocent_Contig_2441	1	200	30	199	99.5	21.03	36.1	60
dDocent_Contig_2444	1	296	125	295	99.6622	61.2736	36.4	60
dDocent_Contig_2445	1	283	73	282	99.6466	37.0848	36.3	60
dDocent_Contig_2447	1	361	9	249	68.9751	3.70083	36.4	60
dDocent_Contig_2449	1	331	57	330	99.6979	24.9456	35.9	60
dDocent_Contig_2450	1	273	25	273	100	13.4249	36.6	60
dDocent_Contig_2451	1	361	60	345	95.5679	23.8172	36.7	60
dDocent_Contig_2453	1	276	33	272	98.5507	16.9457	36.6	60
dDocent_Contig_2455	1	373	10	340	91.1528	3.43968	36.6	60
dDocent_Contig_2456	1	359	53	351	97.7716	20.9443	36.3	60
dDocent_Contig_2457	1	280	96	279	99.6429	49.9464	36.4	60
dDocent_Contig_2459	1	287	116	278	96.8641	58.6272	36.6	60
dDocent_Contig_2461	1	567	295	541	95.4145	74.9612	36.2	58.9
dDocent_Contig_2464	1	352	76	322	91.4773	31.3807	36.3	60
dDocent_Contig_2465	1	402	87	400	99.5025	31.1194	36.4	60
dDocent_Contig_2468	1	368	154	367	99.7283	60.3641	36.3	60
dDocent_Contig_2470	1	440	151	426	96.8182	49.7864	36.1	60
dDocent_Contig_2473	1	333	18	324	97.2973	8.01201	36.2	60
dDocent_Contig_2475	1	392	15	389	99.2347	5.52806	36.3	60
dDocent_Contig_2477	1	382	238	382	100	88.5838	36.4	59.5
dDocent_Contig_2478	1	489	54	488	99.7955	15.7444	36	60
dDocent_Contig_2482	1	397	127	363	91.4358	46.9395	36.4	60
dDocent_Contig_2483	1	365	29	341	93.4247	11.4603	35.9	60
dDocent_Contig_2485	1	546	174	443	81.1355	45.7747	36.1	60
dDocent_Contig_2487	1	424	63	421	99.2925	21.184	36.4	60
dDocent_Contig_2489	1	369	31	366	99.187	12.2033	36.1	60
dDocent_Contig_2490	1	364	19	304	83.5165	7.3489	36.6	60
dDocent_Contig_2491	1	365	105	342	93.6986	41.0904	36.3	60
dDocent_Contig_2492	1	304	20	259	85.1974	9.19737	36.3	60
dDocent_Contig_2497	1	384	100	379	98.6979	37.3073	36.6	60
dDocent_Contig_2501	1	348	9	337	96.8391	3.51437	36.4	60
dDocent_Contig_2503	1	251	72	250	99.6016	41.3825	36.4	60
dDocent_Contig_2508	1	415	72	380	91.5663	25.0506	36.5	60
dDocent_Contig_2509	1	547	70	523	95.6124	18.4552	36.1	60
dDocent_Contig_2511	1	405	152	402	99.2593	54.6914	36.3	60
dDocent_Contig_2512	1	269	4	264	98.1413	2.17472	34.9	60
dDocent_Contig_2513	1	313	74	312	99.6805	33.2716	35.7	60
dDocent_Contig_2514	1	296	77	294	99.3243	37.8851	36.6	60
dDocent_Contig_2515	1	489	145	465	95.092	42.6605	36.2	60
dDocent_Contig_2519	1	262	63	262	100	34.7137	36.3	60
dDocent_Contig_2521	1	466	24	316	67.8112	7.09871	36.4	60
dDocent_Contig_2522	1	561	158	560	99.8217	40.1818	35.7	60
dDocent_Contig_2523	1	324	3	130	40.1235	1.0463	36.4	60
dDocent_Contig_2526	1	510	53	482	94.5098	14.7431	36.3	60
dDocent_Contig_2527	1	356	54	319	89.6067	21.6264	36.4	60
dDocent_Contig_2530	1	474	26	270	56.962	7.61814	36.3	60
dDocent_Contig_2532	1	511	60	419	81.9961	16.8611	36	60
dDocent_Contig_2535	1	433	56	431	99.5381	18.8661	36.3	60
dDocent_Contig_2540	1	388	71	387	99.7423	26.1649	36.4	60
dDocent_Contig_2542	1	313	28	302	96.4856	12.8307	36.1	60
dDocent_Contig_2544	1	356	193	356	100	78.9607	36.2	60
dDocent_Contig_2545	1	395	84	379	95.9494	30.2886	36.2	60
dDocent_Contig_2547	1	338	240	213	63.0178	101.352	36.4	60
dDocent_Contig_2548	1	288	57	286	99.3056	28.9514	35.9	60
dDocent_Contig_2550	1	214	16	152	71.028	8.45327	36.2	44
dDocent_Contig_2554	1	344	22	344	100	8.90698	36.7	60
dDocent_Contig_2555	1	429	45	409	95.338	15.1212	35.8	60
dDocent_Contig_2557	1	561	86	540	96.2567	21.6684	36	60
dDocent_Contig_2558	1	232	9	168	72.4138	5.30603	36.1	60
dDocent_Contig_2559	1	322	48	303	94.0994	21.5683	36.4	60
dDocent_Contig_2560	1	490	27	489	99.7959	7.60612	36.6	57.9
dDocent_Contig_2562	1	495	11	460	92.9293	3.24646	35.9	60
dDocent_Contig_2563	1	187	2	150	80.2139	1.60428	36.5	60
dDocent_Contig_2564	1	288	160	287	99.6528	81.1458	36.4	60
dDocent_Contig_2567	1	538	18	328	60.9665	4.5948	36.5	60
dDocent_Contig_2568	1	331	77	326	98.4894	33.5438	36.4	60
dDocent_Contig_2570	1	453	104	451	99.5585	33.5475	36.4	60
dDocent_Contig_2571	1	556	18	522	93.8849	4.26259	36.7	60
dDocent_Contig_2572	1	351	33	347	98.8604	13.0313	36.7	60
dDocent_Contig_2573	1	266	19	212	79.6992	9.93233	36.8	60
dDocent_Contig_2574	1	270	4	163	60.3704	1.92222	33.7	60
dDocent_Contig_2576	1	309	81	307	99.3528	38.1748	36.1	60
dDocent_Contig_2580	1	458	122	457	99.7817	38.3777	35.6	60
dDocent_Contig_2583	1	250	9	248	99.2	5.12	36.5	60
dDocent_Contig_2585	1	329	214	328	99.696	93.228	35.8	60
dDocent_Contig_2586	1	517	85	356	68.8588	23.7602	35.9	60
dDocent_Contig_2587	1	387	226	384	99.2248	84.0646	35.5	60
dDocent_Contig_2591	1	304	70	227	74.6711	32.273	36.4	60
dDocent_Contig_2592	1	584	487	561	96.0616	121.149	36.4	60
dDocent_Contig_2593	1	358	135	357	99.7207	54.4553	36.1	60
dDocent_Contig_2600	1	425	4	297	69.8824	1.27059	34.5	60
dDocent_Contig_2601	1	355	105	355	100	43.2648	36.4	60
dDocent_Contig_2602	1	520	176	517	99.4231	47.8269	36.2	60
dDocent_Contig_2603	1	233	88	230	98.7124	53.4421	36.4	60
dDocent_Contig_2605	1	532	32	522	98.1203	8.33647	36.3	60
dDocent_Contig_2606	1	355	189	325	91.5493	77.7437	36.2	60
dDocent_Contig_2607	1	431	6	174	40.3712	2.02088	35.7	60
dDocent_Contig_2608	1	511	1	142	27.7886	0.277886	35.6	60
dDocent_Contig_2609	1	219	4	163	74.4292	2.63014	36.7	60
dDocent_Contig_2610	1	369	21	336	91.0569	7.0271	36.7	60
dDocent_Contig_2611	1	433	1	150	34.642	0.34642	36.8	60
dDocent_Contig_2615	1	270	51	269	99.6296	27.3296	36.2	60
dDocent_Contig_2616	1	592	62	426	71.9595	15.0777	36.4	60
dDocent_Contig_2620	1	399	98	397	99.4987	35.3459	36	60
dDocent_Contig_2621	1	371	52	364	98.1132	20.3073	36.5	60
dDocent_Contig_2622	1	373	3	204	54.6917	1.01877	37	60
dDocent_Contig_2627	1	318	13	303	95.283	5.91509	36.8	60
dDocent_Contig_2628	1	437	12	400	91.5332	3.77574	36.6	60
dDocent_Contig_2630	1	226	7	163	72.1239	4.0354	35.2	60
dDocent_Contig_2631	1	321	29	309	96.2617	12.2835	36.2	57.5
dDocent_Contig_2632	1	339	55	337	99.41	23.7493	36.3	60
dDocent_Contig_2634	1	444	48	373	84.009	15.5608	36.5	60
dDocent_Contig_2635	1	257	12	207	80.5447	6.41634	36.5	60
dDocent_Contig_2639	1	314	7	299	95.2229	2.99363	36.6	60
dDocent_Contig_2644	1	389	102	388	99.7429	38.108	36.5	60
dDocent_Contig_2645	1	321	37	299	93.1464	16.7539	36.4	60
dDocent_Contig_2648	1	337	197	337	100	82.2077	36.1	59.9
dDocent_Contig_2654	1	276	11	182	65.942	5.19565	35.6	60
dDocent_Contig_2655	1	406	117	405	99.7537	41.7069	36.5	60
dDocent_Contig_2657	1	256	156	256	100	86.3086	36.2	60
dDocent_Contig_2658	1	451	4	369	81.8182	1.22395	35.1	60
dDocent_Contig_2660	1	474	77	440	92.827	22.9473	36.4	60
dDocent_Contig_2663	1	263	12	180	68.4411	6.13308	36.6	60
dDocent_Contig_2664	1	467	69	455	97.4304	21.1991	36.2	60
dDocent_Contig_2667	1	390	76	353	90.5128	28.4615	36.3	60
dDocent_Contig_2668	1	478	104	463	96.8619	31.1527	36.5	60
dDocent_Contig_2669	1	335	13	289	86.2687	5.57612	36.1	60
dDocent_Contig_2671	1	261	208	260	99.6169	112.172	36.3	57.2
dDocent_Contig_2677	1	233	97	231	99.1416	60.5365	36.5	60
dDocent_Contig_2678	1	300	27	298	99.3333	12.63	36.2	60
dDocent_Contig_2680	1	354	13	243	68.6441	4.73446	36.1	60
dDocent_Contig_2681	1	405	34	316	78.0247	12.0741	36.3	60
dDocent_Contig_2683	1	331	109	330	99.6979	48.136	36.4	60
dDocent_Contig_2685	1	430	31	417	96.9767	10.6674	36.5	60
dDocent_Contig_2686	1	476	158	426	89.4958	47.666	36.3	60
dDocent_Contig_2687	1	251	71	248	98.8048	40.49	36.4	60
dDocent_Contig_2694	1	510	218	473	92.7451	58.3216	36.3	55
dDocent_Contig_2696	1	432	191	431	99.7685	64.794	36.2	60
dDocent_Contig_2698	1	241	38	240	99.5851	23.0705	36.4	60
dDocent_Contig_2699	1	448	81	323	72.0982	24.9643	35.9	60
dDocent_Contig_2701	1	282	105	280	99.2908	54.195	36.4	60
dDocent_Contig_2702	1	363	71	360	99.1736	27.9532	36.1	59.5
dDocent_Contig_2703	1	342	55	215	62.8655	21.2895	36.1	55.4
dDocent_Contig_2704	1	338	577	336	99.4083	234.864	36.2	58
dDocent_Contig_2705	1	249	27	239	95.9839	15.4016	36.4	60
dDocent_Contig_2713	1	507	81	425	83.8264	23.1795	36.3	60
dDocent_Contig_2714	1	361	72	332	91.9668	28.6898	36.4	60
dDocent_Contig_2716	1	393	171	391	99.4911	61.2392	35.5	60
dDocent_Contig_2718	1	300	3	137	45.6667	1.25667	36.9	60
dDocent_Contig_2719	1	261	36	254	97.318	19.8046	36.4	60
dDocent_Contig_2723	1	372	271	371	99.7312	105.376	36.2	60
dDocent_Contig_2725	1	353	6	344	97.4504	2.24929	34.6	60
dDocent_Contig_2727	1	501	148	434	86.6267	42.7086	36.2	59.9
dDocent_Contig_2730	1	369	7	298	80.7588	2.36043	36.3	60
dDocent_Contig_2731	1	467	122	463	99.1435	38.5203	36.3	60
dDocent_Contig_2736	1	581	3524	581	100	793.358	35.2	60
dDocent_Contig_2740	1	534	8	412	77.1536	1.9176	35.5	60
dDocent_Contig_2744	1	359	45	336	93.5933	18.3175	35.9	60
dDocent_Contig_2746	1	328	6	210	64.0244	2.2622	36.5	60
dDocent_Contig_2748	1	328	34	313	95.4268	14.5518	36.6	60
dDocent_Contig_2754	1	399	85	394	98.7469	29.8246	36.4	60
dDocent_Contig_2755	1	330	90	328	99.3939	39.7455	36.2	60
dDocent_Contig_2756	1	376	44	347	92.2872	17.0532	35.9	60
dDocent_Contig_2758	1	344	118	343	99.7093	49.4651	36.3	60
dDocent_Contig_2762	1	331	34	299	90.3323	14.4109	36.6	60
dDocent_Contig_2763	1	234	81	233	99.5726	47.5556	36.4	59.9
dDocent_Contig_2766	1	501	66	500	99.8004	19.0259	36.2	60
dDocent_Contig_2767	1	385	43	383	99.4805	16.1922	36.2	60
dDocent_Contig_2771	1	241	7	204	84.6473	3.70954	35.4	60
dDocent_Contig_2772	1	397	88	396	99.7481	32.6448	36.6	60
dDocent_Contig_2774	1	330	11	299	90.6061	3.97879	36.1	60
dDocent_Contig_2775	1	237	67	237	100	40.5992	36.5	60
dDocent_Contig_2776	1	365	33	333	91.2329	13.1534	36.7	60
dDocent_Contig_2779	1	462	90	445	96.3203	28.4221	35.9	60
dDocent_Contig_2780	1	323	198	323	100	88.6533	36.4	60
dDocent_Contig_2781	1	289	165	288	99.654	83.2664	36.4	60
dDocent_Contig_2783	1	455	93	334	73.4066	29.8857	36.4	60
dDocent_Contig_2788	1	348	51	307	88.2184	20.7931	36.6	60
dDocent_Contig_2792	1	275	18	230	83.6364	9.57091	36.7	60
dDocent_Contig_2801	1	266	12	265	99.6241	6.47368	36.4	60
dDocent_Contig_2802	1	210	147	209	99.5238	100.848	36.3	60
dDocent_Contig_2805	1	315	20	299	94.9206	8.93651	36.6	60
dDocent_Contig_2812	1	441	3	157	35.6009	1.00454	33.8	60
dDocent_Contig_2818	1	585	58	509	87.0085	13.9744	36.6	60
dDocent_Contig_2819	1	384	31	287	74.7396	11.4167	36.7	60
dDocent_Contig_2820	1	237	36	234	98.7342	21.3671	36.3	60
dDocent_Contig_2823	1	305	21	289	94.7541	9.98689	36.3	60
dDocent_Contig_2827	1	539	2	267	49.5362	0.538033	36.3	60
dDocent_Contig_2828	1	370	95	347	93.7838	35.8811	36.1	60
dDocent_Contig_2830	1	297	28	295	99.3266	11.7104	34.6	53.6
dDocent_Contig_2831	1	498	84	485	97.3896	24.6386	36.4	60
dDocent_Contig_2833	1	565	222	542	95.9292	56.7558	36	60
dDocent_Contig_2835	1	333	2	146	43.8438	0.870871	36.6	60
dDocent_Contig_2836	1	265	21	255	96.2264	10.9283	36.2	60
dDocent_Contig_2839	1	454	194	451	99.3392	61.1564	36.3	60
dDocent_Contig_2840	1	400	58	398	99.5	20.535	36.5	60
dDocent_Contig_2843	1	312	32	310	99.359	14.4551	36.2	60
dDocent_Contig_2844	1	364	123	359	98.6264	48.989	36.4	60
dDocent_Contig_2845	1	171	7	170	99.4152	5.46784	36.3	60
dDocent_Contig_2846	1	433	28	288	66.5127	9.47113	36.5	60
dDocent_Contig_2848	1	191	41	190	99.4764	30.0785	36.4	60
dDocent_Contig_2849	1	398	77	376	94.4724	27.7412	36.3	60
dDocent_Contig_2852	1	212	23	211	99.5283	15.2972	36.9	60
dDocent_Contig_2853	1	322	15	261	81.0559	5.76398	36.9	60
dDocent_Contig_2855	1	252	5	203	80.5556	2.86905	34.8	60
dDocent_Contig_2860	1	529	576	528	99.811	158.257	36.4	59.8
dDocent_Contig_2863	1	340	191	290	85.2941	81.6941	36.4	60
dDocent_Contig_2864	1	325	169	324	99.6923	74.9908	36.3	58.2
dDocent_Contig_2869	1	378	21	364	96.2963	7.94709	36.5	60
dDocent_Contig_2875	1	309	4	167	54.0453	1.6343	36.4	60
dDocent_Contig_2877	1	375	20	304	81.0667	7.97333	36.3	60
dDocent_Contig_2878	1	337	6	173	51.3353	2.56973	35.6	60
dDocent_Contig_2879	1	328	23	326	99.3902	9.69817	36.1	60
dDocent_Contig_2883	1	314	7	158	50.3185	2.82803	37	60
dDocent_Contig_2885	1	353	151	324	91.7847	60.7507	36.3	60
dDocent_Contig_2888	1	360	85	358	99.4444	34.2472	36.3	60
dDocent_Contig_2890	1	565	598	564	99.823	153.761	36.5	60
dDocent_Contig_2891	1	340	41	338	99.4118	16.5265	35.1	60
dDocent_Contig_2894	1	364	10	347	95.3297	3.74451	36.7	60
dDocent_Contig_2897	1	451	45	392	86.918	14.2683	36.1	60
dDocent_Contig_2898	1	558	57	556	99.6416	14.9391	36.4	60
dDocent_Contig_2900	1	251	10	225	89.6414	5.88048	36.7	60
dDocent_Contig_2909	1	540	3	378	70	0.833333	36.3	60
dDocent_Contig_2910	1	404	61	334	82.6733	21.9134	36.5	60
dDocent_Contig_2913	1	348	79	344	98.8506	33.0517	36.4	60
dDocent_Contig_2915	1	330	22	218	66.0606	9.65758	36.5	60
dDocent_Contig_2916	1	348	32	337	96.8391	12.9943	36.1	60
dDocent_Contig_2917	1	386	91	378	97.9275	34.3523	36.3	60
dDocent_Contig_2921	1	356	11	253	71.0674	4.58708	35.5	60
dDocent_Contig_2923	1	263	4	260	98.8593	2.1597	36.6	60
dDocent_Contig_2926	1	474	289	401	84.5992	83.4177	36.3	56.8
dDocent_Contig_2927	1	560	2829	559	99.8214	702.295	36.4	44.2
dDocent_Contig_2928	1	223	21	221	99.1031	13.0538	36.5	60
dDocent_Contig_2931	1	342	105	340	99.4152	44.4912	36.1	60
dDocent_Contig_2933	1	473	201	471	99.5772	59.6279	36.1	58
dDocent_Contig_2936	1	409	30	409	100	10.5575	36.6	60
dDocent_Contig_2941	1	533	23	531	99.6248	6.33959	36.1	60
dDocent_Contig_2942	1	446	135	444	99.5516	43.8655	36	60
dDocent_Contig_2943	1	353	23	211	59.7734	8.83853	36.8	60
dDocent_Contig_2947	1	351	37	320	91.1681	15.5242	36.4	60
dDocent_Contig_2950	1	443	80	441	99.5485	25.4989	36.1	60
dDocent_Contig_2952	1	408	2	152	37.2549	0.735294	36.8	60
dDocent_Contig_2954	1	302	104	286	94.702	49	36.4	60
dDocent_Contig_2955	1	438	80	344	78.5388	25.9247	36.5	60
dDocent_Contig_2960	1	498	39	372	74.6988	10.8855	36.5	60
dDocent_Contig_2962	1	241	68	240	99.5851	31.3154	35.3	56
dDocent_Contig_2964	1	385	142	380	98.7013	53.7117	36.3	60
dDocent_Contig_2965	1	387	75	386	99.7416	28.3204	36.5	60
dDocent_Contig_2967	1	352	89	346	98.2955	37.0455	36.5	60
dDocent_Contig_2969	1	345	107	322	93.3333	41.6348	35.8	59.1
dDocent_Contig_2970	1	587	48	468	79.7274	11.5043	36.3	60
dDocent_Contig_2971	1	468	59	459	98.0769	18.5385	36.2	60
dDocent_Contig_2972	1	329	108	328	99.696	46.4498	36.3	60
dDocent_Contig_2974	1	291	5	215	73.8832	2.57732	36.1	60
dDocent_Contig_2976	1	251	9	187	74.502	4.81275	34.6	60
dDocent_Contig_2977	1	366	47	365	99.7268	18.9399	35.9	60
dDocent_Contig_2983	1	206	36	205	99.5146	25.0243	36.2	60
dDocent_Contig_2984	1	320	38	318	99.375	16.9219	36.3	60
dDocent_Contig_2985	1	417	111	396	94.964	38.8129	36.2	59.8
dDocent_Contig_2989	1	380	6	94	24.7368	1.22632	35.9	60
dDocent_Contig_2990	1	262	36	250	95.4198	18.7176	36.5	60
dDocent_Contig_2993	1	265	6	196	73.9623	3.24906	36.8	60
dDocent_Contig_2994	1	398	157	383	96.2312	57.3216	36.2	60
dDocent_Contig_3003	1	398	1468	398	100	430.457	35.4	41
dDocent_Contig_3007	1	338	32	264	78.1065	13.7485	36.1	60
dDocent_Contig_3011	1	441	12	351	79.5918	3.92063	36.6	60
dDocent_Contig_3013	1	458	2	160	34.9345	0.655022	36.9	60
dDocent_Contig_3014	1	433	67	430	99.3072	22.224	36.4	60
dDocent_Contig_3018	1	423	41	414	97.8723	13.8629	36.3	60
dDocent_Contig_3019	1	232	35	222	95.6897	21.2543	36.4	60
dDocent_Contig_3021	1	442	86	428	96.8326	28.4457	36.3	60
dDocent_Contig_3022	1	267	39	243	91.0112	20.7828	36.5	60
dDocent_Contig_3026	1	419	13	362	86.3962	4.45107	36.5	60
dDocent_Contig_3027	1	406	51	328	80.7882	18.0591	36.5	60
dDocent_Contig_3028	1	461	532	461	100	132.21	36.2	59.6
dDocent_Contig_3029	1	265	31	235	88.6792	16.8755	35.8	60
dDocent_Contig_3031	1	309	71	309	100	33.7217	36.5	60
dDocent_Contig_3032	1	247	4	237	95.9514	2.02834	33.8	60
dDocent_Contig_3034	1	278	43	270	97.1223	21.7446	36.5	60
dDocent_Contig_3036	1	268	5	267	99.6269	2.27985	36.8	60
dDocent_Contig_3040	1	494	69	486	98.3806	20.7449	36.6	60
dDocent_Contig_3042	1	277	134	277	100	69.9097	36.3	60
dDocent_Contig_3046	1	302	47	300	99.3377	21.9868	36.7	60
dDocent_Contig_3048	1	403	70	398	98.7593	25.3672	36.6	60
dDocent_Contig_3051	1	537	41	418	77.8399	10.9367	36.3	60
dDocent_Contig_3053	1	406	80	393	96.798	28.3645	36.5	60
dDocent_Contig_3060	1	352	188	352	100	75.75	35.9	60
dDocent_Contig_3065	1	333	80	331	99.3994	34.4805	36	60
dDocent_Contig_3066	1	367	33	259	70.5722	12.9401	36.4	60
dDocent_Contig_3067	1	292	808	225	77.0548	402.949	36.5	60
dDocent_Contig_3069	1	398	34	285	71.608	12.093	36.9	60
dDocent_Contig_3070	1	294	90	285	96.9388	43.8027	36.4	60
dDocent_Contig_3071	1	210	69	210	100	46.5714	36.8	60
dDocent_Contig_3072	1	422	91	390	92.4171	30.8152	36.3	60
dDocent_Contig_3074	1	432	19	254	58.7963	6.53704	36	60
dDocent_Contig_3075	1	450	119	330	73.3333	38.42	36.5	60
dDocent_Contig_3078	1	317	53	317	100	23.6719	36.1	60
dDocent_Contig_3083	1	442	71	430	97.2851	23.5656	36.4	60
dDocent_Contig_3085	1	376	78	375	99.734	30.0426	36.4	60
dDocent_Contig_3092	1	167	8	153	91.6168	6.23353	36.8	60
dDocent_Contig_3093	1	277	7	203	73.2852	3.26354	36.8	60
dDocent_Contig_3096	1	273	4	135	49.4505	1.80952	36.6	60
dDocent_Contig_3101	1	318	88	316	99.3711	39.8428	36.5	60
dDocent_Contig_3102	1	285	15	223	78.2456	7.70877	36.6	60
dDocent_Contig_3103	1	427	93	426	99.7658	31.3349	36.5	60
dDocent_Contig_3105	1	391	160	390	99.7442	58.4425	35.9	59.9
dDocent_Contig_3110	1	393	61	391	99.4911	22.4707	36.4	60
dDocent_Contig_3113	1	323	51	318	98.452	21.5418	35.2	60
dDocent_Contig_3115	1	537	26	480	89.3855	6.95903	35.7	58.3
dDocent_Contig_3117	1	267	68	265	99.2509	36.5019	36.2	60
dDocent_Contig_3118	1	266	49	265	99.6241	26.6692	36.6	60
dDocent_Contig_3119	1	467	87	451	96.5739	27.2248	36.4	60
dDocent_Contig_3132	1	577	291	577	100	67.6031	36.3	59.2
dDocent_Contig_3139	1	592	108	391	66.0473	26.6689	36.3	60
dDocent_Contig_3140	1	357	30	355	99.4398	11.8824	36	60
dDocent_Contig_3142	1	331	31	305	92.145	13.6133	36.4	60
dDocent_Contig_3143	1	262	144	260	99.2366	80.8015	36.4	60
dDocent_Contig_3146	1	336	20	325	96.7262	7.48214	34.7	60
dDocent_Contig_3147	1	267	66	266	99.6255	32.0899	36.5	57
dDocent_Contig_3148	1	499	134	421	84.3687	38.4509	36.3	60
dDocent_Contig_3150	1	566	31	496	87.6325	7.76148	35.9	60
dDocent_Contig_3152	1	430	192	430	100	64.6372	35.8	60
dDocent_Contig_3157	1	428	26	278	64.9533	8.96262	36.7	60
dDocent_Contig_3158	1	355	180	354	99.7183	71.8366	36.5	60
dDocent_Contig_3162	1	275	80	269	97.8182	41.2145	36.1	60
dDocent_Contig_3165	1	467	6	321	68.7366	1.92719	36.8	60
dDocent_Contig_3168	1	328	94	314	95.7317	41.8963	36.6	60
dDocent_Contig_3172	1	417	36	371	88.9688	12.6451	36.3	60
dDocent_Contig_3176	1	397	64	391	98.4887	23.5642	36.4	59.5
dDocent_Contig_3177	1	522	1	138	26.4368	0.264368	36.8	60
dDocent_Contig_3178	1	540	169	494	91.4815	44.863	36.5	59.7
dDocent_Contig_3180	1	555	358	554	99.8198	92.409	36.1	60
dDocent_Contig_3181	1	389	23	368	94.6015	8.46015	36.6	60
dDocent_Contig_3182	1	405	22	388	95.8025	8.10123	36.1	60
dDocent_Contig_3183	1	320	107	318	99.375	48.0312	35.8	60
dDocent_Contig_3187	1	239	9	199	83.2636	5.46444	36.7	60
dDocent_Contig_3189	1	414	257	414	100	89.5821	35.7	60
dDocent_Contig_3190	1	265	50	263	99.2453	27.0566	36.5	60
dDocent_Contig_3194	1	493	843	492	99.7972	250.945	36.5	59.9
dDocent_Contig_3195	1	475	102	419	88.2105	31.3747	36.5	60
dDocent_Contig_3196	1	318	20	307	96.5409	8.99057	36.2	60
dDocent_Contig_3198	1	341	99	196	57.478	41.2199	36.1	60
dDocent_Contig_3200	1	345	40	331	95.942	16.5884	36.5	60
dDocent_Contig_3203	1	400	321	225	56.25	107.963	36.3	51.1
dDocent_Contig_3205	1	405	87	390	96.2963	31.1556	36.5	60
dDocent_Contig_3207	1	454	86	446	98.2379	27.2335	36.4	60
dDocent_Contig_3208	1	403	38	362	89.8263	13.129	36.3	60
dDocent_Contig_3211	1	515	60	462	89.7087	16.7709	36.4	60
dDocent_Contig_3213	1	293	420	293	100	207.16	36.3	60
dDocent_Contig_3214	1	256	89	255	99.6094	49.1484	36.5	60
dDocent_Contig_3216	1	470	41	433	92.1277	12.4043	36.4	60
dDocent_Contig_3218	1	489	42	412	84.2536	12.3558	36.1	60
dDocent_Contig_3219	1	355	82	353	99.4366	33.3099	36.3	60
dDocent_Contig_3224	1	342	97	340	99.4152	40.5205	36.2	60
dDocent_Contig_3230	1	356	5	154	43.2584	1.92978	36.1	60
dDocent_Contig_3235	1	316	18	207	65.5063	8.11709	36.7	60
dDocent_Contig_3236	1	467	31	395	84.5824	9.30621	36.1	60
dDocent_Contig_3241	1	334	74	332	99.4012	31.5659	36.4	60
dDocent_Contig_3242	1	282	23	282	100	11.0461	36.1	60
dDocent_Contig_3243	1	489	3	249	50.9202	0.728016	36.8	60
dDocent_Contig_3244	1	515	82	470	91.2621	22.8893	36.4	60
dDocent_Contig_3246	1	453	401	452	99.7792	129.808	36.2	60
dDocent_Contig_3249	1	390	135	386	98.9744	50.2718	36.2	60
dDocent_Contig_3253	1	348	105	346	99.4253	43.3793	36.5	60
dDocent_Contig_3255	1	352	32	346	98.2955	12.5653	36.3	50.4
dDocent_Contig_3256	1	352	43	340	96.5909	17.4602	36.7	59.1
dDocent_Contig_3257	1	576	53	522	90.625	12.9705	36.4	60
dDocent_Contig_3258	1	356	88	356	100	36.618	36.3	60
dDocent_Contig_3259	1	332	76	296	89.1566	33.1928	36.3	60
dDocent_Contig_3261	1	514	102	438	85.214	28.2607	36.1	60
dDocent_Contig_3262	1	452	265	451	99.7788	85.2168	36.4	60
dDocent_Contig_3263	1	445	30	387	86.9663	9.73933	36.3	60
dDocent_Contig_3266	1	401	104	385	96.01	37.5561	36.2	60
dDocent_Contig_3267	1	353	140	349	98.8669	56.5467	36.2	60
dDocent_Contig_3268	1	372	76	364	97.8495	29.379	36.5	60
dDocent_Contig_3271	1	447	100	433	96.868	31.8591	36.4	60
dDocent_Contig_3273	1	400	794	400	100	282.94	36.3	60
dDocent_Contig_3276	1	594	50	560	94.2761	12.0152	36.2	60
dDocent_Contig_3277	1	277	30	276	99.639	15.1841	36	60
dDocent_Contig_3279	1	390	82	389	99.7436	30.1077	36.3	60
dDocent_Contig_3281	1	346	87	345	99.711	36.8468	36.5	60
dDocent_Contig_3282	1	307	91	306	99.6743	41.9577	36.2	60
dDocent_Contig_3284	1	465	81	421	90.5376	25.2301	36.4	60
dDocent_Contig_3285	1	351	46	337	96.0114	18.9972	36.6	60
dDocent_Contig_3287	1	394	24	392	99.4924	8.36294	36.7	60
dDocent_Contig_3289	1	360	95	360	100	38.6556	36.3	60
dDocent_Contig_3292	1	370	146	369	99.7297	57.2297	36.4	59.9
dDocent_Contig_3293	1	296	122	295	99.6622	59.7568	36.3	60
dDocent_Contig_3295	1	507	90	485	95.6607	26.0296	36.4	60
dDocent_Contig_3296	1	380	91	354	93.1579	34.6842	36.2	60
dDocent_Contig_3300	1	475	52	474	99.7895	15.8168	36.7	60
dDocent_Contig_3305	1	425	3	183	43.0588	1	36.2	60
dDocent_Contig_3309	1	285	148	284	99.6491	73.5053	35.6	60
dDocent_Contig_3312	1	172	2	171	99.4186	1.44186	37	60
dDocent_Contig_3315	1	343	37	341	99.4169	15.3178	36.5	60
dDocent_Contig_3316	1	402	115	400	99.5025	42.0274	36.3	60
dDocent_Contig_3318	1	239	68	232	97.0711	40.3682	36.2	60
dDocent_Contig_3323	1	396	55	374	94.4444	19.9697	36.3	60
dDocent_Contig_3325	1	425	45	406	95.5294	14.8965	36.1	60
dDocent_Contig_3327	1	312	87	311	99.6795	40.1731	36.4	60
dDocent_Contig_3328	1	437	183	436	99.7712	58.8261	36.1	45.6
dDocent_Contig_3329	1	310	8	308	99.3548	3.39677	36.5	60
dDocent_Contig_3334	1	526	8	449	85.3612	2.27947	35.9	60
dDocent_Contig_3336	1	439	97	435	99.0888	32.0182	36.3	60
dDocent_Contig_3337	1	292	62	290	99.3151	30.2877	36.4	60
dDocent_Contig_3338	1	385	85	385	100	31.8597	36.5	60
dDocent_Contig_3340	1	415	28	387	93.253	9.63855	36	60
dDocent_Contig_3341	1	380	89	379	99.7368	34.0105	36.1	60
dDocent_Contig_3346	1	480	90	409	85.2083	26.0458	35.7	60
dDocent_Contig_3348	1	292	39	276	94.5205	17.8904	36.5	57.3
dDocent_Contig_3349	1	218	109	218	100	71.3807	36.4	60
dDocent_Contig_3351	1	296	26	295	99.6622	12.5473	36	60
dDocent_Contig_3353	1	565	10	484	85.6637	2.61239	36.6	60
dDocent_Contig_3356	1	508	10	503	99.0157	2.5374	36.5	60
dDocent_Contig_3361	1	299	65	294	98.3278	31.7191	36.5	60
dDocent_Contig_3363	1	410	151	410	100	49.8049	35.8	59.8
dDocent_Contig_3364	1	261	37	258	98.8506	20.1724	36.5	60
dDocent_Contig_3367	1	350	40	290	82.8571	16.3486	36.3	60
dDocent_Contig_3368	1	526	158	516	98.0989	43.154	36.6	60
dDocent_Contig_3369	1	273	79	272	99.6337	42.2491	36.4	60
dDocent_Contig_3370	1	329	2	150	45.5927	0.911854	36.8	60
dDocent_Contig_3373	1	304	60	303	99.6711	28.9178	36.6	60
dDocent_Contig_3374	1	422	4	201	47.6303	1.27014	36.8	60
dDocent_Contig_3375	1	339	13	335	98.8201	5.52802	36.3	60
dDocent_Contig_3379	1	399	160	322	80.7018	57.2506	36.3	60
dDocent_Contig_3381	1	341	57	340	99.7067	24.1232	35.7	60
dDocent_Contig_3382	1	265	21	263	99.2453	11.1472	36.6	60
dDocent_Contig_3383	1	387	19	327	84.4961	6.83204	35.9	60
dDocent_Contig_3384	1	482	33	457	94.8133	9.1971	36	60
dDocent_Contig_3385	1	327	58	311	95.107	25.7034	36.1	60
dDocent_Contig_3387	1	309	66	309	100	28.7346	36.3	54.2
dDocent_Contig_3388	1	529	996	494	93.3837	274.327	36.2	59.3
dDocent_Contig_3389	1	363	30	361	99.449	11.8237	36	60
dDocent_Contig_3392	1	329	23	328	99.696	10.1611	36.8	60
dDocent_Contig_3394	1	336	48	335	99.7024	20.2173	36.4	60
dDocent_Contig_3395	1	264	98	263	99.6212	53.5871	36.2	60
dDocent_Contig_3398	1	449	107	448	99.7773	34.5323	36.5	60
dDocent_Contig_3400	1	310	29	263	84.8387	13.4935	36.3	60
dDocent_Contig_3401	1	247	20	225	91.0931	11.3198	36.2	60
dDocent_Contig_3402	1	514	151	513	99.8054	42.4202	36.3	60
dDocent_Contig_3403	1	364	214	363	99.7253	85.6456	36.3	60
dDocent_Contig_3404	1	235	8	189	80.4255	4.87234	33.4	60
dDocent_Contig_3405	1	255	26	252	98.8235	14.5333	36.7	60
dDocent_Contig_3408	1	434	12	328	75.576	4	36.6	60
dDocent_Contig_3412	1	340	24	278	81.7647	10.2824	36.4	60
dDocent_Contig_3417	1	525	49	426	81.1429	13.3276	35.5	60
dDocent_Contig_3419	1	230	42	229	99.5652	25.7609	36.6	60
dDocent_Contig_3423	1	420	113	418	99.5238	39.1738	36.1	60
dDocent_Contig_3425	1	480	100	454	94.5833	30.2021	36.3	60
dDocent_Contig_3426	1	286	15	284	99.3007	7.45105	36.7	60
dDocent_Contig_3428	1	452	73	349	77.2124	23.2987	35.8	60
dDocent_Contig_3430	1	361	97	333	92.2438	38.0332	36.3	60
dDocent_Contig_3431	1	376	49	284	75.5319	18.7074	35.9	60
dDocent_Contig_3432	1	503	62	387	76.9384	17.497	36.3	60
dDocent_Contig_3434	1	352	328	352	100	136.384	36.2	60
dDocent_Contig_3435	1	544	30	363	66.7279	7.90074	36.6	60
dDocent_Contig_3436	1	308	143	308	100	67.0812	36.7	60
dDocent_Contig_3437	1	253	111	252	99.6047	62.581	36.5	60
dDocent_Contig_3438	1	234	75	233	99.5726	45.7564	36.6	60
dDocent_Contig_3439	1	573	431	573	100	109.178	36.5	60
dDocent_Contig_3442	1	418	37	339	81.1005	12.7344	36.2	60
dDocent_Contig_3443	1	381	87	378	99.2126	33.2257	36	60
dDocent_Contig_3444	1	436	139	435	99.7706	46.9266	36.4	60
dDocent_Contig_3446	1	254	79	249	98.0315	44.8386	36.5	60
dDocent_Contig_3447	1	488	164	414	84.8361	47.373	36.3	59.9
dDocent_Contig_3448	1	515	6	340	66.0194	1.73981	35.6	60
dDocent_Contig_3450	1	469	2	157	33.4755	0.626866	36.8	60
dDocent_Contig_3451	1	222	2	122	54.955	1.0991	35.9	34
dDocent_Contig_3452	1	293	21	233	79.5222	10.3618	35.3	60
dDocent_Contig_3454	1	342	1	150	43.8596	0.438596	36.9	60
dDocent_Contig_3456	1	379	138	360	94.9868	53.5963	36.2	60
dDocent_Contig_3457	1	310	133	308	99.3548	62.3774	36.3	60
dDocent_Contig_3462	1	283	80	282	99.6466	40.841	36	60
dDocent_Contig_3464	1	531	811	530	99.8117	224.548	36.4	60
dDocent_Contig_3468	1	541	78	525	97.0425	20.9076	36.2	59.5
dDocent_Contig_3473	1	235	13	224	95.3191	7.51915	36.2	60
dDocent_Contig_3474	1	386	4	328	84.9741	1.47409	35.6	60
dDocent_Contig_3475	1	400	112	395	98.75	40.48	36.4	59.9
dDocent_Contig_3477	1	411	47	410	99.7567	16.3504	36.6	60
dDocent_Contig_3478	1	320	52	298	93.125	23.8313	36.4	60
dDocent_Contig_3479	1	432	2	165	38.1944	0.694444	36.8	60
dDocent_Contig_3480	1	425	36	423	99.5294	12.3506	36.7	60
dDocent_Contig_3483	1	496	58	382	77.0161	16.4113	36.2	60
dDocent_Contig_3487	1	439	126	437	99.5444	41.2597	36.3	60
dDocent_Contig_3489	1	363	69	324	89.2562	26.8981	36.6	60
dDocent_Contig_3491	1	268	22	267	99.6269	9.83582	35	59.7
dDocent_Contig_3492	1	369	193	367	99.458	73.6423	36.7	60
dDocent_Contig_3493	1	266	9	264	99.2481	4.64662	36.5	60
dDocent_Contig_3495	1	404	149	364	90.099	48.7079	34.6	60
dDocent_Contig_3496	1	259	19	258	99.6139	10.5714	36.2	60
dDocent_Contig_3500	1	459	36	416	90.6318	11.5664	36.2	60
dDocent_Contig_3501	1	398	87	393	98.7437	31.0377	36.4	60
dDocent_Contig_3505	1	527	39	411	77.9886	10.0626	35.3	60
dDocent_Contig_3509	1	420	37	389	92.619	12.6857	36.1	60
dDocent_Contig_3515	1	242	61	241	99.5868	35.2686	36.6	60
dDocent_Contig_3518	1	463	57	364	78.6177	17.6674	36.4	60
dDocent_Contig_3519	1	388	43	360	92.7835	15.8015	36.5	60
dDocent_Contig_3524	1	545	150	382	70.0917	40.0532	36.7	60
dDocent_Contig_3526	1	543	134	517	95.2118	34.5414	35.9	60
dDocent_Contig_3528	1	362	2	156	43.0939	0.80663	36.7	60
dDocent_Contig_3530	1	401	155	378	94.2643	56.2943	36.6	60
dDocent_Contig_3531	1	339	27	294	86.7257	11.6401	36.2	60
dDocent_Contig_3532	1	204	16	192	94.1176	11.0882	36.7	60
dDocent_Contig_3533	1	354	86	353	99.7175	34.8333	36.4	60
dDocent_Contig_3535	1	277	79	276	99.639	41.6643	35.2	60
dDocent_Contig_3536	1	504	98	406	80.5556	28.1012	36.5	60
dDocent_Contig_3538	1	263	66	262	99.6198	35.2738	36.5	60
dDocent_Contig_3540	1	489	107	482	98.5685	31.4029	36.3	60
dDocent_Contig_3542	1	597	290	596	99.8325	70.7688	36.2	60
dDocent_Contig_3545	1	275	50	266	96.7273	25.4509	36.3	60
dDocent_Contig_3551	1	502	14	422	84.0637	4.12351	36.8	60
dDocent_Contig_3556	1	265	42	263	99.2453	23.1057	36.6	60
dDocent_Contig_3557	1	309	68	308	99.6764	31.6019	36.3	60
dDocent_Contig_3558	1	367	10	283	77.1117	4.08719	36.6	60
dDocent_Contig_3559	1	438	10	215	49.0868	2.64612	35.5	60
dDocent_Contig_3563	1	368	1	88	23.913	0.23913	36.9	60
dDocent_Contig_3567	1	406	72	404	99.5074	25.8103	36.4	60
dDocent_Contig_3569	1	465	76	449	96.5591	23.514	36.6	58.9
dDocent_Contig_3571	1	531	36	530	99.8117	9.41996	36.4	60
dDocent_Contig_3572	1	243	17	235	96.7078	9.90535	36.6	60
dDocent_Contig_3573	1	438	70	375	85.6164	22.6895	36.3	60
dDocent_Contig_3578	1	366	17	364	99.4536	6.42623	36	60
dDocent_Contig_3582	1	521	75	329	63.1478	20.9866	36.4	60
dDocent_Contig_3585	1	357	64	354	99.1597	25.8095	36.3	60
dDocent_Contig_3586	1	389	171	389	100	63.527	36.2	60
dDocent_Contig_3587	1	274	33	265	96.7153	16.3394	36.3	60
dDocent_Contig_3589	1	382	88	381	99.7382	32.8743	36.3	60
dDocent_Contig_3591	1	450	52	408	90.6667	16.3289	36.5	59.6
dDocent_Contig_3593	1	391	9	357	91.3043	3.41176	36.3	60
dDocent_Contig_3594	1	526	22	405	76.9962	5.86312	36.2	60
dDocent_Contig_3596	1	269	62	269	100	33.2416	36.4	60
dDocent_Contig_3598	1	299	93	282	94.3144	45.3211	36.2	60
dDocent_Contig_3601	1	326	99	318	97.546	44.4294	36.4	60
dDocent_Contig_3604	1	290	90	288	99.3103	43.769	35.8	60
dDocent_Contig_3608	1	470	38	424	90.2128	11.6319	35.9	60
dDocent_Contig_3610	1	586	9	437	74.5734	1.91126	36.7	60
dDocent_Contig_3612	1	461	102	447	96.9631	32.1605	36.3	60
dDocent_Contig_3616	1	408	126	264	64.7059	44.9118	36.2	60
dDocent_Contig_3617	1	306	37	304	99.3464	17.8595	35.9	60
dDocent_Contig_3619	1	316	29	316	100	12.8513	36.4	60
dDocent_Contig_3624	1	307	5	302	98.3713	2.38762	34.9	60
dDocent_Contig_3631	1	451	44	369	81.8182	13.4279	36	60
dDocent_Contig_3632	1	424	112	424	100	36.842	36.4	59.2
dDocent_Contig_3633	1	326	65	319	97.8528	28.7055	36.3	60
dDocent_Contig_3639	1	322	69	321	99.6894	30.8043	36.1	60
dDocent_Contig_3640	1	316	74	315	99.6835	34.0601	36.4	60
dDocent_Contig_3643	1	400	10	312	78	3.65	36.3	60
dDocent_Contig_3644	1	357	68	356	99.7199	27.6695	36.5	60
dDocent_Contig_3645	1	416	54	415	99.7596	18.6202	36	60
dDocent_Contig_3646	1	414	115	404	97.5845	39.9686	36.6	60
dDocent_Contig_3654	1	520	57	458	88.0769	13.0981	35.1	60
dDocent_Contig_3657	1	302	75	301	99.6689	35.8411	36.2	60
dDocent_Contig_3659	1	365	38	364	99.726	14.8493	36.5	60
dDocent_Contig_3660	1	411	24	369	89.781	8.34307	36.8	60
dDocent_Contig_3661	1	478	92	332	69.4561	27.4937	36.4	60
dDocent_Contig_3665	1	379	13	310	81.7942	4.88391	36.5	60
dDocent_Contig_3666	1	267	19	240	89.8876	10.3221	36.5	60
dDocent_Contig_3668	1	282	82	282	100	42.2979	36.4	60
dDocent_Contig_3669	1	236	32	211	89.4068	19.1356	36.2	60
dDocent_Contig_3671	1	396	70	395	99.7475	25.447	36.5	60
dDocent_Contig_3672	1	314	22	282	89.8089	10.0032	36.9	60
dDocent_Contig_3677	1	435	82	434	99.7701	27.3379	35.8	60
dDocent_Contig_3682	1	422	4627	360	85.3081	1545.47	36.1	59.5
dDocent_Contig_3685	1	541	637	540	99.8152	161.88	36.4	59
dDocent_Contig_3689	1	399	17	350	87.7193	6.2782	36.5	60
dDocent_Contig_3693	1	258	55	258	100	30.7984	36.5	60
dDocent_Contig_3694	1	359	14	339	94.429	5.35933	36.3	60
dDocent_Contig_3698	1	251	37	246	98.008	21.1195	36.4	60
dDocent_Contig_3704	1	421	121	354	84.0855	41.8242	36.6	60
dDocent_Contig_3708	1	346	46	324	93.6416	19.0289	36.4	60
dDocent_Contig_3711	1	469	79	467	99.5736	24.6269	36.5	60
dDocent_Contig_3714	1	547	88	475	86.8373	22.9013	36.5	60
dDocent_Contig_3717	1	492	3	201	40.8537	0.796748	36.5	60
dDocent_Contig_3718	1	191	3	158	82.7225	1.60209	36.7	60
dDocent_Contig_3720	1	302	147	299	99.0066	70.0199	36.3	60
dDocent_Contig_3723	1	424	84	422	99.5283	28.6108	36.3	60
dDocent_Contig_3726	1	353	3	242	68.5552	1.27479	36.6	60
dDocent_Contig_3728	1	396	17	314	79.2929	6.34343	36	60
dDocent_Contig_3730	1	353	975	342	96.8839	368.195	36.3	46.8
dDocent_Contig_3732	1	416	20	315	75.7212	6.97837	36.5	60
dDocent_Contig_3734	1	306	156	305	99.6732	74.3333	36.4	60
dDocent_Contig_3735	1	493	16	492	99.7972	4.51521	35.9	60
dDocent_Contig_3736	1	488	4	382	78.2787	1.22541	35.8	60
dDocent_Contig_3741	1	314	33	239	76.1146	14.8567	36.7	60
dDocent_Contig_3742	1	409	191	378	92.4205	67.6479	36.3	60
dDocent_Contig_3745	1	515	276	514	99.8058	77.2602	36.4	59.9
dDocent_Contig_3746	1	200	10	199	99.5	7.205	36.7	60
dDocent_Contig_3749	1	482	11	172	35.6846	2.6722	35.3	60
dDocent_Contig_3751	1	371	10	366	98.6523	3.86523	36.8	60
dDocent_Contig_3754	1	346	238	345	99.711	99.9509	36.2	60
dDocent_Contig_3757	1	526	25	525	99.8099	6.68821	35.9	60
dDocent_Contig_3758	1	288	3	178	61.8056	1.41667	36.3	60
dDocent_Contig_3759	1	227	15	226	99.5595	7.18502	36.1	60
dDocent_Contig_3761	1	422	57	364	86.2559	19.7891	36.3	60
dDocent_Contig_3762	1	309	42	292	94.4984	19.6731	36.3	60
dDocent_Contig_3764	1	411	273	400	97.3236	83.1533	35	60
dDocent_Contig_3766	1	279	70	278	99.6416	35.6129	36.2	60
dDocent_Contig_3769	1	234	75	232	99.1453	45.5385	35.8	60
dDocent_Contig_3774	1	593	48166	593	100	11359.8	36.1	54.5
dDocent_Contig_3775	1	460	63	460	100	19.7478	36.6	60
dDocent_Contig_3779	1	388	3	226	58.2474	0.814433	37	60
dDocent_Contig_3780	1	329	1	93	28.2675	0.282675	36.7	60
dDocent_Contig_3782	1	592	4	405	68.4122	0.954392	36.9	60
dDocent_Contig_3784	1	312	44	266	85.2564	19.5353	36	60
dDocent_Contig_3785	1	395	88	394	99.7468	32.1772	36.3	60
dDocent_Contig_3786	1	469	140	424	90.4051	43.3561	36.1	60
dDocent_Contig_3787	1	422	59	421	99.763	19.9313	36.5	60
dDocent_Contig_3792	1	230	26	227	98.6957	15.6478	36.6	60
dDocent_Contig_3793	1	249	19	245	98.3936	10.8835	36.6	60
dDocent_Contig_3807	1	412	36	409	99.2718	12.5485	36.4	60
dDocent_Contig_3808	1	269	106	268	99.6283	56.6059	36.3	60
dDocent_Contig_3811	1	359	152	358	99.7214	61.1421	36.5	60
dDocent_Contig_3812	1	394	90	373	94.6701	32.2386	35.9	60
dDocent_Contig_3814	1	404	119	387	95.7921	42.9431	36.4	60
dDocent_Contig_3817	1	461	51	450	97.6139	15.9241	36.6	60
dDocent_Contig_3819	1	444	45	387	87.1622	14.4685	36.3	60
dDocent_Contig_3820	1	305	26	297	97.377	11.8164	36.5	60
dDocent_Contig_3821	1	388	105	387	99.7423	38.7912	36.4	60
dDocent_Contig_3823	1	270	39	268	99.2593	20.3444	36.3	60
dDocent_Contig_3827	1	361	88	354	98.0609	34.651	36.1	59.9
dDocent_Contig_3830	1	375	45	335	89.3333	17.2	36.4	60
dDocent_Contig_3831	1	405	16	343	84.6914	5.47901	36.2	60
dDocent_Contig_3835	1	342	70	316	92.3977	28.9269	36.3	60
dDocent_Contig_3836	1	179	29	177	98.8827	22.324	35.8	60
dDocent_Contig_3837	1	318	39	298	93.7107	17.1289	36	60
dDocent_Contig_3841	1	300	31	298	99.3333	14.14	36.4	60
dDocent_Contig_3842	1	447	99	389	87.0246	32.6734	36.3	60
dDocent_Contig_3843	1	259	1	142	54.8263	0.548263	36.9	60
dDocent_Contig_3844	1	395	163	349	88.3544	59.3975	35.7	60
dDocent_Contig_3847	1	411	13	338	82.2384	4.24818	36.6	60
dDocent_Contig_3851	1	254	98	254	100	55.2165	35.9	60
dDocent_Contig_3860	1	391	2	172	43.9898	0.767263	36.3	60
dDocent_Contig_3862	1	252	76	252	100	42.8056	36.4	60
dDocent_Contig_3866	1	494	233	493	99.7976	69.3846	36.4	60
dDocent_Contig_3869	1	413	17	334	80.8717	5.92252	36.2	60
dDocent_Contig_3870	1	345	21	302	87.5362	8.57681	36.4	60
dDocent_Contig_3871	1	428	146	428	100	50.229	36.2	60
dDocent_Contig_3872	1	369	10	249	67.4797	3.92683	36.4	60
dDocent_Contig_3873	1	353	23	336	95.1841	9.21246	36.3	60
dDocent_Contig_3876	1	382	24	297	77.7487	7.3822	36.6	46.1
dDocent_Contig_3879	1	483	73	482	99.793	21.7184	35.9	57.8
dDocent_Contig_3880	1	368	98	342	92.9348	37.4701	35.5	60
dDocent_Contig_3881	1	392	37	320	81.6327	13.6378	36.1	60
dDocent_Contig_3884	1	343	38	328	95.6268	15.7289	36.5	58.1
dDocent_Contig_3889	1	399	34	387	96.9925	12.3584	36.6	60
dDocent_Contig_3890	1	264	86	263	99.6212	46.3409	36.2	60
dDocent_Contig_3892	1	268	45	268	100	23.7425	36.2	60
dDocent_Contig_3895	1	450	6	256	56.8889	1.58222	36.8	60
dDocent_Contig_3896	1	389	394	387	99.4859	139.769	36.3	58.6
dDocent_Contig_3899	1	412	33	311	75.4854	11.1238	36.4	60
dDocent_Contig_3902	1	375	106	374	99.7333	41.224	36.1	60
dDocent_Contig_3903	1	500	44	461	92.2	12.846	36.6	60
dDocent_Contig_3904	1	444	36	337	75.9009	11.8468	36.4	60
dDocent_Contig_3907	1	319	65	318	99.6865	29.8934	36.3	60
dDocent_Contig_3909	1	456	170	456	100	53.1952	36.5	55.5
dDocent_Contig_3911	1	413	105	356	86.1985	36.7458	36.3	60
dDocent_Contig_3914	1	434	50	402	92.6267	16.212	36.4	60
dDocent_Contig_3918	1	266	44	265	99.6241	20.0827	36.2	53.9
dDocent_Contig_3919	1	266	56	262	98.4962	29.6692	36.2	60
dDocent_Contig_3921	1	241	42	240	99.5851	24.9087	36.2	60
dDocent_Contig_3922	1	403	2	185	45.9057	0.459057	36.9	60
dDocent_Contig_3923	1	304	38	301	99.0132	17.8914	36.4	60
dDocent_Contig_3924	1	380	87	329	86.5789	32.7526	36.6	60
dDocent_Contig_3925	1	434	171	420	96.7742	57.0876	36.5	60
dDocent_Contig_3926	1	353	91	335	94.9008	37.3258	36.2	60
dDocent_Contig_3930	1	349	39	336	96.2751	15.6848	35.9	55.2
dDocent_Contig_3933	1	423	231	422	99.7636	76.7234	36.1	59.9
dDocent_Contig_3934	1	285	68	219	76.8421	32.7333	36.3	60
dDocent_Contig_3935	1	560	57	361	64.4643	14.5946	36.5	60
dDocent_Contig_3942	1	275	78	275	100	41.36	36.7	60
dDocent_Contig_3945	1	485	15	266	54.8454	4.32577	35.9	60
dDocent_Contig_3947	1	181	23	180	99.4475	17.989	36.7	60
dDocent_Contig_3953	1	361	93	353	97.7839	33.4127	36.4	50.9
dDocent_Contig_3955	1	243	47	242	99.5885	27.2634	36.6	60
dDocent_Contig_3958	1	453	89	369	81.457	28.4194	35.9	60
dDocent_Contig_3959	1	348	36	341	97.9885	15.2701	36.2	60
dDocent_Contig_3960	1	345	128	345	100	53.829	36.2	60
dDocent_Contig_3961	1	256	20	254	99.2188	11.0938	36.5	60
dDocent_Contig_3962	1	579	84	477	82.3834	20.8826	36.3	60
dDocent_Contig_3963	1	303	50	302	99.67	23.1386	36.1	60
dDocent_Contig_3964	1	490	31	470	95.9184	8.77347	35.8	60
dDocent_Contig_3966	1	336	6	335	99.7024	2.54464	36.9	60
dDocent_Contig_3967	1	428	36	396	92.5234	11.736	36.3	60
dDocent_Contig_3968	1	411	113	387	94.1606	40.0876	36.5	60
dDocent_Contig_3973	1	567	76	511	90.1235	19.0952	36.2	60
dDocent_Contig_3974	1	364	115	363	99.7253	46.011	36.3	60
dDocent_Contig_3975	1	542	20	331	61.0701	5.02583	36.5	60
dDocent_Contig_3979	1	293	26	237	80.8874	12.4198	36.5	60
dDocent_Contig_3982	1	274	88	274	100	46.8723	36.3	60
dDocent_Contig_3984	1	493	117	403	81.7444	34.6369	36.2	60
dDocent_Contig_3985	1	550	80	414	75.2727	21.1982	36.2	60
dDocent_Contig_3989	1	550	38	415	75.4545	9.80545	36	60
dDocent_Contig_3990	1	391	5	221	56.5217	1.90537	36.8	60
dDocent_Contig_3992	1	308	8	259	84.0909	3.12662	36.7	60
dDocent_Contig_3995	1	551	25	468	84.9365	6.70236	36.3	60
dDocent_Contig_3997	1	412	26	322	78.1553	9.00485	36.1	60
dDocent_Contig_3998	1	474	68	362	76.3713	20.3565	36.5	60
dDocent_Contig_4001	1	526	56	445	84.6008	14.8878	35.6	60
dDocent_Contig_4005	1	358	25	336	93.8547	10.095	36.2	60
dDocent_Contig_4007	1	492	240	489	99.3902	70.2398	36.4	60
dDocent_Contig_4010	1	215	3	150	69.7674	1.71163	36.9	60
dDocent_Contig_4013	1	439	16	390	88.8383	4.89977	36.6	60
dDocent_Contig_4016	1	282	171	282	100	86.5674	36.6	60
dDocent_Contig_4018	1	357	98	355	99.4398	39.8263	36.4	60
dDocent_Contig_4022	1	238	50	237	99.5798	30.5672	36.4	60
dDocent_Contig_4029	1	332	289	331	99.6988	124.973	36.4	60
dDocent_Contig_4030	1	173	17	171	98.8439	13.5376	36.4	60
dDocent_Contig_4031	1	583	35	305	52.3156	8.52144	36.4	60
dDocent_Contig_4032	1	473	119	452	95.5603	35.4249	36.2	55.9
dDocent_Contig_4033	1	289	97	288	99.654	48.7059	36.6	60
dDocent_Contig_4036	1	247	38	245	99.1903	19.9231	34.7	60
dDocent_Contig_4039	1	590	224	569	96.4407	55.3085	36.2	60
dDocent_Contig_4040	1	393	12	290	73.7913	4.33333	36.3	60
dDocent_Contig_4043	1	368	12	317	86.1413	4.33152	36.8	60
dDocent_Contig_4045	1	411	22	304	73.9659	7.52555	36.4	60
dDocent_Contig_4046	1	549	168	545	99.2714	44.1676	36.1	60
dDocent_Contig_4047	1	304	124	241	79.2763	58.8355	36.3	59.9
dDocent_Contig_4048	1	321	16	310	96.5732	6.97819	36.2	60
dDocent_Contig_4051	1	482	3	150	31.1203	0.726141	36.8	60
dDocent_Contig_4052	1	408	24	275	67.402	7.99755	36.1	56.2
dDocent_Contig_4056	1	365	41	306	83.8356	15.7918	35.9	60
dDocent_Contig_4057	1	356	6	159	44.6629	2.28652	36.6	60
dDocent_Contig_4062	1	317	17	314	99.0536	7.61199	36.5	60
dDocent_Contig_4063	1	438	7	350	79.9087	2.24201	36.6	60
dDocent_Contig_4066	1	424	116	423	99.7642	39.7406	36.2	60
dDocent_Contig_4067	1	573	27	570	99.4764	6.8185	36.6	60
dDocent_Contig_4070	1	507	6	210	41.4201	1.74359	35.4	60
dDocent_Contig_4072	1	340	20	330	97.0588	8.30588	36.5	60
dDocent_Contig_4073	1	260	11	247	95	5.78846	36.6	60
dDocent_Contig_4075	1	327	37	325	99.3884	16.2997	36.7	60
dDocent_Contig_4077	1	282	51	252	89.3617	26	36.4	60
dDocent_Contig_4079	1	343	82	337	98.2507	34.2799	36.3	60
dDocent_Contig_4081	1	586	117	574	97.9522	27.0819	36.2	57.5
dDocent_Contig_4083	1	529	15	501	94.707	3.85822	36.1	60
dDocent_Contig_4084	1	302	237	301	99.6689	114.281	36.3	60
dDocent_Contig_4085	1	239	57	239	100	32.9079	36.3	60
dDocent_Contig_4087	1	272	122	272	100	63.9816	36.4	60
dDocent_Contig_4088	1	450	94	419	93.1111	30.5178	36.4	60
dDocent_Contig_4093	1	428	8	309	72.1963	2.64019	36.7	60
dDocent_Contig_4095	1	268	40	229	85.4478	21.056	36.4	60
dDocent_Contig_4097	1	482	55	347	71.9917	16.4813	36.3	60
dDocent_Contig_4101	1	272	90	271	99.6324	47.8015	36.6	60
dDocent_Contig_4102	1	282	199	280	99.2908	101.55	35.7	60
dDocent_Contig_4103	1	359	100	352	98.0501	40.2256	36.5	60
dDocent_Contig_4108	1	426	36	401	94.1315	12.223	35.7	60
dDocent_Contig_4110	1	335	35	312	93.1343	15.1075	36	60
dDocent_Contig_4111	1	336	818	335	99.7024	316.851	35.5	56.9
dDocent_Contig_4113	1	456	52	403	88.3772	16.8947	36.3	60
dDocent_Contig_4115	1	365	100	363	99.4521	39.9699	36.3	60
dDocent_Contig_4119	1	312	92	312	100	42.1474	36.5	60
dDocent_Contig_4120	1	410	59	369	90	20.1366	36.2	60
dDocent_Contig_4121	1	403	74	359	89.0819	26.1017	36.2	60
dDocent_Contig_4122	1	391	51	360	92.0716	18.2864	36.7	60
dDocent_Contig_4123	1	410	19	383	93.4146	6.44634	36.5	60
dDocent_Contig_4124	1	264	5	182	68.9394	2.49242	36.3	60
dDocent_Contig_4126	1	458	56	357	77.9476	17.7052	36.3	60
dDocent_Contig_4127	1	175	37	175	100	28.7886	35.9	60
dDocent_Contig_4128	1	260	96	259	99.6154	51.7577	36.3	60
dDocent_Contig_4129	1	512	54	374	73.0469	14.8516	36.3	60
dDocent_Contig_4130	1	475	64	470	98.9474	19.3726	36.4	60
dDocent_Contig_4131	1	360	70	351	97.5	28.0139	36.2	60
dDocent_Contig_4136	1	395	88	386	97.7215	32.2481	36.3	60
dDocent_Contig_4137	1	385	100	357	92.7273	37.2675	36.4	60
dDocent_Contig_4138	1	549	3537	548	99.8179	945.641	36	60
dDocent_Contig_4140	1	551	46	407	73.8657	12.2087	36.5	60
dDocent_Contig_4145	1	361	22	191	52.9086	8.32687	36.2	60
dDocent_Contig_4146	1	541	425	540	99.8152	113.388	36.2	60
dDocent_Contig_4147	1	492	425	470	95.5285	111.817	36.1	59.9
dDocent_Contig_4149	1	246	87	245	99.5935	51.2967	36.4	60
dDocent_Contig_4150	1	533	46	498	93.4334	12.3415	36	60
dDocent_Contig_4153	1	456	80	416	91.2281	25.6645	36.3	60
dDocent_Contig_4154	1	335	66	322	96.1194	28.2119	36.2	60
dDocent_Contig_4157	1	479	167	443	92.4843	50.9541	36.4	60
dDocent_Contig_4162	1	421	323	417	99.0499	98.4371	35.4	59.4
dDocent_Contig_4165	1	398	117	396	99.4975	42.3894	36.4	60
dDocent_Contig_4166	1	358	121	358	100	48.4358	36.4	60
dDocent_Contig_4167	1	507	60	489	96.4497	16.8876	36.4	60
dDocent_Contig_4169	1	524	104	470	89.6947	28.7118	36.4	60
dDocent_Contig_4170	1	470	111	343	72.9787	31.9319	36	60
dDocent_Contig_4173	1	271	32	239	88.1919	15.9299	35.5	60
dDocent_Contig_4174	1	354	1	150	42.3729	0.423729	35.3	60
dDocent_Contig_4175	1	380	31	373	98.1579	11.9289	36.5	60
dDocent_Contig_4179	1	339	86	308	90.8555	34.6549	35.9	59.9
dDocent_Contig_4181	1	410	45	323	78.7805	15.6927	36	60
dDocent_Contig_4182	1	374	59	373	99.7326	23.0481	36.3	60
dDocent_Contig_4183	1	312	24	310	99.359	11.2532	36	60
dDocent_Contig_4184	1	328	37	323	98.4756	16.1921	35.7	60
dDocent_Contig_4186	1	290	40	289	99.6552	19.9241	36.5	60
dDocent_Contig_4187	1	462	110	422	91.342	33.9134	36.5	60
dDocent_Contig_4191	1	408	17	376	92.1569	5.875	36.6	60
dDocent_Contig_4192	1	313	33	312	99.6805	15.3067	35.9	60
dDocent_Contig_4194	1	358	2	212	59.2179	0.812849	35.7	60
dDocent_Contig_4196	1	441	2	184	41.7234	0.680272	35.9	60
dDocent_Contig_4197	1	262	71	261	99.6183	39.3244	35.9	60
dDocent_Contig_4198	1	388	29	360	92.7835	10.9253	35.5	60
dDocent_Contig_4201	1	508	124	405	79.7244	35.2205	36.1	60
dDocent_Contig_4202	1	285	19	283	99.2982	9.44211	35.7	60
dDocent_Contig_4203	1	509	6	400	78.5855	1.76817	36.3	60
dDocent_Contig_4204	1	489	16	361	73.8241	4.82004	35.3	60
dDocent_Contig_4205	1	447	98	373	83.4452	30.7517	35.8	59.9
dDocent_Contig_4208	1	303	344	302	99.67	163.31	36.3	60
dDocent_Contig_4209	1	432	12	302	69.9074	3.93056	36.7	60
dDocent_Contig_4210	1	299	34	297	99.3311	14.9298	35.8	60
dDocent_Contig_4212	1	248	32	247	99.5968	18.1855	36.4	60
dDocent_Contig_4217	1	271	31	268	98.893	14.9077	36.3	59.3
dDocent_Contig_4218	1	370	44	368	99.4595	17.6297	36.1	60
dDocent_Contig_4219	1	445	257	444	99.7753	83.0427	36.2	58.7
dDocent_Contig_4222	1	410	15	346	84.3902	5.43902	36.6	60
dDocent_Contig_4223	1	363	3	167	46.0055	1.23967	36.4	60
dDocent_Contig_4225	1	404	77	334	82.6733	27.6411	35.8	60
dDocent_Contig_4227	1	304	9	151	49.6711	4.05921	36.6	60
dDocent_Contig_4229	1	343	480	343	100	166.825	35.9	56.9
dDocent_Contig_4233	1	421	45	355	84.323	15.076	36.4	60
dDocent_Contig_4235	1	383	56	382	99.7389	21.2272	36.3	60
dDocent_Contig_4237	1	536	1134	535	99.8134	309.073	36.5	60
dDocent_Contig_4239	1	452	3	173	38.2743	0.982301	36.9	60
dDocent_Contig_4246	1	323	221	249	77.0898	82.6842	36.2	58.1
dDocent_Contig_4248	1	553	68	400	72.3327	17.2333	36.2	59.9
dDocent_Contig_4250	1	323	45	321	99.3808	19.678	36.5	60
dDocent_Contig_4252	1	367	105	364	99.1826	41.6349	36.4	60
dDocent_Contig_4255	1	489	737	488	99.7955	218.973	36.4	59.2
dDocent_Contig_4257	1	578	828	577	99.827	200.183	36.3	54.9
dDocent_Contig_4258	1	307	69	306	99.6743	32.7003	36.1	60
dDocent_Contig_4261	1	461	766	438	95.0108	220.269	36.3	59.9
dDocent_Contig_4263	1	280	9	278	99.2857	4.65357	36.8	60
dDocent_Contig_4264	1	465	114	464	99.7849	35.0968	36.6	57.9
dDocent_Contig_4267	1	504	60	389	77.1825	17.496	36.7	60
dDocent_Contig_4269	1	325	116	325	100	51.0954	36.4	60
dDocent_Contig_4270	1	582	172	475	81.6151	43.4003	36.6	60
dDocent_Contig_4271	1	411	16	306	74.4526	5.55961	36.4	60
dDocent_Contig_4272	1	276	34	271	98.1884	17.5326	36.1	60
dDocent_Contig_4273	1	353	25	351	99.4334	9.88669	36.3	60
dDocent_Contig_4276	1	430	11	370	86.0465	3.5907	36.5	60
dDocent_Contig_4277	1	397	64	397	100	23.3602	36.5	60
dDocent_Contig_4278	1	358	66	335	93.5754	26.3101	35.8	60
dDocent_Contig_4283	1	499	347	487	97.5952	100.162	36.4	59.2
dDocent_Contig_4285	1	229	41	228	99.5633	25.2926	36.3	60
dDocent_Contig_4287	1	327	93	315	96.3303	40.8838	36.4	60
dDocent_Contig_4291	1	418	69	389	93.0622	23.9139	36.3	60
dDocent_Contig_4292	1	269	35	269	100	18.6506	36.4	60
dDocent_Contig_4293	1	482	30	473	98.1328	9.08921	36.5	60
dDocent_Contig_4295	1	342	260	342	100	111.155	36.2	60
dDocent_Contig_4297	1	556	390	555	99.8201	102.446	36.3	60
dDocent_Contig_4300	1	406	90	381	93.8424	32.2857	36.2	59.9
dDocent_Contig_4307	1	495	123	450	90.9091	36.1131	36.4	60
dDocent_Contig_4311	1	501	11	436	87.0259	2.99401	36.3	60
dDocent_Contig_4313	1	252	77	251	99.6032	44.1349	36.3	60
dDocent_Contig_4316	1	452	133	418	92.4779	42.0111	36.3	60
dDocent_Contig_4317	1	505	23	316	62.5743	6.08119	36	60
dDocent_Contig_4319	1	378	83	376	99.4709	31.9524	36.3	60
dDocent_Contig_4320	1	290	69	289	99.6552	34.7552	36.2	60
dDocent_Contig_4321	1	371	58	314	84.6361	22.6469	36.3	60
dDocent_Contig_4323	1	500	71	465	93	20.634	36.1	60
dDocent_Contig_4324	1	385	218	379	98.4416	80.6182	36.2	60
dDocent_Contig_4326	1	441	227	436	98.8662	74.9184	36.3	60
dDocent_Contig_4328	1	353	163	352	99.7167	66.119	36.4	60
dDocent_Contig_4329	1	294	43	286	97.2789	21.1259	36.6	60
dDocent_Contig_4331	1	334	177	333	99.7006	76.2126	36.6	60
dDocent_Contig_4332	1	384	105	381	99.2188	39.7031	36.4	60
dDocent_Contig_4333	1	308	15	297	96.4286	6.89286	36.7	60
dDocent_Contig_4335	1	507	56	413	81.4596	15.6568	35.1	60
dDocent_Contig_4339	1	488	231	467	95.6967	69.2439	36.3	60
dDocent_Contig_4340	1	328	122	326	99.3902	54.7439	36.2	60
dDocent_Contig_4341	1	470	149	470	100	45.5702	36.3	60
dDocent_Contig_4347	1	383	33	331	86.423	11.7885	36.2	60
dDocent_Contig_4348	1	456	142	436	95.614	45.7215	36.4	60
dDocent_Contig_4351	1	603	1413	602	99.8342	341.567	36.3	60
dDocent_Contig_4354	1	415	6	291	70.1205	1.95181	36.8	60
dDocent_Contig_4355	1	583	100	414	71.012	25.0051	36.1	60
dDocent_Contig_4357	1	361	25	238	65.928	9.35734	36.6	60
dDocent_Contig_4360	1	413	262	412	99.7579	92.3293	36.2	60
dDocent_Contig_4362	1	283	38	277	97.8799	18.5512	36.7	60
dDocent_Contig_4364	1	549	539	540	98.3607	143.614	36.4	59.8
dDocent_Contig_4367	1	285	14	283	99.2982	6.83509	36.6	60
dDocent_Contig_4368	1	266	58	264	99.2481	28.8383	36	56.6
dDocent_Contig_4370	1	373	125	372	99.7319	48.8257	36.5	60
dDocent_Contig_4371	1	417	96	381	91.3669	33.271	36.7	60
dDocent_Contig_4372	1	178	4	172	96.6292	3.07303	35.7	60
dDocent_Contig_4373	1	398	444	397	99.7487	153.814	35.8	59.7
dDocent_Contig_4378	1	465	9	287	61.7204	2.85376	36	60
dDocent_Contig_4380	1	394	31	285	72.335	10.7995	36	60
dDocent_Contig_4383	1	215	29	209	97.2093	19.0605	36.5	60
dDocent_Contig_4384	1	458	67	449	98.0349	21.2052	36.7	60
dDocent_Contig_4390	1	266	42	265	99.6241	22.4398	36.6	60
dDocent_Contig_4391	1	469	27	422	89.9787	8.26439	36.1	60
dDocent_Contig_4392	1	236	111	235	99.5763	67.5042	36.4	60
dDocent_Contig_4393	1	395	120	393	99.4937	44.157	36.3	60
dDocent_Contig_4395	1	392	31	312	79.5918	10.9821	36.1	60
dDocent_Contig_4397	1	253	7	212	83.7945	3.81423	36.7	60
dDocent_Contig_4402	1	329	34	328	99.696	14.155	36	59.6
dDocent_Contig_4403	1	336	21	313	93.1548	9.10417	36	60
dDocent_Contig_4404	1	470	65	453	96.383	17.3809	35.3	60
dDocent_Contig_4409	1	562	47	435	77.4021	11.9253	36.3	60
dDocent_Contig_4411	1	387	17	361	93.2817	6.38501	36.3	60
dDocent_Contig_4412	1	564	441	564	100	114.138	36.6	60
dDocent_Contig_4413	1	402	48	348	86.5672	16.7537	35.7	60
dDocent_Contig_4416	1	393	15	365	92.8753	5.41476	36.4	60
dDocent_Contig_4420	1	427	157	392	91.8033	53.7119	36.6	60
dDocent_Contig_4422	1	396	84	325	82.0707	29.5227	35.8	60
dDocent_Contig_4428	1	438	79	432	98.6301	26.1872	36.2	60
dDocent_Contig_4429	1	557	1368	556	99.8205	356.47	36.4	58.5
dDocent_Contig_4438	1	275	58	274	99.6364	27.2727	36.4	53.5
dDocent_Contig_4441	1	414	48	295	71.256	16.8478	36.3	60
dDocent_Contig_4442	1	540	18	450	83.3333	4.80556	36	60
dDocent_Contig_4447	1	533	38	297	55.7223	10.4822	36.6	60
dDocent_Contig_4448	1	468	119	441	94.2308	36.9765	36.3	60
dDocent_Contig_4451	1	477	82	470	98.5325	24.4675	36.2	60
dDocent_Contig_4456	1	294	137	292	99.3197	67.3946	36.4	60
dDocent_Contig_4459	1	534	28	395	73.97	7.79213	36.7	60
dDocent_Contig_4460	1	573	269	520	90.7504	68.7068	36.5	60
dDocent_Contig_4461	1	337	101	336	99.7033	43.3323	36.4	60
dDocent_Contig_4465	1	343	56	308	89.7959	23.9359	36.3	60
dDocent_Contig_4466	1	515	30	514	99.8058	8.07961	36.3	60
dDocent_Contig_4468	1	280	30	279	99.6429	15.0179	34.3	60
dDocent_Contig_4470	1	406	228	401	98.7685	80.8571	36.3	60
dDocent_Contig_4475	1	463	1	117	25.27	0.2527	36.5	60
dDocent_Contig_4478	1	411	75	377	91.7275	26.3747	36.2	60
dDocent_Contig_4480	1	356	9	345	96.9101	3.19944	34.6	60
dDocent_Contig_4484	1	254	41	248	97.6378	22.7913	36.7	57.5
dDocent_Contig_4487	1	228	59	227	99.5614	36.75	35.2	60
dDocent_Contig_4488	1	381	198	380	99.7375	75.4961	36.4	60
dDocent_Contig_4489	1	391	65	386	98.7212	24.0921	36.5	60
dDocent_Contig_4492	1	431	281	430	99.768	93.7262	36.2	59.6
dDocent_Contig_4494	1	365	17	303	83.0137	6.71233	36.8	60
dDocent_Contig_4496	1	472	390	471	99.7881	119.765	36.4	60
dDocent_Contig_4501	1	369	82	368	99.729	32.4146	36.2	60
dDocent_Contig_4502	1	263	26	263	100	13.7376	36	60
dDocent_Contig_4506	1	508	105	456	89.7638	29.6457	35.9	60
dDocent_Contig_4509	1	344	219	344	100	92.9041	36.2	60
dDocent_Contig_4511	1	417	65	383	91.8465	22.5707	36.4	60
dDocent_Contig_4517	1	213	145	212	99.5305	86.4601	35.6	60
dDocent_Contig_4520	1	439	46	414	94.3052	15.1253	36.4	60
dDocent_Contig_4522	1	408	51	402	98.5294	18.1985	36.4	60
dDocent_Contig_4523	1	333	20	183	54.955	8.36937	36.4	60
dDocent_Contig_4524	1	436	84	414	94.9541	27.7546	36.6	60
dDocent_Contig_4525	1	411	27	274	66.6667	9.25061	35.5	60
dDocent_Contig_4530	1	388	163	368	94.8454	60.7577	36.6	58.2
dDocent_Contig_4534	1	484	19	326	67.3554	5.70248	36.4	60
dDocent_Contig_4535	1	395	219	394	99.7468	80.2203	36.2	60
dDocent_Contig_4536	1	450	49	403	89.5556	15.4044	36.4	60
dDocent_Contig_4537	1	386	18	350	90.6736	6.76943	36.3	60
dDocent_Contig_4538	1	253	29	245	96.8379	15.4545	36.4	60
dDocent_Contig_4541	1	252	34	245	97.2222	19.1865	36.5	60
dDocent_Contig_4543	1	443	11	375	84.6501	3.3544	35.8	60
dDocent_Contig_4545	1	461	120	341	73.9696	37.1844	36.4	60
dDocent_Contig_4546	1	213	30	212	99.5305	17.5634	34.7	60
dDocent_Contig_4547	1	265	31	265	100	16.766	36	60
dDocent_Contig_4549	1	273	217	271	99.2674	115.414	36.5	60
dDocent_Contig_4552	1	355	53	354	99.7183	22.1634	36.2	60
dDocent_Contig_4556	1	575	61	522	90.7826	14.7357	36	60
dDocent_Contig_4559	1	250	13	249	99.6	7.164	36.7	60
dDocent_Contig_4560	1	504	447	504	100	129.119	36.2	60
dDocent_Contig_4562	1	333	40	332	99.6997	16.6396	36.5	60
dDocent_Contig_4563	1	377	97	377	100	36.7719	36.6	60
dDocent_Contig_4564	1	370	45	325	87.8378	17.6676	36.5	60
dDocent_Contig_4569	1	330	93	329	99.697	40.7636	35.9	60
dDocent_Contig_4570	1	440	10	412	93.6364	3.34091	36.3	60
dDocent_Contig_4571	1	322	31	320	99.3789	12.6739	36	59
dDocent_Contig_4572	1	365	166	363	99.4521	64.4137	35.9	60
dDocent_Contig_4573	1	402	82	388	96.5174	29.694	36.3	60
dDocent_Contig_4574	1	343	29	280	81.6327	11.621	36	60
dDocent_Contig_4576	1	438	17	346	78.9954	5.71005	35.7	60
dDocent_Contig_4578	1	422	8	117	27.7251	2.07109	36.8	60
dDocent_Contig_4579	1	349	72	331	94.8424	30.2607	36.2	60
dDocent_Contig_4583	1	463	220	461	99.568	69.1166	36.5	60
dDocent_Contig_4584	1	265	31	265	100	16.9962	36.7	60
dDocent_Contig_4586	1	563	119	485	86.1456	31.3286	36.4	60
dDocent_Contig_4588	1	440	6	367	83.4091	1.99318	36.9	60
dDocent_Contig_4590	1	367	38	347	94.5504	14.4687	36.4	60
dDocent_Contig_4592	1	245	251	214	87.3469	144.629	35.9	60
dDocent_Contig_4593	1	458	90	352	76.8559	28.0393	36.4	60
dDocent_Contig_4598	1	496	8	229	46.1694	1.89516	36.7	60
dDocent_Contig_4604	1	393	155	350	89.0585	53.3486	36.4	59.7
dDocent_Contig_4607	1	420	111	419	99.7619	38.9714	36.4	60
dDocent_Contig_4609	1	441	9	259	58.7302	2.78231	35.1	60
dDocent_Contig_4610	1	259	20	247	95.3668	10.6718	36.4	60
dDocent_Contig_4611	1	328	40	259	78.9634	17.2622	36.4	60
dDocent_Contig_4615	1	466	21	417	89.485	6.22747	35.8	60
dDocent_Contig_4616	1	517	30	365	70.5996	8.57834	36.6	60
dDocent_Contig_4617	1	320	19	318	99.375	8.53438	36.2	60
dDocent_Contig_4620	1	422	298	410	97.1564	103.846	36.2	60
dDocent_Contig_4621	1	242	11	241	99.5868	6.32231	36.3	60
dDocent_Contig_4622	1	421	10	325	77.1971	3.56295	36.5	60
dDocent_Contig_4624	1	208	21	208	100	14.5385	36.3	60
dDocent_Contig_4626	1	376	103	376	100	39.0984	36.5	60
dDocent_Contig_4627	1	232	109	231	99.569	66.444	36.4	60
dDocent_Contig_4628	1	445	169	445	100	54.0382	36.2	58.9
dDocent_Contig_4629	1	400	328	399	99.75	118.05	36.2	60
dDocent_Contig_4631	1	545	300	545	100	79.2495	36.4	59.7
dDocent_Contig_4632	1	503	33	349	69.3837	9.54871	36.7	60
dDocent_Contig_4633	1	331	15	232	70.0906	6.67372	36.8	60
dDocent_Contig_4636	1	300	14	251	83.6667	6.60333	36.5	60
dDocent_Contig_4640	1	437	29	386	88.3295	9.71167	36.1	60
dDocent_Contig_4641	1	246	21	245	99.5935	11.9756	36.6	60
dDocent_Contig_4643	1	281	88	271	96.4413	45.7722	36.5	60
dDocent_Contig_4645	1	552	76	374	67.7536	19.9275	36.5	60
dDocent_Contig_4648	1	251	4	187	74.502	2.23904	36.7	60
dDocent_Contig_4650	1	393	79	315	80.1527	28.5674	36.4	60
dDocent_Contig_4655	1	415	66	409	98.5542	22.3542	36.4	60
dDocent_Contig_4657	1	564	105	490	86.8794	26.0656	35.9	60
dDocent_Contig_4659	1	500	21	349	69.8	5.988	36.6	60
dDocent_Contig_4662	1	274	34	272	99.2701	17.5876	36.3	60
dDocent_Contig_4664	1	393	57	391	99.4911	20.4377	36.3	60
dDocent_Contig_4666	1	397	141	396	99.7481	51.796	36.4	60
dDocent_Contig_4670	1	350	246	349	99.7143	102.654	36.5	60
dDocent_Contig_4671	1	552	81	314	56.8841	20.7228	36.3	60
dDocent_Contig_4672	1	271	21	225	83.0258	11.1218	36.1	60
dDocent_Contig_4675	1	322	25	232	72.0497	11.3447	36.7	60
dDocent_Contig_4678	1	363	345	363	100	136.091	36.2	60
dDocent_Contig_4679	1	252	12	223	88.4921	6.83333	36.6	60
dDocent_Contig_4680	1	426	66	391	91.784	22.2136	36.3	60
dDocent_Contig_4685	1	389	84	387	99.4859	31.8509	36.4	60
dDocent_Contig_4687	1	369	59	291	78.8618	22.3794	36.6	60
dDocent_Contig_4694	1	435	39	362	83.2184	12.9471	36.4	60
dDocent_Contig_4695	1	429	57	333	77.6224	18.7086	36.5	60
dDocent_Contig_4696	1	477	154	475	99.5807	46.9644	36	59.6
dDocent_Contig_4702	1	346	15	268	77.4566	6.43642	36.5	60
dDocent_Contig_4706	1	461	560	454	98.4816	174.707	36.2	60
dDocent_Contig_4707	1	297	10	234	78.7879	4.83165	36.6	60
dDocent_Contig_4708	1	272	19	247	90.8088	10.2794	36.5	60
dDocent_Contig_4710	1	264	27	262	99.2424	14.5417	36.3	60
dDocent_Contig_4712	1	474	29	467	98.5232	8.64979	36.7	60
dDocent_Contig_4714	1	396	11	366	92.4242	3.98485	35.8	60
dDocent_Contig_4716	1	484	81	397	82.0248	24.4256	36.3	60
dDocent_Contig_4719	1	536	22	307	57.2761	5.95149	36.3	60
dDocent_Contig_4720	1	403	51	402	99.7519	17.8933	36.6	60
dDocent_Contig_4721	1	283	3	153	54.0636	1.53004	36.7	60
dDocent_Contig_4724	1	412	69	359	87.1359	24.0243	36.4	60
dDocent_Contig_4725	1	416	12	226	54.3269	3.8149	36.8	60
dDocent_Contig_4727	1	517	26	306	59.1876	6.98453	36.3	60
dDocent_Contig_4731	1	530	336	527	99.434	89.8302	36.4	59.5
dDocent_Contig_4735	1	393	23	287	73.028	8.11705	36.7	60
dDocent_Contig_4736	1	338	13	336	99.4083	4.73964	35.3	60
dDocent_Contig_4747	1	320	142	320	100	63.775	36.3	60
dDocent_Contig_4751	1	350	47	332	94.8571	19.1657	36.5	60
dDocent_Contig_4757	1	394	30	359	91.1168	10.533	36	59.5
dDocent_Contig_4758	1	378	263	377	99.7354	100.402	36.4	60
dDocent_Contig_4763	1	307	108	306	99.6743	50.6971	36.3	59.9
dDocent_Contig_4765	1	363	8	257	70.7989	3.07989	36.8	60
dDocent_Contig_4769	1	424	120	415	97.8774	40.5684	36	60
dDocent_Contig_4770	1	407	72	406	99.7543	25.5184	36.3	60
dDocent_Contig_4773	1	357	199	357	100	81.5658	36.4	60
dDocent_Contig_4774	1	200	2	156	78	1.475	36.6	60
dDocent_Contig_4775	1	461	23	275	59.6529	7.21909	36.3	60
dDocent_Contig_4777	1	539	19	247	45.8256	4.83859	35.9	60
dDocent_Contig_4783	1	360	73	358	99.4444	28.2722	35.9	60
dDocent_Contig_4784	1	383	123	381	99.4778	45.2768	36.4	59.3
dDocent_Contig_4785	1	466	45	305	65.4506	14.0193	36.2	60
dDocent_Contig_4786	1	358	164	357	99.7207	65.8101	36.6	60
dDocent_Contig_4788	1	633	105	417	65.8768	23.3633	36.2	60
dDocent_Contig_4792	1	304	43	303	99.6711	19.2007	35.5	60
dDocent_Contig_4793	1	472	21	417	88.3475	6.4322	36.6	60
dDocent_Contig_4794	1	274	25	246	89.781	12.5	36.5	60
dDocent_Contig_4795	1	519	107	461	88.8247	30.21	36.6	60
dDocent_Contig_4799	1	394	108	379	96.1929	39.264	36.2	60
dDocent_Contig_4800	1	542	203	540	99.631	53.5	36.2	59.6
dDocent_Contig_4803	1	294	411	293	99.6599	196.126	36.4	59.8
dDocent_Contig_4805	1	445	12	361	81.1236	3.96629	36.7	60
dDocent_Contig_4807	1	339	80	338	99.705	34.2832	36.1	60
dDocent_Contig_4808	1	472	318	471	99.7881	96.7733	36.3	60
dDocent_Contig_4811	1	277	33	257	92.7798	16.3285	36.5	60
dDocent_Contig_4815	1	545	161	512	93.945	43.5798	36.4	60
dDocent_Contig_4817	1	361	68	360	99.723	27.2022	36.3	60
dDocent_Contig_4819	1	458	21	393	85.8079	6.60262	36.4	60
dDocent_Contig_4823	1	368	30	293	79.6196	11.5679	36	60
dDocent_Contig_4826	1	222	2	92	41.4414	0.828829	36.5	60
dDocent_Contig_4827	1	465	55	390	83.871	16.9785	36.2	60
dDocent_Contig_4828	1	306	127	305	99.6732	59.7712	36.5	60
dDocent_Contig_4829	1	255	60	253	99.2157	33.651	36.7	60
dDocent_Contig_4831	1	340	37	323	95	14.8794	36.3	60
dDocent_Contig_4832	1	377	73	373	98.939	28.0477	36.3	60
dDocent_Contig_4833	1	303	160	302	99.67	75.8284	36.2	60
dDocent_Contig_4834	1	491	451	489	99.5927	131.43	36.2	60
dDocent_Contig_4838	1	408	83	407	99.7549	28.6152	36	59.5
dDocent_Contig_4839	1	384	48	354	92.1875	17.8958	36.7	60
dDocent_Contig_4840	1	414	151	399	96.3768	53.2802	36.3	60
dDocent_Contig_4841	1	284	5	142	50	1.85211	36.4	60
dDocent_Contig_4843	1	423	65	262	61.9385	21.6998	36.1	60
dDocent_Contig_4845	1	589	142	588	99.8302	34.129	36.4	60
dDocent_Contig_4848	1	571	161	570	99.8249	40.0736	36.4	59.6
dDocent_Contig_4849	1	281	46	280	99.6441	22.8754	36.5	60
dDocent_Contig_4850	1	381	75	381	100	28.399	36	60
dDocent_Contig_4851	1	562	265	562	100	67.9769	36.5	59.9
dDocent_Contig_4855	1	501	302	500	99.8004	84.2515	36.2	57.8
dDocent_Contig_4857	1	493	142	443	89.858	41.9919	36.5	60
dDocent_Contig_4860	1	356	11	238	66.8539	4.34831	36.6	60
dDocent_Contig_4862	1	338	218	337	99.7041	93.0178	36.4	60
dDocent_Contig_4865	1	416	126	405	97.3558	44.0433	36.2	60
dDocent_Contig_4868	1	263	9	261	99.2395	4.71103	36.6	60
dDocent_Contig_4873	1	428	43	404	94.3925	14.2243	36.7	60
dDocent_Contig_4874	1	322	21	244	75.7764	8.95031	35.6	60
dDocent_Contig_4875	1	347	10	337	97.1182	4.21326	36.5	60
dDocent_Contig_4880	1	296	41	295	99.6622	19.9628	35.9	60
dDocent_Contig_4883	1	160	5	160	100	4.50625	34.7	60
dDocent_Contig_4887	1	353	1	135	38.2436	0.382436	36.1	60
dDocent_Contig_4889	1	439	8	226	51.4806	2.61503	36.5	60
dDocent_Contig_4891	1	572	373	571	99.8252	95.1241	36.1	59.7
dDocent_Contig_4892	1	390	104	388	99.4872	39.2462	36.4	60
dDocent_Contig_4898	1	165	45	164	99.3939	37.1152	35.3	45.4
dDocent_Contig_4902	1	445	58	410	92.1348	18.1483	35.9	60
dDocent_Contig_4905	1	408	95	407	99.7549	34.1642	36.1	60
dDocent_Contig_4906	1	491	81	395	80.4481	23.613	36.4	60
dDocent_Contig_4908	1	438	78	363	82.8767	25.379	36.1	60
dDocent_Contig_4915	1	262	86	217	82.8244	48.1794	36.2	35.9
dDocent_Contig_4918	1	326	3	210	64.4172	1.38037	36	60
dDocent_Contig_4920	1	504	131	503	99.8016	36.381	35.2	60
dDocent_Contig_4921	1	336	19	279	83.0357	7.90774	36.4	60
dDocent_Contig_4924	1	545	27	477	87.5229	7.28991	36.3	59.4
dDocent_Contig_4925	1	292	68	291	99.6575	33.5	36.3	60
dDocent_Contig_4926	1	487	31	461	94.6612	8.60575	36.4	60
dDocent_Contig_4927	1	324	76	315	97.2222	33.713	36.5	60
dDocent_Contig_4928	1	162	57	161	99.3827	47.784	35.5	60
dDocent_Contig_4932	1	399	24	398	99.7494	8.55138	36.4	59.8
dDocent_Contig_4933	1	515	111	365	70.8738	30.9612	36.5	60
dDocent_Contig_4934	1	260	69	258	99.2308	38.4462	36.4	60
dDocent_Contig_4936	1	351	64	350	99.7151	26.2108	36	60
dDocent_Contig_4937	1	403	54	401	99.5037	19.6328	36.2	60
dDocent_Contig_4939	1	346	225	346	100	94.7948	36.5	60
dDocent_Contig_4941	1	289	108	236	81.6609	52.263	36.4	60
dDocent_Contig_4942	1	396	44	384	96.9697	16.2626	35.9	60
dDocent_Contig_4944	1	311	13	285	91.6399	5.14469	36.2	60
dDocent_Contig_4946	1	168	63	168	100	51.2798	36.1	60
dDocent_Contig_4947	1	410	31	410	100	9.75366	36.4	58.3
dDocent_Contig_4949	1	315	28	313	99.3651	13.0857	36.7	60
dDocent_Contig_4950	1	291	53	289	99.3127	26.0893	36.6	60
dDocent_Contig_4951	1	503	538	455	90.4573	150.692	36.4	58.7
dDocent_Contig_4952	1	414	74	369	89.1304	26.2995	35.9	60
dDocent_Contig_4953	1	300	53	300	100	25.8233	36.5	60
dDocent_Contig_4956	1	394	221	393	99.7462	82.2614	36.4	60
dDocent_Contig_4963	1	595	97	595	100	23.395	36.4	60
dDocent_Contig_4964	1	387	52	320	82.6873	18.739	36.3	60
dDocent_Contig_4966	1	376	46	376	100	17.4548	36.1	59.5
dDocent_Contig_4968	1	284	77	280	98.5915	38.4894	36.4	60
dDocent_Contig_4970	1	255	1	61	23.9216	0.239216	35.4	60
dDocent_Contig_4972	1	349	23	347	99.4269	8.96275	36.2	60
dDocent_Contig_4974	1	287	66	286	99.6516	30.9268	35.9	60
dDocent_Contig_4975	1	557	912	545	97.8456	236.768	36.1	60
dDocent_Contig_4977	1	314	922	314	100	421.608	36.3	60
dDocent_Contig_4980	1	232	36	231	99.569	22.3491	36.2	60
dDocent_Contig_4981	1	222	33	220	99.0991	20.8468	35.9	60
dDocent_Contig_4982	1	324	55	299	92.284	23.963	36.1	60
dDocent_Contig_4985	1	319	43	318	99.6865	17.674	36.6	57.3
dDocent_Contig_4987	1	404	25	355	87.8713	8.61634	36.3	60
dDocent_Contig_4990	1	388	20	314	80.9278	7.03866	35.9	60
dDocent_Contig_4991	1	289	32	287	99.308	14.699	36.3	60
dDocent_Contig_4992	1	186	8	184	98.9247	5.7043	36.8	60
dDocent_Contig_4993	1	266	106	264	99.2481	57.7895	36.4	60
dDocent_Contig_4995	1	597	294	594	99.4975	71.4523	36.5	59.9
dDocent_Contig_4997	1	415	111	414	99.759	38.4337	36.4	60
dDocent_Contig_4999	1	433	112	411	94.9192	37.8083	36.1	60
dDocent_Contig_5000	1	530	119	382	72.0755	32.183	36.1	60
dDocent_Contig_5003	1	318	22	290	91.195	9.70755	36.5	60
dDocent_Contig_5005	1	334	11	304	91.018	4.87425	36.7	60
dDocent_Contig_5007	1	514	143	464	90.2724	40.4105	36.2	60
dDocent_Contig_5008	1	397	60	356	89.6725	22.1184	36.7	60
dDocent_Contig_5010	1	533	759	532	99.8124	207.032	36.4	60
dDocent_Contig_5013	1	362	32	342	94.4751	12.7044	36.3	60
dDocent_Contig_5017	1	563	4	275	48.8455	0.850799	36.8	53.2
dDocent_Contig_5018	1	395	143	393	99.4937	52.9241	36.2	60
dDocent_Contig_5022	1	260	7	199	76.5385	3.85769	36.1	60
dDocent_Contig_5027	1	416	50	408	98.0769	17.1322	36.1	60
dDocent_Contig_5031	1	424	20	314	74.0566	6.13443	36.3	58.9
dDocent_Contig_5036	1	515	130	471	91.4563	37.3204	36.4	43.1
dDocent_Contig_5037	1	338	9	192	56.8047	3.62426	36.5	55.4
dDocent_Contig_5039	1	430	31	298	69.3023	9.96512	36.2	37.8
dDocent_Contig_5053	1	391	49	366	93.6061	18.5754	36.2	60
dDocent_Contig_5054	1	473	132	447	94.5032	40.4249	36.3	60
dDocent_Contig_5055	1	249	97	248	99.5984	56.1687	36.4	60
dDocent_Contig_5056	1	265	36	258	97.3585	19.7736	36.6	60
dDocent_Contig_5059	1	225	28	223	99.1111	17.0267	35.7	60
dDocent_Contig_5061	1	188	43	188	100	31.0532	36.4	60
dDocent_Contig_5062	1	245	44	244	99.5918	26.0816	36.4	60
dDocent_Contig_5064	1	364	22	312	85.7143	8.63462	36	60
dDocent_Contig_5067	1	410	246	376	91.7073	73.9512	35.6	37.1
dDocent_Contig_5068	1	262	95	260	99.2366	53.2214	36.4	60
dDocent_Contig_5072	1	421	31	420	99.7625	10.7672	36.2	60
dDocent_Contig_5073	1	322	29	306	95.0311	12.8261	36.7	60
dDocent_Contig_5075	1	286	22	285	99.6503	10.7587	36.1	60
dDocent_Contig_5076	1	282	33	250	88.6525	15.4043	36.7	60
dDocent_Contig_5078	1	576	11	219	38.0208	2.64583	36.6	60
dDocent_Contig_5079	1	342	260	341	99.7076	110.129	36.3	60
dDocent_Contig_5080	1	473	15	236	49.8943	4.53277	36.4	60
dDocent_Contig_5085	1	577	171	576	99.8267	40.1768	36.2	57
dDocent_Contig_5088	1	253	4	188	74.3083	2.06719	36.7	60
dDocent_Contig_5090	1	396	15	379	95.7071	5.20455	36	60
dDocent_Contig_5092	1	537	293	536	99.8138	72.6853	35.8	60
dDocent_Contig_5098	1	365	32	342	93.6986	12.0247	36.3	60
dDocent_Contig_5102	1	351	56	325	92.5926	22.4986	36.1	60
dDocent_Contig_5103	1	277	115	277	100	58.9278	36.4	59.9
dDocent_Contig_5107	1	417	47	395	94.7242	15.6403	36.4	60
dDocent_Contig_5111	1	358	56	353	98.6034	22.1341	36.6	60
dDocent_Contig_5113	1	279	50	278	99.6416	24.9785	36.5	50
dDocent_Contig_5116	1	214	44	213	99.5327	28.785	36.3	60
dDocent_Contig_5118	1	234	12	233	99.5726	7.50427	35.7	60
dDocent_Contig_5120	1	468	137	395	84.4017	42.6432	36.4	60
dDocent_Contig_5121	1	575	2225	575	100	564.37	36.1	60
dDocent_Contig_5124	1	592	2	166	28.0405	0.506757	35.4	60
dDocent_Contig_5126	1	328	142	327	99.6951	53.1982	35.3	60
dDocent_Contig_5127	1	366	29	354	96.7213	11.6721	36.4	60
dDocent_Contig_5128	1	460	320	459	99.7826	100.889	36.1	60
dDocent_Contig_5131	1	397	47	382	96.2217	17.3048	36.4	60
dDocent_Contig_5132	1	331	21	329	99.3958	9.40483	35.7	60
dDocent_Contig_5134	1	523	31	493	94.2639	8.11663	36.6	60
dDocent_Contig_5137	1	238	62	190	79.8319	37.1513	36.8	60
dDocent_Contig_5138	1	346	118	290	83.815	48.1532	36.5	42.6
dDocent_Contig_5139	1	293	69	293	100	33.5119	36.3	60
dDocent_Contig_5141	1	355	11	290	81.6901	4.12676	36.7	60
dDocent_Contig_5142	1	255	4	166	65.098	2.24314	36.9	60
dDocent_Contig_5143	1	364	11	335	92.033	4.42582	36.8	60
dDocent_Contig_5145	1	566	7	406	71.7314	1.59187	35.4	60
dDocent_Contig_5146	1	272	71	262	96.3235	36.7684	36.1	60
dDocent_Contig_5147	1	507	53	489	96.4497	14.6943	36.2	60
dDocent_Contig_5149	1	345	8	311	90.1449	3.4058	36.6	60
dDocent_Contig_5153	1	278	86	272	97.8417	44.9173	36.4	60
dDocent_Contig_5159	1	398	4	217	54.5226	1.26131	36.7	60
dDocent_Contig_5160	1	490	27	461	94.0816	7.7	36.8	60
dDocent_Contig_5163	1	253	34	252	99.6047	18.8735	36.3	60
dDocent_Contig_5165	1	426	28	310	72.77	9.53991	35.8	60
dDocent_Contig_5170	1	482	1119	367	76.1411	340.027	36.4	45.4
dDocent_Contig_5178	1	446	31	321	71.9731	9.16143	36.4	48.5
dDocent_Contig_5181	1	351	28	350	99.7151	11.4501	36	56
dDocent_Contig_5182	1	282	102	281	99.6454	52.727	36.3	60
dDocent_Contig_5183	1	353	140	352	99.7167	57.9915	36.5	60
dDocent_Contig_5185	1	401	652	401	100	234.728	36.4	59.9
dDocent_Contig_5187	1	412	61	389	94.4175	21.1214	36.2	60
dDocent_Contig_5188	1	406	4	236	58.1281	1.47783	36.4	60
dDocent_Contig_5190	1	377	40	363	96.2865	13.4164	36.2	51
dDocent_Contig_5192	1	334	34	333	99.7006	14	36.1	60
dDocent_Contig_5193	1	269	168	269	100	90.7509	36.5	60
dDocent_Contig_5194	1	235	46	233	99.1489	27.9319	36.4	60
dDocent_Contig_5198	1	386	67	339	87.8238	25.1658	36.4	60
dDocent_Contig_5200	1	410	9	183	44.6341	3.03902	36.9	60
dDocent_Contig_5203	1	220	155	220	100	94.6636	36.2	60
dDocent_Contig_5204	1	467	104	465	99.5717	32.5525	36.4	60
dDocent_Contig_5209	1	204	28	203	99.5098	19.3284	36.7	60
dDocent_Contig_5210	1	351	29	321	91.453	11.4359	36.2	60
dDocent_Contig_5211	1	241	8	226	93.7759	4.73029	36	60
dDocent_Contig_5213	1	384	272	383	99.7396	102.391	36.3	60
dDocent_Contig_5215	1	309	5	290	93.8511	2.39482	36.8	60
dDocent_Contig_5216	1	386	17	274	70.9845	6.05699	35.4	60
dDocent_Contig_5219	1	550	20	531	96.5455	5.32364	36.4	60
dDocent_Contig_5220	1	493	8	427	86.6126	2.31643	36.6	60
dDocent_Contig_5225	1	339	83	315	92.9204	35.7906	36.4	60
dDocent_Contig_5234	1	354	30	353	99.7175	12.1384	36.8	60
dDocent_Contig_5235	1	402	74	398	99.005	26.9876	36.1	60
dDocent_Contig_5239	1	350	22	326	93.1429	8.31714	35.7	60
dDocent_Contig_5240	1	279	11	278	99.6416	5.69534	36.4	60
dDocent_Contig_5241	1	323	10	253	78.3282	4.56656	36.7	60
dDocent_Contig_5244	1	406	27	406	100	9.62315	36	60
dDocent_Contig_5245	1	338	58	337	99.7041	24.9438	36.5	60
dDocent_Contig_5247	1	466	369	457	98.0687	115.38	36.2	60
dDocent_Contig_5249	1	320	91	319	99.6875	40.4875	36.2	60
dDocent_Contig_5250	1	228	111	227	99.5614	68.9781	36.3	60
dDocent_Contig_5253	1	484	134	391	80.7851	39.874	36	60
dDocent_Contig_5258	1	432	11	253	58.5648	3.17593	36.6	60
dDocent_Contig_5259	1	437	141	354	81.0069	47.286	36.4	60
dDocent_Contig_5260	1	510	16	338	66.2745	4.19608	36.3	60
dDocent_Contig_5261	1	577	17	459	79.5494	4.15078	36.8	60
dDocent_Contig_5262	1	328	98	327	99.6951	42.2409	36.2	60
dDocent_Contig_5264	1	362	160	361	99.7238	63.4309	36.2	60
dDocent_Contig_5266	1	253	29	252	99.6047	16.6561	36.5	60
dDocent_Contig_5268	1	207	56	206	99.5169	38.5894	36.7	60
dDocent_Contig_5271	1	489	29	464	94.8875	8.26585	36.2	60
dDocent_Contig_5272	1	280	20	280	100	9.49643	36.2	60
dDocent_Contig_5274	1	317	80	317	100	35.9401	36.2	60
dDocent_Contig_5276	1	331	104	330	99.6979	46.5015	36.5	60
dDocent_Contig_5282	1	252	71	252	100	39.5754	36.3	60
dDocent_Contig_5285	1	346	588	303	87.5723	237.876	36.5	56
dDocent_Contig_5287	1	587	9	415	70.6985	2.21806	36.7	60
dDocent_Contig_5289	1	323	113	323	100	50.517	36.5	60
dDocent_Contig_5292	1	475	55	328	69.0526	16.2168	36.4	60
dDocent_Contig_5294	1	248	102	247	99.5968	59.1935	36.5	60
dDocent_Contig_5296	1	569	3563	569	100	904.907	36.2	58.2
dDocent_Contig_5298	1	270	53	268	99.2593	27.7815	36.3	60
dDocent_Contig_5302	1	415	60	360	86.747	20.6482	35.8	60
dDocent_Contig_5303	1	240	1	132	55	0.55	36.8	60
dDocent_Contig_5304	1	349	111	334	95.702	46.2579	36.4	60
dDocent_Contig_5305	1	317	55	316	99.6845	24.7508	36.3	60
dDocent_Contig_5307	1	415	36	408	98.3133	12.388	36.7	60
dDocent_Contig_5308	1	239	23	139	58.159	12.0711	36	60
dDocent_Contig_5313	1	370	78	353	95.4054	30.9541	36.3	60
dDocent_Contig_5314	1	338	19	320	94.6746	8.14497	36.6	60
dDocent_Contig_5318	1	385	45	384	99.7403	17.226	36.3	60
dDocent_Contig_5322	1	457	95	360	78.7746	29.1138	35.9	59.9
dDocent_Contig_5323	1	484	27	483	99.7934	8.00826	36.5	60
dDocent_Contig_5324	1	320	21	319	99.6875	9.3375	36.4	60
dDocent_Contig_5326	1	445	32	414	93.0337	9.49888	36.4	57.1
dDocent_Contig_5332	1	277	67	275	99.278	34.8953	36.4	59.8
dDocent_Contig_5335	1	351	50	338	96.2963	19.9088	36.5	60
dDocent_Contig_5336	1	245	69	244	99.5918	40.0776	36.5	59.8
dDocent_Contig_5337	1	405	24	373	92.0988	8.31605	35.7	60
dDocent_Contig_5341	1	329	440	329	100	179.869	36.2	52.5
dDocent_Contig_5342	1	394	31	325	82.4873	8.86548	36.3	60
dDocent_Contig_5343	1	485	15	272	56.0825	4.38144	36.3	60
dDocent_Contig_5344	1	269	24	238	88.4758	12.6952	36.3	60
dDocent_Contig_5348	1	352	31	350	99.4318	12.5653	36.5	60
dDocent_Contig_5349	1	426	175	422	99.061	59.7535	36.3	60
dDocent_Contig_5353	1	304	5	240	78.9474	2.36184	36.4	60
dDocent_Contig_5355	1	270	67	268	99.2593	35.4074	36.4	60
dDocent_Contig_5358	1	403	10	259	64.268	3.45906	35.1	60
dDocent_Contig_5361	1	306	41	304	99.3464	19.4085	36.3	60
dDocent_Contig_5366	1	363	93	353	97.2452	37.3912	36.6	60
dDocent_Contig_5368	1	394	167	391	99.2386	60.8934	36.1	60
dDocent_Contig_5369	1	390	51	350	89.7436	18.2795	36.6	60
dDocent_Contig_5371	1	408	21	405	99.2647	7.36275	36.5	58.2
dDocent_Contig_5372	1	364	382	363	99.7253	143.489	36.1	50.9
dDocent_Contig_5378	1	557	1474	545	97.8456	385.12	36.3	46.5
dDocent_Contig_5382	1	634	187	483	76.183	41.9038	36.4	39.9
dDocent_Contig_5386	1	426	101	365	85.6808	33.1878	36.4	58.5
dDocent_Contig_5389	1	342	62	266	77.7778	25.7018	36.6	51.6
dDocent_Contig_5390	1	527	262	519	98.482	71.3833	36.4	60
dDocent_Contig_5395	1	468	2972	468	100	919.188	36.2	46.7
dDocent_Contig_5396	1	375	37	368	98.1333	13.512	36.3	56.4
dDocent_Contig_5398	1	325	74	302	92.9231	33.16	36.1	60
dDocent_Contig_5399	1	570	128	451	79.1228	32.5053	35.9	60
dDocent_Contig_5401	1	377	42	362	96.0212	16.3528	36.4	60
dDocent_Contig_5403	1	365	125	319	87.3973	50.2767	36.2	60
dDocent_Contig_5404	1	498	87	337	67.6707	25.5803	36.3	60
dDocent_Contig_5407	1	439	138	436	99.3166	45.508	36.2	60
dDocent_Contig_5408	1	398	73	376	94.4724	26.5201	36.4	60
dDocent_Contig_5409	1	346	89	345	99.711	37.4017	36.6	60
dDocent_Contig_5410	1	476	5	201	42.2269	1.56303	35.7	60
dDocent_Contig_5412	1	435	411	434	99.7701	132.674	35.4	59.9
dDocent_Contig_5413	1	520	28	508	97.6923	7.64038	36	56.4
dDocent_Contig_5415	1	478	103	408	85.3556	30.6967	36.4	60
dDocent_Contig_5419	1	455	125	453	99.5604	40.0615	36.4	60
dDocent_Contig_5421	1	393	48	391	99.4911	17.341	36.4	60
dDocent_Contig_5423	1	289	56	287	99.308	27.9343	36.3	59.8
dDocent_Contig_5426	1	540	503	520	96.2963	135.044	36.3	60
dDocent_Contig_5428	1	269	97	268	99.6283	52.1338	36.3	60
dDocent_Contig_5433	1	216	70	215	99.537	45.7176	36.3	60
dDocent_Contig_5439	1	431	38	391	90.7193	12.9374	36.2	60
dDocent_Contig_5440	1	414	146	405	97.8261	50.9807	36.6	60
dDocent_Contig_5441	1	437	36234	437	100	12017.3	36.2	59.9
dDocent_Contig_5446	1	411	249	410	99.7567	87.8273	36.2	60
dDocent_Contig_5447	1	465	157	421	90.5376	48.7247	36.3	60
dDocent_Contig_5450	1	262	21	231	88.1679	10.9275	36.4	60
dDocent_Contig_5454	1	273	95	269	98.5348	50.2821	36.6	60
dDocent_Contig_5455	1	543	23	333	61.326	6.10866	36.3	60
dDocent_Contig_5457	1	226	9	224	99.115	5.69912	36.6	60
dDocent_Contig_5458	1	160	22	159	99.375	18.5938	36.5	60
dDocent_Contig_5459	1	532	106	447	84.0226	29.1203	36.5	60
dDocent_Contig_5460	1	402	17	330	82.0896	5.84577	36.5	60
dDocent_Contig_5465	1	244	17	144	59.0164	8.95082	35.9	60
dDocent_Contig_5467	1	326	4	273	83.7423	1.72086	36.8	60
dDocent_Contig_5477	1	373	2410	357	95.7105	933.394	36.4	56.8
dDocent_Contig_5478	1	245	1686	245	100	971.71	36.5	45.3
dDocent_Contig_5480	1	570	18	473	82.9825	4.6807	36.3	60
dDocent_Contig_5481	1	498	85	413	82.9317	24.7691	36.3	60
dDocent_Contig_5482	1	255	189	254	99.6078	106.271	36.4	60
dDocent_Contig_5484	1	485	440	484	99.7938	131.986	36.4	60
dDocent_Contig_5487	1	192	41	191	99.4792	28.3906	35.9	60
dDocent_Contig_5492	1	584	238	424	72.6027	59.6079	36.2	60
dDocent_Contig_5493	1	422	244	421	99.763	83.0261	36.1	60
dDocent_Contig_5494	1	430	65	429	99.7674	21.9	36.5	60
dDocent_Contig_5495	1	480	57	394	82.0833	17.2292	36.5	60
dDocent_Contig_5496	1	363	19	361	99.449	7.53444	35.9	60
dDocent_Contig_5497	1	437	67	435	99.5423	22.0023	36	60
dDocent_Contig_5498	1	492	173	491	99.7967	51.3557	36.1	60
dDocent_Contig_5505	1	342	1207	342	100	454.076	35.3	44.1
dDocent_Contig_5506	1	388	6	295	76.0309	1.97423	36.8	60
dDocent_Contig_5508	1	474	33	365	77.0042	9.85232	36.5	60
dDocent_Contig_5510	1	433	55	426	98.3834	18.2748	36.4	60
dDocent_Contig_5511	1	395	24	392	99.2405	8.55443	36.2	60
dDocent_Contig_5513	1	389	33	388	99.7429	11.964	36.3	58.9
dDocent_Contig_5516	1	304	87	304	100	41.1842	36.2	60
dDocent_Contig_5521	1	237	29	235	99.1561	17.2532	36.4	60
dDocent_Contig_5524	1	408	13	259	63.4804	4.59314	36.9	60
dDocent_Contig_5530	1	415	103	379	91.3253	35.8819	36.3	60
dDocent_Contig_5535	1	390	10	278	71.2821	3.65385	35	60
dDocent_Contig_5536	1	421	5	347	82.4228	1.7791	36.6	60
dDocent_Contig_5541	1	282	11	280	99.2908	5.45035	36.6	60
dDocent_Contig_5542	1	560	5330	558	99.6429	1346.71	36.2	59.8
dDocent_Contig_5549	1	406	144	404	99.5074	50.8251	36.2	60
dDocent_Contig_5550	1	471	112	399	84.7134	34.3185	36.4	60
dDocent_Contig_5551	1	443	152	426	96.1625	49.307	36.4	60
dDocent_Contig_5555	1	269	19	250	92.9368	10.0297	36.6	60
dDocent_Contig_5564	1	264	51	262	99.2424	26.4091	35.7	60
dDocent_Contig_5566	1	265	23	255	96.2264	11.5925	36.3	60
dDocent_Contig_5568	1	439	22	416	94.7608	7.09567	36.7	60
dDocent_Contig_5569	1	544	123	480	88.2353	33.2794	36.5	60
dDocent_Contig_5570	1	471	113	270	57.3248	31.603	36.2	59.7
dDocent_Contig_5572	1	369	545	369	100	209.992	36	59.9
dDocent_Contig_5582	1	326	209	325	99.6933	92.7178	36.6	59.9
dDocent_Contig_5583	1	289	68	281	97.2318	34.2768	36.5	60
dDocent_Contig_5584	1	268	75	242	90.2985	40.4776	35.8	60
dDocent_Contig_5585	1	370	14	340	91.8919	5.24865	36	60
dDocent_Contig_5586	1	332	135	314	94.5783	58.4036	35.3	60
dDocent_Contig_5587	1	325	138	310	95.3846	61.6554	36.4	60
dDocent_Contig_5588	1	389	41	389	100	14.6735	36	60
dDocent_Contig_5589	1	369	19	334	90.5149	7.15718	36.5	60
dDocent_Contig_279	1	333	0	0	0	0	0	0
dDocent_Contig_529	1	332	0	0	0	0	0	0
dDocent_Contig_744	1	366	0	0	0	0	0	0
dDocent_Contig_799	1	428	0	0	0	0	0	0
dDocent_Contig_847	1	436	0	0	0	0	0	0
dDocent_Contig_1121	1	403	0	0	0	0	0	0
dDocent_Contig_1124	1	406	0	0	0	0	0	0
dDocent_Contig_1137	1	442	0	0	0	0	0	0
dDocent_Contig_1330	1	424	0	0	0	0	0	0
dDocent_Contig_1415	1	466	0	0	0	0	0	0
dDocent_Contig_1471	1	354	0	0	0	0	0	0
dDocent_Contig_1494	1	478	0	0	0	0	0	0
dDocent_Contig_1630	1	362	0	0	0	0	0	0
dDocent_Contig_1677	1	500	0	0	0	0	0	0
dDocent_Contig_1729	1	332	0	0	0	0	0	0
dDocent_Contig_1768	1	534	0	0	0	0	0	0
dDocent_Contig_1884	1	332	0	0	0	0	0	0
dDocent_Contig_1888	1	460	0	0	0	0	0	0
dDocent_Contig_1930	1	349	0	0	0	0	0	0
dDocent_Contig_1973	1	392	0	0	0	0	0	0
dDocent_Contig_2182	1	506	0	0	0	0	0	0
dDocent_Contig_2207	1	401	0	0	0	0	0	0
dDocent_Contig_2294	1	340	0	0	0	0	0	0
dDocent_Contig_2297	1	363	0	0	0	0	0	0
dDocent_Contig_2463	1	345	0	0	0	0	0	0
dDocent_Contig_2480	1	358	0	0	0	0	0	0
dDocent_Contig_2484	1	384	0	0	0	0	0	0
dDocent_Contig_2533	1	462	0	0	0	0	0	0
dDocent_Contig_2536	1	521	0	0	0	0	0	0
dDocent_Contig_2577	1	377	0	0	0	0	0	0
dDocent_Contig_2582	1	413	0	0	0	0	0	0
dDocent_Contig_2636	1	353	0	0	0	0	0	0
dDocent_Contig_2789	1	470	0	0	0	0	0	0
dDocent_Contig_2807	1	337	0	0	0	0	0	0
dDocent_Contig_2905	1	390	0	0	0	0	0	0
dDocent_Contig_3064	1	527	0	0	0	0	0	0
dDocent_Contig_3090	1	390	0	0	0	0	0	0
dDocent_Contig_3169	1	513	0	0	0	0	0	0
dDocent_Contig_3171	1	464	0	0	0	0	0	0
dDocent_Contig_3288	1	498	0	0	0	0	0	0
dDocent_Contig_3311	1	465	0	0	0	0	0	0
dDocent_Contig_3637	1	336	0	0	0	0	0	0
dDocent_Contig_3647	1	467	0	0	0	0	0	0
dDocent_Contig_3737	1	356	0	0	0	0	0	0
dDocent_Contig_3806	1	426	0	0	0	0	0	0
dDocent_Contig_3916	1	390	0	0	0	0	0	0
dDocent_Contig_3939	1	343	0	0	0	0	0	0
dDocent_Contig_3987	1	358	0	0	0	0	0	0
dDocent_Contig_3991	1	363	0	0	0	0	0	0
dDocent_Contig_4185	1	332	0	0	0	0	0	0
dDocent_Contig_4238	1	447	0	0	0	0	0	0
dDocent_Contig_4268	1	369	0	0	0	0	0	0
dDocent_Contig_4309	1	332	0	0	0	0	0	0
dDocent_Contig_4608	1	348	0	0	0	0	0	0
dDocent_Contig_4651	1	430	0	0	0	0	0	0
dDocent_Contig_4872	1	382	0	0	0	0	0	0
dDocent_Contig_4903	1	464	0	0	0	0	0	0
dDocent_Contig_5154	1	446	0	0	0	0	0	0
dDocent_Contig_5221	1	499	0	0	0	0	0	0
dDocent_Contig_5222	1	424	0	0	0	0	0	0
dDocent_Contig_5252	1	396	0	0	0	0	0	0
dDocent_Contig_5346	1	378	0	0	0	0	0	0
dDocent_Contig_5538	1	338	0	0	0	0	0	0
dDocent_Contig_5576	1	464	0	0	0	0	0	0
dDocent_Contig_2037	1	450	0	0	0	0	0	0
dDocent_Contig_2273	1	375	0	0	0	0	0	0
dDocent_Contig_3858	1	305	0	0	0	0	0	0
dDocent_Contig_4021	1	310	0	0	0	0	0	0
dDocent_Contig_10	1	259	0	0	0	0	0	0
dDocent_Contig_243	1	313	0	0	0	0	0	0
dDocent_Contig_277	1	232	0	0	0	0	0	0
dDocent_Contig_619	1	229	0	0	0	0	0	0
dDocent_Contig_730	1	235	0	0	0	0	0	0
dDocent_Contig_982	1	242	0	0	0	0	0	0
dDocent_Contig_1006	1	396	0	0	0	0	0	0
dDocent_Contig_1031	1	476	0	0	0	0	0	0
dDocent_Contig_1032	1	475	0	0	0	0	0	0
dDocent_Contig_1422	1	191	0	0	0	0	0	0
dDocent_Contig_1462	1	361	0	0	0	0	0	0
dDocent_Contig_1856	1	340	0	0	0	0	0	0
dDocent_Contig_2054	1	343	0	0	0	0	0	0
dDocent_Contig_2142	1	319	0	0	0	0	0	0
dDocent_Contig_2280	1	386	0	0	0	0	0	0
dDocent_Contig_2382	1	256	0	0	0	0	0	0
dDocent_Contig_2537	1	543	0	0	0	0	0	0
dDocent_Contig_2589	1	306	0	0	0	0	0	0
dDocent_Contig_2604	1	371	0	0	0	0	0	0
dDocent_Contig_2640	1	579	0	0	0	0	0	0
dDocent_Contig_2700	1	400	0	0	0	0	0	0
dDocent_Contig_2804	1	306	0	0	0	0	0	0
dDocent_Contig_2832	1	271	0	0	0	0	0	0
dDocent_Contig_2975	1	296	0	0	0	0	0	0
dDocent_Contig_3319	1	254	0	0	0	0	0	0
dDocent_Contig_3416	1	301	0	0	0	0	0	0
dDocent_Contig_3488	1	373	0	0	0	0	0	0
dDocent_Contig_3490	1	353	0	0	0	0	0	0
dDocent_Contig_3497	1	347	0	0	0	0	0	0
dDocent_Contig_3513	1	402	0	0	0	0	0	0
dDocent_Contig_3529	1	214	0	0	0	0	0	0
dDocent_Contig_3713	1	329	0	0	0	0	0	0
dDocent_Contig_3853	1	281	0	0	0	0	0	0
dDocent_Contig_3854	1	224	0	0	0	0	0	0
dDocent_Contig_3949	1	331	0	0	0	0	0	0
dDocent_Contig_4011	1	234	0	0	0	0	0	0
dDocent_Contig_4050	1	204	0	0	0	0	0	0
dDocent_Contig_4158	1	283	0	0	0	0	0	0
dDocent_Contig_4215	1	332	0	0	0	0	0	0
dDocent_Contig_4639	1	280	0	0	0	0	0	0
dDocent_Contig_4881	1	255	0	0	0	0	0	0
dDocent_Contig_4884	1	385	0	0	0	0	0	0
dDocent_Contig_5089	1	262	0	0	0	0	0	0
dDocent_Contig_5094	1	321	0	0	0	0	0	0
dDocent_Contig_5534	1	194	0	0	0	0	0	0
