#rname	startpos	endpos	numreads	covbases	coverage	meandepth	meanbaseq	meanmapq
dDocent_Contig_1	1	535	23	474	88.5981	5.9028	36.4	60
dDocent_Contig_2	1	333	4	117	35.1351	1.12913	35.9	60
dDocent_Contig_6	1	445	7	141	31.6854	1.94831	35.8	60
dDocent_Contig_8	1	685	166	642	93.7226	34.7445	36.5	60
dDocent_Contig_47	1	420	6	280	66.6667	1.80476	36.2	60
dDocent_Contig_48	1	332	5	136	40.9639	1.52711	35.7	60
dDocent_Contig_49	1	332	3	138	41.5663	1.20783	36.8	60
dDocent_Contig_111	1	880	3289	549	62.3864	551.51	36.4	40.9
dDocent_Contig_121	1	505	366	391	77.4257	101.257	36.4	59.6
dDocent_Contig_140	1	394	33	354	89.8477	11.6929	36.4	60
dDocent_Contig_185	1	998	152	953	95.491	21.1443	36.1	43.6
dDocent_Contig_211	1	356	15	326	91.573	5.01124	35.4	42.7
dDocent_Contig_236	1	927	3396	874	94.2826	542.095	36.4	41.6
dDocent_Contig_239	1	987	401	844	85.5117	59.6535	36.5	39
dDocent_Contig_244	1	333	18	274	82.2823	7.25225	36.6	60
dDocent_Contig_254	1	523	75	393	75.1434	18.0516	36.4	38
dDocent_Contig_274	1	334	3	221	66.1677	1.27246	36.6	60
dDocent_Contig_275	1	333	12	143	42.9429	4.66967	36.6	60
dDocent_Contig_276	1	333	18	143	42.9429	6.6967	36.8	60
dDocent_Contig_278	1	333	7	141	42.3423	2.86186	36.8	60
dDocent_Contig_286	1	973	1270	720	73.9979	192.198	36.3	37.7
dDocent_Contig_353	1	800	163	728	91	29.6525	36.2	39
dDocent_Contig_362	1	525	57	380	72.381	15.5581	36.2	45
dDocent_Contig_369	1	550	97	523	95.0909	22.4818	36.3	58.2
dDocent_Contig_372	1	600	1163	559	93.1667	284.248	36.2	49.4
dDocent_Contig_378	1	1030	242	769	74.6602	31.9466	36.3	38.2
dDocent_Contig_385	1	639	30	581	90.9233	6.5446	36.4	34.6
dDocent_Contig_403	1	583	105	362	62.0926	26.1509	36.4	41.1
dDocent_Contig_405	1	627	357	546	87.0813	83.0702	36.3	40.8
dDocent_Contig_423	1	523	316	486	92.9254	88.979	36.1	40.1
dDocent_Contig_425	1	483	178	428	88.6128	54.1242	36.4	39
dDocent_Contig_439	1	1059	1427	788	74.4098	192.31	36.3	40.1
dDocent_Contig_506	1	333	12	281	84.3844	4.78378	35.3	60
dDocent_Contig_514	1	384	23	320	83.3333	7.95052	36.2	60
dDocent_Contig_516	1	528	53	491	92.9924	11.3902	36.2	50
dDocent_Contig_517	1	368	136	305	82.8804	45.4375	36.2	42.1
dDocent_Contig_521	1	335	23	285	85.0746	9.23582	36.3	60
dDocent_Contig_522	1	420	39	356	84.7619	13.0214	35.9	60
dDocent_Contig_523	1	511	31	350	68.4932	8.20744	36	60
dDocent_Contig_528	1	343	2	141	41.1079	0.801749	36.9	60
dDocent_Contig_530	1	474	33	345	72.7848	9.38608	36.2	60
dDocent_Contig_531	1	392	18	143	36.4796	6.20153	36.5	60
dDocent_Contig_535	1	630	89	593	94.127	19.9587	36.5	53.5
dDocent_Contig_542	1	382	55	219	57.3298	19.3848	36.3	60
dDocent_Contig_544	1	519	4	291	56.0694	1.03083	36.8	60
dDocent_Contig_545	1	432	47	392	90.7407	14.6644	36.1	60
dDocent_Contig_551	1	408	9	143	35.049	3.05882	36.6	60
dDocent_Contig_552	1	440	9	400	90.9091	2.82955	36.7	60
dDocent_Contig_568	1	482	63	340	70.5394	18.5913	36.5	60
dDocent_Contig_569	1	591	82	543	91.8782	19.4146	36.2	60
dDocent_Contig_573	1	505	51	461	91.2871	12.9089	35.9	60
dDocent_Contig_575	1	403	3	140	34.7395	1.03226	36.3	60
dDocent_Contig_576	1	408	20	337	82.598	6.34559	36.5	60
dDocent_Contig_577	1	571	166	479	83.8879	42.2259	36.4	60
dDocent_Contig_578	1	475	12	393	82.7368	3.40842	36.6	60
dDocent_Contig_581	1	357	4	142	39.7759	1.33613	35.3	60
dDocent_Contig_582	1	557	8	511	91.7415	1.99102	36.2	60
dDocent_Contig_583	1	348	3	144	41.3793	1.17241	36	60
dDocent_Contig_584	1	471	36	423	89.8089	10.9257	36.4	60
dDocent_Contig_585	1	579	42	480	82.9016	9.90501	36.5	60
dDocent_Contig_586	1	507	17	455	89.7436	4.46154	36.5	60
dDocent_Contig_588	1	365	46	323	88.4932	15.6603	36.3	60
dDocent_Contig_593	1	365	28	297	81.3699	10.3589	36.6	60
dDocent_Contig_595	1	561	185	524	93.4046	47.6435	36.1	60
dDocent_Contig_596	1	414	9	279	67.3913	3.02657	34.7	60
dDocent_Contig_598	1	608	34	420	69.0789	7.98684	36.3	60
dDocent_Contig_599	1	583	30	478	81.9897	7.06346	36.3	60
dDocent_Contig_605	1	392	8	293	74.7449	2.65306	36.5	60
dDocent_Contig_610	1	408	19	286	70.098	5.86765	34.6	60
dDocent_Contig_611	1	476	39	386	81.0924	11.1218	36.4	60
dDocent_Contig_615	1	394	17	215	54.5685	5.63706	36.7	60
dDocent_Contig_616	1	427	181	379	88.7588	52.2881	36	59.3
dDocent_Contig_617	1	474	16	306	64.557	4.64768	36.4	60
dDocent_Contig_618	1	390	1	138	35.3846	0.353846	36.8	60
dDocent_Contig_620	1	385	35	324	84.1558	11.6078	36.4	60
dDocent_Contig_621	1	464	24	418	90.0862	7.0194	36	60
dDocent_Contig_622	1	492	53	465	94.5122	15.6829	36.5	60
dDocent_Contig_623	1	525	10	307	58.4762	2.5619	36.5	60
dDocent_Contig_624	1	380	8	285	75	2.67632	36.3	60
dDocent_Contig_625	1	569	234	417	73.2865	59.4991	36	60
dDocent_Contig_627	1	477	96	411	86.1635	28.0964	36.3	60
dDocent_Contig_632	1	380	56	343	90.2632	20.3711	36.2	60
dDocent_Contig_633	1	474	4	141	29.7468	0.911392	35.7	60
dDocent_Contig_634	1	332	14	140	42.1687	5.36145	36.6	60
dDocent_Contig_635	1	515	11	430	83.4951	2.93981	36	60
dDocent_Contig_637	1	384	39	349	90.8854	13.8464	36.4	59.8
dDocent_Contig_638	1	388	25	292	75.2577	8.52577	35.9	60
dDocent_Contig_639	1	413	16	278	67.3123	4.78692	36.6	60
dDocent_Contig_640	1	439	12	141	32.1185	3.47836	36.8	60
dDocent_Contig_642	1	572	69	524	91.6084	16.25	36.5	60
dDocent_Contig_644	1	508	41	306	60.2362	11.3976	36.6	60
dDocent_Contig_649	1	391	13	280	71.6113	4.43223	36.7	60
dDocent_Contig_650	1	539	12	380	70.5009	3.15399	36.2	60
dDocent_Contig_651	1	461	81	437	94.7939	21.9067	36	52.7
dDocent_Contig_655	1	557	16	453	81.3285	3.62478	36.7	60
dDocent_Contig_656	1	417	61	393	94.2446	20.1463	36.1	59.9
dDocent_Contig_664	1	454	21	277	61.0132	6.24449	36.6	60
dDocent_Contig_665	1	372	20	283	76.0753	7.09946	35.3	60
dDocent_Contig_671	1	523	101	427	81.6444	25.6214	36.3	60
dDocent_Contig_675	1	361	11	216	59.8338	3.8892	36.5	60
dDocent_Contig_676	1	517	19	475	91.8762	4.7911	36.2	60
dDocent_Contig_677	1	478	44	404	84.5188	13.0816	36.6	60
dDocent_Contig_678	1	332	7	142	42.7711	2.88855	36.9	60
dDocent_Contig_680	1	473	37	399	84.3552	11.2304	36.3	60
dDocent_Contig_689	1	332	33	313	94.2771	13.2018	36.2	60
dDocent_Contig_690	1	547	140	520	95.064	35.0219	36.3	60
dDocent_Contig_696	1	424	4	284	66.9811	1.33726	35.3	60
dDocent_Contig_700	1	397	45	356	89.6725	15.5466	36.5	60
dDocent_Contig_702	1	533	9	289	54.2214	2.18011	36	60
dDocent_Contig_703	1	574	82	529	92.1603	19.6516	36.6	60
dDocent_Contig_704	1	372	29	281	75.5376	10.3656	35.8	60
dDocent_Contig_708	1	465	19	281	60.4301	5.48172	36.3	60
dDocent_Contig_709	1	584	37	551	94.3493	8.36815	36.5	57.3
dDocent_Contig_713	1	426	84	351	82.3944	26.0094	36.4	60
dDocent_Contig_714	1	332	17	140	42.1687	6.49398	36.4	60
dDocent_Contig_715	1	380	32	291	76.5789	11.15	36.5	60
dDocent_Contig_717	1	438	24	329	75.1142	7.21233	36.6	60
dDocent_Contig_719	1	496	265	457	92.1371	74.4355	36.5	59.9
dDocent_Contig_720	1	591	15	255	43.1472	3.21827	36.3	60
dDocent_Contig_721	1	493	39	364	73.8337	10.6531	36.1	60
dDocent_Contig_722	1	570	24	312	54.7368	5.55789	36.2	60
dDocent_Contig_724	1	559	77	466	83.3631	18.4669	36.6	60
dDocent_Contig_725	1	477	36	450	94.3396	10.1908	36.5	60
dDocent_Contig_726	1	404	12	329	81.4356	4.10644	36.3	60
dDocent_Contig_729	1	415	64	391	94.2169	21.3904	36.5	60
dDocent_Contig_731	1	517	34	309	59.7679	9.39458	36.5	60
dDocent_Contig_732	1	444	3	160	36.036	0.646396	37	56
dDocent_Contig_733	1	495	41	420	84.8485	11.6242	35.9	60
dDocent_Contig_736	1	519	35	474	91.3295	8.70906	36.4	60
dDocent_Contig_737	1	558	44	353	63.2616	11.0914	36.4	60
dDocent_Contig_738	1	437	32	294	67.2769	10.5172	36.4	60
dDocent_Contig_739	1	445	76	369	82.9213	23.1955	36.3	60
dDocent_Contig_740	1	427	11	170	39.8126	3.44496	36.5	60
dDocent_Contig_741	1	500	19	460	92	4.898	36.7	59.4
dDocent_Contig_748	1	441	30	363	82.3129	9.38095	36.7	60
dDocent_Contig_752	1	423	24	378	89.3617	7.56738	36.8	60
dDocent_Contig_756	1	511	23	292	57.1429	5.97065	36.7	60
dDocent_Contig_757	1	395	13	142	35.9494	4.16203	36.2	60
dDocent_Contig_759	1	428	30	383	89.486	8.90654	36.1	60
dDocent_Contig_760	1	332	25	290	87.3494	10.1386	36.3	43.1
dDocent_Contig_766	1	487	9	372	76.386	2.26899	36.2	60
dDocent_Contig_767	1	435	34	394	90.5747	10.531	36.2	60
dDocent_Contig_768	1	332	37	142	42.7711	14.8645	35.9	60
dDocent_Contig_773	1	535	774	495	92.5234	194.57	36.3	59.2
dDocent_Contig_777	1	434	9	250	57.6037	2.29954	35.7	57.3
dDocent_Contig_778	1	337	30	298	88.4273	12.1958	36.4	60
dDocent_Contig_779	1	486	65	419	86.214	18.6049	36.5	60
dDocent_Contig_780	1	444	18	141	31.7568	5.20045	36.2	60
dDocent_Contig_781	1	332	5	141	42.4699	1.96084	36.4	60
dDocent_Contig_785	1	419	2	201	47.9714	0.673031	36.9	60
dDocent_Contig_787	1	576	10	440	76.3889	2.36285	36.6	60
dDocent_Contig_788	1	351	3	141	40.1709	1.09402	35.6	60
dDocent_Contig_789	1	471	14	317	67.3036	4.07856	36.8	60
dDocent_Contig_791	1	480	8	291	60.625	2.225	36.7	60
dDocent_Contig_792	1	394	19	288	73.0964	6.10914	36.6	60
dDocent_Contig_793	1	434	13	332	76.4977	4.053	36.6	60
dDocent_Contig_796	1	416	1	140	33.6538	0.336538	36.6	60
dDocent_Contig_798	1	406	5	141	34.7291	1.55911	36.8	60
dDocent_Contig_801	1	402	7	276	68.6567	2.33582	36.8	60
dDocent_Contig_804	1	479	9252	442	92.2756	2753.03	36.4	49.1
dDocent_Contig_807	1	443	29	372	83.9729	8.50564	36.6	60
dDocent_Contig_810	1	418	22	140	33.4928	7.12679	36.4	60
dDocent_Contig_811	1	443	43	345	77.8781	13.4289	36.4	60
dDocent_Contig_813	1	504	20	289	57.3413	4.84524	36.5	60
dDocent_Contig_814	1	444	59	409	92.1171	17.4324	36.4	60
dDocent_Contig_824	1	333	6	270	81.0811	2.33333	36.9	60
dDocent_Contig_826	1	461	131	401	86.9848	39.8677	36.4	60
dDocent_Contig_827	1	458	97	406	88.6463	29.0655	36.3	60
dDocent_Contig_829	1	485	45	406	83.7113	12.6309	35.7	60
dDocent_Contig_831	1	582	40	467	80.2405	9.68729	36.6	60
dDocent_Contig_832	1	332	26	142	42.7711	10.0512	36.5	60
dDocent_Contig_835	1	515	3	133	25.8252	0.759223	35.5	60
dDocent_Contig_839	1	368	123	328	89.1304	46.2554	36.4	52.2
dDocent_Contig_840	1	639	1310	560	87.6369	280.433	35.9	59.1
dDocent_Contig_841	1	332	11	141	42.4699	4.34337	36.5	60
dDocent_Contig_842	1	387	30	306	79.0698	10.6098	35.9	60
dDocent_Contig_844	1	488	18	354	72.541	4.73156	36	51.3
dDocent_Contig_846	1	518	65	405	78.1853	17.1853	36.3	60
dDocent_Contig_848	1	510	85	332	65.098	23.4863	36.4	60
dDocent_Contig_849	1	503	30	462	91.8489	8.50895	36.6	60
dDocent_Contig_850	1	351	5	142	40.4558	1.97151	36.8	60
dDocent_Contig_852	1	333	31	242	72.6727	11.8619	36.7	60
dDocent_Contig_853	1	615	23	565	91.8699	5.41951	36.4	60
dDocent_Contig_856	1	617	47	399	64.6677	10.7018	36.6	60
dDocent_Contig_857	1	608	20	465	76.4803	4.34539	36.5	60
dDocent_Contig_858	1	491	54	367	74.7454	14.7373	36.2	55.8
dDocent_Contig_861	1	507	3	219	43.1953	0.854043	36.9	60
dDocent_Contig_862	1	381	53	350	91.8635	19.2388	36.5	60
dDocent_Contig_863	1	404	36	232	57.4257	11.9876	36.6	60
dDocent_Contig_864	1	488	23	340	69.6721	6.46311	36.1	60
dDocent_Contig_869	1	600	13	405	67.5	2.97	36.7	60
dDocent_Contig_870	1	508	24	388	76.378	6.55906	36.7	60
dDocent_Contig_872	1	387	9	141	36.4341	3.11628	36.5	60
dDocent_Contig_875	1	512	71	367	71.6797	18.877	36.4	60
dDocent_Contig_876	1	432	19	228	52.7778	5.90278	36.5	60
dDocent_Contig_880	1	472	14	387	81.9915	3.66525	36.1	57.8
dDocent_Contig_881	1	659	134	605	91.8058	29.5387	36.6	60
dDocent_Contig_883	1	429	12	273	63.6364	3.56177	35.3	60
dDocent_Contig_887	1	389	27	142	36.5039	9.00257	36.4	60
dDocent_Contig_889	1	332	37	273	82.2289	14.8042	36.6	60
dDocent_Contig_891	1	460	82	436	94.7826	24.9761	36.5	60
dDocent_Contig_892	1	381	9	341	89.5013	3.13911	36.4	60
dDocent_Contig_893	1	422	33	371	87.9147	10.3246	35.8	59.2
dDocent_Contig_894	1	425	64	350	82.3529	21.0518	36.1	60
dDocent_Contig_895	1	571	33	530	92.8196	8.09457	36.2	60
dDocent_Contig_898	1	582	64	529	90.8935	15.2715	36.6	60
dDocent_Contig_902	1	421	33	381	90.4988	10.038	36.4	59
dDocent_Contig_907	1	479	41	430	89.7704	11.9228	36.6	60
dDocent_Contig_910	1	341	18	141	41.349	7.15249	36.2	60
dDocent_Contig_913	1	431	12	291	67.5174	2.67981	36.1	57.2
dDocent_Contig_915	1	465	5	332	71.3978	1.37849	36.6	60
dDocent_Contig_917	1	436	33	283	64.9083	10.1881	36.7	60
dDocent_Contig_922	1	607	552	470	77.43	128.222	36.4	35.4
dDocent_Contig_947	1	897	1138	739	82.3857	168.573	35.9	49.5
dDocent_Contig_950	1	958	1569	884	92.2756	227.659	36.4	50.3
dDocent_Contig_961	1	368	14	327	88.8587	5.05163	36.6	60
dDocent_Contig_962	1	648	55	349	53.858	11.6836	36.5	60
dDocent_Contig_963	1	475	29	376	79.1579	8.24842	36.4	60
dDocent_Contig_964	1	412	40	362	87.8641	12.9223	36.1	60
dDocent_Contig_970	1	549	5	310	56.4663	1.20947	35.3	60
dDocent_Contig_971	1	461	13	141	30.5857	3.80911	36.4	60
dDocent_Contig_973	1	332	18	140	42.1687	7.35542	36.5	60
dDocent_Contig_974	1	370	12	247	66.7568	4.50541	36.6	60
dDocent_Contig_978	1	466	9	355	76.1803	2.897	36.6	60
dDocent_Contig_979	1	376	8	130	34.5745	2.61702	36.1	60
dDocent_Contig_980	1	529	8	217	41.0208	1.82798	36.6	60
dDocent_Contig_981	1	484	15	397	82.0248	4.1405	36.5	60
dDocent_Contig_992	1	472	117	435	92.161	34.4068	36.4	42.5
dDocent_Contig_994	1	421	5	264	62.7078	1.51069	36.6	60
dDocent_Contig_995	1	545	6	291	53.3945	1.32661	36.6	60
dDocent_Contig_997	1	474	96	445	93.8819	27.9325	36.3	60
dDocent_Contig_999	1	372	37	288	77.4194	13.3925	36.4	60
dDocent_Contig_1001	1	469	10	272	57.9957	2.7548	36.8	60
dDocent_Contig_1004	1	477	31	415	87.0021	8.04612	36.6	59
dDocent_Contig_1005	1	380	38	345	90.7895	13.5684	36.1	60
dDocent_Contig_1008	1	383	20	323	84.3342	6.97128	36.8	60
dDocent_Contig_1010	1	397	34	142	35.7683	11.1008	36.7	60
dDocent_Contig_1011	1	638	20	409	64.1066	4.18652	36.5	54.9
dDocent_Contig_1014	1	555	197	513	92.4324	40.791	36	42.6
dDocent_Contig_1015	1	447	43	420	93.9597	12.34	36.2	60
dDocent_Contig_1017	1	359	69	323	89.9721	25.8858	36.3	51.7
dDocent_Contig_1020	1	353	43	322	91.2181	16.7167	35.8	60
dDocent_Contig_1022	1	403	64	349	86.6005	21.6005	35.9	46.9
dDocent_Contig_1024	1	390	25	141	36.1538	8.34872	36.5	60
dDocent_Contig_1026	1	360	11	145	40.2778	4.14444	36	60
dDocent_Contig_1037	1	630	126	556	88.254	27.5889	35.8	60
dDocent_Contig_1039	1	443	3	217	48.9842	0.893905	36.5	60
dDocent_Contig_1040	1	405	6	269	66.4198	1.94568	36.8	60
dDocent_Contig_1043	1	500	21	479	95.8	6	36.4	60
dDocent_Contig_1046	1	565	39	473	83.7168	9.90973	36.1	60
dDocent_Contig_1048	1	362	152	334	92.2652	59.895	36.1	60
dDocent_Contig_1057	1	440	15	276	62.7273	4.59318	36.8	60
dDocent_Contig_1058	1	426	12	268	62.9108	3.62441	36.9	60
dDocent_Contig_1060	1	412	5	317	76.9417	1.46359	36.5	60
dDocent_Contig_1061	1	416	30	342	82.2115	9.48798	36.4	60
dDocent_Contig_1064	1	447	14	410	91.7226	4.2349	36.1	60
dDocent_Contig_1065	1	437	16	224	51.2586	5.04348	36.4	60
dDocent_Contig_1066	1	383	9	293	76.5013	3.18277	36.2	60
dDocent_Contig_1067	1	482	5	272	56.4315	1.39004	36.8	60
dDocent_Contig_1068	1	540	908	499	92.4074	241.302	36.1	60
dDocent_Contig_1070	1	524	37	298	56.8702	9.75382	36.5	60
dDocent_Contig_1075	1	504	141	479	95.0397	37.3968	35.6	60
dDocent_Contig_1079	1	370	6	282	76.2162	2.1973	35.9	60
dDocent_Contig_1081	1	385	8	140	36.3636	2.60519	35.7	60
dDocent_Contig_1082	1	464	36	357	76.9397	10.7047	36.3	60
dDocent_Contig_1083	1	387	9	140	36.1757	3.06202	36.5	60
dDocent_Contig_1086	1	604	30	335	55.4636	6.89073	36.7	60
dDocent_Contig_1093	1	627	11	317	50.5582	2.58852	35.5	60
dDocent_Contig_1094	1	398	38	358	89.9497	12.8492	36.5	60
dDocent_Contig_1096	1	450	8	302	67.1111	2.5	36.3	60
dDocent_Contig_1105	1	543	18	465	85.6354	4.37753	36.7	60
dDocent_Contig_1110	1	378	13	315	83.3333	4.90476	36.2	60
dDocent_Contig_1111	1	394	19	141	35.7868	5.97208	36.5	60
dDocent_Contig_1112	1	635	54	379	59.685	11.5764	36.2	60
dDocent_Contig_1113	1	483	3	130	26.9151	0.724638	36.9	60
dDocent_Contig_1115	1	384	54	344	89.5833	19.4323	36.1	60
dDocent_Contig_1117	1	571	22	497	87.0403	5.41681	35.9	60
dDocent_Contig_1125	1	548	13	229	41.7883	3.10401	36.3	60
dDocent_Contig_1132	1	437	42	358	81.9222	12.8924	36.6	60
dDocent_Contig_1133	1	362	2	141	38.9503	0.698895	36.8	60
dDocent_Contig_1136	1	564	211	544	96.4539	49.7394	36.3	59.9
dDocent_Contig_1138	1	390	17	241	61.7949	5.12051	36.1	60
dDocent_Contig_1140	1	460	42	421	91.5217	12.6043	36.2	60
dDocent_Contig_1142	1	601	71	500	83.1947	15.772	36.6	60
dDocent_Contig_1147	1	614	38	499	81.2704	8.26384	36.5	60
dDocent_Contig_1148	1	525	149	452	86.0952	40.0419	36.4	60
dDocent_Contig_1149	1	537	2	171	31.8436	0.443203	36.8	60
dDocent_Contig_1152	1	444	1	140	31.5315	0.315315	37	60
dDocent_Contig_1154	1	442	20	290	65.6109	5.66742	36.1	60
dDocent_Contig_1155	1	487	19	447	91.7864	5.31211	36.7	60
dDocent_Contig_1157	1	455	56	357	78.4615	15.6901	35.9	60
dDocent_Contig_1159	1	401	8	300	74.813	2.63591	36.8	60
dDocent_Contig_1162	1	486	28	386	79.4239	7.62346	36.5	60
dDocent_Contig_1163	1	352	37	141	40.0568	13.7869	35.9	60
dDocent_Contig_1164	1	569	37	466	81.8981	8.70475	36.4	60
dDocent_Contig_1168	1	518	16	326	62.9344	4.16988	36.3	60
dDocent_Contig_1171	1	468	7	140	29.9145	1.72222	35.6	60
dDocent_Contig_1173	1	366	14	142	38.7978	4.4235	36.8	60
dDocent_Contig_1175	1	354	56	324	91.5254	21.0339	36.1	60
dDocent_Contig_1178	1	381	28	253	66.4042	10.1234	36.6	60
dDocent_Contig_1179	1	484	5	141	29.1322	1.40083	36.5	60
dDocent_Contig_1180	1	455	423	422	92.7473	131.338	36.1	59.9
dDocent_Contig_1182	1	415	8	290	69.8795	2.32289	36.6	60
dDocent_Contig_1189	1	426	13	346	81.2207	4.42488	36.1	60
dDocent_Contig_1190	1	504	2	110	21.8254	0.436508	36.5	60
dDocent_Contig_1191	1	468	25	436	93.1624	7.48077	36.6	60
dDocent_Contig_1194	1	460	19	245	53.2609	5.20217	36.6	60
dDocent_Contig_1197	1	403	8	266	66.005	2.58313	36.5	60
dDocent_Contig_1202	1	346	17	285	82.3699	5.30925	36.7	60
dDocent_Contig_1221	1	454	30	322	70.9251	7.78194	36.1	60
dDocent_Contig_1224	1	616	65	464	75.3247	14.3588	36.3	60
dDocent_Contig_1228	1	498	306	458	91.9679	81.8594	36.4	57
dDocent_Contig_1231	1	388	2	137	35.3093	0.466495	36.2	60
dDocent_Contig_1232	1	335	1	131	39.1045	0.391045	36.9	60
dDocent_Contig_1233	1	447	15	315	70.4698	3.99553	36.8	60
dDocent_Contig_1234	1	418	2	277	66.2679	0.717703	35.8	60
dDocent_Contig_1235	1	347	32	244	70.317	12.5418	36.4	60
dDocent_Contig_1236	1	356	7	141	39.6067	2.46067	36.3	60
dDocent_Contig_1237	1	495	15	292	58.9899	4.06667	36.8	60
dDocent_Contig_1239	1	383	30	326	85.1175	10.765	36.2	60
dDocent_Contig_1240	1	422	25	342	81.0427	8.04265	36.7	60
dDocent_Contig_1243	1	406	28	388	95.5665	9.59606	36.2	59.9
dDocent_Contig_1245	1	364	52	317	87.0879	20.1593	36.5	59.3
dDocent_Contig_1246	1	564	50	473	83.8652	11.594	36.4	53.9
dDocent_Contig_1249	1	468	19	382	81.6239	5.2265	36.4	60
dDocent_Contig_1252	1	400	38	353	88.25	12.5275	36.6	60
dDocent_Contig_1254	1	399	22	143	35.8396	7.05013	36.3	59.5
dDocent_Contig_1256	1	488	16	320	65.5738	4.31967	36.3	60
dDocent_Contig_1263	1	502	15	283	56.3745	3.92629	36.6	60
dDocent_Contig_1267	1	497	55	455	91.5493	15.6217	36.4	60
dDocent_Contig_1268	1	408	66	370	90.6863	22.375	36.3	60
dDocent_Contig_1273	1	467	57	396	84.7966	16.2698	35.7	60
dDocent_Contig_1274	1	400	4	328	82	1.4575	36.9	60
dDocent_Contig_1275	1	366	99	330	90.1639	36.0055	35.5	60
dDocent_Contig_1277	1	339	15	289	85.2507	6.11799	36.5	60
dDocent_Contig_1278	1	609	63	522	85.7143	14.5057	36.4	60
dDocent_Contig_1283	1	441	3	161	36.5079	0.929705	36.9	60
dDocent_Contig_1285	1	541	9	455	84.1035	2.29575	36.5	60
dDocent_Contig_1286	1	465	49	369	79.3548	13.714	36.5	60
dDocent_Contig_1287	1	398	11	356	89.4472	3.90452	36.7	60
dDocent_Contig_1288	1	608	62	568	93.4211	13.3454	36.1	54.4
dDocent_Contig_1289	1	363	5	140	38.5675	1.77686	36.8	60
dDocent_Contig_1293	1	600	70	523	87.1667	16.0667	36.3	59.9
dDocent_Contig_1296	1	445	27	142	31.9101	7.27865	36.7	60
dDocent_Contig_1297	1	453	22	311	68.6534	6.15011	36.3	60
dDocent_Contig_1299	1	454	4	141	31.0573	1.07048	37	60
dDocent_Contig_1300	1	380	65	300	78.9474	19.2053	35	59.8
dDocent_Contig_1303	1	476	54	444	93.2773	15.6008	36.4	60
dDocent_Contig_1304	1	614	38	312	50.8143	7.76547	36.6	60
dDocent_Contig_1305	1	542	12	501	92.4354	3.09594	36.8	60
dDocent_Contig_1310	1	491	27	282	57.4338	7.25662	36.2	60
dDocent_Contig_1312	1	447	13	363	81.2081	3.15884	36.2	59.3
dDocent_Contig_1315	1	443	32	412	93.0023	9.81264	36.1	56.1
dDocent_Contig_1316	1	571	29	470	82.3117	6.70053	36.8	60
dDocent_Contig_1318	1	462	17	314	67.9654	4.95671	36.3	60
dDocent_Contig_1322	1	427	113	396	92.74	36.5902	36.3	59.9
dDocent_Contig_1325	1	554	10	374	67.509	2.58123	36.8	60
dDocent_Contig_1326	1	442	14	369	83.4842	4.09729	36.5	60
dDocent_Contig_1330	1	424	2	138	32.5472	0.650943	35.7	60
dDocent_Contig_1332	1	527	76	486	92.2201	20.3567	36.2	60
dDocent_Contig_1333	1	352	25	313	88.9205	9.59375	36.3	60
dDocent_Contig_1342	1	567	193	387	68.254	49.7372	36.3	39
dDocent_Contig_1343	1	540	56	307	56.8519	13.7037	36.2	60
dDocent_Contig_1344	1	392	13	291	74.2347	3.82143	36.3	60
dDocent_Contig_1345	1	527	56	335	63.5674	14.389	36.5	60
dDocent_Contig_1347	1	449	29	413	91.9822	8.39644	36.7	60
dDocent_Contig_1348	1	333	13	259	77.7778	4.88889	36.6	60
dDocent_Contig_1350	1	564	22	505	89.539	5.46454	36.7	60
dDocent_Contig_1353	1	364	36	143	39.2857	13.217	36.1	60
dDocent_Contig_1354	1	344	25	317	92.1512	10.1366	36.2	60
dDocent_Contig_1355	1	626	42	502	80.1917	9.38978	36.7	60
dDocent_Contig_1356	1	426	18	286	67.1362	5.34038	36.4	60
dDocent_Contig_1360	1	357	23	289	80.9524	8.62185	36.7	60
dDocent_Contig_1362	1	343	2	140	40.8163	0.798834	36.9	60
dDocent_Contig_1363	1	379	25	333	87.8628	9.05013	36	60
dDocent_Contig_1368	1	528	66	464	87.8788	17.4735	36.3	60
dDocent_Contig_1369	1	332	316	282	84.9398	121.599	36.5	56.6
dDocent_Contig_1370	1	334	31	280	83.8323	12.0689	34.9	60
dDocent_Contig_1371	1	436	4	243	55.7339	1.31193	36.8	60
dDocent_Contig_1372	1	397	73	143	36.0202	16.4912	36.4	53.3
dDocent_Contig_1374	1	443	2	129	29.1196	0.582393	35.3	60
dDocent_Contig_1375	1	555	196	427	76.9369	49.1712	36.1	60
dDocent_Contig_1376	1	380	28	316	83.1579	10.1763	36.8	60
dDocent_Contig_1377	1	406	103	375	92.3645	35.17	36.5	60
dDocent_Contig_1379	1	395	50	304	76.962	17.1747	36.2	60
dDocent_Contig_1383	1	402	21	312	77.6119	6.95025	36.1	60
dDocent_Contig_1384	1	516	49	450	87.2093	12.8411	36.2	59.7
dDocent_Contig_1386	1	538	23	413	76.7658	5.90149	36.7	60
dDocent_Contig_1388	1	460	67	406	88.2609	20.5152	36.2	60
dDocent_Contig_1390	1	472	15	365	77.3305	4.30297	36.7	60
dDocent_Contig_1391	1	358	37	140	39.1061	13.5587	36.2	60
dDocent_Contig_1393	1	586	18	242	41.2969	4.54778	36.4	60
dDocent_Contig_1395	1	451	9	140	31.0421	2.29712	36.8	60
dDocent_Contig_1396	1	530	30	500	94.3396	7.90943	36	60
dDocent_Contig_1397	1	609	90	503	82.5944	20.6125	36.3	60
dDocent_Contig_1399	1	513	20	459	89.4737	5.19493	36.6	60
dDocent_Contig_1400	1	332	2	107	32.2289	0.644578	36.7	60
dDocent_Contig_1401	1	369	25	343	92.9539	8.8916	36.5	60
dDocent_Contig_1404	1	370	29	325	87.8378	10.2162	36.1	60
dDocent_Contig_1407	1	487	41	374	76.7967	11.6242	36	60
dDocent_Contig_1408	1	340	28	300	88.2353	10.1441	35.4	60
dDocent_Contig_1410	1	472	34	400	84.7458	9.48305	36.5	60
dDocent_Contig_1411	1	387	12	143	36.9509	3.89922	35	60
dDocent_Contig_1413	1	410	6	273	66.5854	1.89024	35.6	60
dDocent_Contig_1414	1	420	16	379	90.2381	5.35952	36.5	60
dDocent_Contig_1416	1	519	24	444	85.5491	6.11753	36.1	60
dDocent_Contig_1417	1	582	50	545	93.6426	11.5086	36.3	60
dDocent_Contig_1418	1	369	5	269	72.8997	1.84824	35.7	60
dDocent_Contig_1424	1	481	13	303	62.9938	3.3763	34.9	60
dDocent_Contig_1428	1	359	27	140	38.9972	10.2145	36.5	60
dDocent_Contig_1429	1	456	32	388	85.0877	10.1776	36.1	60
dDocent_Contig_1430	1	412	49	243	58.9806	16.3495	36.5	59.8
dDocent_Contig_1431	1	344	10	216	62.7907	4.04651	36.5	60
dDocent_Contig_1432	1	395	24	357	90.3797	8.13165	36.4	60
dDocent_Contig_1433	1	556	2	260	46.7626	0.539568	36.9	60
dDocent_Contig_1434	1	365	15	298	81.6438	5.54247	36.6	60
dDocent_Contig_1435	1	567	22	403	71.0758	5.37919	36.4	60
dDocent_Contig_1440	1	531	203	485	91.3371	51.1036	36.1	59.6
dDocent_Contig_1441	1	381	55	292	76.6404	18.5171	36.6	58.9
dDocent_Contig_1442	1	553	16	291	52.6221	3.95479	36.1	60
dDocent_Contig_1443	1	376	16	252	67.0213	5.11968	36.7	60
dDocent_Contig_1444	1	471	3	294	62.4204	0.929936	35.9	60
dDocent_Contig_1447	1	579	15	522	90.1554	3.60794	36.8	60
dDocent_Contig_1448	1	413	85	357	86.4407	28.5738	36.5	60
dDocent_Contig_1450	1	427	249	391	91.5691	77.6206	36.6	59.2
dDocent_Contig_1457	1	553	19	371	67.0886	4.77034	36.4	60
dDocent_Contig_1458	1	457	14	388	84.9015	4.38512	36.8	60
dDocent_Contig_1459	1	376	21	144	38.2979	7.11968	36.7	60
dDocent_Contig_1460	1	572	135	532	93.007	32.7745	35.5	60
dDocent_Contig_1464	1	507	5	349	68.8363	1.47535	36.9	60
dDocent_Contig_1469	1	332	24	142	42.7711	9.15964	36	60
dDocent_Contig_1470	1	640	10	349	54.5312	2.17031	36.8	60
dDocent_Contig_1472	1	456	58	416	91.2281	17.6842	36.5	58.7
dDocent_Contig_1473	1	449	20	298	66.3697	6.12695	36.8	60
dDocent_Contig_1480	1	602	12	293	48.6711	2.74252	36.7	60
dDocent_Contig_1483	1	463	18	344	74.2981	5.17711	36	60
dDocent_Contig_1484	1	332	2	109	32.8313	0.656627	36.1	60
dDocent_Contig_1487	1	341	2	135	39.5894	0.695015	34.1	60
dDocent_Contig_1488	1	444	59	393	88.5135	18.1464	35.4	60
dDocent_Contig_1489	1	505	7	356	70.495	1.66535	34.7	60
dDocent_Contig_1494	1	478	2	235	49.1632	0.51046	34.6	60
dDocent_Contig_1495	1	332	4	264	79.5181	1.56024	36.6	60
dDocent_Contig_1498	1	406	24	266	65.5172	8.19212	34.9	60
dDocent_Contig_1499	1	556	2	124	22.3022	0.446043	36.8	60
dDocent_Contig_1500	1	455	22	143	31.4286	6.36264	36.7	60
dDocent_Contig_1502	1	492	41	439	89.2276	11.7398	36.4	60
dDocent_Contig_1505	1	534	30	307	57.4906	7.73783	36.6	60
dDocent_Contig_1508	1	558	36	497	89.0681	9.04839	36.5	60
dDocent_Contig_1511	1	439	97	406	92.4829	29.1253	36.4	60
dDocent_Contig_1512	1	546	2	287	52.5641	0.542125	36.5	60
dDocent_Contig_1514	1	332	8	141	42.4699	3.12048	35.7	60
dDocent_Contig_1515	1	414	52	397	95.8937	17.0676	36.4	59.9
dDocent_Contig_1517	1	598	46	570	95.3177	10.6204	36.5	60
dDocent_Contig_1519	1	451	10	347	76.9401	2.99778	36.7	60
dDocent_Contig_1521	1	548	30	449	81.9343	7.20803	36.4	60
dDocent_Contig_1524	1	418	18	328	78.4689	5.95215	36.7	60
dDocent_Contig_1525	1	405	11	316	78.0247	3.55309	36.6	60
dDocent_Contig_1528	1	566	199	521	92.0495	48.7173	36.1	57.7
dDocent_Contig_1530	1	539	7	496	92.0223	1.61781	35.8	60
dDocent_Contig_1533	1	594	22	454	76.431	4.95791	36.5	60
dDocent_Contig_1535	1	421	24	314	74.5843	7.69359	35.6	60
dDocent_Contig_1537	1	517	11	469	90.7157	2.86847	36.8	60
dDocent_Contig_1538	1	514	38	461	89.6887	9.84825	36.7	60
dDocent_Contig_1539	1	625	476	586	93.76	105.768	36.4	51.6
dDocent_Contig_1542	1	416	9	319	76.6827	2.70673	36.9	60
dDocent_Contig_1544	1	481	14	142	29.5218	3.70062	36.4	60
dDocent_Contig_1545	1	417	20	284	68.1055	6.11271	36.7	60
dDocent_Contig_1549	1	445	16	290	65.1685	4.45618	35.8	60
dDocent_Contig_1552	1	395	42	356	90.1266	14.9544	36.3	60
dDocent_Contig_1556	1	661	23	361	54.6142	4.65053	36.3	60
dDocent_Contig_1559	1	382	8	320	83.7696	2.92408	36.9	60
dDocent_Contig_1560	1	473	12	307	64.9049	3.45666	36.8	60
dDocent_Contig_1561	1	398	5	320	80.402	1.84925	36.5	60
dDocent_Contig_1564	1	546	33	430	78.7546	8.36264	36.5	60
dDocent_Contig_1568	1	346	67	306	88.4393	25.7543	36.6	54.4
dDocent_Contig_1571	1	530	67	367	69.2453	16.1679	36.2	60
dDocent_Contig_1572	1	434	41	390	89.8618	12.3272	36.2	60
dDocent_Contig_1573	1	440	2	122	27.7273	0.554545	37	60
dDocent_Contig_1575	1	408	27	292	71.5686	8.53676	36.1	60
dDocent_Contig_1577	1	406	9	306	75.3695	2.82512	36.7	60
dDocent_Contig_1579	1	496	11	141	28.4274	2.79435	36.9	60
dDocent_Contig_1580	1	364	16	141	38.7363	5.34341	36.4	60
dDocent_Contig_1583	1	333	34	278	83.4835	13.5796	36.6	58.8
dDocent_Contig_1584	1	407	2	137	33.6609	0.673219	36.7	60
dDocent_Contig_1586	1	351	28	142	40.4558	10.0826	36.2	60
dDocent_Contig_1591	1	332	6	202	60.8434	2.36446	36.9	60
dDocent_Contig_1592	1	425	15	333	78.3529	4.32471	35.9	60
dDocent_Contig_1595	1	364	50	265	72.8022	17.6374	36.7	60
dDocent_Contig_1596	1	336	18	141	41.9643	7.08036	36.4	60
dDocent_Contig_1597	1	403	18	362	89.8263	6.34988	36.3	60
dDocent_Contig_1605	1	410	10	141	34.3902	3.27073	36.3	60
dDocent_Contig_1609	1	378	16	141	37.3016	5.68519	36.6	60
dDocent_Contig_1611	1	514	24	420	81.7121	6.01362	36.6	60
dDocent_Contig_1612	1	446	35	335	75.1121	10.8274	36.6	60
dDocent_Contig_1616	1	466	18	336	72.103	5.08798	36.4	60
dDocent_Contig_1617	1	523	111	417	79.7323	28.6864	36.3	57.5
dDocent_Contig_1619	1	531	1315	456	85.8757	351.535	36.4	56.5
dDocent_Contig_1621	1	558	57	462	82.7957	13.6828	36.3	60
dDocent_Contig_1623	1	394	11	291	73.8579	3.65736	36.4	60
dDocent_Contig_1628	1	480	12	361	75.2083	3.31458	35.2	60
dDocent_Contig_1629	1	423	21	140	33.0969	6.35934	36.4	60
dDocent_Contig_1630	1	362	2	138	38.1215	0.754144	36.8	60
dDocent_Contig_1631	1	365	7	141	38.6301	2.63562	36.9	60
dDocent_Contig_1633	1	439	8	226	51.4806	2.2574	36.8	60
dDocent_Contig_1636	1	604	21	300	49.6689	4.30464	36.5	60
dDocent_Contig_1640	1	347	10	314	90.4899	4.04611	36.8	60
dDocent_Contig_1641	1	449	27	353	78.6192	7.82851	35.4	60
dDocent_Contig_1644	1	445	6	141	31.6854	1.72584	35.7	60
dDocent_Contig_1645	1	481	21	316	65.6965	5.44075	36.2	60
dDocent_Contig_1646	1	378	22	290	76.7196	7.5291	36.4	60
dDocent_Contig_1647	1	424	16	199	46.934	4.31368	35.2	60
dDocent_Contig_1648	1	500	17	459	91.8	4.268	36.7	53
dDocent_Contig_1650	1	442	32	319	72.1719	9.06787	36.3	56.2
dDocent_Contig_1652	1	477	49	310	64.9895	13.7631	36.2	60
dDocent_Contig_1656	1	333	12	233	69.97	4.70871	36.5	59.2
dDocent_Contig_1658	1	447	56	409	91.4989	16.3289	36.3	60
dDocent_Contig_1663	1	412	9	282	68.4466	2.86893	36.8	60
dDocent_Contig_1665	1	366	6	291	79.5082	2.28689	36.5	60
dDocent_Contig_1668	1	412	37	278	67.4757	12.5655	36.6	60
dDocent_Contig_1669	1	392	45	340	86.7347	14.0026	36.1	60
dDocent_Contig_1670	1	369	3	137	37.1274	1	36.8	60
dDocent_Contig_1674	1	473	2	291	61.5222	0.615222	36.7	60
dDocent_Contig_1678	1	502	5	422	84.0637	1.47012	35.8	60
dDocent_Contig_1681	1	398	55	374	93.9698	18.9095	36.1	60
dDocent_Contig_1682	1	446	21	335	75.1121	5.71973	36.7	51.3
dDocent_Contig_1684	1	583	100	535	91.7667	23.3413	36.1	58.5
dDocent_Contig_1686	1	501	40	409	81.6367	10.2036	35.5	60
dDocent_Contig_1688	1	371	36	319	85.9838	13.372	36.4	60
dDocent_Contig_1689	1	461	4	231	50.1085	1.14967	36.6	60
dDocent_Contig_1690	1	538	7	459	85.316	1.9052	36.6	60
dDocent_Contig_1691	1	568	61	482	84.8592	14.7025	36.3	60
dDocent_Contig_1698	1	547	14	290	53.0165	3.22486	36.4	60
dDocent_Contig_1700	1	513	12	372	72.5146	3.1345	36	60
dDocent_Contig_1702	1	512	4	240	46.875	0.841797	35.6	60
dDocent_Contig_1706	1	332	56	279	84.0361	22.0151	36.2	60
dDocent_Contig_1707	1	602	35	539	89.5349	7.95681	35.8	60
dDocent_Contig_1710	1	467	4	312	66.8094	1.26124	36.8	60
dDocent_Contig_1711	1	465	14	193	41.5054	4.08817	35.3	60
dDocent_Contig_1714	1	568	111	506	89.0845	27.2359	36.3	60
dDocent_Contig_1719	1	503	4	141	28.0318	1.05567	36.5	60
dDocent_Contig_1720	1	407	26	141	34.6437	7.85258	35.9	60
dDocent_Contig_1721	1	406	2	106	26.1084	0.522167	36.9	60
dDocent_Contig_1723	1	384	15	250	65.1042	4.96094	36.9	60
dDocent_Contig_1724	1	493	10	147	29.8174	2.44219	36	60
dDocent_Contig_1728	1	456	17	313	68.6404	4.72807	36.6	60
dDocent_Contig_1730	1	445	6	371	83.3708	1.80899	35.9	60
dDocent_Contig_1731	1	361	8	140	38.7812	2.33518	36.7	60
dDocent_Contig_1735	1	521	35	340	65.2591	9.43954	36.5	60
dDocent_Contig_1737	1	335	2	134	40	0.79403	36.8	60
dDocent_Contig_1740	1	606	30	457	75.4125	6.57261	36.3	60
dDocent_Contig_1743	1	379	15	140	36.9393	4.5277	36.3	60
dDocent_Contig_1744	1	370	39	281	75.9459	13.427	36.5	59.3
dDocent_Contig_1752	1	539	9	357	66.2338	1.96846	36.7	59
dDocent_Contig_1753	1	390	13	259	66.4103	4.27179	36.8	41.7
dDocent_Contig_1754	1	357	3	141	39.4958	1.14006	36.1	60
dDocent_Contig_1755	1	403	12	321	79.6526	4.12655	36.7	60
dDocent_Contig_1758	1	454	33	343	75.5507	9.36784	36.7	60
dDocent_Contig_1760	1	491	7	285	58.0448	1.92261	35.7	60
dDocent_Contig_1763	1	373	5	278	74.5308	1.80965	36.5	60
dDocent_Contig_1765	1	334	12	291	87.1257	4.75749	36.6	60
dDocent_Contig_1767	1	499	14	202	40.481	3.68136	36.9	60
dDocent_Contig_1768	1	534	2	94	17.603	0.35206	36.6	60
dDocent_Contig_1770	1	542	49	330	60.8856	12.9446	35.9	60
dDocent_Contig_1771	1	444	94	393	88.5135	26.9099	36.3	57.1
dDocent_Contig_1774	1	610	30	276	45.2459	6.4377	36.3	60
dDocent_Contig_1775	1	461	35	357	77.4403	10.3839	36.2	60
dDocent_Contig_1776	1	437	4	283	64.7597	1.16476	34.7	60
dDocent_Contig_1779	1	532	35	199	37.406	9.46241	36.3	60
dDocent_Contig_1780	1	389	19	329	84.5758	7.08226	36.4	60
dDocent_Contig_1781	1	373	19	327	87.6676	6.27078	36.3	60
dDocent_Contig_1782	1	423	11	249	58.8652	3.10875	36.1	60
dDocent_Contig_1783	1	515	11	365	70.8738	2.98641	36.8	60
dDocent_Contig_1784	1	497	16	291	58.5513	4.14889	36.5	60
dDocent_Contig_1792	1	415	45	378	91.0843	15.1807	36.5	60
dDocent_Contig_1794	1	510	6	227	44.5098	1.4098	35.9	60
dDocent_Contig_1795	1	412	56	355	86.165	18.1748	36.5	60
dDocent_Contig_1796	1	468	4	335	71.5812	1.2265	36.5	60
dDocent_Contig_1798	1	345	7	142	41.1594	2.11304	36.5	60
dDocent_Contig_1799	1	448	97	404	90.1786	25.8705	35.9	59.4
dDocent_Contig_1801	1	523	2	141	26.9598	0.539197	36.8	60
dDocent_Contig_1804	1	518	34	428	82.6255	8.8668	36.3	60
dDocent_Contig_1807	1	466	16	376	80.6867	4.80901	36.4	60
dDocent_Contig_1810	1	481	5	276	57.3805	1.25364	35.1	60
dDocent_Contig_1811	1	510	39	469	91.9608	10.1922	36.4	58.5
dDocent_Contig_1813	1	383	215	336	87.7285	71.9243	36.2	59.4
dDocent_Contig_1818	1	548	28	427	77.9197	6.85036	35.9	60
dDocent_Contig_1820	1	555	41	373	67.2072	10.5676	36.6	60
dDocent_Contig_1821	1	407	20	335	82.3096	6.44472	36.5	60
dDocent_Contig_1829	1	637	226	596	93.5636	48.9859	36.5	60
dDocent_Contig_1831	1	406	19	140	34.4828	5.89901	36.4	60
dDocent_Contig_1835	1	570	21	474	83.1579	5.34737	36.7	60
dDocent_Contig_1840	1	405	77	367	90.6173	26.558	36.4	60
dDocent_Contig_1843	1	371	40	321	86.5229	14.4987	36.3	60
dDocent_Contig_1845	1	405	39	320	79.0123	12.8123	36.5	60
dDocent_Contig_1849	1	611	35	243	39.7709	8.19476	36.5	60
dDocent_Contig_1860	1	362	14	140	38.674	4.70442	36.6	60
dDocent_Contig_1863	1	562	40	357	63.5231	10.1423	36.4	60
dDocent_Contig_1864	1	374	23	350	93.5829	8.14171	36.2	59.9
dDocent_Contig_1866	1	542	15	460	84.8708	3.80996	36.3	60
dDocent_Contig_1867	1	433	10	290	66.9746	2.81524	36.4	57.3
dDocent_Contig_1869	1	400	24	291	72.75	7.51	36.6	60
dDocent_Contig_1870	1	541	146	375	69.3161	34.1774	36.2	58.6
dDocent_Contig_1872	1	495	46	284	57.3737	12.7152	36.3	60
dDocent_Contig_1879	1	357	43	322	90.1961	15.8291	36	59.7
dDocent_Contig_1880	1	333	4	143	42.9429	1.67568	36.6	60
dDocent_Contig_1881	1	432	12	315	72.9167	3.82176	36.3	60
dDocent_Contig_1882	1	531	7	350	65.9134	1.90395	36.8	60
dDocent_Contig_1885	1	332	10	142	42.7711	3.85241	36.7	60
dDocent_Contig_1886	1	479	22	375	78.2881	6.15449	36.7	60
dDocent_Contig_1887	1	396	59	370	93.4343	20.3687	36.2	60
dDocent_Contig_1888	1	460	2	242	52.6087	0.526087	37	60
dDocent_Contig_1891	1	427	10	381	89.2272	3.2178	35.9	60
dDocent_Contig_1892	1	559	47	478	85.5098	11.7084	36.1	60
dDocent_Contig_1895	1	439	22	277	63.0979	6.66515	36.1	60
dDocent_Contig_1901	1	368	24	141	38.3152	8.5163	36.7	60
dDocent_Contig_1902	1	484	47	349	72.1074	12.4628	36.5	60
dDocent_Contig_1903	1	454	28	272	59.9119	7.96256	36.4	60
dDocent_Contig_1904	1	573	10	486	84.8168	2.46248	36.7	60
dDocent_Contig_1906	1	332	27	143	43.0723	10.747	36.7	60
dDocent_Contig_1908	1	339	14	288	84.9558	5.37168	36.7	60
dDocent_Contig_1910	1	546	79	500	91.5751	18.6007	36.4	58.5
dDocent_Contig_1914	1	392	45	279	71.1735	15.1199	35.6	60
dDocent_Contig_1916	1	446	34	317	71.0762	10.2018	36.7	60
dDocent_Contig_1917	1	645	33	580	89.9225	7.08217	36.5	58.9
dDocent_Contig_1918	1	511	22	479	93.7378	5.98826	36	60
dDocent_Contig_1921	1	417	6	368	88.2494	2.02878	36.9	60
dDocent_Contig_1922	1	515	49	469	91.068	13.1379	36.6	60
dDocent_Contig_1924	1	462	7	370	80.0866	2.0974	36.6	60
dDocent_Contig_1925	1	371	13	291	78.4367	4.90566	36.5	60
dDocent_Contig_1926	1	422	16	144	34.1232	4.97867	35.7	60
dDocent_Contig_1927	1	357	2	140	39.2157	0.773109	36.9	60
dDocent_Contig_1928	1	533	6	228	42.7767	1.60413	36.4	60
dDocent_Contig_1929	1	482	11	344	71.3693	3.07884	36	60
dDocent_Contig_1930	1	349	3	122	34.957	0.825215	36.9	60
dDocent_Contig_1932	1	396	15	141	35.6061	4.92677	36.7	60
dDocent_Contig_1933	1	475	7	140	29.4737	1.81263	36.2	60
dDocent_Contig_1935	1	357	9	211	59.1036	2.86555	36.8	60
dDocent_Contig_1936	1	567	52	469	82.716	12.8536	36.3	60
dDocent_Contig_1937	1	409	30	372	90.9535	10.0147	36.5	60
dDocent_Contig_1938	1	451	13	321	71.1752	3.85366	36.9	60
dDocent_Contig_1942	1	645	61	459	71.1628	13.6868	36.2	60
dDocent_Contig_1944	1	553	30	461	83.3635	7.3472	36.5	60
dDocent_Contig_1946	1	456	19	292	64.0351	5.70175	36.8	60
dDocent_Contig_1947	1	407	13	143	35.1351	4.39312	36.3	60
dDocent_Contig_1948	1	424	27	334	78.7736	8.29481	36.8	60
dDocent_Contig_1949	1	552	64	482	87.3188	15.7609	35.8	60
dDocent_Contig_1950	1	556	7	366	65.8273	1.79856	36.9	60
dDocent_Contig_1952	1	379	42	340	89.7098	14.9156	36.1	60
dDocent_Contig_1953	1	372	12	334	89.7849	4.57258	35.5	60
dDocent_Contig_1955	1	494	15	295	59.7166	3.81984	36.6	60
dDocent_Contig_1956	1	469	32	371	79.1045	8.87846	36.2	60
dDocent_Contig_1960	1	401	6	141	35.1621	1.93017	36.6	60
dDocent_Contig_1964	1	496	34	335	67.5403	9.57863	36.7	60
dDocent_Contig_1965	1	462	128	421	91.1255	38.7316	36.2	60
dDocent_Contig_1966	1	453	138	428	94.4812	43.2737	36.5	60
dDocent_Contig_1967	1	413	20	340	82.3245	6.6586	35.9	60
dDocent_Contig_1968	1	573	62	484	84.4677	15.4677	36.7	60
dDocent_Contig_1969	1	524	61	399	76.145	15.7061	36.4	57.7
dDocent_Contig_1970	1	465	49	426	91.6129	14.0538	36.5	60
dDocent_Contig_1971	1	355	10	141	39.7183	3.81127	36.2	60
dDocent_Contig_1974	1	359	40	294	81.8942	15.5627	36.7	60
dDocent_Contig_1977	1	415	4	140	33.7349	1.33494	36.7	60
dDocent_Contig_1985	1	563	23	483	85.7904	5.53641	36	60
dDocent_Contig_1992	1	366	67	284	77.5956	24.2869	36	60
dDocent_Contig_1996	1	375	2	131	34.9333	0.698667	36.6	60
dDocent_Contig_1997	1	332	18	300	90.3614	7.59639	36.7	60
dDocent_Contig_1999	1	411	8	140	34.0633	2.46959	36.9	60
dDocent_Contig_2001	1	515	328	432	83.8835	85.7942	35.6	59.2
dDocent_Contig_2015	1	432	20	373	86.3426	6.13657	35.9	60
dDocent_Contig_2023	1	355	38	306	86.1972	14.7521	36.5	60
dDocent_Contig_2024	1	531	4	140	26.3653	1.03766	37	60
dDocent_Contig_2025	1	403	21	293	72.7047	7.24566	36	60
dDocent_Contig_2026	1	431	26	332	77.0302	8.05104	36.1	60
dDocent_Contig_2029	1	406	22	291	71.6749	7.30542	36.3	60
dDocent_Contig_2032	1	434	4	140	32.2581	1.11521	36.9	60
dDocent_Contig_2034	1	408	11	140	34.3137	3.59314	36.8	60
dDocent_Contig_2038	1	501	15	380	75.8483	4.08184	36.8	60
dDocent_Contig_2042	1	443	56	245	55.3047	17.8059	36.6	60
dDocent_Contig_2044	1	452	55	379	83.8496	16.1527	36.4	59.8
dDocent_Contig_2049	1	404	7	328	81.1881	2.41089	36.6	60
dDocent_Contig_2050	1	485	46	392	80.8247	12.934	36.4	60
dDocent_Contig_2051	1	383	21	331	86.423	7.50653	36.6	60
dDocent_Contig_2052	1	501	14	387	77.2455	3.64671	36.3	60
dDocent_Contig_2060	1	581	68	525	90.3614	16.7762	36.5	60
dDocent_Contig_2064	1	533	3	241	45.2158	0.827392	36.8	60
dDocent_Contig_2068	1	522	16	418	80.0766	3.93678	36.7	60
dDocent_Contig_2069	1	525	71	428	81.5238	18.581	36.1	60
dDocent_Contig_2070	1	412	6	292	70.8738	1.92233	36.8	60
dDocent_Contig_2071	1	434	9	293	67.5115	2.62442	36.2	60
dDocent_Contig_2072	1	356	51	327	91.8539	19.309	36.3	60
dDocent_Contig_2074	1	337	14	140	41.543	4.71217	36.7	32.6
dDocent_Contig_2075	1	601	52	468	77.8702	11.6406	36.5	46.3
dDocent_Contig_2076	1	440	6	140	31.8182	1.70682	36.9	58.3
dDocent_Contig_2077	1	512	238	476	92.9688	60.7363	36.4	47
dDocent_Contig_2078	1	432	4	237	54.8611	1.03704	34.5	50.5
dDocent_Contig_2080	1	970	215	920	94.8454	31.3505	36.3	59.6
dDocent_Contig_2082	1	480	28	388	80.8333	8.25208	35.9	60
dDocent_Contig_2084	1	530	3	203	38.3019	0.824528	35.5	60
dDocent_Contig_2086	1	439	10	287	65.3759	2.9385	36.3	60
dDocent_Contig_2089	1	396	146	367	92.6768	49.6338	36.4	58.4
dDocent_Contig_2092	1	466	42	376	80.6867	12.3219	36.2	60
dDocent_Contig_2093	1	421	42	144	34.2043	13.4133	36.3	60
dDocent_Contig_2094	1	397	18	285	71.7884	5.6272	36.3	60
dDocent_Contig_2102	1	587	23	534	90.971	5.57411	36.3	60
dDocent_Contig_2103	1	425	83	369	86.8235	27.7576	36.2	60
dDocent_Contig_2104	1	451	1	113	25.0554	0.250554	36.9	60
dDocent_Contig_2105	1	357	14	286	80.112	4.93838	36.6	60
dDocent_Contig_2108	1	449	44	416	92.6503	13.7038	36.6	60
dDocent_Contig_2110	1	506	35	445	87.9447	9.64822	36	60
dDocent_Contig_2113	1	352	33	253	71.875	9.5	36.4	43.1
dDocent_Contig_2114	1	368	34	228	61.9565	11.9484	36.6	60
dDocent_Contig_2117	1	497	28	449	90.3421	7.88934	36.6	60
dDocent_Contig_2119	1	370	110	336	90.8108	41.8081	36.4	60
dDocent_Contig_2124	1	432	79	394	91.2037	25.5301	36.5	60
dDocent_Contig_2125	1	362	31	142	39.2265	11.5442	36	60
dDocent_Contig_2128	1	333	21	242	72.6727	7.63063	36.3	60
dDocent_Contig_2130	1	514	89	440	85.6031	24.0272	36.3	60
dDocent_Contig_2131	1	594	1	135	22.7273	0.227273	37	60
dDocent_Contig_2132	1	464	22	408	87.931	6.50647	35.8	60
dDocent_Contig_2133	1	499	33	347	69.5391	8.54309	35.8	60
dDocent_Contig_2134	1	390	49	138	35.3846	15.2154	36	58.9
dDocent_Contig_2144	1	481	20	344	71.5177	5.44283	36.7	60
dDocent_Contig_2145	1	358	44	320	89.3855	17.0223	36.6	60
dDocent_Contig_2147	1	395	41	346	87.5949	13.5215	36.5	60
dDocent_Contig_2150	1	373	14	293	78.5523	4.86059	36.7	60
dDocent_Contig_2154	1	597	39	415	69.5142	8.67169	36.3	60
dDocent_Contig_2156	1	427	6	291	68.1499	1.67916	36.6	60
dDocent_Contig_2158	1	356	8	247	69.382	2.65169	36.6	60
dDocent_Contig_2159	1	480	47	389	81.0417	13.8	36.5	60
dDocent_Contig_2160	1	413	19	319	77.2397	6.44794	36.4	60
dDocent_Contig_2161	1	350	18	280	80	6.81143	36.5	60
dDocent_Contig_2162	1	533	35	376	70.5441	8.51595	36.3	60
dDocent_Contig_2163	1	461	27	381	82.6464	7.50976	36.2	60
dDocent_Contig_2164	1	372	49	331	88.9785	18.1962	36.5	60
dDocent_Contig_2165	1	454	33	249	54.8458	9.39648	36.7	60
dDocent_Contig_2167	1	404	45	354	87.6238	15.4406	34.8	60
dDocent_Contig_2169	1	471	14	401	85.138	4.1465	36.1	60
dDocent_Contig_2170	1	498	32	309	62.0482	8.23092	36.2	60
dDocent_Contig_2172	1	523	10	141	26.9598	2.43212	36.7	60
dDocent_Contig_2174	1	503	28	339	67.3956	7.79722	35.8	60
dDocent_Contig_2175	1	489	18	230	47.0348	5.0409	36.6	60
dDocent_Contig_2176	1	496	25	419	84.4758	6.84879	35.9	60
dDocent_Contig_2177	1	523	45	198	37.8585	11.6558	36.3	60
dDocent_Contig_2180	1	332	45	297	89.4578	19.1807	36.3	60
dDocent_Contig_2181	1	438	19	349	79.6804	5.95662	35.8	60
dDocent_Contig_2182	1	506	8	439	86.7589	2.18379	35.8	59.2
dDocent_Contig_2184	1	407	9	142	34.8894	2.92383	36.6	60
dDocent_Contig_2185	1	529	67	484	91.4934	17.2987	36	60
dDocent_Contig_2186	1	382	41	328	85.8639	15.0157	36.1	60
dDocent_Contig_2188	1	468	16	140	29.9145	4.13034	36.2	60
dDocent_Contig_2191	1	365	16	341	93.4247	5.80548	36.7	60
dDocent_Contig_2192	1	482	28	420	87.1369	7.361	36.7	60
dDocent_Contig_2194	1	413	33	293	70.9443	10.523	36.1	60
dDocent_Contig_2196	1	432	29	342	79.1667	8.65972	36.3	60
dDocent_Contig_2198	1	378	39	321	84.9206	13.5476	36.3	59.8
dDocent_Contig_2199	1	436	28	396	90.8257	8.17202	36.4	60
dDocent_Contig_2204	1	484	27	425	87.8099	7.47314	35.8	60
dDocent_Contig_2207	1	401	1	139	34.6633	0.346633	36.8	60
dDocent_Contig_2208	1	577	61	464	80.4159	14.3102	36.3	56.1
dDocent_Contig_2209	1	381	41	295	77.4278	13.3701	36.2	60
dDocent_Contig_2210	1	369	5	140	37.9404	1.80217	36.5	60
dDocent_Contig_2214	1	435	22	364	83.6782	6.91494	36.6	60
dDocent_Contig_2228	1	569	71	424	74.5167	17.8032	36.4	60
dDocent_Contig_2229	1	489	19	375	76.6871	5.4499	36.5	60
dDocent_Contig_2230	1	427	17	141	33.0211	5.12412	36.5	60
dDocent_Contig_2231	1	396	77	355	89.6465	27.3131	36.2	60
dDocent_Contig_2233	1	332	28	141	42.4699	9.68072	35.3	59.4
dDocent_Contig_2234	1	527	46	357	67.7419	12.0266	36.8	60
dDocent_Contig_2235	1	520	2	128	24.6154	0.492308	36.7	60
dDocent_Contig_2236	1	406	50	364	89.6552	17.234	36	60
dDocent_Contig_2237	1	361	2	215	59.5568	0.595568	36.8	60
dDocent_Contig_2238	1	359	9	141	39.2758	3.16713	36.6	60
dDocent_Contig_2242	1	540	29	465	86.1111	7.47222	35.7	60
dDocent_Contig_2245	1	522	98	435	83.3333	26.2586	36.1	60
dDocent_Contig_2247	1	457	4	306	66.9584	1.17068	36.6	60
dDocent_Contig_2249	1	451	19	141	31.2639	5.5388	36.4	60
dDocent_Contig_2250	1	527	28	327	62.0493	7.05882	36.2	60
dDocent_Contig_2254	1	365	47	322	88.2192	16.0192	36.1	59.2
dDocent_Contig_2256	1	348	25	142	40.8046	9.45402	36.2	60
dDocent_Contig_2258	1	524	29	300	57.2519	7.73473	36.4	60
dDocent_Contig_2259	1	346	34	329	95.0867	13.1763	36.5	60
dDocent_Contig_2260	1	466	47	358	76.824	14.0858	36.4	60
dDocent_Contig_2261	1	369	72	323	87.5339	24.1707	35.5	60
dDocent_Contig_2265	1	484	17	385	79.5455	4.67562	36.7	60
dDocent_Contig_2267	1	375	5	270	72	1.488	36.7	60
dDocent_Contig_2269	1	332	5	266	80.1205	1.7741	36.6	60
dDocent_Contig_2270	1	332	8	140	42.1687	3.09639	36.8	60
dDocent_Contig_2274	1	598	33	552	92.3077	7.84615	36.3	60
dDocent_Contig_2278	1	472	37	398	84.322	10.8792	36.2	60
dDocent_Contig_2279	1	432	708	395	91.4352	215.472	36.2	55.7
dDocent_Contig_2281	1	378	1	123	32.5397	0.325397	36.8	60
dDocent_Contig_2287	1	394	18	296	75.1269	5.86294	36.5	60
dDocent_Contig_2289	1	426	27	314	73.7089	8.12911	36	60
dDocent_Contig_2291	1	399	24	144	36.0902	8.08772	36.5	60
dDocent_Contig_2295	1	486	159	440	90.535	41.5247	35.2	51.7
dDocent_Contig_2296	1	398	80	361	90.7035	25.4497	36.2	58.9
dDocent_Contig_2298	1	524	39	402	76.7176	10.1947	36.3	60
dDocent_Contig_2299	1	347	247	325	93.6599	87.1643	36.1	45.4
dDocent_Contig_2300	1	424	32	345	81.3679	10.2146	36.6	60
dDocent_Contig_2302	1	332	5	141	42.4699	1.95482	36.7	60
dDocent_Contig_2305	1	386	5	312	80.829	1.71503	36.4	60
dDocent_Contig_2307	1	370	12	144	38.9189	4.34054	36.8	60
dDocent_Contig_2308	1	493	54	443	89.858	15.1562	36.3	59.6
dDocent_Contig_2309	1	587	43	426	72.5724	10.3901	36.6	60
dDocent_Contig_2311	1	382	12	285	74.6073	4.43979	36.7	60
dDocent_Contig_2314	1	359	74	141	39.2758	16.3259	35.8	60
dDocent_Contig_2316	1	526	10	398	75.6654	2.54183	36.8	60
dDocent_Contig_2317	1	474	10	279	58.8608	2.85021	36.1	60
dDocent_Contig_2319	1	501	38	385	76.8463	9.98603	36.3	60
dDocent_Contig_2325	1	478	9	345	72.1757	2.51046	36.9	60
dDocent_Contig_2331	1	425	41	385	90.5882	13.3412	36.4	60
dDocent_Contig_2333	1	517	4	357	69.0522	1.1412	36.2	60
dDocent_Contig_2335	1	590	8	310	52.5424	1.65763	36.7	60
dDocent_Contig_2336	1	390	5	265	67.9487	1.24615	34	60
dDocent_Contig_2340	1	393	48	361	91.8575	17.0992	36.5	60
dDocent_Contig_2342	1	368	15	261	70.9239	5.35054	35.7	57.6
dDocent_Contig_2343	1	441	69	422	95.6916	21.6485	36.6	60
dDocent_Contig_2346	1	498	44	411	82.5301	11.4699	36.2	60
dDocent_Contig_2347	1	417	19	291	69.7842	5.69784	36.2	60
dDocent_Contig_2348	1	586	11	479	81.7406	2.48635	36.7	60
dDocent_Contig_2349	1	348	21	142	40.8046	8.17529	36.7	60
dDocent_Contig_2353	1	332	10	236	71.0843	3.22892	36.6	60
dDocent_Contig_2357	1	494	44	429	86.8421	12.5061	36.6	60
dDocent_Contig_2360	1	540	60	315	58.3333	14.7056	36.4	60
dDocent_Contig_2361	1	336	4	141	41.9643	1.60119	36.6	60
dDocent_Contig_2364	1	336	35	142	42.2619	13.9911	36.2	60
dDocent_Contig_2365	1	463	40	173	37.365	12.1901	36.4	60
dDocent_Contig_2369	1	525	118	487	92.7619	31.5867	36.3	60
dDocent_Contig_2370	1	491	45	451	91.8534	12.5642	36.6	60
dDocent_Contig_2371	1	332	25	142	42.7711	9.9247	36.8	60
dDocent_Contig_2372	1	494	46	441	89.2713	12.6336	36.5	60
dDocent_Contig_2377	1	401	3	270	67.3317	0.995012	33.5	60
dDocent_Contig_2378	1	473	17	388	82.0296	4.88372	36.4	60
dDocent_Contig_2380	1	493	14	355	72.0081	3.74239	35.9	60
dDocent_Contig_2384	1	513	57	405	78.9474	15.5244	36.2	60
dDocent_Contig_2390	1	353	19	289	81.8697	7.11048	36	60
dDocent_Contig_2392	1	506	9	141	27.8656	2.24111	36.7	60
dDocent_Contig_2395	1	614	17	345	56.1889	3.72638	36.5	60
dDocent_Contig_2397	1	403	33	302	74.938	10.4566	36.1	60
dDocent_Contig_2401	1	484	211	445	91.9421	60.5372	36.3	59.2
dDocent_Contig_2405	1	527	10	446	84.63	2.71347	35.6	60
dDocent_Contig_2407	1	499	72	392	78.5571	19.9359	36.4	60
dDocent_Contig_2412	1	443	23	276	62.3025	6.47856	36.3	60
dDocent_Contig_2415	1	398	53	362	90.9548	17.206	36.3	60
dDocent_Contig_2416	1	350	4	138	39.4286	1.24286	36.9	60
dDocent_Contig_2419	1	584	160	449	76.8836	38.8784	35.9	60
dDocent_Contig_2421	1	456	63	394	86.4035	19.2675	36.6	60
dDocent_Contig_2422	1	429	31	391	91.1422	10.0583	35.9	60
dDocent_Contig_2423	1	388	67	353	90.9794	23.982	36.3	60
dDocent_Contig_2425	1	498	9	215	43.1727	2.27108	36.6	60
dDocent_Contig_2431	1	362	51	329	90.884	19.8315	36.2	60
dDocent_Contig_2434	1	506	244	438	86.5613	70.1601	36.4	55.1
dDocent_Contig_2435	1	533	42	419	78.6116	11.3884	36.4	59.9
dDocent_Contig_2442	1	485	4	290	59.7938	1.19588	35.2	60
dDocent_Contig_2443	1	518	36	506	97.6834	9.28958	36.5	60
dDocent_Contig_2446	1	501	5	140	27.9441	1.32535	36.6	60
dDocent_Contig_2448	1	332	24	286	86.1446	9.33735	36.6	60
dDocent_Contig_2452	1	606	80	519	85.6436	18.9092	36.3	60
dDocent_Contig_2454	1	570	2	286	50.1754	0.501754	36.1	60
dDocent_Contig_2458	1	534	49	400	74.9064	12.6067	36.5	60
dDocent_Contig_2460	1	404	24	315	77.9703	7.7401	36.1	60
dDocent_Contig_2462	1	374	16	334	89.3048	5.62299	36	60
dDocent_Contig_2466	1	424	16	140	33.0189	5.02123	36.7	60
dDocent_Contig_2467	1	436	11	373	85.5505	3.30275	36.4	60
dDocent_Contig_2469	1	449	21	338	75.2784	6.6637	35.9	60
dDocent_Contig_2471	1	454	4	272	59.9119	1.10793	36.6	60
dDocent_Contig_2474	1	466	19	142	30.4721	5.41416	36.3	60
dDocent_Contig_2476	1	464	23	245	52.8017	6.37716	36.5	60
dDocent_Contig_2481	1	344	21	140	40.6977	7.4157	36.2	60
dDocent_Contig_2484	1	384	2	113	29.4271	0.588542	36.8	60
dDocent_Contig_2486	1	425	39	365	85.8824	12.4071	36.6	60
dDocent_Contig_2488	1	391	1	136	34.7826	0.347826	36.9	60
dDocent_Contig_2493	1	453	69	342	75.4967	20.3863	36	60
dDocent_Contig_2494	1	527	4	139	26.3757	1.01708	35	60
dDocent_Contig_2495	1	332	1	133	40.0602	0.400602	37	60
dDocent_Contig_2496	1	543	3	168	30.9392	0.587477	36.6	60
dDocent_Contig_2498	1	502	17	290	57.7689	4.16733	36.4	60
dDocent_Contig_2499	1	513	4	286	55.7505	1	36.4	60
dDocent_Contig_2500	1	435	95	395	90.8046	30.6598	36.3	59.4
dDocent_Contig_2502	1	443	31	412	93.0023	9.84199	36.7	60
dDocent_Contig_2504	1	370	29	329	88.9189	10.2081	36.4	59.2
dDocent_Contig_2505	1	501	58	463	92.4152	14.7545	36.4	60
dDocent_Contig_2507	1	429	3	299	69.697	1.01632	37	60
dDocent_Contig_2510	1	431	11	141	32.7146	3.43387	36.3	60
dDocent_Contig_2516	1	434	4	274	63.1336	1.12442	36.8	60
dDocent_Contig_2517	1	483	8	273	56.5217	2.24845	36.8	60
dDocent_Contig_2518	1	557	42	266	47.7558	10.5171	36.5	60
dDocent_Contig_2520	1	486	25	328	67.4897	6.83951	36.7	60
dDocent_Contig_2524	1	471	24	388	82.3779	7.03397	36.5	60
dDocent_Contig_2525	1	433	88	390	90.0693	28.7136	36.4	60
dDocent_Contig_2529	1	514	6	304	59.144	1.61673	36.3	60
dDocent_Contig_2531	1	332	13	142	42.7711	4.60542	36.2	60
dDocent_Contig_2534	1	336	8	140	41.6667	2.96726	36.3	60
dDocent_Contig_2536	1	521	1	128	24.5681	0.245681	35.6	60
dDocent_Contig_2538	1	363	11	234	64.4628	3.98347	36.8	60
dDocent_Contig_2539	1	490	12	315	64.2857	3.40408	35.9	60
dDocent_Contig_2543	1	543	33	315	58.011	8.46409	36.9	60
dDocent_Contig_2546	1	493	24	440	89.2495	6.51927	36.3	60
dDocent_Contig_2549	1	345	14	300	86.9565	5.18261	36.6	60
dDocent_Contig_2551	1	376	10	291	77.3936	3.73138	36.5	60
dDocent_Contig_2552	1	491	36	396	80.6517	9.31365	36.5	60
dDocent_Contig_2553	1	332	5	149	44.8795	1.91265	36.9	23
dDocent_Contig_2556	1	635	10	316	49.7638	2.07087	36.1	60
dDocent_Contig_2561	1	332	26	283	85.241	9.9759	36.2	60
dDocent_Contig_2565	1	407	22	312	76.6585	7.23342	36.5	60
dDocent_Contig_2566	1	514	16	282	54.8638	3.98249	36	60
dDocent_Contig_2569	1	525	14	269	51.2381	3.46667	36.4	60
dDocent_Contig_2575	1	434	23	416	95.8525	7.21889	36.5	60
dDocent_Contig_2577	1	377	1	150	39.7878	0.397878	36.6	60
dDocent_Contig_2581	1	431	33	389	90.2552	10.587	36.7	60
dDocent_Contig_2582	1	413	2	221	53.5109	0.535109	36.2	60
dDocent_Contig_2584	1	442	30	359	81.2217	9.1448	36.5	60
dDocent_Contig_2590	1	436	22	387	88.7615	6.70183	35.7	60
dDocent_Contig_2594	1	393	31	292	74.3003	10.0992	36.3	60
dDocent_Contig_2595	1	564	23	339	60.1064	5.36879	36.4	59.5
dDocent_Contig_2596	1	401	22	141	35.1621	7.05736	36.5	60
dDocent_Contig_2597	1	388	13	141	36.3402	4.06701	36.7	60
dDocent_Contig_2598	1	479	5	288	60.1253	1.45303	36.8	59.2
dDocent_Contig_2599	1	332	6	141	42.4699	2.23795	36.7	60
dDocent_Contig_2613	1	361	6	170	47.0914	1.77839	34.7	59.2
dDocent_Contig_2614	1	399	7	300	75.188	2.31579	36.8	60
dDocent_Contig_2617	1	342	29	287	83.9181	12.0234	36.6	60
dDocent_Contig_2618	1	434	5	319	73.5023	1.54839	36	60
dDocent_Contig_2619	1	513	204	408	79.5322	51.6998	36.1	56.7
dDocent_Contig_2623	1	542	9	426	78.5978	2.2952	36.5	60
dDocent_Contig_2624	1	404	43	357	88.3663	14.9035	36.3	60
dDocent_Contig_2625	1	498	24	140	28.1124	6.22691	36.6	60
dDocent_Contig_2626	1	464	11	290	62.5	3.13362	36.1	60
dDocent_Contig_2633	1	408	1	133	32.598	0.32598	36.9	60
dDocent_Contig_2636	1	353	1	142	40.2266	0.402266	33.3	60
dDocent_Contig_2637	1	387	10	287	74.1602	3.04393	36	60
dDocent_Contig_2641	1	387	13	142	36.6925	4.12661	35.9	60
dDocent_Contig_2642	1	585	15	407	69.5726	3.56581	36	60
dDocent_Contig_2646	1	412	7	307	74.5146	2.18689	36.8	60
dDocent_Contig_2647	1	370	12	328	88.6486	4.55405	35.7	60
dDocent_Contig_2649	1	442	7	293	66.2896	1.99548	36.5	60
dDocent_Contig_2650	1	342	21	301	88.0117	8.22222	36.4	60
dDocent_Contig_2651	1	456	13	369	80.9211	3.51096	36.4	60
dDocent_Contig_2652	1	405	26	270	66.6667	7.62963	35.8	60
dDocent_Contig_2653	1	380	13	141	37.1053	4.73158	36.4	60
dDocent_Contig_2656	1	332	6	240	72.2892	2.24096	36.8	60
dDocent_Contig_2659	1	404	33	140	34.6535	10.4381	36	60
dDocent_Contig_2661	1	381	1	133	34.9081	0.349081	36.5	60
dDocent_Contig_2662	1	340	19	141	41.4706	6.79412	36.5	60
dDocent_Contig_2665	1	490	59	403	82.2449	16.9306	36.6	60
dDocent_Contig_2666	1	342	2	143	41.8129	0.830409	36.7	60
dDocent_Contig_2670	1	396	48	371	93.6869	15.9343	36.6	59.9
dDocent_Contig_2672	1	547	27	515	94.1499	6.28702	35.8	60
dDocent_Contig_2673	1	611	40	422	69.0671	8.81506	36.3	60
dDocent_Contig_2674	1	432	72	393	90.9722	23.2222	36.5	60
dDocent_Contig_2675	1	559	4	436	77.9964	1.0483	36.2	60
dDocent_Contig_2676	1	571	32	430	75.3065	7.76182	36.6	60
dDocent_Contig_2682	1	332	8	143	43.0723	3.05723	36.8	60
dDocent_Contig_2684	1	399	28	141	35.3383	9.05263	36.5	60
dDocent_Contig_2689	1	466	4	141	30.2575	0.974249	36.8	60
dDocent_Contig_2690	1	376	14	140	37.234	4.69415	36.1	60
dDocent_Contig_2693	1	526	2	140	26.616	0.507605	36.9	60
dDocent_Contig_2695	1	429	48	400	93.2401	15.2261	36.5	60
dDocent_Contig_2697	1	372	28	141	37.9032	9.89247	36.5	60
dDocent_Contig_2706	1	513	6	288	56.1404	1.57115	36.5	60
dDocent_Contig_2707	1	435	9	286	65.7471	2.85287	36.5	60
dDocent_Contig_2708	1	343	5	140	40.8163	1.8688	36.5	60
dDocent_Contig_2712	1	500	4	286	57.2	0.984	36.7	60
dDocent_Contig_2715	1	344	14	308	89.5349	4.30814	34.6	60
dDocent_Contig_2717	1	379	72	337	88.9182	24.0079	36.1	60
dDocent_Contig_2720	1	336	5	142	42.2619	1.67262	36.3	60
dDocent_Contig_2721	1	462	98	393	85.0649	29.7857	36.4	60
dDocent_Contig_2722	1	419	4	231	55.1313	1.11217	35.1	60
dDocent_Contig_2724	1	459	77	412	89.7603	23.4139	36.3	60
dDocent_Contig_2726	1	459	121	407	88.671	37.7691	36.2	60
dDocent_Contig_2728	1	423	70	378	89.3617	22.5437	36.1	60
dDocent_Contig_2729	1	440	25	404	91.8182	8.09773	36.7	60
dDocent_Contig_2732	1	462	22	319	69.0476	6.13636	36.2	60
dDocent_Contig_2741	1	500	11	141	28.2	2.938	36.7	60
dDocent_Contig_2742	1	408	12	367	89.951	3.97059	36.6	60
dDocent_Contig_2745	1	462	18	291	62.987	5.31385	36.3	60
dDocent_Contig_2747	1	502	47	364	72.51	12.4582	36.6	60
dDocent_Contig_2749	1	434	58	317	73.0415	17.0276	36.3	55.7
dDocent_Contig_2750	1	428	46	376	87.8505	14.264	36.7	60
dDocent_Contig_2751	1	510	19	432	84.7059	4.98431	36.6	52.8
dDocent_Contig_2752	1	334	10	278	83.2335	4.04491	36.8	56.7
dDocent_Contig_2753	1	559	11	453	81.0376	2.56887	35.9	60
dDocent_Contig_2757	1	533	46	328	61.5385	11.7242	36.6	60
dDocent_Contig_2759	1	564	61	489	86.7021	14.211	36.6	54.4
dDocent_Contig_2760	1	626	76	478	76.3578	17.3642	35.8	60
dDocent_Contig_2761	1	465	13	211	45.3763	3.35054	36.4	60
dDocent_Contig_2764	1	332	6	142	42.7711	2.52108	36.3	60
dDocent_Contig_2765	1	469	45	347	73.9872	12.7122	36.4	60
dDocent_Contig_2768	1	359	7	273	76.0446	2.54596	36.9	60
dDocent_Contig_2769	1	419	50	361	86.1575	15.5298	36.3	60
dDocent_Contig_2770	1	394	18	288	73.0964	5.65736	36.7	60
dDocent_Contig_2773	1	408	4	231	56.6176	1.25	36.9	60
dDocent_Contig_2777	1	485	22	430	88.6598	5.97938	36.5	60
dDocent_Contig_2778	1	420	98	389	92.619	32.2524	36.4	56.9
dDocent_Contig_2782	1	463	33	426	92.0086	9.58099	36.6	60
dDocent_Contig_2785	1	389	5	139	35.7326	1.74293	36.5	60
dDocent_Contig_2786	1	383	8	332	86.6841	2.90862	35.9	60
dDocent_Contig_2787	1	401	21	292	72.818	6.76559	36.8	60
dDocent_Contig_2789	1	470	5	276	58.7234	1.25745	36.9	60
dDocent_Contig_2790	1	335	9	294	87.7612	3.62388	35.5	60
dDocent_Contig_2791	1	426	41	395	92.723	12.4789	36.5	47.6
dDocent_Contig_2794	1	602	5	243	40.3654	1.00166	36.6	60
dDocent_Contig_2796	1	537	34	513	95.5307	8.69832	36.5	60
dDocent_Contig_2797	1	453	16	332	73.2892	4.48565	36.6	60
dDocent_Contig_2798	1	573	61	440	76.7888	14.5428	36.3	60
dDocent_Contig_2800	1	523	50	467	89.2925	13.3805	36.4	59.5
dDocent_Contig_2803	1	590	16	221	37.4576	3.70678	36.8	60
dDocent_Contig_2806	1	332	20	233	70.1807	7.31325	36.4	58.4
dDocent_Contig_2807	1	337	5	275	81.6024	2.04154	36.4	60
dDocent_Contig_2808	1	405	22	360	88.8889	7.13333	36.5	60
dDocent_Contig_2809	1	368	33	330	89.6739	12.1223	36.4	60
dDocent_Contig_2810	1	529	15	407	76.9376	3.83176	35.8	60
dDocent_Contig_2811	1	333	41	318	95.4955	16.4474	36.2	60
dDocent_Contig_2813	1	409	7	140	34.2298	2.28362	36.8	60
dDocent_Contig_2817	1	394	2	131	33.2487	0.484772	35.2	60
dDocent_Contig_2821	1	519	11	141	27.1676	2.65318	36.9	60
dDocent_Contig_2822	1	531	8	467	87.9473	2.17702	36.5	60
dDocent_Contig_2824	1	440	30	142	32.2727	9.00227	36.7	60
dDocent_Contig_2825	1	482	19	141	29.2531	5.14523	36.8	60
dDocent_Contig_2826	1	453	5	363	80.1325	1.5585	35.2	60
dDocent_Contig_2829	1	503	6	143	28.4294	1.64215	36.7	60
dDocent_Contig_2837	1	494	10	421	85.2227	2.79555	36.1	60
dDocent_Contig_2838	1	478	38	359	75.1046	10.569	36	60
dDocent_Contig_2841	1	446	12	289	64.7982	3.49103	36.5	60
dDocent_Contig_2842	1	517	35	290	56.0928	9.09091	36.8	60
dDocent_Contig_2847	1	466	63	425	91.2017	18.6438	36.5	60
dDocent_Contig_2850	1	563	6	416	73.8899	1.36945	36.6	60
dDocent_Contig_2851	1	411	2	232	56.4477	0.564477	36.9	60
dDocent_Contig_2856	1	332	4	140	42.1687	1.51506	36.4	60
dDocent_Contig_2857	1	366	5	140	38.2514	1.86612	36.7	60
dDocent_Contig_2858	1	383	16	343	89.5561	5.56658	36.5	60
dDocent_Contig_2859	1	382	14	291	76.178	4.45812	36.7	60
dDocent_Contig_2861	1	332	24	201	60.5422	9.12952	36.5	60
dDocent_Contig_2862	1	464	7	310	66.8103	2.09267	34.3	60
dDocent_Contig_2865	1	499	25	426	85.3707	6.87976	36.6	60
dDocent_Contig_2866	1	396	25	339	85.6061	8.76263	35.9	60
dDocent_Contig_2868	1	437	5	140	32.0366	1.54005	36.9	60
dDocent_Contig_2870	1	379	90	292	77.0449	31.5673	36.2	60
dDocent_Contig_2871	1	397	36	286	72.0403	11.8237	35.9	60
dDocent_Contig_2872	1	395	9	284	71.8987	2.89114	36.8	60
dDocent_Contig_2873	1	332	48	142	42.7711	18.8524	36.1	60
dDocent_Contig_2874	1	553	80	479	86.6184	20.4394	36.1	60
dDocent_Contig_2876	1	568	29	318	55.9859	7.04401	36.8	60
dDocent_Contig_2880	1	451	44	432	95.7871	9.81375	34.8	60
dDocent_Contig_2882	1	439	35	142	32.3462	10.2916	36.2	60
dDocent_Contig_2884	1	568	5	362	63.7324	1.08451	36	60
dDocent_Contig_2886	1	501	3	207	41.3174	0.59481	36.9	60
dDocent_Contig_2887	1	345	21	313	90.7246	7.76232	36.7	60
dDocent_Contig_2889	1	519	39	408	78.6127	10.42	36.4	60
dDocent_Contig_2892	1	536	5	398	74.2537	1.32836	35.6	60
dDocent_Contig_2893	1	438	15	369	84.2466	4.53653	36.7	60
dDocent_Contig_2895	1	336	38	331	98.5119	15.3958	36.2	60
dDocent_Contig_2896	1	453	4	202	44.5916	1.21413	36.4	60
dDocent_Contig_2899	1	518	55	479	92.471	15.2471	36.7	60
dDocent_Contig_2901	1	571	42	390	68.3012	10.4536	36.4	60
dDocent_Contig_2902	1	344	7	293	85.1744	2.89535	35.3	60
dDocent_Contig_2903	1	372	62	332	89.2473	22.3522	35.7	60
dDocent_Contig_2905	1	390	4	298	76.4103	1.32821	36.7	60
dDocent_Contig_2906	1	422	60	311	73.6967	13.7583	35.5	60
dDocent_Contig_2908	1	354	25	315	88.9831	9.69774	36.4	60
dDocent_Contig_2911	1	397	15	231	58.1864	4.733	36	60
dDocent_Contig_2912	1	550	65	396	72	15.3782	35.5	60
dDocent_Contig_2914	1	468	44	380	81.1966	12.5299	36.1	59.9
dDocent_Contig_2918	1	523	17	471	90.0574	4.43403	36	60
dDocent_Contig_2919	1	438	9	140	31.9635	2.60959	36.7	60
dDocent_Contig_2922	1	458	200	416	90.8297	58.0611	36.4	59.9
dDocent_Contig_2924	1	430	45	391	90.9302	14.093	36.2	47.7
dDocent_Contig_2925	1	457	13	243	53.1729	3.43326	36.3	60
dDocent_Contig_2932	1	536	108	497	92.7239	26.8414	36.2	58.6
dDocent_Contig_2934	1	440	151	400	90.9091	44.075	36.2	58.9
dDocent_Contig_2935	1	332	3	140	42.1687	1.1506	34.9	60
dDocent_Contig_2937	1	572	40	389	68.007	9.70105	36.2	60
dDocent_Contig_2938	1	623	43	495	79.4543	9.626	36.5	60
dDocent_Contig_2939	1	570	23	457	80.1754	5.28772	36.6	60
dDocent_Contig_2940	1	497	4	264	53.1187	0.961771	36.3	60
dDocent_Contig_2944	1	402	51	361	89.801	17.6144	36.3	60
dDocent_Contig_2945	1	597	40	445	74.5394	8.91625	36	60
dDocent_Contig_2946	1	480	17	455	94.7917	4.65625	36.1	60
dDocent_Contig_2948	1	481	5	287	59.6674	1.47817	35	60
dDocent_Contig_2949	1	380	20	141	37.1053	6.51053	36.1	60
dDocent_Contig_2951	1	349	16	303	86.8195	6.35244	36.2	60
dDocent_Contig_2953	1	471	64	224	47.5584	18.7792	36.4	36.3
dDocent_Contig_2956	1	354	25	290	81.9209	9.11864	36.3	60
dDocent_Contig_2958	1	557	30	456	81.8671	7.32496	36.3	60
dDocent_Contig_2959	1	338	18	140	41.4201	7.26331	36.5	60
dDocent_Contig_2961	1	394	82	352	89.3401	27.5	36.2	60
dDocent_Contig_2963	1	333	64	291	87.3874	26.033	36.4	60
dDocent_Contig_2966	1	506	38	457	90.3162	10.1818	36.3	60
dDocent_Contig_2978	1	584	24	378	64.726	5.78938	35.8	60
dDocent_Contig_2980	1	407	26	366	89.9263	8.70025	36.5	60
dDocent_Contig_2981	1	333	49	276	82.8829	20.8258	36.4	60
dDocent_Contig_2986	1	494	63	381	77.1255	18.0709	36.5	60
dDocent_Contig_2987	1	485	10	141	29.0722	2.58351	36.1	60
dDocent_Contig_2988	1	446	25	401	89.9103	7.72422	36.5	60
dDocent_Contig_2991	1	368	37	282	76.6304	12.9402	35.9	60
dDocent_Contig_2992	1	556	14	409	73.5612	3.20504	36.5	53.1
dDocent_Contig_2995	1	480	95	443	92.2917	27.2417	36	60
dDocent_Contig_2996	1	332	8	274	82.5301	3.14157	36.8	60
dDocent_Contig_2997	1	406	29	346	85.2217	9.35714	36	60
dDocent_Contig_3008	1	495	4	269	54.3434	1.21212	36.2	60
dDocent_Contig_3009	1	598	14	416	69.5652	2.66722	36.7	54.6
dDocent_Contig_3010	1	385	39	141	36.6234	13.239	36.2	60
dDocent_Contig_3012	1	375	14	282	75.2	4.50133	36.6	60
dDocent_Contig_3015	1	481	37	440	91.4761	10.5031	36.2	60
dDocent_Contig_3016	1	390	7	141	36.1538	2.31026	36.5	60
dDocent_Contig_3017	1	509	43	376	73.8703	11.2849	36.3	60
dDocent_Contig_3020	1	460	15	418	90.8696	4.62391	36.4	60
dDocent_Contig_3023	1	389	24	141	36.2468	8.0617	36.8	60
dDocent_Contig_3024	1	386	31	362	93.7824	10.9404	36.4	60
dDocent_Contig_3025	1	454	20	410	90.3084	5.4978	36.4	60
dDocent_Contig_3030	1	437	11	356	81.4645	3.42105	36.8	60
dDocent_Contig_3033	1	588	24	502	85.3741	5.40816	36.5	60
dDocent_Contig_3035	1	617	6	514	83.3063	1.21394	35.8	60
dDocent_Contig_3037	1	397	54	359	90.4282	19.1965	36.3	60
dDocent_Contig_3038	1	486	23	222	45.679	6.80247	36	60
dDocent_Contig_3039	1	501	3	291	58.0838	0.860279	36.8	60
dDocent_Contig_3041	1	399	25	356	89.2231	8.98496	36.5	60
dDocent_Contig_3043	1	353	34	298	84.4193	13.0765	36.7	60
dDocent_Contig_3044	1	448	9	331	73.8839	2.91741	36.8	60
dDocent_Contig_3045	1	333	40	297	89.1892	16.03	36.5	60
dDocent_Contig_3049	1	463	20	314	67.8186	5.53348	36.5	60
dDocent_Contig_3050	1	453	8	142	31.3466	2.40618	36.6	60
dDocent_Contig_3052	1	421	5	140	33.2542	1.50831	36.8	60
dDocent_Contig_3055	1	463	21	382	82.5054	6.15767	36.8	60
dDocent_Contig_3056	1	417	27	309	74.1007	8.76259	36.4	60
dDocent_Contig_3058	1	514	22	315	61.284	5.61479	36.3	60
dDocent_Contig_3059	1	332	27	142	42.7711	10.3464	35.5	60
dDocent_Contig_3061	1	496	37	401	80.8468	10.4335	36.5	60
dDocent_Contig_3062	1	490	2	140	28.5714	0.555102	36.9	60
dDocent_Contig_3063	1	501	44	427	85.2295	12.3772	36.6	60
dDocent_Contig_3064	1	527	1	150	28.463	0.28463	36.9	60
dDocent_Contig_3073	1	491	35	434	88.391	9.68024	36.1	60
dDocent_Contig_3076	1	438	8	211	48.1735	2.48174	36.7	60
dDocent_Contig_3077	1	426	21	284	66.6667	6.56573	36.7	60
dDocent_Contig_3079	1	510	58	470	92.1569	16.0569	36.5	60
dDocent_Contig_3080	1	479	19	392	81.8372	5.29854	34.5	60
dDocent_Contig_3081	1	557	51	483	86.7145	12.2603	36.5	60
dDocent_Contig_3082	1	437	11	228	52.1739	3.3135	36.7	60
dDocent_Contig_3084	1	442	56	361	81.6742	16.595	36.5	60
dDocent_Contig_3086	1	516	1	150	29.0698	0.290698	36.9	60
dDocent_Contig_3087	1	484	31	372	76.8595	8.58678	36.2	60
dDocent_Contig_3088	1	606	52	540	89.1089	11.7706	36.5	46.6
dDocent_Contig_3089	1	493	4	287	58.215	1.14807	35.4	60
dDocent_Contig_3090	1	390	9	310	79.4872	2.96667	35.1	60
dDocent_Contig_3091	1	574	5	280	48.7805	1.22125	36.2	60
dDocent_Contig_3095	1	524	17	455	86.8321	4.6355	36.7	60
dDocent_Contig_3097	1	374	21	140	37.4332	7.47326	36.5	60
dDocent_Contig_3100	1	451	17	381	84.4789	5.1153	36.7	60
dDocent_Contig_3106	1	647	61	607	93.8176	13.7821	36.5	60
dDocent_Contig_3108	1	628	14	369	58.758	2.99841	36.7	60
dDocent_Contig_3109	1	470	27	330	70.2128	7.61489	36.7	60
dDocent_Contig_3111	1	390	21	304	77.9487	7.37179	36.7	60
dDocent_Contig_3112	1	561	28	394	70.2317	7.11408	36.4	60
dDocent_Contig_3114	1	404	22	208	51.4851	7.73515	36.1	58.4
dDocent_Contig_3116	1	451	49	398	88.2483	14.2993	36.5	60
dDocent_Contig_3120	1	400	26	140	35	8.075	36.4	60
dDocent_Contig_3138	1	527	37	467	88.6148	9.11195	36	60
dDocent_Contig_3141	1	501	73	419	83.6327	19.6088	36.5	53.1
dDocent_Contig_3144	1	382	23	299	78.2723	7.53927	35.8	60
dDocent_Contig_3145	1	343	19	144	41.9825	7.08163	35.8	59.4
dDocent_Contig_3149	1	408	157	363	88.9706	53.3897	36.1	60
dDocent_Contig_3151	1	453	26	395	87.1965	7.82561	35.5	59.7
dDocent_Contig_3153	1	565	20	353	62.4779	4.4708	36.6	57.9
dDocent_Contig_3156	1	512	60	490	95.7031	15.4082	36.1	60
dDocent_Contig_3159	1	466	10	357	76.6094	3.09871	35.9	60
dDocent_Contig_3160	1	539	3	285	52.8757	0.779221	36.7	60
dDocent_Contig_3161	1	561	87	495	88.2353	21.287	36.5	60
dDocent_Contig_3163	1	476	14	141	29.6218	3.67227	36.7	60
dDocent_Contig_3164	1	501	138	404	80.6387	39.1916	36.4	60
dDocent_Contig_3166	1	492	48	141	28.6585	12.0081	36.4	56.3
dDocent_Contig_3167	1	393	13	293	74.5547	4.29008	36.3	60
dDocent_Contig_3170	1	332	51	142	42.7711	20.2018	36.4	60
dDocent_Contig_3171	1	464	4	298	64.2241	1.24138	36.7	60
dDocent_Contig_3173	1	497	26	379	76.2575	6.84105	36.4	60
dDocent_Contig_3174	1	388	68	367	94.5876	24.0155	36.3	60
dDocent_Contig_3175	1	332	4	141	42.4699	1.4006	36.9	60
dDocent_Contig_3188	1	446	25	364	81.6143	6.92601	36.5	60
dDocent_Contig_3191	1	470	7	140	29.7872	1.59574	36.4	60
dDocent_Contig_3192	1	460	15	368	80	4.62174	36.6	60
dDocent_Contig_3193	1	535	48	351	65.6075	12.329	36.6	60
dDocent_Contig_3197	1	449	111	400	89.0869	35.4321	36.2	59.7
dDocent_Contig_3199	1	338	20	291	86.0947	7.95266	36.2	60
dDocent_Contig_3201	1	377	46	140	37.1353	15.6658	36.7	60
dDocent_Contig_3202	1	359	22	280	77.9944	7.51811	36.7	48.8
dDocent_Contig_3204	1	434	12	371	85.4839	3.7788	36.2	60
dDocent_Contig_3206	1	522	157	485	92.9119	40.1801	36.5	57.1
dDocent_Contig_3209	1	514	96	373	72.5681	25.7782	36.3	60
dDocent_Contig_3212	1	445	35	275	61.7978	10.4809	36	60
dDocent_Contig_3215	1	386	47	346	89.6373	16.4041	36	60
dDocent_Contig_3217	1	420	77	356	84.7619	25.7381	36.5	60
dDocent_Contig_3220	1	419	24	143	34.1289	7.6253	36.2	60
dDocent_Contig_3221	1	345	23	296	85.7971	8.72464	36.1	60
dDocent_Contig_3222	1	332	23	277	83.4337	7.72892	35.3	59
dDocent_Contig_3223	1	434	2	230	52.9954	0.529954	35.7	60
dDocent_Contig_3225	1	501	12	440	87.8244	3.11377	36.6	60
dDocent_Contig_3226	1	375	24	141	37.6	8.48	36.7	60
dDocent_Contig_3227	1	562	45	472	83.9858	11.0107	36.1	60
dDocent_Contig_3228	1	447	84	410	91.7226	25.6734	36.4	60
dDocent_Contig_3229	1	417	39	367	88.0096	8.78657	34.6	59.9
dDocent_Contig_3231	1	489	31	445	91.002	8.32311	36.4	56.8
dDocent_Contig_3232	1	425	43	376	88.4706	12.8635	35.9	58.5
dDocent_Contig_3233	1	453	10	331	73.0684	2.766	35	60
dDocent_Contig_3234	1	460	16	141	30.6522	4.63478	36.3	60
dDocent_Contig_3237	1	346	11	301	86.9942	4.27168	36.9	60
dDocent_Contig_3238	1	534	25	332	62.1723	6.34082	36.7	60
dDocent_Contig_3239	1	422	4	137	32.4645	1.20616	36.3	60
dDocent_Contig_3240	1	531	88	403	75.8945	22.693	36.4	60
dDocent_Contig_3245	1	531	48	448	84.3691	12.5612	36.6	60
dDocent_Contig_3247	1	398	17	261	65.5779	5.77387	36.6	60
dDocent_Contig_3248	1	332	5	140	42.1687	2.03012	36.6	60
dDocent_Contig_3250	1	492	94	405	82.3171	27.3089	36.4	60
dDocent_Contig_3251	1	595	4	246	41.3445	0.816807	36.5	60
dDocent_Contig_3252	1	359	30	141	39.2758	10.5905	36.3	60
dDocent_Contig_3254	1	435	35	394	90.5747	10.7816	36.3	60
dDocent_Contig_3260	1	376	23	336	89.3617	8.27128	36.4	60
dDocent_Contig_3264	1	595	30	433	72.7731	6.75462	36.4	60
dDocent_Contig_3265	1	392	41	359	91.5816	14.4439	36.4	60
dDocent_Contig_3270	1	336	150	298	88.6905	61.756	36.1	60
dDocent_Contig_3272	1	458	75	427	93.2314	22.7009	36.4	60
dDocent_Contig_3274	1	557	67	518	92.9982	16.5655	36.6	60
dDocent_Contig_3275	1	430	113	389	90.4651	30.2698	36.2	43.2
dDocent_Contig_3278	1	421	476	384	91.2114	150.47	36.4	59.2
dDocent_Contig_3280	1	472	32	422	89.4068	9.35593	36.4	59.8
dDocent_Contig_3283	1	614	3	288	46.9055	0.693811	36.9	60
dDocent_Contig_3286	1	494	54	462	93.5223	14.9777	36.2	60
dDocent_Contig_3288	1	498	6	273	54.8193	1.66667	36.3	60
dDocent_Contig_3290	1	372	61	332	89.2473	22.3468	36	59.7
dDocent_Contig_3291	1	574	36	396	68.9895	8.69861	36.4	60
dDocent_Contig_3294	1	480	29	390	81.25	8.05417	36.3	60
dDocent_Contig_3297	1	492	115	446	90.6504	31.0346	36.6	59.2
dDocent_Contig_3298	1	490	15	262	53.4694	3.92245	36.4	60
dDocent_Contig_3299	1	401	16	276	68.8279	4.97007	36.4	60
dDocent_Contig_3302	1	391	6	220	56.266	1.56522	36.6	60
dDocent_Contig_3303	1	368	46	317	86.1413	16.6929	36.3	60
dDocent_Contig_3304	1	539	40	395	73.2839	10.4323	36.1	60
dDocent_Contig_3306	1	376	61	339	90.1596	21.9255	36.4	59.3
dDocent_Contig_3307	1	353	55	239	67.7054	21.8725	36.1	60
dDocent_Contig_3308	1	564	43	415	73.5816	10.3723	36.3	60
dDocent_Contig_3310	1	567	14	376	66.3139	3.31746	36.7	60
dDocent_Contig_3311	1	465	1	135	29.0323	0.290323	37	60
dDocent_Contig_3314	1	352	10	314	89.2045	3.92898	36.1	56.2
dDocent_Contig_3317	1	482	4	206	42.7386	1.20539	36.3	50.2
dDocent_Contig_3320	1	450	10	292	64.8889	2.93778	36.4	60
dDocent_Contig_3321	1	337	3	138	40.9496	1.1454	36.4	60
dDocent_Contig_3322	1	334	15	292	87.4251	5.71856	35.9	58.5
dDocent_Contig_3324	1	445	20	318	71.4607	6.33034	36.3	60
dDocent_Contig_3326	1	543	98	442	81.3996	26.0866	36.4	60
dDocent_Contig_3330	1	440	3	138	31.3636	0.888636	36.7	60
dDocent_Contig_3331	1	338	13	141	41.716	5.26923	36.3	60
dDocent_Contig_3333	1	434	3	281	64.7465	0.970046	36.8	37.3
dDocent_Contig_3335	1	393	49	355	90.3308	15.8651	36.4	55.4
dDocent_Contig_3343	1	401	3	140	34.9127	1.00249	35.8	60
dDocent_Contig_3344	1	374	46	330	88.2353	15.254	35.8	59.9
dDocent_Contig_3345	1	458	14	290	63.3188	4.09825	36.7	60
dDocent_Contig_3347	1	419	29	359	85.6802	8.92363	36.5	59.5
dDocent_Contig_3350	1	334	12	293	87.7246	4.61976	36.7	60
dDocent_Contig_3352	1	467	42	359	76.8737	12.3576	36.6	60
dDocent_Contig_3354	1	557	7	216	38.7792	1.68402	36.5	60
dDocent_Contig_3355	1	445	30	402	90.3371	8.89213	36	60
dDocent_Contig_3357	1	380	23	226	59.4737	6.03421	36.5	60
dDocent_Contig_3358	1	430	13	323	75.1163	4.21163	36.6	60
dDocent_Contig_3360	1	529	28	313	59.1682	7.20983	36.4	60
dDocent_Contig_3362	1	477	21	142	29.7694	5.95388	36.7	60
dDocent_Contig_3365	1	348	41	295	84.7701	14.6466	36.5	60
dDocent_Contig_3366	1	528	69	425	80.4924	18.0625	36.4	60
dDocent_Contig_3371	1	566	15	479	84.629	3.85159	36	60
dDocent_Contig_3372	1	604	52	535	88.5762	11.9768	36.4	60
dDocent_Contig_3376	1	339	13	141	41.5929	5.10324	35.9	60
dDocent_Contig_3377	1	378	43	337	89.1534	16.2169	36.4	60
dDocent_Contig_3378	1	377	6	284	75.3316	2.20424	36.8	60
dDocent_Contig_3380	1	449	14	377	83.9644	4.23608	36.7	60
dDocent_Contig_3386	1	532	13	306	57.5188	3.13722	36.7	55.7
dDocent_Contig_3390	1	456	20	363	79.6053	5.82018	36.9	60
dDocent_Contig_3391	1	529	12	330	62.3819	3.20605	36.6	60
dDocent_Contig_3393	1	592	15	462	78.0405	3.5777	36.2	60
dDocent_Contig_3396	1	465	3	183	39.3548	0.967742	36.8	60
dDocent_Contig_3397	1	437	11	140	32.0366	3.30435	36.7	60
dDocent_Contig_3399	1	396	4	142	35.8586	1.41667	35.3	60
dDocent_Contig_3406	1	431	38	143	33.1787	11.5615	36.5	60
dDocent_Contig_3407	1	504	67	406	80.5556	15.1667	34.9	60
dDocent_Contig_3409	1	525	4	142	27.0476	0.971429	36.4	60
dDocent_Contig_3410	1	401	5	290	72.3192	1.72569	35.9	60
dDocent_Contig_3413	1	480	7	319	66.4583	2.13125	36	60
dDocent_Contig_3414	1	379	26	239	63.0607	8.54617	36.5	60
dDocent_Contig_3415	1	485	23	424	87.4227	6.55258	36.5	60
dDocent_Contig_3418	1	444	8	367	82.6577	2.22748	36.8	60
dDocent_Contig_3420	1	424	17	387	91.2736	5.51179	36.6	60
dDocent_Contig_3421	1	371	60	333	89.7574	22.4663	36.4	60
dDocent_Contig_3422	1	468	12	351	75	3.61966	36.5	60
dDocent_Contig_3424	1	399	18	143	35.8396	5.90226	36	60
dDocent_Contig_3429	1	450	20	399	88.6667	6.03556	36.3	60
dDocent_Contig_3433	1	353	21	142	40.2266	7.69122	36.2	60
dDocent_Contig_3445	1	484	50	421	86.9835	14.7211	36.1	59.9
dDocent_Contig_3449	1	459	13	296	64.488	3.69717	36.2	60
dDocent_Contig_3453	1	454	31	406	89.4273	9.01322	36.1	60
dDocent_Contig_3455	1	434	28	410	94.47	8.74654	36	60
dDocent_Contig_3458	1	352	5	140	39.7727	1.66477	36.7	60
dDocent_Contig_3459	1	518	19	141	27.2201	4.44981	36.7	60
dDocent_Contig_3460	1	523	12	351	67.1128	3.13002	36.8	60
dDocent_Contig_3461	1	435	24	361	82.9885	7.75632	35.7	60
dDocent_Contig_3463	1	449	23	300	66.8151	6.78396	35.8	60
dDocent_Contig_3466	1	408	1	150	36.7647	0.367647	36.9	60
dDocent_Contig_3467	1	436	46	305	69.9541	13.4106	36.7	60
dDocent_Contig_3470	1	400	28	318	79.5	9.415	36.3	60
dDocent_Contig_3471	1	420	6	141	33.5714	1.87143	36.7	60
dDocent_Contig_3472	1	512	75	375	73.2422	18.877	36.6	60
dDocent_Contig_3476	1	457	13	290	63.4573	3.63457	36.9	60
dDocent_Contig_3481	1	402	35	329	81.8408	11.301	36.4	60
dDocent_Contig_3482	1	464	83	395	85.1293	19.9375	35.6	57.4
dDocent_Contig_3484	1	597	95	537	89.9497	21.2412	36.4	59.9
dDocent_Contig_3485	1	443	46	362	81.7156	13.5485	36.5	60
dDocent_Contig_3486	1	556	104	432	77.6978	25.946	35.2	60
dDocent_Contig_3494	1	448	18	280	62.5	4.66295	35.8	60
dDocent_Contig_3498	1	639	49	429	67.1362	10.7277	36.4	60
dDocent_Contig_3499	1	478	62	372	77.8243	17.5565	36.5	60
dDocent_Contig_3502	1	427	3	244	57.1429	0.826698	36.8	60
dDocent_Contig_3503	1	460	32	362	78.6957	9.31087	36	60
dDocent_Contig_3504	1	505	28	415	82.1782	7.1703	36.4	60
dDocent_Contig_3506	1	437	15	141	32.2654	4.38673	35.9	60
dDocent_Contig_3507	1	561	62	392	69.8752	14.9519	36.6	60
dDocent_Contig_3508	1	468	25	410	87.6068	7.4359	35.8	59.2
dDocent_Contig_3510	1	456	43	375	82.2368	13.2851	36.4	60
dDocent_Contig_3511	1	460	50	387	84.1304	15.15	35.9	60
dDocent_Contig_3512	1	370	11	236	63.7838	4.14054	36.6	60
dDocent_Contig_3514	1	550	55	408	74.1818	13.6564	36.3	60
dDocent_Contig_3516	1	523	6	178	34.0344	1.67304	36.5	60
dDocent_Contig_3517	1	449	59	380	84.6325	18.0624	36.4	60
dDocent_Contig_3520	1	410	39	369	90	12.9073	36.5	60
dDocent_Contig_3521	1	332	11	142	42.7711	4.38855	36.5	60
dDocent_Contig_3522	1	471	49	366	77.707	12.9363	36.2	60
dDocent_Contig_3523	1	510	12	144	28.2353	2.31176	36.1	60
dDocent_Contig_3525	1	382	16	326	85.3403	5.78796	36.6	60
dDocent_Contig_3527	1	464	13	297	64.0086	3.56034	36.5	60
dDocent_Contig_3534	1	484	45	397	82.0248	12.7707	36.6	60
dDocent_Contig_3537	1	367	16	140	38.1471	5.35967	35.7	60
dDocent_Contig_3539	1	509	24	309	60.7073	6.222	36.4	60
dDocent_Contig_3541	1	444	58	407	91.6667	17.5405	36.1	60
dDocent_Contig_3543	1	484	2	198	40.9091	0.580579	36	60
dDocent_Contig_3544	1	430	8	334	77.6744	2.75116	36.7	60
dDocent_Contig_3546	1	372	12	250	67.2043	4.26075	36	60
dDocent_Contig_3547	1	354	14	141	39.8305	5.07627	36.6	60
dDocent_Contig_3548	1	451	22	140	31.0421	6.35698	36.4	60
dDocent_Contig_3549	1	400	39	142	35.5	12.7	36.3	60
dDocent_Contig_3550	1	537	216	442	82.3091	49.2719	35.6	60
dDocent_Contig_3560	1	499	46	372	74.5491	11.998	36.4	60
dDocent_Contig_3562	1	512	9	430	83.9844	2.39258	36.1	60
dDocent_Contig_3564	1	339	14	291	85.8407	5.71091	36	60
dDocent_Contig_3565	1	499	83	379	75.9519	23.5351	36.2	60
dDocent_Contig_3566	1	429	15	141	32.8671	4.3986	36.5	60
dDocent_Contig_3570	1	486	53	365	75.1029	15.3333	36.3	60
dDocent_Contig_3574	1	470	11	356	75.7447	2.78298	35.7	60
dDocent_Contig_3577	1	409	28	265	64.7922	9.01222	36.1	60
dDocent_Contig_3579	1	338	60	311	92.0118	24.426	36.6	60
dDocent_Contig_3580	1	394	62	366	92.8934	21.7614	36.6	60
dDocent_Contig_3581	1	547	22	411	75.1371	5.32541	36.8	60
dDocent_Contig_3583	1	332	36	298	89.759	14.1114	36.5	60
dDocent_Contig_3584	1	508	86	464	91.3386	24.0276	36.4	60
dDocent_Contig_3588	1	556	25	390	70.1439	6.39748	36.5	60
dDocent_Contig_3590	1	364	52	340	93.4066	18.9313	36.4	60
dDocent_Contig_3592	1	377	63	338	89.6552	22.5385	35.3	60
dDocent_Contig_3597	1	441	36	350	79.3651	11.059	36	60
dDocent_Contig_3599	1	451	31	359	79.6009	9.51663	36.7	60
dDocent_Contig_3600	1	382	83	317	82.9843	28.6309	36.4	60
dDocent_Contig_3602	1	486	58	402	82.716	15.8128	36.2	60
dDocent_Contig_3603	1	430	6	140	32.5581	1.75349	36.7	60
dDocent_Contig_3605	1	466	26	259	55.5794	7.27468	36.4	60
dDocent_Contig_3606	1	332	28	140	42.1687	11.2349	36.5	60
dDocent_Contig_3607	1	457	27	417	91.2473	7.84902	36.3	59.2
dDocent_Contig_3609	1	332	23	142	42.7711	8.70181	36.6	60
dDocent_Contig_3611	1	365	15	141	38.6301	5.01096	36.3	60
dDocent_Contig_3613	1	399	33	344	86.2155	10.9449	35.5	60
dDocent_Contig_3614	1	506	17	313	61.8577	4.63636	36.6	60
dDocent_Contig_3615	1	578	62	328	56.7474	15.1661	36.3	60
dDocent_Contig_3618	1	402	36	314	78.1095	11.8134	36.2	60
dDocent_Contig_3620	1	435	9	140	32.1839	2.67816	36.8	60
dDocent_Contig_3621	1	586	18	449	76.6212	3.72355	35.6	60
dDocent_Contig_3622	1	585	5	327	55.8974	1.16923	37	60
dDocent_Contig_3623	1	426	9	211	49.5305	2.24178	35.3	54.9
dDocent_Contig_3625	1	333	6	206	61.8619	2.2012	37	60
dDocent_Contig_3626	1	372	7	168	45.1613	2.42204	35.9	60
dDocent_Contig_3627	1	522	6	293	56.1303	1.38506	36.9	60
dDocent_Contig_3629	1	540	44	400	74.0741	11.4056	36.5	60
dDocent_Contig_3630	1	567	69	477	84.127	17.8871	36.5	60
dDocent_Contig_3634	1	342	9	232	67.8363	3.68129	36.7	60
dDocent_Contig_3635	1	603	104	536	88.8889	25.199	36.7	60
dDocent_Contig_3636	1	562	42	499	88.79	10.9537	36.5	60
dDocent_Contig_3638	1	382	10	306	80.1047	3.52356	35.7	60
dDocent_Contig_3641	1	553	7	388	70.1627	1.59132	36.5	60
dDocent_Contig_3642	1	440	1930	423	96.1364	563.443	36.2	54.3
dDocent_Contig_3647	1	467	8	271	58.03	2.02141	36.9	60
dDocent_Contig_3648	1	592	9	140	23.6486	2.0777	36.8	60
dDocent_Contig_3649	1	397	4	202	50.8816	1.01763	36.9	60
dDocent_Contig_3650	1	388	6	247	63.6598	2.29897	36.5	60
dDocent_Contig_3652	1	495	10	452	91.3131	2.85657	36.5	60
dDocent_Contig_3653	1	397	11	219	55.1637	3.63224	36.5	60
dDocent_Contig_3658	1	399	14	141	35.3383	4.07018	35.2	60
dDocent_Contig_3662	1	332	15	276	83.1325	5.52108	36.5	60
dDocent_Contig_3663	1	485	41	375	77.3196	11.3443	36.4	60
dDocent_Contig_3664	1	516	29	428	82.9457	7.12984	36.1	60
dDocent_Contig_3667	1	363	34	268	73.8292	12.4298	36.3	60
dDocent_Contig_3670	1	468	27	417	89.1026	7.79701	36.5	60
dDocent_Contig_3673	1	446	16	308	69.0583	4.94843	36.7	60
dDocent_Contig_3674	1	475	26	375	78.9474	7.60421	36.4	60
dDocent_Contig_3675	1	492	66	454	92.2764	18.4817	36.3	60
dDocent_Contig_3676	1	561	32	383	68.2709	7.47772	36.5	60
dDocent_Contig_3678	1	543	37	417	76.7956	9.09945	36.3	60
dDocent_Contig_3679	1	502	12	437	87.0518	3.29283	36.4	60
dDocent_Contig_3680	1	504	20	276	54.7619	4.83532	36.3	60
dDocent_Contig_3681	1	489	19	305	62.3722	4.31493	36.3	55.4
dDocent_Contig_3684	1	494	108	453	91.7004	26.9393	35.8	48.7
dDocent_Contig_3686	1	557	17	140	25.1346	2.86176	36.4	53.5
dDocent_Contig_3687	1	433	34	393	90.7621	10.6651	36.3	60
dDocent_Contig_3688	1	506	8	327	64.6245	2.22332	36.8	60
dDocent_Contig_3690	1	436	39	387	88.7615	12.4427	36.3	60
dDocent_Contig_3691	1	431	9	286	66.3573	2.83063	35.4	60
dDocent_Contig_3692	1	332	25	141	42.4699	10.238	35.4	60
dDocent_Contig_3695	1	398	30	292	73.3668	9.36683	36	60
dDocent_Contig_3696	1	426	3	232	54.4601	0.758216	36.9	60
dDocent_Contig_3697	1	442	5	241	54.5249	1.24661	36.9	60
dDocent_Contig_3699	1	370	18	323	87.2973	6.13784	36.5	60
dDocent_Contig_3700	1	489	34	459	93.865	9.2045	35.5	60
dDocent_Contig_3701	1	533	10	227	42.5891	2.43152	36.8	60
dDocent_Contig_3702	1	417	9	141	33.8129	2.85132	35.1	60
dDocent_Contig_3703	1	457	44	371	81.1816	13.8053	36.2	60
dDocent_Contig_3706	1	585	10	328	56.0684	2.18803	35.9	60
dDocent_Contig_3707	1	583	17	394	67.5815	4.04288	36.1	60
dDocent_Contig_3709	1	381	18	340	89.2388	5.80052	36.8	60
dDocent_Contig_3710	1	332	21	279	84.0361	8.33133	36.2	60
dDocent_Contig_3712	1	506	21	371	73.3202	5.33794	36.3	60
dDocent_Contig_3715	1	469	17	355	75.693	5.14072	36.5	60
dDocent_Contig_3716	1	461	15	291	63.1236	4.57484	36	60
dDocent_Contig_3719	1	497	14	287	57.7465	3.49497	36.4	60
dDocent_Contig_3721	1	368	31	317	86.1413	11.3614	35.8	60
dDocent_Contig_3722	1	409	9	140	34.2298	2.48166	36.3	60
dDocent_Contig_3724	1	513	16	164	31.9688	4.05653	35.7	60
dDocent_Contig_3725	1	565	13	363	64.2478	3.19115	35.8	60
dDocent_Contig_3727	1	489	34	450	92.0245	9.21881	36.2	60
dDocent_Contig_3729	1	349	10	271	77.6504	3.83954	36.6	60
dDocent_Contig_3731	1	597	11	496	83.0821	2.57956	36.3	60
dDocent_Contig_3733	1	438	11	140	31.9635	3.18265	36.5	60
dDocent_Contig_3737	1	356	4	121	33.9888	1.21348	36.8	60
dDocent_Contig_3738	1	332	22	291	87.6506	8.3253	36.5	57.8
dDocent_Contig_3739	1	448	44	406	90.625	14.2634	35.9	60
dDocent_Contig_3740	1	458	4	269	58.7336	1.13537	36.1	60
dDocent_Contig_3743	1	474	39	310	65.4008	11.0654	36.8	60
dDocent_Contig_3744	1	494	12	379	76.7206	3.18623	35.4	60
dDocent_Contig_3747	1	345	17	143	41.4493	6.58841	36.4	60
dDocent_Contig_3748	1	352	4	287	81.5341	1.62216	36.3	60
dDocent_Contig_3750	1	421	31	362	85.9857	9.96437	36.6	60
dDocent_Contig_3752	1	380	43	140	36.8421	14.1158	36.6	60
dDocent_Contig_3753	1	446	41	407	91.2556	12.6816	36.6	60
dDocent_Contig_3755	1	366	22	277	75.6831	7.97268	36.7	60
dDocent_Contig_3760	1	407	6	221	54.2998	1.89189	36.5	60
dDocent_Contig_3765	1	525	15	312	59.4286	3.69714	36.8	60
dDocent_Contig_3768	1	525	2519	506	96.381	667.549	36	59.7
dDocent_Contig_3770	1	474	11	235	49.5781	2.99367	35.8	60
dDocent_Contig_3772	1	438	24	402	91.7808	7.08447	36	60
dDocent_Contig_3773	1	461	6	284	61.6052	1.78959	33.8	60
dDocent_Contig_3776	1	485	9	300	61.8557	2.43505	35.5	60
dDocent_Contig_3778	1	402	11	234	58.209	3.87562	36.2	60
dDocent_Contig_3781	1	555	33	474	85.4054	8.23784	36.7	60
dDocent_Contig_3783	1	389	48	142	36.5039	16.4447	36.3	60
dDocent_Contig_3788	1	459	15	142	30.9368	4.04139	36.1	60
dDocent_Contig_3789	1	403	4	267	66.2531	1.40447	36.9	60
dDocent_Contig_3790	1	439	8	141	32.1185	2.06606	36.9	60
dDocent_Contig_3794	1	456	4	354	77.6316	1.26974	36.6	60
dDocent_Contig_3796	1	417	30	334	80.0959	9.64029	36.1	60
dDocent_Contig_3797	1	541	17	420	77.634	3.94455	36.7	60
dDocent_Contig_3798	1	449	63	389	86.637	19.6771	36	60
dDocent_Contig_3799	1	347	31	306	88.1844	12.3141	36.3	59.9
dDocent_Contig_3800	1	409	28	381	93.154	8.81663	36.5	60
dDocent_Contig_3801	1	431	18	248	57.5406	5.13921	35.8	60
dDocent_Contig_3803	1	386	33	291	75.3886	10.7798	36.3	60
dDocent_Contig_3804	1	531	27	443	83.4275	6.84369	36.8	60
dDocent_Contig_3805	1	337	5	298	88.4273	2.04451	36.8	60
dDocent_Contig_3806	1	426	4	141	33.0986	1.14554	36.9	60
dDocent_Contig_3809	1	485	45	411	84.7423	12.9546	36.4	60
dDocent_Contig_3810	1	409	4	141	34.4743	1.34719	36.7	60
dDocent_Contig_3813	1	362	19	144	39.779	4.19613	35.4	60
dDocent_Contig_3815	1	495	21	313	63.2323	5.38586	36.2	60
dDocent_Contig_3816	1	404	13	273	67.5743	4.29703	36.4	60
dDocent_Contig_3818	1	410	34	347	84.6341	11.7415	36.5	60
dDocent_Contig_3822	1	583	37	513	87.9931	8.76672	36.3	59.9
dDocent_Contig_3824	1	342	7	278	81.2865	2.67836	36.5	60
dDocent_Contig_3825	1	432	16	143	33.1019	4.60417	36.2	60
dDocent_Contig_3826	1	499	49	346	69.3387	13.9599	36.4	60
dDocent_Contig_3828	1	343	12	286	83.3819	5.02041	36.7	60
dDocent_Contig_3829	1	405	108	369	91.1111	36.9926	36.3	60
dDocent_Contig_3832	1	332	22	141	42.4699	8.23494	36.2	60
dDocent_Contig_3833	1	644	65	559	86.8012	14.1149	36.5	60
dDocent_Contig_3834	1	508	51	381	75	13.9547	35.8	60
dDocent_Contig_3838	1	507	42	301	59.3688	11.716	36.5	60
dDocent_Contig_3839	1	555	91	394	70.991	20.0613	35.7	60
dDocent_Contig_3840	1	442	4	122	27.6018	0.950226	37	60
dDocent_Contig_3845	1	495	20	346	69.899	5.42424	36.1	60
dDocent_Contig_3846	1	477	12	447	93.7107	3.48428	36.3	60
dDocent_Contig_3848	1	467	30	373	79.8715	8.41756	36.4	60
dDocent_Contig_3849	1	344	24	140	40.6977	8.54651	36.8	60
dDocent_Contig_3850	1	366	65	242	66.1202	21.7814	36.3	51.6
dDocent_Contig_3852	1	449	10	318	70.8241	3.11359	36.2	60
dDocent_Contig_3856	1	494	1	81	16.3968	0.163968	34.5	60
dDocent_Contig_3857	1	601	45	476	79.2013	9.87188	35.8	60
dDocent_Contig_3859	1	430	3	291	67.6744	0.995349	36.9	60
dDocent_Contig_3861	1	391	54	330	84.399	17.8159	36.5	60
dDocent_Contig_3863	1	477	36	341	71.4885	10.1782	36.5	60
dDocent_Contig_3864	1	411	30	241	58.6375	9.84672	36.6	60
dDocent_Contig_3865	1	384	20	352	91.6667	7.1875	36.4	60
dDocent_Contig_3867	1	430	24	388	90.2326	7.31395	36.6	60
dDocent_Contig_3868	1	502	32	321	63.9442	8.73904	36.4	60
dDocent_Contig_3874	1	433	12	305	70.4388	3.42725	36.7	60
dDocent_Contig_3875	1	439	19	295	67.1982	5.8041	36	60
dDocent_Contig_3877	1	389	15	326	83.8046	5.25707	36	60
dDocent_Contig_3882	1	453	7	359	79.2494	2.02649	36.5	60
dDocent_Contig_3883	1	411	30	299	72.7494	10.2165	36.5	60
dDocent_Contig_3885	1	579	36	512	88.4283	8.88428	36.5	60
dDocent_Contig_3886	1	635	11	375	59.0551	2.34961	36	60
dDocent_Contig_3887	1	482	17	366	75.9336	4.5083	36	60
dDocent_Contig_3888	1	392	35	354	90.3061	12.1837	36.4	60
dDocent_Contig_3891	1	437	8	141	32.2654	2.27689	36.6	60
dDocent_Contig_3893	1	480	68	426	88.75	18.9583	36.3	60
dDocent_Contig_3894	1	388	62	361	93.0412	21.817	36	60
dDocent_Contig_3898	1	457	38	408	89.2779	10.8621	36.3	60
dDocent_Contig_3900	1	448	24	348	77.6786	7.16071	36.5	60
dDocent_Contig_3901	1	426	6	343	80.5164	1.75117	36.9	60
dDocent_Contig_3905	1	543	432	477	87.8453	108.103	36.4	58.6
dDocent_Contig_3906	1	512	249	487	95.1172	66.7656	36.4	53.5
dDocent_Contig_3910	1	395	31	141	35.6962	9.96709	36.5	60
dDocent_Contig_3913	1	463	8	337	72.7862	2.42981	36.7	60
dDocent_Contig_3915	1	332	21	141	42.4699	8.3253	36.1	60
dDocent_Contig_3917	1	453	174	412	90.9492	50.2958	35.8	58.7
dDocent_Contig_3920	1	455	79	407	89.4505	24.6132	36.4	60
dDocent_Contig_3927	1	395	20	355	89.8734	6.84051	36.5	60
dDocent_Contig_3928	1	495	30	380	76.7677	8.46869	36.5	60
dDocent_Contig_3929	1	501	17	312	62.2754	4.54092	36.7	60
dDocent_Contig_3931	1	393	33	259	65.9033	10.9517	36.3	60
dDocent_Contig_3932	1	582	47	456	78.3505	11.3402	36.6	60
dDocent_Contig_3937	1	481	18	442	91.8919	4.37214	36.8	60
dDocent_Contig_3938	1	458	1	114	24.8908	0.248908	36.4	60
dDocent_Contig_3939	1	343	5	250	72.8863	1.83965	36.3	60
dDocent_Contig_3940	1	424	18	316	74.5283	5.46462	35.8	60
dDocent_Contig_3941	1	397	43	349	87.9093	14.2368	35.9	60
dDocent_Contig_3943	1	595	3	310	52.1008	0.727731	36.8	60
dDocent_Contig_3946	1	380	7	140	36.8421	2.41316	36.8	60
dDocent_Contig_3948	1	492	26	379	77.0325	6.39228	36.5	60
dDocent_Contig_3950	1	404	17	363	89.8515	6.00743	36	60
dDocent_Contig_3951	1	347	99	320	92.219	33.6686	36.6	48.3
dDocent_Contig_3952	1	379	35	336	88.6544	12.3245	36	60
dDocent_Contig_3954	1	340	36	142	41.7647	13.8559	36.3	60
dDocent_Contig_3956	1	381	17	278	72.9659	5.53281	35.8	60
dDocent_Contig_3957	1	477	46	397	83.2285	13.4591	36.4	60
dDocent_Contig_3965	1	423	13	141	33.3333	3.97872	36.9	60
dDocent_Contig_3969	1	429	19	306	71.3287	6.12354	36.5	60
dDocent_Contig_3970	1	354	4	127	35.8757	1.41808	36.7	60
dDocent_Contig_3971	1	333	65	293	87.988	27.2252	36.5	60
dDocent_Contig_3972	1	615	33	421	68.4553	7.47642	36.2	60
dDocent_Contig_3976	1	385	12	315	81.8182	3.85455	35.3	58.2
dDocent_Contig_3977	1	353	3	139	39.3768	1.017	36	60
dDocent_Contig_3978	1	541	4	237	43.8078	0.852126	36.4	60
dDocent_Contig_3980	1	498	16	402	80.7229	4.17269	36.7	60
dDocent_Contig_3981	1	412	33	331	80.3398	10.7816	36.6	59.9
dDocent_Contig_3983	1	369	28	295	79.9458	10.0081	36.5	60
dDocent_Contig_3986	1	481	12	120	24.948	2.68607	36.6	60
dDocent_Contig_3988	1	428	39	387	90.4206	12.6145	36.1	55.7
dDocent_Contig_3993	1	416	8	221	53.125	2.51923	36	60
dDocent_Contig_3994	1	424	59	384	90.566	19.3373	36.4	60
dDocent_Contig_3996	1	664	79	465	70.0301	16.8539	36.2	60
dDocent_Contig_3999	1	515	7	238	46.2136	1.68932	36.9	60
dDocent_Contig_4000	1	641	79	426	66.4587	17.3526	36.5	60
dDocent_Contig_4002	1	365	37	142	38.9041	12.9945	36.5	60
dDocent_Contig_4003	1	479	43	439	91.6493	12.7432	36.1	60
dDocent_Contig_4004	1	332	23	307	92.4699	9.8494	36.8	60
dDocent_Contig_4006	1	478	8	140	29.2887	2.2113	36.3	60
dDocent_Contig_4012	1	346	19	291	84.104	7.24277	36.4	60
dDocent_Contig_4014	1	338	4	140	41.4201	1.4142	36.3	60
dDocent_Contig_4015	1	546	16	330	60.4396	3.55678	36.1	57.9
dDocent_Contig_4019	1	497	4	380	76.4588	1.20724	35.6	60
dDocent_Contig_4020	1	424	30	142	33.4906	9.31368	36.1	60
dDocent_Contig_4023	1	450	13	141	31.3333	3.82	36.4	60
dDocent_Contig_4024	1	534	22	438	82.0225	5.15356	36.6	60
dDocent_Contig_4025	1	358	23	142	39.6648	7.97486	36.3	60
dDocent_Contig_4026	1	412	10	291	70.6311	3.23544	36.3	60
dDocent_Contig_4027	1	473	4	286	60.4651	1.25159	36.5	60
dDocent_Contig_4034	1	371	6	138	37.1968	2.13747	37	60
dDocent_Contig_4035	1	433	35	358	82.679	11.6744	36.2	60
dDocent_Contig_4037	1	369	34	196	53.1165	11.7046	36.1	60
dDocent_Contig_4038	1	539	11	366	67.9035	2.56586	36.4	60
dDocent_Contig_4042	1	559	11	389	69.5886	2.72987	36.7	60
dDocent_Contig_4044	1	404	7	345	85.396	2.31188	36.6	60
dDocent_Contig_4049	1	494	426	457	92.5101	97.581	36.3	51.9
dDocent_Contig_4053	1	434	22	324	74.6544	7.13825	36.3	60
dDocent_Contig_4054	1	568	4253	506	89.0845	1076.86	36	58
dDocent_Contig_4055	1	575	47	501	87.1304	11.193	36.3	60
dDocent_Contig_4058	1	362	26	286	79.0055	7.80939	35.7	60
dDocent_Contig_4059	1	340	43	313	92.0588	17.2147	36.6	60
dDocent_Contig_4060	1	515	13	358	69.5146	3.0835	36	48
dDocent_Contig_4064	1	481	58	326	67.7755	16.6029	36.7	60
dDocent_Contig_4065	1	401	73	360	89.7756	26.0524	36.3	60
dDocent_Contig_4068	1	550	2	164	29.8182	0.538182	36.3	60
dDocent_Contig_4069	1	378	9	299	79.1005	3.19577	36.4	60
dDocent_Contig_4074	1	474	26	428	90.2954	6.66667	35.9	40.7
dDocent_Contig_4076	1	462	60	417	90.2597	17.3961	36.5	60
dDocent_Contig_4078	1	409	24	325	79.4621	7.22494	35.8	57.2
dDocent_Contig_4080	1	584	13	545	93.3219	3.18664	36.3	60
dDocent_Contig_4082	1	432	12	262	60.6481	3.66898	36.6	60
dDocent_Contig_4086	1	536	35	469	87.5	8.95709	36.6	60
dDocent_Contig_4089	1	460	9	140	30.4348	2.49783	34.2	60
dDocent_Contig_4090	1	457	7	293	64.1138	2.05252	36.3	60
dDocent_Contig_4091	1	332	19	288	86.747	7.43675	36.7	60
dDocent_Contig_4092	1	388	8	331	85.3093	2.9433	36.8	60
dDocent_Contig_4094	1	332	82	303	91.2651	33.5964	36.4	60
dDocent_Contig_4096	1	486	485	449	92.3868	136.613	36.3	58.8
dDocent_Contig_4099	1	387	46	296	76.4858	14.9251	36.5	60
dDocent_Contig_4100	1	499	11	140	28.0561	2.82365	36.9	60
dDocent_Contig_4104	1	503	3	116	23.0616	0.634195	36.6	60
dDocent_Contig_4105	1	440	11	380	86.3636	3.33182	36.2	60
dDocent_Contig_4106	1	491	88	397	80.8554	25.4949	36.6	60
dDocent_Contig_4107	1	569	112	475	83.4798	23.7733	36.5	45.6
dDocent_Contig_4109	1	574	101	442	77.0035	25.3589	36.4	59.3
dDocent_Contig_4112	1	562	12	389	69.2171	2.90214	36.4	60
dDocent_Contig_4114	1	436	27	292	66.9725	8.03211	36.3	60
dDocent_Contig_4117	1	356	220	320	89.8876	85.0618	36.3	60
dDocent_Contig_4118	1	478	27	412	86.1925	7.21339	36.2	60
dDocent_Contig_4125	1	479	36	337	70.3549	9.77871	36.6	60
dDocent_Contig_4132	1	435	15	320	73.5632	4.30575	36.8	60
dDocent_Contig_4133	1	476	68	375	78.7815	19.7878	36.3	59.9
dDocent_Contig_4134	1	437	27	359	82.151	8.70252	36.4	60
dDocent_Contig_4135	1	504	16	352	69.8413	3.89683	36.5	60
dDocent_Contig_4139	1	495	2	151	30.5051	0.606061	36.7	60
dDocent_Contig_4141	1	390	14	142	36.4103	4.74615	36.4	60
dDocent_Contig_4142	1	623	34	286	45.9069	7.36116	36.6	60
dDocent_Contig_4143	1	474	3	252	53.1646	0.778481	36.8	60
dDocent_Contig_4148	1	445	3	140	31.4607	0.921348	36.3	60
dDocent_Contig_4151	1	351	26	287	81.7664	9.67236	36	60
dDocent_Contig_4152	1	397	23	260	65.4912	7.63728	36.1	60
dDocent_Contig_4155	1	553	29	332	60.0362	7.03074	36.7	60
dDocent_Contig_4156	1	469	5	141	30.064	1.40299	37	60
dDocent_Contig_4159	1	372	8	141	37.9032	2.69355	36.8	60
dDocent_Contig_4160	1	563	27	376	66.7851	6.627	36.8	60
dDocent_Contig_4161	1	429	18	142	33.1002	5.57343	36.8	60
dDocent_Contig_4171	1	370	31	282	76.2162	11.3514	36.3	60
dDocent_Contig_4172	1	448	31	411	91.7411	9.23214	36.5	59.9
dDocent_Contig_4176	1	555	9	362	65.2252	2.16396	35.9	60
dDocent_Contig_4177	1	513	8	165	32.1637	2.00585	36.8	60
dDocent_Contig_4178	1	515	454	496	96.3107	124.946	36.3	59.7
dDocent_Contig_4180	1	421	7	291	69.1211	1.83373	35.9	60
dDocent_Contig_4185	1	332	1	128	38.5542	0.385542	36.9	60
dDocent_Contig_4188	1	539	322	512	94.9907	82.7959	36.4	59.7
dDocent_Contig_4189	1	393	31	340	86.514	9.71247	36.8	56.1
dDocent_Contig_4190	1	368	7	263	71.4674	2.10326	36.4	60
dDocent_Contig_4193	1	605	67	356	58.843	15.5802	36.3	60
dDocent_Contig_4195	1	542	8	186	34.3173	1.9797	35.7	59.4
dDocent_Contig_4200	1	530	26	434	81.8868	6.62453	36.6	60
dDocent_Contig_4207	1	516	48	141	27.3256	12.0601	36.4	60
dDocent_Contig_4211	1	554	5	349	62.9964	1.27076	36.5	60
dDocent_Contig_4213	1	454	96	420	92.511	27.9141	36.3	58.5
dDocent_Contig_4214	1	446	32	410	91.9283	9.79821	36.3	60
dDocent_Contig_4216	1	540	25	330	61.1111	6.61296	36.5	60
dDocent_Contig_4220	1	380	2	140	36.8421	0.721053	36.9	60
dDocent_Contig_4221	1	332	16	278	83.7349	6.44578	36.7	60
dDocent_Contig_4224	1	461	28	415	90.0217	8.64859	35.7	60
dDocent_Contig_4226	1	548	11	272	49.635	2.40693	36.4	60
dDocent_Contig_4228	1	437	64	379	86.7277	18.7643	36.4	58.9
dDocent_Contig_4231	1	332	65	179	53.9157	20.2651	35.3	59.6
dDocent_Contig_4232	1	382	28	343	89.7906	9.47382	36.6	60
dDocent_Contig_4234	1	446	2	100	22.4215	0.44843	31.3	60
dDocent_Contig_4236	1	554	28	499	90.0722	5.93502	36.5	58.2
dDocent_Contig_4240	1	388	29	291	75	10.0773	36.6	60
dDocent_Contig_4242	1	506	9	225	44.4664	2.45455	36.6	60
dDocent_Contig_4243	1	439	18	276	62.8702	5.44647	36.7	60
dDocent_Contig_4244	1	501	28	451	90.02	7.35729	36.6	60
dDocent_Contig_4245	1	343	3	244	71.137	1.03499	36.8	60
dDocent_Contig_4247	1	542	15	210	38.7454	3.4059	35.5	60
dDocent_Contig_4249	1	503	70	452	89.8608	19.4215	36.5	60
dDocent_Contig_4251	1	430	28	315	73.2558	7.69535	36.2	58.6
dDocent_Contig_4254	1	531	18	395	74.3879	4.66667	36.4	60
dDocent_Contig_4256	1	334	8	283	84.7305	3.12575	36.8	60
dDocent_Contig_4259	1	426	141	389	91.3146	46.3474	36.3	60
dDocent_Contig_4260	1	466	98	431	92.4893	28.7854	36	60
dDocent_Contig_4262	1	371	68	332	89.4879	25.2399	36.3	60
dDocent_Contig_4265	1	333	108	297	89.1892	43.3724	35.4	60
dDocent_Contig_4274	1	433	36	292	67.4365	10.1848	36.1	60
dDocent_Contig_4275	1	368	52	250	67.9348	17.8125	36.1	60
dDocent_Contig_4279	1	504	35	452	89.6825	9.29762	36.6	60
dDocent_Contig_4280	1	414	26	354	85.5072	8.13527	36.6	60
dDocent_Contig_4281	1	402	53	363	90.2985	17.9154	36.5	60
dDocent_Contig_4282	1	500	13	437	87.4	3.388	36.6	60
dDocent_Contig_4284	1	402	18	361	89.801	5.98756	36.8	60
dDocent_Contig_4286	1	497	57	405	81.4889	15.9135	36.5	60
dDocent_Contig_4288	1	384	45	309	80.4688	15.5833	36.4	60
dDocent_Contig_4289	1	552	37	366	66.3043	9.08333	36.4	60
dDocent_Contig_4290	1	383	17	300	78.329	5.85379	36.5	60
dDocent_Contig_4294	1	636	33	404	63.522	7.28459	35.7	59.3
dDocent_Contig_4296	1	380	18	338	88.9474	6.51053	36.5	60
dDocent_Contig_4299	1	554	75	456	82.3105	18.9458	35.9	60
dDocent_Contig_4301	1	513	17	318	61.9883	4.01949	35.9	60
dDocent_Contig_4302	1	521	89	390	74.856	24.1862	36.4	60
dDocent_Contig_4303	1	455	29	291	63.956	8.3033	36.1	60
dDocent_Contig_4304	1	422	52	285	67.5355	15.1517	36	59
dDocent_Contig_4305	1	486	17	339	69.7531	4.53086	36.5	60
dDocent_Contig_4306	1	496	23	429	86.4919	6.59476	36.5	60
dDocent_Contig_4308	1	442	37	375	84.8416	11.3326	36.4	60
dDocent_Contig_4310	1	386	19	140	36.2694	6.50777	36.2	60
dDocent_Contig_4312	1	524	45	486	92.7481	12.0534	36.7	60
dDocent_Contig_4314	1	467	151	440	94.2184	44.0835	36.5	60
dDocent_Contig_4315	1	356	247	318	89.3258	90.8315	36.4	59.5
dDocent_Contig_4318	1	575	42	343	59.6522	10.3357	36	60
dDocent_Contig_4322	1	520	95	480	92.3077	25.4885	36.3	60
dDocent_Contig_4325	1	361	36	335	92.7978	13.8172	36.2	60
dDocent_Contig_4327	1	492	42	337	68.4959	12.0366	36.5	60
dDocent_Contig_4330	1	435	15	315	72.4138	4.53563	36.6	60
dDocent_Contig_4334	1	342	24	141	41.2281	9.10234	36.5	60
dDocent_Contig_4336	1	403	24	377	93.5484	8.15633	35.9	60
dDocent_Contig_4338	1	435	68	396	91.0345	21.5333	36.4	60
dDocent_Contig_4342	1	619	19	460	74.3134	4.41034	36.4	60
dDocent_Contig_4343	1	390	77	331	84.8718	24.8974	36.4	60
dDocent_Contig_4344	1	463	19	415	89.6328	5.42765	36.7	60
dDocent_Contig_4345	1	342	10	299	87.4269	3.97661	36.8	60
dDocent_Contig_4346	1	522	89	472	90.4215	24.3946	36.4	60
dDocent_Contig_4349	1	392	36	362	92.3469	11.9821	36.4	60
dDocent_Contig_4350	1	469	29	417	88.9126	8.4371	36.6	60
dDocent_Contig_4353	1	424	2	133	31.3679	0.627358	37	60
dDocent_Contig_4356	1	359	14	337	93.8719	5.68245	36.5	60
dDocent_Contig_4358	1	393	17	276	70.229	5.51399	36.3	60
dDocent_Contig_4359	1	332	20	284	85.5422	8.22892	35.9	60
dDocent_Contig_4361	1	379	13	325	85.752	4.62005	36.3	60
dDocent_Contig_4363	1	332	3	140	42.1687	1.20181	36.9	60
dDocent_Contig_4369	1	424	10	277	65.3302	3.14151	36.1	60
dDocent_Contig_4375	1	437	5	173	39.5881	1.06178	35.3	60
dDocent_Contig_4376	1	418	25	229	54.7847	8.19617	36.5	60
dDocent_Contig_4377	1	332	58	295	88.8554	22.5633	36.3	60
dDocent_Contig_4379	1	332	9	140	42.1687	3.50602	36.1	60
dDocent_Contig_4381	1	487	39	305	62.6283	10.2752	36.4	60
dDocent_Contig_4382	1	501	16	273	54.491	4.25549	36.6	60
dDocent_Contig_4385	1	588	9	377	64.1156	1.84524	36.6	60
dDocent_Contig_4386	1	446	100	395	88.565	32.0762	36.7	60
dDocent_Contig_4387	1	419	34	349	83.2936	10.8568	36.3	60
dDocent_Contig_4388	1	540	18	373	69.0741	4.26852	36.3	60
dDocent_Contig_4389	1	332	7	292	87.9518	2.99398	36	60
dDocent_Contig_4394	1	409	13	143	34.9633	4.18826	36.4	60
dDocent_Contig_4398	1	463	17	404	87.257	4.98056	36.6	60
dDocent_Contig_4399	1	589	27	332	56.3667	6.44312	36	60
dDocent_Contig_4400	1	510	35	420	82.3529	9.4451	36.3	60
dDocent_Contig_4401	1	442	20	248	56.1086	6.1991	35.9	60
dDocent_Contig_4405	1	459	31	297	64.7059	8.76688	36.2	60
dDocent_Contig_4406	1	380	8	341	89.7368	2.97105	36.6	60
dDocent_Contig_4407	1	500	7	351	70.2	1.328	36	54.3
dDocent_Contig_4408	1	387	25	352	90.9561	8.85271	36.4	60
dDocent_Contig_4410	1	455	57	349	76.7033	16.6154	36.4	60
dDocent_Contig_4415	1	564	25	406	71.9858	5.60638	35.4	60
dDocent_Contig_4417	1	539	36	246	45.6401	9.62523	36.5	60
dDocent_Contig_4418	1	418	33	357	85.4067	10.7392	36.2	60
dDocent_Contig_4419	1	510	59	348	68.2353	15.051	35.9	60
dDocent_Contig_4421	1	422	26	291	68.9573	8.05924	36.5	60
dDocent_Contig_4423	1	529	70	451	85.2552	18.0151	36.4	59.9
dDocent_Contig_4424	1	433	19	345	79.6767	5.80139	36.5	60
dDocent_Contig_4426	1	479	42	252	52.6096	10.7098	36.5	60
dDocent_Contig_4427	1	403	5	159	39.4541	1.59801	36.2	60
dDocent_Contig_4433	1	401	21	362	90.2743	7.29177	36.8	60
dDocent_Contig_4434	1	347	18	282	81.268	7.14409	36.1	60
dDocent_Contig_4435	1	332	7	140	42.1687	2.79518	36.8	60
dDocent_Contig_4436	1	381	13	140	36.7454	4.5748	35.7	60
dDocent_Contig_4437	1	444	39	318	71.6216	11.7635	36.7	60
dDocent_Contig_4440	1	362	17	141	38.9503	6.07182	36.3	60
dDocent_Contig_4446	1	520	9	483	92.8846	2.50769	36.7	60
dDocent_Contig_4450	1	404	30	322	79.703	9.47525	36.5	57.5
dDocent_Contig_4452	1	472	41	323	68.4322	11.8559	36.4	60
dDocent_Contig_4453	1	562	37	415	73.8434	9.50178	36.6	60
dDocent_Contig_4454	1	433	17	294	67.8984	5.13857	36.4	60
dDocent_Contig_4455	1	486	33	450	92.5926	9.26543	36.5	60
dDocent_Contig_4457	1	533	39	416	78.0488	10.0657	36.1	60
dDocent_Contig_4458	1	414	39	317	76.57	12.244	36.6	60
dDocent_Contig_4463	1	444	13	141	31.7568	3.88739	36.1	60
dDocent_Contig_4464	1	332	8	262	78.9157	3.13855	36.6	60
dDocent_Contig_4467	1	349	59	318	91.1175	18.6304	34.8	60
dDocent_Contig_4469	1	603	149	480	79.602	34.7695	36.2	60
dDocent_Contig_4471	1	332	78	295	88.8554	30.8886	36.2	58.6
dDocent_Contig_4472	1	450	2	141	31.3333	0.62	36.8	60
dDocent_Contig_4473	1	395	59	366	92.6582	21.1241	36.4	60
dDocent_Contig_4474	1	332	10	141	42.4699	3.89759	36.4	60
dDocent_Contig_4476	1	386	45	354	91.7098	16.1192	36.2	60
dDocent_Contig_4477	1	508	53	214	42.126	14.8917	36.3	60
dDocent_Contig_4479	1	412	4	126	30.5825	1.2233	36.7	60
dDocent_Contig_4481	1	413	166	381	92.2518	55.661	36.3	60
dDocent_Contig_4482	1	488	34	321	65.7787	9.58811	36.2	60
dDocent_Contig_4483	1	496	39	398	80.2419	10.754	36.3	60
dDocent_Contig_4486	1	452	25	376	83.1858	7.25664	36.6	60
dDocent_Contig_4490	1	440	23	295	67.0455	7.36818	35.9	60
dDocent_Contig_4491	1	462	12	218	47.1861	3.51082	36.5	60
dDocent_Contig_4495	1	419	33	289	68.9737	10.7112	36.6	60
dDocent_Contig_4497	1	457	2	275	60.1751	0.601751	36.5	60
dDocent_Contig_4498	1	436	41	396	90.8257	12.6972	36.4	60
dDocent_Contig_4499	1	429	14	371	86.4802	4.04196	35.9	60
dDocent_Contig_4503	1	399	11	215	53.8847	3.50877	36.7	60
dDocent_Contig_4504	1	488	6	338	69.2623	1.66393	36.8	60
dDocent_Contig_4507	1	534	38	389	72.8464	10.1873	36.5	60
dDocent_Contig_4508	1	332	8	141	42.4699	2.9006	36	60
dDocent_Contig_4510	1	460	37	419	91.087	10.8391	36.5	60
dDocent_Contig_4512	1	530	82	497	93.7736	22.1491	36.3	60
dDocent_Contig_4513	1	332	81	143	43.0723	32.3524	36.6	60
dDocent_Contig_4514	1	471	3	248	52.6539	0.813163	36.6	60
dDocent_Contig_4515	1	432	30	375	86.8056	9.31019	36.6	60
dDocent_Contig_4516	1	396	11	350	88.3838	3.94192	36.6	60
dDocent_Contig_4518	1	525	41	229	43.619	11.2019	36.5	60
dDocent_Contig_4519	1	519	54	453	87.2832	13.7688	36.3	60
dDocent_Contig_4521	1	466	42	419	89.9142	12.2146	35.8	60
dDocent_Contig_4526	1	574	73	446	77.7003	17.6045	36.3	60
dDocent_Contig_4527	1	332	38	291	87.6506	15.0211	36.2	60
dDocent_Contig_4528	1	347	6	141	40.634	2.01729	35.2	60
dDocent_Contig_4529	1	600	19	394	65.6667	3.74667	36.7	55.9
dDocent_Contig_4531	1	406	39	291	71.6749	12.4606	36.4	59.7
dDocent_Contig_4532	1	425	10	320	75.2941	2.74353	36.6	54.7
dDocent_Contig_4533	1	383	18	346	90.3394	6.35509	36.2	60
dDocent_Contig_4539	1	551	56	437	79.3103	14.0163	36.6	60
dDocent_Contig_4540	1	349	5	140	40.1146	1.82808	35.9	60
dDocent_Contig_4542	1	582	21	417	71.6495	4.96907	36.3	60
dDocent_Contig_4544	1	583	10	285	48.8851	2.35163	34.9	60
dDocent_Contig_4548	1	531	18	413	77.7778	4.50659	35.8	60
dDocent_Contig_4551	1	456	60	366	80.2632	17.5373	36.6	60
dDocent_Contig_4553	1	332	2	140	42.1687	0.843373	36.9	60
dDocent_Contig_4554	1	452	26	306	67.6991	7.59292	36.3	60
dDocent_Contig_4555	1	528	2	300	56.8182	0.568182	36.7	60
dDocent_Contig_4558	1	525	13	361	68.7619	3.2	35.9	60
dDocent_Contig_4561	1	462	39	422	91.342	11.2532	36.5	60
dDocent_Contig_4565	1	504	37	323	64.0873	10.3075	36.8	60
dDocent_Contig_4566	1	443	20	420	94.8081	5.98871	35.5	60
dDocent_Contig_4567	1	441	15	290	65.7596	4.37415	36.5	60
dDocent_Contig_4568	1	605	12	145	23.9669	2.56529	36.8	60
dDocent_Contig_4575	1	426	48	374	87.7934	15.2277	36.5	60
dDocent_Contig_4577	1	332	17	286	86.1446	6.83735	36.5	60
dDocent_Contig_4580	1	332	54	302	90.9639	21.5873	36	60
dDocent_Contig_4581	1	424	35	368	86.7925	9.63208	35.9	60
dDocent_Contig_4585	1	404	21	341	84.4059	7.07178	36.2	60
dDocent_Contig_4587	1	458	78	420	91.7031	23.6987	36.5	59.9
dDocent_Contig_4589	1	501	5	278	55.489	1.36527	36.4	60
dDocent_Contig_4591	1	550	26	457	83.0909	6.45818	35.7	60
dDocent_Contig_4594	1	576	65	478	82.9861	15.6111	36.4	60
dDocent_Contig_4595	1	485	2	283	58.3505	0.583505	36.7	60
dDocent_Contig_4596	1	421	32	282	66.9834	9.90024	35.8	60
dDocent_Contig_4597	1	477	51	437	91.6143	15.3124	36.2	60
dDocent_Contig_4599	1	332	39	142	42.7711	15.9428	36.6	60
dDocent_Contig_4600	1	467	12	282	60.3854	3.30193	35.9	60
dDocent_Contig_4601	1	488	206	443	90.7787	56.6885	36.2	59
dDocent_Contig_4602	1	340	20	282	82.9412	8.05588	36.3	60
dDocent_Contig_4603	1	493	72	455	92.2921	19.9939	36.2	60
dDocent_Contig_4605	1	507	55	463	91.3215	15.3195	36.6	60
dDocent_Contig_4606	1	346	23	327	94.5087	8.61272	36.6	59.8
dDocent_Contig_4612	1	455	7	387	85.0549	2.23297	36.5	60
dDocent_Contig_4613	1	435	32	141	32.4138	9.44598	36.4	60
dDocent_Contig_4614	1	394	42	347	88.0711	13.467	36.1	60
dDocent_Contig_4618	1	348	5	140	40.2299	1.78448	36	60
dDocent_Contig_4619	1	407	13	291	71.4988	3.87224	36.7	60
dDocent_Contig_4623	1	449	25	406	90.4232	7.66147	36.8	60
dDocent_Contig_4625	1	332	21	297	89.4578	8.50904	36.4	59.9
dDocent_Contig_4634	1	384	64	315	82.0312	22.9714	36.3	60
dDocent_Contig_4635	1	496	28	416	83.871	7.71976	36.6	60
dDocent_Contig_4637	1	506	30	378	74.7036	7.66206	36.5	60
dDocent_Contig_4638	1	491	4	141	28.7169	1.04684	36.6	60
dDocent_Contig_4642	1	490	68	455	92.8571	19.1653	36.5	60
dDocent_Contig_4644	1	579	52	493	85.1468	12.4698	36	60
dDocent_Contig_4646	1	572	61	523	91.4336	15.1923	36.7	60
dDocent_Contig_4647	1	353	26	289	81.8697	9.28045	36	60
dDocent_Contig_4649	1	537	6	315	58.6592	1.54562	36.8	60
dDocent_Contig_4651	1	430	1	150	34.8837	0.348837	34.9	60
dDocent_Contig_4652	1	502	36	367	73.1076	9.72311	36	60
dDocent_Contig_4653	1	590	5	334	56.6102	1.24068	35.9	60
dDocent_Contig_4654	1	457	12	224	49.0153	3.31291	36.2	60
dDocent_Contig_4656	1	456	8	141	30.9211	2.12719	36.9	60
dDocent_Contig_4658	1	443	2	137	30.9255	0.616253	37	60
dDocent_Contig_4660	1	482	26	341	70.7469	7.35892	36.5	60
dDocent_Contig_4661	1	457	17	294	64.3326	5.06346	36.1	60
dDocent_Contig_4663	1	483	4	290	60.0414	1.15114	36.8	60
dDocent_Contig_4665	1	420	219	316	75.2381	70.6548	35.9	44.3
dDocent_Contig_4669	1	418	121	375	89.7129	40.9163	36.5	60
dDocent_Contig_4673	1	462	11	436	94.3723	3.24675	36.3	60
dDocent_Contig_4674	1	496	10	349	70.3629	2.69758	35.4	60
dDocent_Contig_4676	1	363	13	242	66.6667	4.67769	36.8	60
dDocent_Contig_4677	1	436	11	300	68.8073	3.24771	36.8	60
dDocent_Contig_4681	1	528	12	413	78.2197	2.99242	36.2	60
dDocent_Contig_4683	1	378	137	357	94.4444	47.1667	35.6	60
dDocent_Contig_4684	1	553	60	397	71.7902	15.3363	36.2	60
dDocent_Contig_4686	1	463	10	141	30.4536	2.66307	36.8	60
dDocent_Contig_4688	1	345	10	141	40.8696	3.81739	36.7	60
dDocent_Contig_4689	1	427	65	380	88.993	20.9133	35.9	60
dDocent_Contig_4690	1	366	15	313	85.5191	5.51366	35.8	60
dDocent_Contig_4691	1	414	4	127	30.6763	1.12077	36.9	60
dDocent_Contig_4692	1	486	5	140	28.8066	1.35597	36.9	60
dDocent_Contig_4693	1	429	23	142	33.1002	6.99767	36.2	60
dDocent_Contig_4698	1	430	4	375	87.2093	1.36512	36.6	60
dDocent_Contig_4699	1	647	167	607	93.8176	36.1376	36.1	59.7
dDocent_Contig_4701	1	358	38	315	87.9888	13.8883	36.1	60
dDocent_Contig_4703	1	334	18	143	42.8144	6.73054	36.8	60
dDocent_Contig_4704	1	422	38	384	90.9953	12.7583	35.7	60
dDocent_Contig_4705	1	434	48	298	68.6636	14.7834	36.7	60
dDocent_Contig_4709	1	473	8	141	29.8097	2.11416	36.4	60
dDocent_Contig_4711	1	446	44	407	91.2556	13.435	36.6	60
dDocent_Contig_4713	1	445	26	389	87.4157	7.99551	36.4	60
dDocent_Contig_4715	1	388	13	143	36.8557	4.36856	36.5	60
dDocent_Contig_4717	1	403	31	292	72.4566	10.3797	36.4	60
dDocent_Contig_4718	1	456	14	416	91.2281	4.3114	36.4	60
dDocent_Contig_4722	1	387	13	316	81.6537	4.6124	36.4	60
dDocent_Contig_4726	1	469	18	391	83.3689	5.1322	36.4	60
dDocent_Contig_4728	1	434	2	141	32.4885	0.629032	36.9	60
dDocent_Contig_4729	1	447	2	140	31.3199	0.612975	36.9	60
dDocent_Contig_4730	1	470	37	388	82.5532	10.0021	36.2	60
dDocent_Contig_4738	1	444	254	403	90.7658	84.6509	36.1	35.5
dDocent_Contig_4739	1	422	29	380	90.0474	8.86493	35.7	59.7
dDocent_Contig_4740	1	434	334	398	91.7051	105.353	36.3	59.1
dDocent_Contig_4742	1	517	10	140	27.0793	2.60735	36.8	60
dDocent_Contig_4743	1	483	28	397	82.1946	7.12629	36.6	60
dDocent_Contig_4744	1	467	51	444	95.0749	15.5632	36.4	60
dDocent_Contig_4745	1	525	436	486	92.5714	109.8	36.2	58.5
dDocent_Contig_4746	1	374	216	334	89.3048	75.2193	35.9	51.3
dDocent_Contig_4748	1	448	2	152	33.9286	0.669643	37	60
dDocent_Contig_4749	1	449	3	294	65.4788	0.975501	35.8	60
dDocent_Contig_4750	1	332	14	143	43.0723	5.55422	36.1	60
dDocent_Contig_4752	1	572	89	522	91.2587	21.6731	36.4	60
dDocent_Contig_4754	1	392	28	358	91.3265	8.92347	36.8	58.7
dDocent_Contig_4755	1	519	68	452	87.0906	18.9576	36.4	60
dDocent_Contig_4756	1	452	8	329	72.7876	2.46018	36.6	60
dDocent_Contig_4759	1	425	2	142	33.4118	0.644706	33.5	60
dDocent_Contig_4761	1	406	3	141	34.7291	1.00493	35.2	60
dDocent_Contig_4762	1	430	18	338	78.6047	5.77674	36.6	60
dDocent_Contig_4764	1	619	103	554	89.4992	23.2504	36.3	60
dDocent_Contig_4766	1	386	37	141	36.5285	12.6658	36.2	60
dDocent_Contig_4768	1	370	34	310	83.7838	12.6973	36.3	60
dDocent_Contig_4771	1	471	173	420	89.172	52.6624	36.4	60
dDocent_Contig_4772	1	489	14	345	70.5521	3.71166	36.5	60
dDocent_Contig_4776	1	455	30	329	72.3077	9.10989	36.3	60
dDocent_Contig_4778	1	514	21	232	45.1362	5.59533	36.6	60
dDocent_Contig_4779	1	347	7	286	82.4207	2.8098	35.6	60
dDocent_Contig_4780	1	388	9	290	74.7423	3.31701	36.7	60
dDocent_Contig_4781	1	445	10	142	31.9101	2.80225	36.1	60
dDocent_Contig_4782	1	377	7	141	37.4005	2.37135	36.7	60
dDocent_Contig_4787	1	467	126	428	91.6488	37.621	36.4	58.4
dDocent_Contig_4789	1	437	28	142	32.4943	8.5881	36.3	60
dDocent_Contig_4790	1	332	10	141	42.4699	3.61145	36.7	60
dDocent_Contig_4791	1	390	45	321	82.3077	15.5667	36.6	60
dDocent_Contig_4796	1	486	1	136	27.9835	0.279835	36.9	60
dDocent_Contig_4797	1	367	18	326	88.8283	6.53951	36.4	60
dDocent_Contig_4798	1	535	56	422	78.8785	14.6224	36.3	60
dDocent_Contig_4802	1	399	25	347	86.9674	8.78697	35.8	60
dDocent_Contig_4804	1	433	50	322	74.3649	16.3718	36.6	60
dDocent_Contig_4806	1	391	42	350	89.5141	14.1867	36.2	60
dDocent_Contig_4809	1	332	13	140	42.1687	4.71988	36	60
dDocent_Contig_4810	1	513	20	475	92.5926	4.76998	35.3	60
dDocent_Contig_4812	1	482	15	470	97.5104	4.17842	36.3	60
dDocent_Contig_4816	1	409	42	356	87.0416	14.0831	36.1	60
dDocent_Contig_4818	1	432	23	291	67.3611	6.61806	35.2	60
dDocent_Contig_4820	1	462	18	293	63.4199	5.15152	36.2	60
dDocent_Contig_4821	1	532	15	296	55.6391	3.79135	35.5	60
dDocent_Contig_4822	1	481	28	143	29.7297	7.91476	36.5	60
dDocent_Contig_4824	1	548	34	500	91.2409	8.08029	36.5	51.6
dDocent_Contig_4825	1	482	1184	432	89.6266	349.417	36.4	59.7
dDocent_Contig_4830	1	431	77	390	90.4872	23.4617	36.4	60
dDocent_Contig_4836	1	445	16	328	73.7079	4.93933	36.6	59.6
dDocent_Contig_4837	1	345	14	284	82.3188	4.89855	36.2	60
dDocent_Contig_4842	1	435	54	299	68.7356	17.0391	36.2	60
dDocent_Contig_4846	1	347	175	312	89.9135	67.2075	36.2	48.9
dDocent_Contig_4854	1	413	38	370	89.5884	12.5375	36.4	59.6
dDocent_Contig_4856	1	584	141	566	96.9178	33.6199	36.4	60
dDocent_Contig_4858	1	332	18	143	43.0723	6.47892	36.1	60
dDocent_Contig_4859	1	357	36	280	78.4314	12.8151	36.7	60
dDocent_Contig_4861	1	480	13	332	69.1667	3.74167	36.7	60
dDocent_Contig_4863	1	576	41	433	75.1736	9.80556	36.4	60
dDocent_Contig_4864	1	472	17	407	86.2288	4.74364	36.5	60
dDocent_Contig_4866	1	558	35	255	45.6989	9.08602	36.6	60
dDocent_Contig_4867	1	552	64	221	40.0362	16.5326	36.5	60
dDocent_Contig_4869	1	391	41	334	85.422	12.8849	36.5	59
dDocent_Contig_4870	1	440	38	289	65.6818	11.2659	36.5	59.7
dDocent_Contig_4871	1	575	34	353	61.3913	7.85565	36.2	59.5
dDocent_Contig_4872	1	382	2	88	23.0366	0.460733	36.6	60
dDocent_Contig_4876	1	629	62	348	55.3259	14.1622	36.4	60
dDocent_Contig_4877	1	332	31	281	84.6386	12.6717	36.3	60
dDocent_Contig_4879	1	492	152	443	90.0407	44.6037	36.3	60
dDocent_Contig_4882	1	437	9	142	32.4943	2.59725	35.9	60
dDocent_Contig_4890	1	373	9	288	77.2118	3.02413	36.8	60
dDocent_Contig_4893	1	560	6	141	25.1786	1.46429	36.9	60
dDocent_Contig_4894	1	340	36	141	41.4706	13.4853	35.7	60
dDocent_Contig_4895	1	568	2	287	50.5282	0.505282	36.9	60
dDocent_Contig_4896	1	495	45	417	84.2424	12.3152	36.3	60
dDocent_Contig_4897	1	449	18	351	78.1737	5.28285	36.7	60
dDocent_Contig_4900	1	435	11	141	32.4138	3.15402	36.4	60
dDocent_Contig_4901	1	506	126	379	74.9012	35.081	36.2	60
dDocent_Contig_4903	1	464	3	150	32.3276	0.950431	36.7	60
dDocent_Contig_4904	1	485	29	364	75.0515	7.40825	36	60
dDocent_Contig_4907	1	494	2	82	16.5992	0.331984	36	60
dDocent_Contig_4909	1	439	12	363	82.6879	3.67426	36.9	60
dDocent_Contig_4910	1	489	13	383	78.3231	3.76278	36.3	60
dDocent_Contig_4916	1	617	61	424	68.7196	13.6386	36.4	60
dDocent_Contig_4917	1	332	23	281	84.6386	9.10241	36	60
dDocent_Contig_4919	1	553	21	490	88.6076	5.47016	36.3	60
dDocent_Contig_4922	1	400	6	127	31.75	1.6275	35.5	60
dDocent_Contig_4923	1	473	71	421	89.0063	21.1755	36.4	60
dDocent_Contig_4929	1	369	62	333	90.2439	23.8076	36.2	60
dDocent_Contig_4930	1	365	10	309	84.6575	3.49315	36.6	60
dDocent_Contig_4931	1	398	2	134	33.6683	0.643216	37	60
dDocent_Contig_4935	1	379	12	142	37.467	4.06069	36.4	60
dDocent_Contig_4938	1	481	22	276	57.3805	6.15593	36.7	60
dDocent_Contig_4940	1	375	25	321	85.6	9.08533	36.2	60
dDocent_Contig_4943	1	332	11	258	77.7108	4.22289	36.3	60
dDocent_Contig_4945	1	341	25	295	86.5103	9.37243	36.3	60
dDocent_Contig_4948	1	380	17	342	90	5.88947	36.8	58.6
dDocent_Contig_4954	1	480	19	427	88.9583	4.76458	36.5	57.8
dDocent_Contig_4955	1	394	59	355	90.1015	21.236	36.6	60
dDocent_Contig_4957	1	363	7	142	39.1185	2.33333	36.2	60
dDocent_Contig_4958	1	334	14	141	42.2156	5.23653	36.6	60
dDocent_Contig_4959	1	568	89	474	83.4507	21.8433	36.5	60
dDocent_Contig_4960	1	413	32	340	82.3245	10.3462	35.9	60
dDocent_Contig_4961	1	502	33	447	89.0438	9.38845	36.6	60
dDocent_Contig_4962	1	411	33	330	80.292	11.3528	36.2	60
dDocent_Contig_4965	1	425	45	316	74.3529	14.7412	36.4	60
dDocent_Contig_4967	1	483	40	388	80.3313	10.4058	36.2	60
dDocent_Contig_4969	1	364	7	140	38.4615	2.17308	36.8	60
dDocent_Contig_4971	1	467	17	425	91.0064	5.04497	36.2	50.1
dDocent_Contig_4973	1	387	15	316	81.6537	5.31525	36.7	60
dDocent_Contig_4976	1	359	131	142	39.5543	46.7019	36.3	60
dDocent_Contig_4983	1	346	29	307	88.7283	11.0202	36.1	60
dDocent_Contig_4984	1	538	9	363	67.4721	2.24535	36.7	60
dDocent_Contig_4986	1	382	10	141	36.911	3.44764	36.7	60
dDocent_Contig_4988	1	370	19	294	79.4595	4.97297	36.4	53.4
dDocent_Contig_4989	1	412	18	368	89.3204	5.81068	36.3	60
dDocent_Contig_4994	1	474	29	369	77.8481	8.25949	36.6	60
dDocent_Contig_4998	1	580	22	386	66.5517	5.2431	36.6	60
dDocent_Contig_5001	1	543	26	306	56.3536	6.64457	36.3	60
dDocent_Contig_5002	1	354	42	292	82.4859	15.6497	36.6	60
dDocent_Contig_5006	1	454	15	385	84.8018	4.5859	36.7	60
dDocent_Contig_5009	1	389	25	291	74.8072	8.50129	36.7	60
dDocent_Contig_5011	1	390	14	278	71.2821	4.51795	35.7	53.1
dDocent_Contig_5012	1	430	8	278	64.6512	2.5093	36.8	60
dDocent_Contig_5014	1	356	10	221	62.0787	3.50281	36.7	60
dDocent_Contig_5015	1	459	3	272	59.2593	0.88671	36.9	60
dDocent_Contig_5016	1	433	9	217	50.1155	2.84296	36.7	60
dDocent_Contig_5019	1	461	9	323	70.0651	2.5423	35.8	60
dDocent_Contig_5020	1	430	14	369	85.814	4.5907	35.8	60
dDocent_Contig_5023	1	343	14	226	65.8892	5.54519	36.3	60
dDocent_Contig_5024	1	389	71	370	95.1157	25.1542	36.2	60
dDocent_Contig_5025	1	416	34	321	77.1635	10.8582	36.7	60
dDocent_Contig_5026	1	519	7	476	91.7148	1.83237	34.3	60
dDocent_Contig_5032	1	487	50	306	62.8337	13.3737	36.3	60
dDocent_Contig_5033	1	595	56	547	91.9328	12.3714	36.6	55.9
dDocent_Contig_5038	1	449	27	398	88.6414	7.93764	36.3	44
dDocent_Contig_5040	1	504	113	373	74.0079	32.2639	36.3	45.4
dDocent_Contig_5043	1	572	601	534	93.3566	144.745	36.5	54.3
dDocent_Contig_5047	1	459	47	376	81.9172	12.6275	36.4	58.7
dDocent_Contig_5048	1	487	11	291	59.7536	2.78439	36.7	60
dDocent_Contig_5049	1	332	11	237	71.3855	4.04217	36.1	60
dDocent_Contig_5051	1	405	36	285	70.3704	11.5185	36.6	60
dDocent_Contig_5052	1	395	5	140	35.443	1.4962	35.7	60
dDocent_Contig_5057	1	419	44	299	71.3604	12.6945	36.4	42
dDocent_Contig_5058	1	534	47	464	86.8914	12.1779	36.3	60
dDocent_Contig_5060	1	397	15	356	89.6725	5.2267	36.5	60
dDocent_Contig_5063	1	407	13	323	79.3612	4.24324	36.6	60
dDocent_Contig_5065	1	557	17	305	54.7576	4.23519	36.5	60
dDocent_Contig_5066	1	426	5	333	78.169	1.6338	36.6	55.6
dDocent_Contig_5069	1	433	91	392	90.5312	29.2402	36.7	60
dDocent_Contig_5071	1	346	8	209	60.4046	3.03757	36.7	60
dDocent_Contig_5074	1	502	14	372	74.1036	3.54183	36.7	60
dDocent_Contig_5077	1	480	13	304	63.3333	3.65	35.8	60
dDocent_Contig_5083	1	357	2	90	25.2101	0.504202	37	60
dDocent_Contig_5087	1	565	30	396	70.0885	7.6	36.4	60
dDocent_Contig_5091	1	431	8	375	87.007	2.529	36.9	60
dDocent_Contig_5093	1	549	83	468	85.2459	20.9581	36.2	59.9
dDocent_Contig_5095	1	557	49	511	91.7415	12.5314	36.5	60
dDocent_Contig_5096	1	542	45	384	70.8487	11.345	36.2	60
dDocent_Contig_5097	1	601	99	459	76.3727	23.2113	36.3	60
dDocent_Contig_5100	1	334	38	140	41.9162	14.8802	36.3	60
dDocent_Contig_5101	1	384	6	142	36.9792	1.98958	36.8	60
dDocent_Contig_5104	1	422	36	340	80.5687	11.6114	36.5	60
dDocent_Contig_5105	1	529	40	427	80.7183	10.6578	36.7	60
dDocent_Contig_5106	1	434	23	176	40.553	7.48618	36.5	60
dDocent_Contig_5108	1	407	1	147	36.1179	0.361179	36.6	60
dDocent_Contig_5109	1	459	14	402	87.5817	4.09804	36.7	60
dDocent_Contig_5110	1	415	42	296	71.3253	14.4289	36.4	60
dDocent_Contig_5112	1	332	1	140	42.1687	0.421687	36.3	34
dDocent_Contig_5114	1	565	73	333	58.9381	18.5965	36.6	60
dDocent_Contig_5115	1	616	47	400	64.9351	10.6542	36.1	60
dDocent_Contig_5117	1	379	38	333	87.8628	12.9288	36.5	59.8
dDocent_Contig_5119	1	495	11	279	56.3636	2.9798	36.4	60
dDocent_Contig_5125	1	369	44	328	88.8889	16.0298	36.5	60
dDocent_Contig_5129	1	377	26	340	90.1857	9.66578	36.4	60
dDocent_Contig_5130	1	404	37	268	66.3366	12.3787	36.8	60
dDocent_Contig_5133	1	475	11	249	52.4211	2.99368	36.9	60
dDocent_Contig_5135	1	433	10	371	85.6813	3.01386	36.8	60
dDocent_Contig_5136	1	338	40	304	89.9408	16.3876	36.1	60
dDocent_Contig_5144	1	429	24	292	68.0653	7.5641	36.4	60
dDocent_Contig_5148	1	445	13	358	80.4494	3.56854	36.7	60
dDocent_Contig_5150	1	400	8	368	92	2.865	36.3	60
dDocent_Contig_5151	1	423	30	356	84.1608	9.83452	36.7	60
dDocent_Contig_5152	1	472	20	324	68.6441	5.60593	36.8	60
dDocent_Contig_5156	1	476	14	317	66.5966	3.86765	36.5	60
dDocent_Contig_5157	1	585	3	346	59.1453	0.735043	36.5	60
dDocent_Contig_5158	1	439	11	141	32.1185	3.21185	36.3	60
dDocent_Contig_5161	1	457	9	325	71.116	2.70678	35.8	59.3
dDocent_Contig_5162	1	392	13	315	80.3571	4.63265	36.6	60
dDocent_Contig_5166	1	356	53	318	89.3258	17.7809	35.8	59.8
dDocent_Contig_5167	1	536	12	384	71.6418	3.04291	36.7	56.3
dDocent_Contig_5174	1	702	132	513	73.0769	26.567	36.2	40.8
dDocent_Contig_5180	1	356	389	319	89.6067	151.152	36.4	59.8
dDocent_Contig_5184	1	332	7	101	30.4217	1.85843	36.5	60
dDocent_Contig_5186	1	499	19	340	68.1363	5.13026	36.8	60
dDocent_Contig_5191	1	344	26	142	41.2791	9.65698	36.8	60
dDocent_Contig_5195	1	417	23	143	34.2926	5.03597	36.2	60
dDocent_Contig_5197	1	484	6	403	83.2645	1.7686	36.6	60
dDocent_Contig_5199	1	465	36	425	91.3978	10.3118	36.6	56.3
dDocent_Contig_5201	1	382	4	140	36.6492	1.20419	36.8	60
dDocent_Contig_5202	1	341	9	141	41.349	3.2522	36.7	60
dDocent_Contig_5205	1	383	90	326	85.1175	31.9504	36.3	60
dDocent_Contig_5206	1	400	65	361	90.25	22.385	36.4	60
dDocent_Contig_5207	1	533	40	493	92.4953	10.3771	36.7	60
dDocent_Contig_5208	1	503	24	451	89.662	6.34394	36.5	60
dDocent_Contig_5212	1	393	23	141	35.8779	7.79644	36.3	60
dDocent_Contig_5214	1	379	7	286	75.4617	2.34301	36.2	60
dDocent_Contig_5217	1	382	8	140	36.6492	2.38482	36.9	60
dDocent_Contig_5223	1	472	59	436	92.3729	17.3941	36.3	60
dDocent_Contig_5224	1	476	19	311	65.3361	5.26891	36.4	60
dDocent_Contig_5226	1	440	24	372	84.5455	7.30682	36.6	60
dDocent_Contig_5227	1	367	3	112	30.5177	0.784741	35.9	60
dDocent_Contig_5228	1	409	35	357	87.2861	12.0587	35.9	60
dDocent_Contig_5229	1	549	43	487	88.7067	10.377	36.4	60
dDocent_Contig_5230	1	354	61	307	86.7232	20.6723	36.1	28.6
dDocent_Contig_5231	1	526	31	337	64.0684	7.88023	36.5	60
dDocent_Contig_5232	1	455	50	388	85.2747	15.3692	36.7	60
dDocent_Contig_5233	1	428	21	351	82.0093	6.64953	36.7	60
dDocent_Contig_5236	1	450	76	364	80.8889	22.26	35.6	60
dDocent_Contig_5237	1	503	14	393	78.1312	3.84891	36.2	60
dDocent_Contig_5238	1	552	8	413	74.8188	1.94928	36.7	60
dDocent_Contig_5242	1	423	9	289	68.3215	2.76596	36.4	60
dDocent_Contig_5243	1	353	28	291	82.4363	10.8017	36.5	60
dDocent_Contig_5246	1	375	53	316	84.2667	18.3067	36.4	60
dDocent_Contig_5251	1	378	47	251	66.4021	16.246	36.5	60
dDocent_Contig_5254	1	626	47	376	60.0639	10.4425	36.5	60
dDocent_Contig_5255	1	485	1	137	28.2474	0.282474	37	60
dDocent_Contig_5256	1	583	4	277	47.5129	0.898799	36.7	60
dDocent_Contig_5257	1	420	43	381	90.7143	13.8119	36.5	60
dDocent_Contig_5263	1	426	33	249	58.4507	9.98826	36.6	60
dDocent_Contig_5265	1	369	155	331	89.7019	56.6829	36.2	42.7
dDocent_Contig_5267	1	393	8	302	76.8448	2.61323	35.9	60
dDocent_Contig_5269	1	614	41	384	62.5407	9.31107	36.7	60
dDocent_Contig_5270	1	404	2	133	32.9208	0.658416	36.7	60
dDocent_Contig_5273	1	470	5	248	52.766	1.14043	35.2	60
dDocent_Contig_5275	1	384	15	141	36.7188	4.9974	35.6	60
dDocent_Contig_5277	1	426	29	376	88.2629	9.01174	36.3	60
dDocent_Contig_5278	1	450	22	407	90.4444	6.53111	36.9	60
dDocent_Contig_5279	1	342	41	295	86.2573	15.0643	36.3	60
dDocent_Contig_5280	1	332	15	260	78.3133	5.62651	36	60
dDocent_Contig_5281	1	404	21	311	76.9802	6.80446	36.9	60
dDocent_Contig_5283	1	343	1	138	40.2332	0.402332	37	60
dDocent_Contig_5284	1	402	35	337	83.8308	10.7886	36.6	60
dDocent_Contig_5286	1	448	18	292	65.1786	5.23214	36.4	60
dDocent_Contig_5288	1	418	41	350	83.7321	13.0742	36.3	59.4
dDocent_Contig_5290	1	485	19	385	79.3814	5.35052	36.6	60
dDocent_Contig_5291	1	583	87	382	65.5232	21.5197	36.2	60
dDocent_Contig_5293	1	446	53	375	84.0807	16.1233	36.4	60
dDocent_Contig_5295	1	522	49	141	27.0115	12.5345	36.5	60
dDocent_Contig_5297	1	391	30	292	74.6803	10.5499	36.1	60
dDocent_Contig_5300	1	594	11	319	53.7037	2.22727	36.5	60
dDocent_Contig_5301	1	375	21	143	38.1333	7.264	36.4	60
dDocent_Contig_5306	1	389	7	141	36.2468	2.28021	36.9	60
dDocent_Contig_5315	1	518	46	355	68.5328	11.0058	36.5	60
dDocent_Contig_5316	1	504	54	395	78.373	14.0774	36.2	60
dDocent_Contig_5317	1	473	6	311	65.7505	1.70402	36.9	60
dDocent_Contig_5319	1	505	23	442	87.5248	6.44356	35.9	60
dDocent_Contig_5320	1	510	23	331	64.902	6.07451	36.3	60
dDocent_Contig_5321	1	433	11	229	52.8868	3.09469	36.8	60
dDocent_Contig_5325	1	500	21	363	72.6	5.624	36.3	60
dDocent_Contig_5327	1	606	32	419	69.1419	7.55611	36.2	60
dDocent_Contig_5328	1	352	19	241	68.4659	6.76136	36.5	60
dDocent_Contig_5329	1	333	4	140	42.042	1.55856	36.9	60
dDocent_Contig_5330	1	381	30	339	88.9764	11.1627	36.7	60
dDocent_Contig_5331	1	396	18	207	52.2727	5.92172	36.6	60
dDocent_Contig_5333	1	479	23	391	81.6284	6.36117	36.5	60
dDocent_Contig_5334	1	410	79	389	94.878	26.7	36.4	60
dDocent_Contig_5338	1	367	9	141	38.4196	3.19891	36.9	60
dDocent_Contig_5339	1	353	3	141	39.9433	1.17564	36.8	60
dDocent_Contig_5340	1	387	33	297	76.7442	10.186	36.1	45.5
dDocent_Contig_5345	1	519	31	477	91.9075	7.85164	36.1	60
dDocent_Contig_5346	1	378	5	179	47.3545	1.80423	36.2	60
dDocent_Contig_5350	1	395	9	360	91.1392	3.06329	36.8	60
dDocent_Contig_5351	1	394	17	141	35.7868	5.57868	36.7	60
dDocent_Contig_5352	1	416	45	376	90.3846	13.8365	35.4	59.9
dDocent_Contig_5354	1	526	15	290	55.1331	3.62738	36.5	60
dDocent_Contig_5357	1	394	15	265	67.2589	4.44924	36.1	52
dDocent_Contig_5359	1	448	32	144	32.1429	9.76339	36.2	60
dDocent_Contig_5360	1	489	57	351	71.7791	15.8241	36	60
dDocent_Contig_5362	1	433	11	356	82.2171	3.4642	36.4	60
dDocent_Contig_5364	1	454	117	404	88.9868	36.6322	36.4	60
dDocent_Contig_5365	1	397	11	302	76.0705	3.78589	36.4	60
dDocent_Contig_5367	1	474	83	454	95.7806	20.1308	36.1	56.1
dDocent_Contig_5370	1	351	21	142	40.4558	7.87749	36.3	60
dDocent_Contig_5384	1	332	15	292	87.9518	5.62048	36.3	59.1
dDocent_Contig_5388	1	424	28	389	91.7453	8.88443	36	34.8
dDocent_Contig_5392	1	518	935	479	92.471	239.18	35.7	53.9
dDocent_Contig_5397	1	474	22	142	29.9578	6.21308	36.8	60
dDocent_Contig_5400	1	567	6	140	24.6914	1.35097	36.9	60
dDocent_Contig_5402	1	332	24	233	70.1807	8.99096	35.6	60
dDocent_Contig_5405	1	385	55	363	94.2857	19.8571	36.6	60
dDocent_Contig_5406	1	615	87	408	66.3415	20.4911	36.4	60
dDocent_Contig_5414	1	525	18	400	76.1905	4.53714	36.5	60
dDocent_Contig_5416	1	348	60	140	40.2299	21.3994	36.4	60
dDocent_Contig_5417	1	332	14	277	83.4337	5.43373	36.8	60
dDocent_Contig_5418	1	585	43	487	83.2479	10.3966	36.3	60
dDocent_Contig_5420	1	471	10	141	29.9363	2.81953	36.8	60
dDocent_Contig_5422	1	543	27	299	55.0645	6.53407	36.4	60
dDocent_Contig_5424	1	357	109	320	89.6359	43.0644	36.2	60
dDocent_Contig_5425	1	595	115	560	94.1176	27.363	36.5	60
dDocent_Contig_5427	1	552	14	142	25.7246	3.18841	35.9	56.7
dDocent_Contig_5429	1	398	15	288	72.3618	4.76131	36.5	60
dDocent_Contig_5430	1	451	13	382	84.7007	3.89135	36.5	60
dDocent_Contig_5431	1	390	29	295	75.641	9.60256	36.1	59.9
dDocent_Contig_5432	1	432	138	395	91.4352	44.7731	36.4	60
dDocent_Contig_5434	1	411	25	292	71.0462	8.40146	36.7	60
dDocent_Contig_5435	1	343	22	141	41.1079	7.73761	36.6	60
dDocent_Contig_5436	1	360	42	330	91.6667	16.0667	36.4	60
dDocent_Contig_5437	1	561	31	422	75.2228	7.42781	36.1	60
dDocent_Contig_5438	1	408	5	139	34.0686	1.50245	36.1	60
dDocent_Contig_5443	1	407	16	315	77.3956	4.76167	36.5	60
dDocent_Contig_5444	1	406	10	141	34.7291	3.25862	36.1	60
dDocent_Contig_5445	1	548	13	308	56.2044	3.09672	36.8	60
dDocent_Contig_5448	1	498	45	348	69.8795	12.5703	36.2	60
dDocent_Contig_5449	1	352	71	298	84.6591	28.3665	36.5	60
dDocent_Contig_5452	1	470	29	392	83.4043	8.01064	36.6	60
dDocent_Contig_5453	1	518	42	422	81.4672	10.556	35.9	60
dDocent_Contig_5456	1	622	38	517	83.119	8.85209	36.5	60
dDocent_Contig_5462	1	531	12	290	54.6139	2.90772	36.5	60
dDocent_Contig_5463	1	440	89	141	32.0455	27.1773	36.5	60
dDocent_Contig_5464	1	510	19	428	83.9216	5.16863	36.8	60
dDocent_Contig_5469	1	424	14	293	69.1038	4.25236	36.4	60
dDocent_Contig_5470	1	369	62	307	83.1978	19.0786	36.4	59.8
dDocent_Contig_5471	1	412	1	131	31.7961	0.317961	36.9	60
dDocent_Contig_5472	1	390	4	291	74.6154	1.39231	36.7	60
dDocent_Contig_5473	1	442	9	141	31.9005	2.38462	36.8	57.2
dDocent_Contig_5474	1	424	26	371	87.5	7.73349	36.6	60
dDocent_Contig_5476	1	546	23	279	51.0989	5.47619	36.3	60
dDocent_Contig_5483	1	404	102	365	90.3465	35.9431	36.6	60
dDocent_Contig_5485	1	332	25	140	42.1687	8.88554	36.6	60
dDocent_Contig_5486	1	523	27	405	77.4379	7.19312	36.7	60
dDocent_Contig_5488	1	459	10	422	91.939	2.8671	36.7	60
dDocent_Contig_5489	1	487	73	388	79.6715	21.076	36.5	60
dDocent_Contig_5490	1	399	11	257	64.411	3.5589	36.8	60
dDocent_Contig_5491	1	417	18	332	79.6163	6.05995	36.8	60
dDocent_Contig_5499	1	402	2445	372	92.5373	855.025	36.4	59.9
dDocent_Contig_5507	1	443	2	104	23.4763	0.469526	36.9	60
dDocent_Contig_5509	1	332	24	141	42.4699	9.74096	36.5	60
dDocent_Contig_5512	1	349	1	132	37.8223	0.378223	37	60
dDocent_Contig_5514	1	334	26	279	83.5329	10.0778	36.5	60
dDocent_Contig_5515	1	566	30	461	81.4488	7.73322	36.3	60
dDocent_Contig_5517	1	559	8	215	38.4615	2.03936	36.5	60
dDocent_Contig_5518	1	378	50	314	83.0688	18.2037	36.3	60
dDocent_Contig_5519	1	444	23	288	64.8649	6.87162	36.3	60
dDocent_Contig_5522	1	492	38	387	78.6585	10.8008	36.4	60
dDocent_Contig_5523	1	573	38	373	65.096	8.83595	35.8	60
dDocent_Contig_5525	1	511	41	459	89.8239	10.6556	36.7	60
dDocent_Contig_5526	1	332	11	243	73.1928	4.30422	36.8	60
dDocent_Contig_5527	1	431	34	295	68.4455	10.2622	36.4	60
dDocent_Contig_5528	1	332	19	142	42.7711	7.05422	36.5	60
dDocent_Contig_5529	1	358	28	140	39.1061	10.6816	36.6	60
dDocent_Contig_5531	1	446	36	290	65.0224	10.7242	36.3	60
dDocent_Contig_5532	1	586	34	372	63.4812	8.18259	36.2	60
dDocent_Contig_5533	1	465	18	357	76.7742	5.23441	36.5	60
dDocent_Contig_5537	1	366	13	291	79.5082	4.65027	36.7	60
dDocent_Contig_5538	1	338	1	131	38.7574	0.387574	37	60
dDocent_Contig_5539	1	478	31	349	73.0126	8.50418	36.6	60
dDocent_Contig_5540	1	566	8	141	24.9117	1.86926	36.8	60
dDocent_Contig_5545	1	449	40	247	55.0111	7.52561	35.3	46.3
dDocent_Contig_5546	1	360	32	333	92.5	12.0889	35.9	60
dDocent_Contig_5547	1	555	5	206	37.1171	1.05225	36.3	60
dDocent_Contig_5548	1	361	8	291	80.6094	2.79224	36.5	60
dDocent_Contig_5552	1	403	5	141	34.9876	1.4665	36.2	60
dDocent_Contig_5553	1	392	7	142	36.2245	2.43112	36.7	60
dDocent_Contig_5556	1	414	18	264	63.7681	5.85024	36.4	60
dDocent_Contig_5557	1	500	44	316	63.2	11.712	36.4	60
dDocent_Contig_5558	1	443	12	216	48.7585	3.52144	36.1	60
dDocent_Contig_5559	1	468	82	427	91.2393	25.1902	36.6	60
dDocent_Contig_5560	1	362	15	301	83.1492	5.25138	36.5	60
dDocent_Contig_5561	1	506	40	348	68.7747	10.3636	36.5	60
dDocent_Contig_5562	1	473	55	191	40.3805	16.1438	36.3	59.4
dDocent_Contig_5563	1	577	14	320	55.4593	3.17158	36.7	60
dDocent_Contig_5565	1	465	4	249	53.5484	1.28387	36.7	60
dDocent_Contig_5567	1	337	8	141	41.8398	3.1365	36.6	60
dDocent_Contig_5571	1	459	39	302	65.7952	11.4423	36.6	60
dDocent_Contig_5573	1	563	321	442	78.508	80.2256	35.5	59.9
dDocent_Contig_5574	1	485	23	275	56.701	6.08041	36.7	60
dDocent_Contig_5575	1	375	48	284	75.7333	16.6187	36.1	60
dDocent_Contig_5576	1	464	1	122	26.2931	0.262931	36.9	60
dDocent_Contig_5577	1	477	16	351	73.5849	4.54298	36.7	60
dDocent_Contig_5578	1	588	25	354	60.2041	5.88435	36.6	60
dDocent_Contig_5579	1	468	91	430	91.8803	27.0171	36.4	59.9
dDocent_Contig_5580	1	397	33	358	90.1763	10.7229	36.1	60
dDocent_Contig_5581	1	501	772	474	94.6108	221.325	36.4	59.9
dDocent_Contig_5590	1	560	6	438	78.2143	1.35536	36.7	49.3
dDocent_Contig_5591	1	353	44	317	89.8017	16.9575	36.6	60
dDocent_Contig_124	1	556	89	474	85.2518	22.527	36	34.7
dDocent_Contig_142	1	451	1469	430	95.3437	448.991	36.4	51.2
dDocent_Contig_188	1	533	504	532	99.8124	131.289	36.5	48.3
dDocent_Contig_213	1	501	28	342	68.2635	8.15569	36.4	42.9
dDocent_Contig_318	1	477	91	254	53.2495	27.7757	36.3	36.1
dDocent_Contig_335	1	613	432	426	69.4943	104.455	36.3	36.3
dDocent_Contig_393	1	539	40	369	68.4601	10.2059	36.6	28.9
dDocent_Contig_406	1	387	31	380	98.1912	10.8656	35.8	57.3
dDocent_Contig_572	1	495	176	417	84.2424	51.8101	36.4	60
dDocent_Contig_607	1	487	29	353	72.4846	8.31622	36.4	60
dDocent_Contig_643	1	477	48	454	95.1782	14.717	36.3	60
dDocent_Contig_646	1	364	78	339	93.1319	29.5192	36.4	60
dDocent_Contig_691	1	540	1	141	26.1111	0.261111	36.5	60
dDocent_Contig_723	1	349	144	348	99.7135	59.1261	36.4	60
dDocent_Contig_911	1	475	53	439	92.4211	13.0211	36	47.2
dDocent_Contig_966	1	455	13	452	99.3407	4.03077	35.8	60
dDocent_Contig_989	1	409	330	409	100	114.746	36.5	50
dDocent_Contig_1049	1	530	72	481	90.7547	18.8113	36.6	59.2
dDocent_Contig_1089	1	468	58	399	85.2564	16.5171	36.5	59.1
dDocent_Contig_1123	1	458	51	456	99.5633	13.9541	36.1	60
dDocent_Contig_1126	1	561	18	513	91.4439	4.28699	36.4	60
dDocent_Contig_1165	1	467	2	276	59.1006	0.591006	36.4	60
dDocent_Contig_1261	1	611	233	594	97.2177	50.9444	36.5	59.7
dDocent_Contig_1271	1	430	239	412	95.814	79.8419	36.2	60
dDocent_Contig_1311	1	550	239	550	100	62.5509	36.5	59.3
dDocent_Contig_1351	1	207	42	205	99.0338	26.5411	36	60
dDocent_Contig_1381	1	256	15	223	87.1094	8.41797	36.4	60
dDocent_Contig_1532	1	485	280	477	98.3505	81.8165	36.5	59.9
dDocent_Contig_1661	1	542	52	443	81.7343	13.6771	36.5	60
dDocent_Contig_1712	1	389	5	337	86.6324	1.41645	36.8	60
dDocent_Contig_1803	1	350	18	307	87.7143	6.95143	35.9	60
dDocent_Contig_1817	1	316	15	313	99.0506	6.77532	35.6	60
dDocent_Contig_1896	1	439	61	386	87.9271	19.5923	36.2	60
dDocent_Contig_1987	1	431	95	366	84.9188	31.7285	35.9	60
dDocent_Contig_2016	1	596	1117	585	98.1544	265.174	36.3	56
dDocent_Contig_2020	1	350	222	346	98.8571	86.1029	36.4	45.5
dDocent_Contig_2033	1	496	49	449	90.5242	12.9133	35.3	60
dDocent_Contig_2037	1	450	4	256	56.8889	1.13778	36.7	60
dDocent_Contig_2101	1	449	107	417	92.8731	33	36.3	60
dDocent_Contig_2153	1	481	103	377	78.3784	29.5156	36.6	60
dDocent_Contig_2155	1	478	176	476	99.5816	53.4665	35.8	60
dDocent_Contig_2439	1	536	660	535	99.8134	175.593	36.3	59.3
dDocent_Contig_2506	1	534	100	403	75.4682	27.2828	36.4	60
dDocent_Contig_2541	1	484	110	453	93.595	31.8843	36.4	60
dDocent_Contig_2578	1	364	41	341	93.6813	14.1621	36.4	57.8
dDocent_Contig_2612	1	320	148	314	98.125	61.8781	34.7	60
dDocent_Contig_2629	1	438	36	387	88.3562	11.7831	36.6	60
dDocent_Contig_2688	1	538	44	350	65.0558	11.4647	35.6	60
dDocent_Contig_2711	1	312	63	312	100	28.484	36.6	60
dDocent_Contig_2784	1	474	50	419	88.3966	14.3924	35.6	59.4
dDocent_Contig_2795	1	442	64	421	95.2489	17.9027	36.5	49.7
dDocent_Contig_2814	1	274	41	267	97.4453	20.9124	36	60
dDocent_Contig_2957	1	473	31	340	71.8816	9.09725	36.6	60
dDocent_Contig_2968	1	465	287	421	90.5376	87.4516	36.4	59.8
dDocent_Contig_2979	1	464	3	323	69.6121	0.87931	36.9	60
dDocent_Contig_2982	1	313	15	152	48.5623	6.27157	36.7	60
dDocent_Contig_3001	1	466	116	352	75.5365	35.5794	36.5	37.9
dDocent_Contig_3047	1	494	66	494	100	18.3279	36.6	60
dDocent_Contig_3104	1	542	195	531	97.9705	52.4982	36.3	60
dDocent_Contig_3186	1	473	242	465	98.3087	71.5074	36.4	59.9
dDocent_Contig_3210	1	521	114	445	85.4127	31.5259	36.3	60
dDocent_Contig_3269	1	439	66	439	100	21.7403	35.8	60
dDocent_Contig_3313	1	534	133	399	74.7191	35.8371	36.2	60
dDocent_Contig_3332	1	430	16	334	77.6744	4.82791	35.8	59.7
dDocent_Contig_3339	1	439	64	439	100	20.9021	36.4	60
dDocent_Contig_3342	1	458	83	456	99.5633	25.7969	36.3	60
dDocent_Contig_3359	1	395	78	390	98.7342	28.8152	36.3	60
dDocent_Contig_3411	1	571	24	500	87.5657	6.05954	36.5	60
dDocent_Contig_3552	1	610	5237	610	100	1184.71	35.7	59.2
dDocent_Contig_3595	1	442	144	406	91.8552	45.2534	35.9	60
dDocent_Contig_3705	1	446	81	445	99.7758	24.3408	35.5	59
dDocent_Contig_3763	1	360	18	208	57.7778	6.58889	36.3	60
dDocent_Contig_3767	1	398	182	357	89.6985	65.1457	36.1	45.2
dDocent_Contig_3777	1	444	11	209	47.0721	3.62613	36.1	60
dDocent_Contig_3802	1	454	11	404	88.9868	3.28414	35.7	56.4
dDocent_Contig_3878	1	447	79	369	82.5503	24.8501	36.4	60
dDocent_Contig_3897	1	466	46	360	77.2532	12.2961	36.2	60
dDocent_Contig_3912	1	556	44	355	63.8489	11.0342	36	60
dDocent_Contig_3936	1	415	58	394	94.9398	19.2313	36.6	60
dDocent_Contig_4009	1	588	27	499	84.8639	6.08844	36.3	60
dDocent_Contig_4021	1	310	3	170	54.8387	1.38065	36.4	60
dDocent_Contig_4041	1	422	4	197	46.6825	1.14692	37	60
dDocent_Contig_4071	1	390	42	345	88.4615	15.5026	36.2	60
dDocent_Contig_4098	1	402	131	386	96.0199	47.0124	36.1	60
dDocent_Contig_4116	1	452	76	398	88.0531	24.208	36.4	60
dDocent_Contig_4206	1	554	71	490	88.4477	16.9531	36.3	60
dDocent_Contig_4253	1	390	14	388	99.4872	4.93077	36	60
dDocent_Contig_4266	1	396	55	278	70.202	20.0126	36.2	60
dDocent_Contig_4414	1	453	23	392	86.5342	7.13024	36.3	60
dDocent_Contig_4500	1	385	17	328	85.1948	4.85714	35.7	60
dDocent_Contig_4550	1	329	1	50	15.1976	0.151976	37	60
dDocent_Contig_4557	1	506	15	329	65.0198	3.92885	36.7	60
dDocent_Contig_4667	1	567	258	567	100	66.157	36.3	60
dDocent_Contig_4767	1	373	73	372	99.7319	27.9625	36.6	60
dDocent_Contig_4813	1	498	504	455	91.3655	147.544	36.3	59.9
dDocent_Contig_4847	1	482	236	481	99.7925	68.0643	36.4	50.2
dDocent_Contig_4878	1	578	114	446	77.1626	26.9775	36.5	60
dDocent_Contig_4899	1	563	87	413	73.357	22.3481	36.2	60
dDocent_Contig_5028	1	432	107	430	99.537	34.5463	36.3	59.5
dDocent_Contig_5034	1	480	160	472	98.3333	48.4813	36.1	47
dDocent_Contig_5044	1	415	81	360	86.747	28.294	36.1	46.4
dDocent_Contig_5050	1	520	6	298	57.3077	1.55385	36.7	60
dDocent_Contig_5070	1	363	15	361	99.449	6.03857	36.6	60
dDocent_Contig_5099	1	443	222	443	100	73.0045	36.5	60
dDocent_Contig_5155	1	339	45	300	88.4956	18.8614	36.2	60
dDocent_Contig_5309	1	394	1009	381	96.7005	309.959	35.6	41.5
dDocent_Contig_5356	1	453	154	398	87.8587	48.9404	35.7	60
dDocent_Contig_5373	1	593	206	421	70.9949	48.4857	36.4	37.9
dDocent_Contig_5387	1	461	43	404	87.6356	12.0521	36.3	55.5
dDocent_Contig_5393	1	325	20	281	86.4615	7.35692	35.6	57.9
dDocent_Contig_5451	1	399	16	271	67.9198	5.74436	36.7	60
dDocent_Contig_5468	1	349	47	332	95.1289	18.3524	35.5	60
dDocent_Contig_3	1	464	98	385	82.9741	30.7026	36.7	60
dDocent_Contig_4	1	372	277	369	99.1935	108.608	36.4	60
dDocent_Contig_5	1	450	91	401	89.1111	29.5622	36.4	60
dDocent_Contig_7	1	365	240	362	99.1781	93.5534	36.1	60
dDocent_Contig_10	1	259	3	235	90.7336	1.43629	36.9	60
dDocent_Contig_11	1	468	79	394	84.188	24.2863	36.4	60
dDocent_Contig_29	1	630	820	629	99.8413	187.094	35.7	60
dDocent_Contig_46	1	563	111	524	93.0728	28.9325	36.4	60
dDocent_Contig_163	1	423	474	423	100	164.846	36.4	37.7
dDocent_Contig_182	1	550	53	458	83.2727	13.8545	36.4	36.5
dDocent_Contig_193	1	308	892	307	99.6753	404.987	36.3	59.4
dDocent_Contig_221	1	488	7	418	85.6557	2.10041	36.2	33
dDocent_Contig_222	1	690	2385	690	100	506.175	36.3	44.3
dDocent_Contig_233	1	469	298	467	99.5736	90.3881	36.5	29.8
dDocent_Contig_243	1	313	2	127	40.5751	0.811502	36.8	60
dDocent_Contig_249	1	574	3070	524	91.2892	767.244	36.4	47.3
dDocent_Contig_258	1	510	1170	396	77.6471	330.476	36.4	42.9
dDocent_Contig_260	1	356	39	303	85.1124	14.9298	36.4	47.6
dDocent_Contig_265	1	601	1346	600	99.8336	326.025	36.3	47.9
dDocent_Contig_308	1	492	312	421	85.5691	91.5142	36.2	37.2
dDocent_Contig_344	1	477	201	189	39.6226	62.0084	36.4	38.4
dDocent_Contig_356	1	472	165	455	96.3983	48.1038	35.9	40.1
dDocent_Contig_357	1	543	41	456	83.9779	10.7845	36	45.2
dDocent_Contig_364	1	502	250	443	88.247	70.1693	36.3	36
dDocent_Contig_371	1	435	113	405	93.1034	38.5908	36.4	35.8
dDocent_Contig_397	1	433	5	387	89.3764	1.52194	36.7	60
dDocent_Contig_399	1	345	40	337	97.6812	16.029	36.3	51.2
dDocent_Contig_401	1	415	101	415	100	31.5928	36.2	42.6
dDocent_Contig_417	1	409	1099	408	99.7555	396.643	36.3	41.6
dDocent_Contig_436	1	603	8	177	29.3532	1.75622	36.2	44.2
dDocent_Contig_477	1	459	22	240	52.2876	5.68627	35.8	33.3
dDocent_Contig_507	1	373	303	373	100	114.933	36.1	59.6
dDocent_Contig_511	1	406	98	386	95.0739	35.3276	36.6	60
dDocent_Contig_512	1	353	46	323	91.5014	18.5382	36	60
dDocent_Contig_513	1	496	126	452	91.129	36.3448	36.5	58
dDocent_Contig_515	1	423	99	421	99.5272	32.6241	36.3	59.7
dDocent_Contig_518	1	435	26	411	94.4828	8.5954	36.6	60
dDocent_Contig_519	1	468	216	448	95.7265	65.1816	35.6	60
dDocent_Contig_520	1	340	71	301	88.5294	29.3029	35.8	60
dDocent_Contig_524	1	444	35	346	77.9279	11.4752	36.1	60
dDocent_Contig_525	1	291	126	289	99.3127	47.512	35.7	58.5
dDocent_Contig_526	1	531	181	476	89.6422	49.5989	36.5	60
dDocent_Contig_527	1	600	83	518	86.3333	18.1217	35.1	60
dDocent_Contig_539	1	567	112	565	99.6473	27.9771	36.5	52.1
dDocent_Contig_543	1	341	157	340	99.7067	66.1056	36	60
dDocent_Contig_546	1	454	52	429	94.4934	16.3238	36.5	60
dDocent_Contig_547	1	296	95	284	95.9459	46.2196	36.6	60
dDocent_Contig_548	1	397	92	382	96.2217	33.0353	35.4	60
dDocent_Contig_549	1	515	26	503	97.6699	7.25825	36.3	60
dDocent_Contig_550	1	404	49	399	98.7624	17.4629	36.3	60
dDocent_Contig_558	1	596	2261	596	100	548.084	36.2	59.8
dDocent_Contig_567	1	340	46	339	99.7059	19.7735	36.2	60
dDocent_Contig_570	1	476	74	461	96.8487	22.2017	36.2	59.8
dDocent_Contig_571	1	277	16	272	98.1949	8.28881	36.8	60
dDocent_Contig_574	1	263	81	261	99.2395	44.2471	36.7	60
dDocent_Contig_579	1	250	44	249	99.6	25.512	35.9	60
dDocent_Contig_580	1	567	86	410	72.3104	21.8183	36.3	60
dDocent_Contig_587	1	255	62	254	99.6078	34.9961	36.4	60
dDocent_Contig_589	1	501	63	471	94.012	17.2854	36.3	60
dDocent_Contig_590	1	482	63	348	72.1992	18.722	36.3	60
dDocent_Contig_591	1	413	84	377	91.2833	29.3002	36.5	60
dDocent_Contig_594	1	361	4	158	43.7673	1.54571	36.6	60
dDocent_Contig_597	1	528	29	374	70.8333	7.8428	36.3	60
dDocent_Contig_600	1	311	83	309	99.3569	39.0868	36.5	60
dDocent_Contig_601	1	547	87	402	73.4918	23.1609	36.5	60
dDocent_Contig_602	1	215	385	214	99.5349	176.284	35.2	48.1
dDocent_Contig_603	1	366	176	360	98.3607	70.0492	36.5	60
dDocent_Contig_604	1	551	15	428	77.677	3.97096	36.4	60
dDocent_Contig_606	1	291	40	288	98.9691	19.8351	36.3	60
dDocent_Contig_608	1	408	393	407	99.7549	138.525	36.4	60
dDocent_Contig_609	1	410	31	408	99.5122	11.078	36.5	60
dDocent_Contig_612	1	310	48	309	99.6774	22.0161	36.4	60
dDocent_Contig_613	1	324	10	215	66.358	4.29321	36.8	60
dDocent_Contig_614	1	316	1433	316	100	647.028	36.4	59.9
dDocent_Contig_626	1	277	97	276	99.639	50.4368	36.4	60
dDocent_Contig_628	1	372	120	370	99.4624	47.0914	36.4	60
dDocent_Contig_629	1	444	136	374	84.2342	43.732	35.9	60
dDocent_Contig_630	1	432	163	414	95.8333	53.044	35.5	60
dDocent_Contig_631	1	393	141	392	99.7455	52.7939	36.5	60
dDocent_Contig_636	1	461	101	456	98.9154	30.5575	36.6	60
dDocent_Contig_641	1	325	174	324	99.6923	78.2369	36.3	60
dDocent_Contig_645	1	490	97	393	80.2041	28.5592	36.4	60
dDocent_Contig_647	1	317	11	142	44.795	4.5142	36.5	60
dDocent_Contig_648	1	494	58	355	71.8623	16.087	36.4	60
dDocent_Contig_652	1	437	75	434	99.3135	24.54	36.1	60
dDocent_Contig_653	1	184	56	184	100	41.3043	36.4	60
dDocent_Contig_654	1	328	115	328	100	50.7896	36.3	60
dDocent_Contig_657	1	467	16	343	73.4475	4.30193	36.4	60
dDocent_Contig_658	1	390	7	180	46.1538	2.05641	36	60
dDocent_Contig_659	1	282	445	265	93.9716	182.092	35.9	47.2
dDocent_Contig_660	1	525	48	516	98.2857	12.8019	36.2	60
dDocent_Contig_661	1	400	102	384	96	35.9425	36.2	60
dDocent_Contig_662	1	428	25	269	62.8505	7.99533	36.3	60
dDocent_Contig_663	1	410	91	374	91.2195	32.1537	36.5	60
dDocent_Contig_666	1	406	862	376	92.6108	300.921	36.4	59.9
dDocent_Contig_668	1	571	156	459	80.3853	40.1996	36.4	60
dDocent_Contig_669	1	305	66	302	99.0164	31.1639	36	59.5
dDocent_Contig_670	1	432	5	326	75.463	1.59259	36.2	60
dDocent_Contig_672	1	290	1	138	47.5862	0.475862	36.9	60
dDocent_Contig_673	1	334	3	260	77.8443	1.31138	36.8	60
dDocent_Contig_674	1	337	2	102	30.2671	0.605341	35.9	60
dDocent_Contig_679	1	239	55	238	99.5816	32.477	36.7	60
dDocent_Contig_681	1	259	6	220	84.9421	2.80309	36.9	60
dDocent_Contig_682	1	569	281	566	99.4728	71.3339	36.3	60
dDocent_Contig_686	1	564	911	563	99.8227	234.835	36.3	59.8
dDocent_Contig_688	1	379	523	378	99.7361	200.409	36.3	59
dDocent_Contig_692	1	438	203	437	99.7717	67.605	36.2	60
dDocent_Contig_693	1	330	21	305	92.4242	9.27879	36.5	60
dDocent_Contig_694	1	528	60	388	73.4848	16.4186	36.3	60
dDocent_Contig_695	1	392	28	307	78.3163	9.64286	36.6	60
dDocent_Contig_697	1	292	109	291	99.6575	51.363	36.4	49.1
dDocent_Contig_698	1	338	25	299	88.4615	10.4438	36	60
dDocent_Contig_699	1	332	88	330	99.3976	38.1325	36.3	60
dDocent_Contig_701	1	269	21	243	90.3346	11.2119	36	60
dDocent_Contig_705	1	583	192	506	86.7925	46.9537	36.2	57.1
dDocent_Contig_707	1	547	3	182	33.2724	0.820841	34.2	60
dDocent_Contig_710	1	263	77	261	99.2395	42.7224	36.5	60
dDocent_Contig_711	1	340	70	339	99.7059	29.4853	36.3	60
dDocent_Contig_712	1	465	212	404	86.8817	66.5376	36.5	60
dDocent_Contig_716	1	374	12	248	66.3102	4.42246	36.7	60
dDocent_Contig_718	1	326	15	284	87.1166	6.57975	36.4	60
dDocent_Contig_727	1	281	106	279	99.2883	53.9502	36.4	60
dDocent_Contig_728	1	360	114	358	99.4444	45.9917	36.4	60
dDocent_Contig_735	1	319	37	318	99.6865	15.9843	36.8	60
dDocent_Contig_742	1	346	55	338	97.6879	23.0751	36.4	60
dDocent_Contig_743	1	321	17	313	97.5078	7.72274	36.2	60
dDocent_Contig_747	1	393	98	392	99.7455	34.0153	36.2	60
dDocent_Contig_749	1	288	274	287	99.6528	137.816	35.8	60
dDocent_Contig_750	1	392	25	337	85.9694	9.33673	36.3	60
dDocent_Contig_751	1	494	137	358	72.4696	40.247	36.5	60
dDocent_Contig_753	1	340	87	339	99.7059	36.6353	36.5	60
dDocent_Contig_754	1	288	100	278	96.5278	49.3472	36.3	60
dDocent_Contig_755	1	423	225	354	83.6879	76.9811	36	60
dDocent_Contig_761	1	505	55	495	98.0198	15.6099	36.6	59.4
dDocent_Contig_762	1	406	220	384	94.5813	78.7488	36.4	60
dDocent_Contig_764	1	446	75	425	95.2915	23.6413	36.4	60
dDocent_Contig_765	1	455	49	374	82.1978	15.0857	36.5	60
dDocent_Contig_769	1	325	86	324	99.6923	38.32	35.9	60
dDocent_Contig_770	1	314	13	311	99.0446	5.85987	36.5	60
dDocent_Contig_771	1	325	14	237	72.9231	4.71692	35.8	60
dDocent_Contig_772	1	474	42	415	87.5527	12.6245	36.5	60
dDocent_Contig_774	1	383	122	381	99.4778	46.6005	36.6	60
dDocent_Contig_775	1	408	50	275	67.402	17.277	36.4	60
dDocent_Contig_776	1	478	67	464	97.0711	20.2971	36.5	60
dDocent_Contig_782	1	317	29	315	99.3691	12.8675	36	60
dDocent_Contig_783	1	468	214	468	100	66.641	36.3	60
dDocent_Contig_784	1	371	18	287	77.3585	7.06739	36.3	60
dDocent_Contig_786	1	341	17	329	96.4809	7.15249	36.6	60
dDocent_Contig_790	1	232	46	231	99.569	28.2716	36.5	60
dDocent_Contig_795	1	540	138	533	98.7037	36.213	36.7	60
dDocent_Contig_800	1	404	40	369	91.3366	14.4752	36.7	60
dDocent_Contig_802	1	490	310	489	99.7959	90.1816	36.5	60
dDocent_Contig_805	1	289	99	287	99.308	49.7647	36.2	60
dDocent_Contig_806	1	354	73	325	91.8079	29.1045	36.8	60
dDocent_Contig_808	1	323	149	321	99.3808	67.4799	36.5	60
dDocent_Contig_809	1	409	34	362	88.5086	11.7213	36.7	59.2
dDocent_Contig_812	1	549	344	531	96.7213	91.5719	36.5	60
dDocent_Contig_815	1	252	13	225	89.2857	7.53571	36.3	60
dDocent_Contig_823	1	596	2348	596	100	579.891	36.3	60
dDocent_Contig_828	1	457	55	403	88.1838	17.0875	36.4	60
dDocent_Contig_830	1	258	79	256	99.2248	43	35.5	60
dDocent_Contig_833	1	411	60	376	91.4842	20.9976	36.7	60
dDocent_Contig_834	1	167	39	160	95.8084	32.1856	36.5	60
dDocent_Contig_836	1	297	88	292	98.3165	40.7879	36.2	52.4
dDocent_Contig_837	1	413	56	412	99.7579	19.385	36.8	60
dDocent_Contig_838	1	366	85	334	91.2568	33.1038	36.3	60
dDocent_Contig_843	1	280	74	278	99.2857	37.5179	34.8	60
dDocent_Contig_845	1	509	84	442	86.8369	24.3654	36.5	60
dDocent_Contig_851	1	497	80	409	82.2938	23.5815	36.4	58.6
dDocent_Contig_854	1	440	31	437	99.3182	10.4273	35.7	60
dDocent_Contig_855	1	417	84	415	99.5204	28.8897	36.4	60
dDocent_Contig_859	1	388	141	320	82.4742	52.9046	36.3	60
dDocent_Contig_860	1	410	2	156	38.0488	0.731707	36.8	60
dDocent_Contig_865	1	273	354	272	99.6337	189.667	36.5	60
dDocent_Contig_866	1	454	160	428	94.2731	51.2885	36.3	60
dDocent_Contig_871	1	256	16	215	83.9844	9.04688	36.5	60
dDocent_Contig_873	1	491	51	466	94.9084	14.9552	36.4	60
dDocent_Contig_874	1	519	70	360	69.3642	19.5164	36.7	60
dDocent_Contig_877	1	202	18	200	99.0099	12.0099	36.6	60
dDocent_Contig_878	1	368	163	367	99.7283	63.7935	36.5	60
dDocent_Contig_879	1	329	46	321	97.5684	20.6839	36.5	60
dDocent_Contig_882	1	294	24	292	99.3197	11.3265	36.8	60
dDocent_Contig_884	1	450	233	449	99.7778	74.6644	36.4	59.8
dDocent_Contig_885	1	264	65	262	99.2424	35.5341	36.4	60
dDocent_Contig_886	1	504	127	504	100	36.3155	35.9	60
dDocent_Contig_888	1	261	104	261	100	56.6475	36.5	60
dDocent_Contig_890	1	467	88	465	99.5717	27.2655	36.3	60
dDocent_Contig_896	1	253	96	253	100	53.8024	36.3	60
dDocent_Contig_897	1	274	57	274	100	30.2263	36.4	60
dDocent_Contig_900	1	162	43	161	99.3827	36.1296	36.6	60
dDocent_Contig_901	1	429	70	367	85.5478	23.7203	36.7	60
dDocent_Contig_903	1	297	12	283	95.2862	6.01347	36.7	60
dDocent_Contig_904	1	458	653	457	99.7817	201.672	36.2	60
dDocent_Contig_905	1	312	95	311	99.6795	44.1186	36.2	60
dDocent_Contig_906	1	412	1	147	35.6796	0.356796	34.6	60
dDocent_Contig_908	1	565	260	565	100	64.7947	35.8	60
dDocent_Contig_912	1	452	276	446	98.6726	82.2279	36.3	57.2
dDocent_Contig_914	1	386	89	385	99.7409	32.8446	36.3	60
dDocent_Contig_916	1	394	17	274	69.5431	5.76142	36.8	60
dDocent_Contig_918	1	229	61	228	99.5633	36.4498	36.6	60
dDocent_Contig_955	1	649	796	648	99.8459	180.569	36.4	38.1
dDocent_Contig_960	1	479	25	392	81.8372	7.29019	36.1	60
dDocent_Contig_965	1	430	9	406	94.4186	3.13488	36.8	60
dDocent_Contig_967	1	326	38	325	99.6933	16.3344	36.8	60
dDocent_Contig_968	1	541	194	540	99.8152	51.4843	36.5	59.9
dDocent_Contig_972	1	332	83	331	99.6988	36.8313	36.5	60
dDocent_Contig_975	1	462	1786	462	100	534.035	36.3	51.9
dDocent_Contig_976	1	448	3772	448	100	1198.04	36.3	56.4
dDocent_Contig_987	1	429	946	428	99.7669	323.41	36.3	60
dDocent_Contig_993	1	497	48	400	80.4829	13.8109	36.4	60
dDocent_Contig_996	1	227	63	225	99.1189	40.1982	36.5	60
dDocent_Contig_998	1	480	26	411	85.625	7.9125	36.7	60
dDocent_Contig_1000	1	256	65	254	99.2188	35.5156	35.9	60
dDocent_Contig_1002	1	411	152	399	97.0803	52.4672	35.5	60
dDocent_Contig_1003	1	381	93	380	99.7375	35.1916	36.1	60
dDocent_Contig_1006	1	396	3	229	57.8283	0.85101	36.7	60
dDocent_Contig_1007	1	314	70	313	99.6815	31.6497	36.2	60
dDocent_Contig_1009	1	164	17	162	98.7805	14.561	36.6	60
dDocent_Contig_1012	1	481	81	478	99.3763	21.185	36.4	58.2
dDocent_Contig_1013	1	351	46	346	98.5755	18.4957	36.5	60
dDocent_Contig_1016	1	253	13	251	99.2095	7.36759	35.9	60
dDocent_Contig_1018	1	415	372	415	100	131.152	36.6	58.1
dDocent_Contig_1019	1	280	79	278	99.2857	41.3893	36.3	60
dDocent_Contig_1021	1	324	70	314	96.9136	30.9383	36.5	60
dDocent_Contig_1023	1	395	37	378	95.6962	12.9468	36.3	60
dDocent_Contig_1025	1	266	13	250	93.985	7.0188	35.9	60
dDocent_Contig_1027	1	454	13	439	96.696	3.95595	36.4	60
dDocent_Contig_1028	1	493	41	476	96.5517	11.9716	36.6	60
dDocent_Contig_1029	1	372	4	295	79.3011	1.47043	36.7	60
dDocent_Contig_1030	1	565	7772	565	100	1681.36	36.2	57.6
dDocent_Contig_1032	1	475	6	281	59.1579	1.83579	36.5	60
dDocent_Contig_1033	1	528	259	526	99.6212	70.6742	36.3	60
dDocent_Contig_1034	1	442	56	333	75.3394	17.4525	36.2	60
dDocent_Contig_1035	1	422	44	402	95.2607	15.2464	36.3	60
dDocent_Contig_1036	1	429	23	427	99.5338	7.68065	36.5	60
dDocent_Contig_1038	1	363	2	287	79.0634	0.790634	36.6	60
dDocent_Contig_1041	1	365	97	351	96.1644	38.589	36.3	60
dDocent_Contig_1042	1	303	16	260	85.8086	7.73267	35.9	60
dDocent_Contig_1044	1	329	325	329	100	129.799	35	60
dDocent_Contig_1045	1	443	89	373	84.1986	29.6591	36.3	60
dDocent_Contig_1047	1	402	31	368	91.5423	11.1318	36	60
dDocent_Contig_1051	1	412	1	150	36.4078	0.364078	36.9	60
dDocent_Contig_1052	1	341	2	166	48.6804	0.876833	36.5	60
dDocent_Contig_1053	1	279	6	253	90.681	3.04301	36.8	60
dDocent_Contig_1054	1	369	7	324	87.8049	2.71274	36.9	60
dDocent_Contig_1055	1	575	15	417	72.5217	3.82609	36.1	60
dDocent_Contig_1056	1	232	4	209	90.0862	2.56897	36.6	60
dDocent_Contig_1059	1	370	77	310	83.7838	29.5162	36.3	60
dDocent_Contig_1062	1	498	97	457	91.7671	28.1586	36.7	59.6
dDocent_Contig_1063	1	448	24	420	93.75	7.65402	35.9	60
dDocent_Contig_1069	1	216	53	214	99.0741	34.2824	36.6	60
dDocent_Contig_1071	1	573	32	299	52.1815	8.03839	36.6	60
dDocent_Contig_1072	1	486	66	352	72.428	19.5658	36	60
dDocent_Contig_1074	1	424	538	423	99.7642	179.111	36.4	57
dDocent_Contig_1076	1	497	577	479	96.3783	166.195	36.4	60
dDocent_Contig_1077	1	368	87	321	87.2283	33.731	36.4	60
dDocent_Contig_1080	1	389	89	384	98.7147	32.8458	36.2	60
dDocent_Contig_1085	1	496	114	441	88.9113	32.8367	36.4	60
dDocent_Contig_1087	1	451	44	400	88.6918	14.0133	36.5	60
dDocent_Contig_1088	1	541	8	316	58.4104	2.08872	36	60
dDocent_Contig_1095	1	298	64	296	99.3289	30.5738	36.5	60
dDocent_Contig_1097	1	324	9	282	87.037	4.02778	36.1	60
dDocent_Contig_1098	1	422	35	330	78.1991	12.0545	36.2	60
dDocent_Contig_1099	1	332	8	184	55.4217	3.43373	36.7	60
dDocent_Contig_1100	1	300	20	298	99.3333	9.16	36.3	60
dDocent_Contig_1101	1	253	68	252	99.6047	38.1739	36.5	60
dDocent_Contig_1102	1	402	2	245	60.9453	0.746269	35.4	60
dDocent_Contig_1103	1	379	12	269	70.9763	4.58839	36	60
dDocent_Contig_1104	1	247	53	202	81.7814	30.1781	36.6	60
dDocent_Contig_1106	1	536	554	535	99.8134	147.437	36.5	60
dDocent_Contig_1109	1	474	38	474	100	11.3397	36.8	60
dDocent_Contig_1114	1	445	123	425	95.5056	39.4719	36.6	60
dDocent_Contig_1116	1	508	145	426	83.8583	41.5984	36.4	60
dDocent_Contig_1118	1	364	19	283	77.7473	7.44505	36.7	60
dDocent_Contig_1119	1	366	64	325	88.7978	24.5601	36.5	60
dDocent_Contig_1120	1	383	25	380	99.2167	9.20366	36.1	60
dDocent_Contig_1122	1	513	23	468	91.2281	6.61598	36.1	58.7
dDocent_Contig_1127	1	576	48	380	65.9722	11.8299	36.4	60
dDocent_Contig_1128	1	487	57	466	95.6879	17.0801	36.5	60
dDocent_Contig_1129	1	270	4	156	57.7778	1.95926	36.3	60
dDocent_Contig_1130	1	474	53	460	97.0464	15.8228	36.5	58.6
dDocent_Contig_1131	1	396	3	275	69.4444	1.0101	36.9	60
dDocent_Contig_1134	1	392	44	287	73.2143	15.9821	36.6	60
dDocent_Contig_1135	1	513	190	446	86.9396	54.5614	36.6	60
dDocent_Contig_1139	1	267	5	256	95.8801	2.70412	35.8	60
dDocent_Contig_1141	1	243	40	242	99.5885	22.9506	36.3	60
dDocent_Contig_1143	1	395	67	322	81.519	24.8835	36.2	60
dDocent_Contig_1144	1	408	37	391	95.8333	12.7377	36.4	60
dDocent_Contig_1145	1	410	40	274	66.8293	13.3537	36.6	60
dDocent_Contig_1146	1	447	20	415	92.8412	6.02908	36.8	60
dDocent_Contig_1150	1	483	82	468	96.8944	24.1739	36.3	59.7
dDocent_Contig_1151	1	452	58	388	85.8407	18.2013	36.5	60
dDocent_Contig_1153	1	265	22	263	99.2453	10.8453	36.3	60
dDocent_Contig_1156	1	397	94	352	88.665	34.7204	36.2	60
dDocent_Contig_1158	1	413	127	408	98.7893	44.4722	36.3	60
dDocent_Contig_1160	1	395	30	362	91.6456	10.6354	36.7	56.8
dDocent_Contig_1161	1	389	17	218	56.0411	6.12082	36.7	60
dDocent_Contig_1167	1	451	43	445	98.6696	12.8603	36.3	57.7
dDocent_Contig_1169	1	484	27	367	75.8264	7.99174	36.7	60
dDocent_Contig_1170	1	354	39	328	92.6554	14.6695	36.3	60
dDocent_Contig_1172	1	395	138	394	99.7468	51.1316	36.4	60
dDocent_Contig_1174	1	392	2	265	67.602	0.732143	37	60
dDocent_Contig_1176	1	561	156	477	85.0267	39.6898	36.5	60
dDocent_Contig_1177	1	275	22	255	92.7273	10.6509	35.9	60
dDocent_Contig_1181	1	322	1	150	46.5839	0.465839	36.3	60
dDocent_Contig_1183	1	357	408	353	98.8796	163.398	36.3	59.9
dDocent_Contig_1186	1	366	10	302	82.5137	3.92077	35.5	60
dDocent_Contig_1187	1	370	12	354	95.6757	4.43784	36.7	60
dDocent_Contig_1188	1	338	5	295	87.2781	2.20414	36.5	60
dDocent_Contig_1192	1	300	9	259	86.3333	4.36	36.6	60
dDocent_Contig_1193	1	380	73	377	99.2105	27.8947	36.5	60
dDocent_Contig_1195	1	528	45	464	87.8788	12.1477	36.5	60
dDocent_Contig_1196	1	372	82	362	97.3118	31.3414	36.5	60
dDocent_Contig_1199	1	257	483	257	100	273.362	36.4	60
dDocent_Contig_1200	1	376	31	306	81.383	11.7287	36.4	60
dDocent_Contig_1201	1	282	97	280	99.2908	48.3262	36	60
dDocent_Contig_1203	1	309	36	308	99.6764	15.9547	36.6	60
dDocent_Contig_1218	1	612	1297	564	92.1569	304.163	36.1	60
dDocent_Contig_1222	1	309	69	308	99.6764	32.3592	36.4	60
dDocent_Contig_1223	1	334	13	323	96.7066	5.05988	35.9	60
dDocent_Contig_1225	1	291	13	285	97.9381	6.58419	36.9	60
dDocent_Contig_1226	1	421	14	209	49.6437	4.92637	36.7	60
dDocent_Contig_1227	1	494	279	483	97.7733	82.4089	36.5	60
dDocent_Contig_1230	1	337	10	272	80.7122	4.31751	36	60
dDocent_Contig_1238	1	473	80	471	99.5772	24.5285	36.5	60
dDocent_Contig_1241	1	534	104	429	80.3371	28.4831	36.4	60
dDocent_Contig_1242	1	411	36	383	93.1873	12.5328	36.8	60
dDocent_Contig_1244	1	606	214	605	99.835	50.1832	36.4	58.8
dDocent_Contig_1247	1	335	22	311	92.8358	9.54328	36.2	60
dDocent_Contig_1248	1	199	35	196	98.4925	24.9146	36	60
dDocent_Contig_1250	1	393	87	392	99.7455	32.1094	36.6	60
dDocent_Contig_1251	1	345	33	344	99.7101	13.7652	36.3	60
dDocent_Contig_1253	1	497	2	109	21.9316	0.438632	36.8	60
dDocent_Contig_1255	1	388	43	366	94.3299	16.1289	36.4	60
dDocent_Contig_1257	1	383	207	382	99.7389	78.3629	36.5	59.7
dDocent_Contig_1264	1	496	42	437	88.1048	12.5101	36.3	60
dDocent_Contig_1265	1	301	69	300	99.6678	32.7409	36.1	60
dDocent_Contig_1266	1	349	106	349	100	44.1719	36.4	60
dDocent_Contig_1269	1	313	28	311	99.361	12.6677	36.6	60
dDocent_Contig_1270	1	397	41	336	84.6348	14.4962	36.1	60
dDocent_Contig_1276	1	390	39	373	95.641	14.5692	36.2	60
dDocent_Contig_1279	1	540	99	377	69.8148	26.45	36.6	60
dDocent_Contig_1281	1	256	54	254	99.2188	30.6172	36.3	60
dDocent_Contig_1282	1	250	10	196	78.4	5.572	36.8	60
dDocent_Contig_1284	1	306	21	184	60.1307	9.02941	36.6	56
dDocent_Contig_1290	1	275	174	274	99.6364	89.3527	35.7	60
dDocent_Contig_1291	1	414	19	273	65.942	6.35749	36.6	60
dDocent_Contig_1292	1	393	42	368	93.6387	15.1501	36.5	60
dDocent_Contig_1294	1	215	59	215	100	38.6326	36.5	60
dDocent_Contig_1295	1	543	501	535	98.5267	133.755	36.5	60
dDocent_Contig_1298	1	482	99	375	77.8008	29.8091	36.2	60
dDocent_Contig_1301	1	232	83	232	100	51.8491	36.5	60
dDocent_Contig_1302	1	405	98	404	99.7531	35.5333	36.4	60
dDocent_Contig_1306	1	434	108	332	76.4977	36.2995	36.5	60
dDocent_Contig_1307	1	362	88	361	99.7238	35.8646	36.5	60
dDocent_Contig_1309	1	311	43	310	99.6785	19.2444	36.7	60
dDocent_Contig_1313	1	285	8	234	82.1053	4.11579	36.7	60
dDocent_Contig_1314	1	407	73	363	89.1892	25.9681	36.2	60
dDocent_Contig_1317	1	568	50	386	67.9577	12.8785	36.7	60
dDocent_Contig_1319	1	219	11	217	99.0868	6.77626	35.4	60
dDocent_Contig_1320	1	320	2	110	34.375	0.6375	35.3	60
dDocent_Contig_1321	1	225	32	223	99.1111	20.1289	36.4	60
dDocent_Contig_1323	1	491	407	490	99.7963	116.933	36.2	59.2
dDocent_Contig_1324	1	489	46	487	99.591	13.045	36.5	60
dDocent_Contig_1327	1	417	189	417	100	65.8465	36.4	60
dDocent_Contig_1328	1	255	34	254	99.6078	18.7882	36.1	60
dDocent_Contig_1329	1	555	842	554	99.8198	214.906	35.8	60
dDocent_Contig_1331	1	545	59	544	99.8165	14.8862	36	60
dDocent_Contig_1334	1	351	2	111	31.6239	0.632479	36.7	60
dDocent_Contig_1340	1	621	1708	621	100	405.528	36.2	52.1
dDocent_Contig_1346	1	327	230	324	99.0826	102.171	36.3	60
dDocent_Contig_1349	1	347	127	346	99.7118	52.6282	36	60
dDocent_Contig_1357	1	368	58	344	93.4783	22.481	36.4	60
dDocent_Contig_1358	1	474	3	177	37.3418	0.902954	35.9	60
dDocent_Contig_1359	1	529	164	462	87.3346	45.0529	36.4	60
dDocent_Contig_1361	1	229	2	108	47.1616	0.943231	37	60
dDocent_Contig_1364	1	306	17	162	52.9412	7.19281	36.5	60
dDocent_Contig_1365	1	330	2	91	27.5758	0.551515	36.9	60
dDocent_Contig_1366	1	239	65	238	99.5816	39.2552	36.3	60
dDocent_Contig_1367	1	406	113	395	97.2906	40.2734	36.4	60
dDocent_Contig_1373	1	354	6	353	99.7175	2.47175	35.6	60
dDocent_Contig_1378	1	321	89	320	99.6885	38.3364	35.6	60
dDocent_Contig_1380	1	392	123	391	99.7449	44.949	36.6	60
dDocent_Contig_1382	1	266	23	236	88.7218	12.3459	36.6	60
dDocent_Contig_1385	1	221	38	219	99.095	24.6199	36.4	60
dDocent_Contig_1387	1	299	77	297	99.3311	36.8562	36.1	59.5
dDocent_Contig_1389	1	393	21	305	77.6081	7.40712	36.2	60
dDocent_Contig_1392	1	370	76	370	100	30.1243	36.3	60
dDocent_Contig_1394	1	353	99	334	94.6176	40.1983	36.5	60
dDocent_Contig_1398	1	340	29	286	84.1176	12.5971	36.8	60
dDocent_Contig_1402	1	399	104	350	87.7193	37.8972	36.4	60
dDocent_Contig_1403	1	285	3	107	37.5439	0.992982	36.6	37.3
dDocent_Contig_1405	1	370	10	313	84.5946	3.68108	36.8	60
dDocent_Contig_1406	1	416	154	412	99.0385	54.4014	36.6	60
dDocent_Contig_1409	1	220	1	118	53.6364	0.536364	36.8	60
dDocent_Contig_1412	1	343	40	341	99.4169	16.9796	36.4	60
dDocent_Contig_1419	1	186	58	186	100	44.3602	36.3	60
dDocent_Contig_1420	1	474	55	472	99.5781	15.8397	35.8	60
dDocent_Contig_1421	1	411	14	275	66.91	4.56691	36.8	60
dDocent_Contig_1423	1	354	16	320	90.3955	6.4661	36.8	60
dDocent_Contig_1426	1	450	88	438	97.3333	28.34	36.1	60
dDocent_Contig_1427	1	407	74	385	94.5946	25.8084	36.1	60
dDocent_Contig_1436	1	568	7	322	56.6901	1.64437	36.3	60
dDocent_Contig_1445	1	420	40	387	92.1429	13.5262	36.3	60
dDocent_Contig_1446	1	306	76	305	99.6732	35.6699	36.3	60
dDocent_Contig_1449	1	492	24	396	80.4878	7.04878	36.7	60
dDocent_Contig_1451	1	269	13	268	99.6283	7.12268	36.8	60
dDocent_Contig_1452	1	325	91	324	99.6923	40.4	36.6	60
dDocent_Contig_1453	1	312	1	150	48.0769	0.480769	36.6	60
dDocent_Contig_1454	1	449	19	342	76.1693	5.89755	36.2	56.5
dDocent_Contig_1455	1	316	31	296	93.6709	14.4905	36.2	60
dDocent_Contig_1456	1	512	100	434	84.7656	28.8848	36.4	60
dDocent_Contig_1461	1	406	34	311	76.601	12.1897	36.4	60
dDocent_Contig_1462	1	361	2	180	49.8615	0.831025	33	60
dDocent_Contig_1463	1	499	47	273	54.7094	13.6393	36.3	60
dDocent_Contig_1465	1	270	357	270	100	189.144	36.3	60
dDocent_Contig_1466	1	252	36	231	91.6667	19.9802	36.5	60
dDocent_Contig_1467	1	228	16	209	91.6667	9.46491	36.6	60
dDocent_Contig_1474	1	409	9	326	79.7066	2.96577	35.9	60
dDocent_Contig_1475	1	463	9	216	46.6523	2.88337	36.6	60
dDocent_Contig_1477	1	433	183	409	94.4573	58.3695	36.3	60
dDocent_Contig_1478	1	204	127	203	99.5098	89.5049	36.2	60
dDocent_Contig_1479	1	401	87	401	100	30.8603	36.4	59.4
dDocent_Contig_1481	1	490	94	406	82.8571	27.9041	36.6	60
dDocent_Contig_1482	1	497	122	464	93.3602	35.4205	36.3	60
dDocent_Contig_1485	1	394	9	164	41.6244	3.14213	36.8	60
dDocent_Contig_1486	1	204	69	202	99.0196	47.6029	36.3	60
dDocent_Contig_1490	1	306	103	303	99.0196	49.1503	36.6	60
dDocent_Contig_1492	1	398	13	389	97.7387	4.77387	36.8	60
dDocent_Contig_1493	1	338	18	336	99.4083	7.77515	36.7	60
dDocent_Contig_1496	1	403	25	382	94.7891	8.89578	36.2	60
dDocent_Contig_1497	1	465	151	436	93.7634	47.5548	36.5	60
dDocent_Contig_1501	1	340	8	258	75.8824	2.99412	36.4	60
dDocent_Contig_1503	1	421	50	310	73.6342	16.7126	36.5	60
dDocent_Contig_1504	1	385	10	267	69.3506	3.68052	36.2	60
dDocent_Contig_1506	1	374	17	330	88.2353	5.81283	36.6	60
dDocent_Contig_1507	1	450	6	336	74.6667	1.54	36	60
dDocent_Contig_1509	1	262	38	262	100	20.8473	36.3	60
dDocent_Contig_1510	1	442	590	440	99.5475	191.995	36.4	59.7
dDocent_Contig_1513	1	549	14	471	85.7923	3.55373	36.5	60
dDocent_Contig_1516	1	385	61	273	70.9091	22.6883	36.2	60
dDocent_Contig_1518	1	450	147	449	99.7778	47.7533	36.5	60
dDocent_Contig_1520	1	342	27	340	99.4152	11.2778	36.3	60
dDocent_Contig_1522	1	364	59	362	99.4505	22.7005	36.5	60
dDocent_Contig_1523	1	213	24	196	92.0188	16.5305	36.4	60
dDocent_Contig_1526	1	348	93	348	100	38.1897	36.3	60
dDocent_Contig_1527	1	546	127	545	99.8168	33.5421	36.4	60
dDocent_Contig_1531	1	291	14	272	93.4708	6.30241	36.5	60
dDocent_Contig_1534	1	346	5	280	80.9249	2.15318	36.6	60
dDocent_Contig_1536	1	282	38	281	99.6454	19.2482	36.8	60
dDocent_Contig_1540	1	491	296	490	99.7963	82.5031	36.4	51.4
dDocent_Contig_1541	1	374	80	373	99.7326	30.4091	36.5	60
dDocent_Contig_1543	1	400	34	318	79.5	11.9375	36.6	60
dDocent_Contig_1546	1	344	38	203	59.0116	15.2849	36.7	60
dDocent_Contig_1547	1	452	56	408	90.2655	17.9624	36.6	60
dDocent_Contig_1548	1	510	13	261	51.1765	3.3	36.9	60
dDocent_Contig_1550	1	377	44	376	99.7347	16.565	35.7	59.8
dDocent_Contig_1551	1	401	294	401	100	104.529	36.4	55.6
dDocent_Contig_1553	1	329	87	327	99.3921	36.9787	36.4	60
dDocent_Contig_1555	1	342	9	255	74.5614	3.86842	36.8	60
dDocent_Contig_1557	1	294	7	186	63.2653	3.57143	36.5	60
dDocent_Contig_1558	1	368	34	345	93.75	13.4918	35.6	60
dDocent_Contig_1563	1	237	58	236	99.5781	34.4219	36.3	60
dDocent_Contig_1565	1	364	80	341	93.6813	31.9066	36.2	60
dDocent_Contig_1566	1	536	354	523	97.5746	96.4832	36.6	59.9
dDocent_Contig_1567	1	452	64	433	95.7965	20.4889	36.3	60
dDocent_Contig_1569	1	250	21	249	99.6	11.688	36.5	60
dDocent_Contig_1570	1	582	60	299	51.3746	14.8007	36.3	60
dDocent_Contig_1574	1	384	90	380	98.9583	34.151	36.2	60
dDocent_Contig_1576	1	601	12	504	83.8602	2.58236	36.8	60
dDocent_Contig_1578	1	278	50	276	99.2806	25.9388	36.6	60
dDocent_Contig_1581	1	501	52	412	82.2355	14.8443	36.3	60
dDocent_Contig_1582	1	454	98	453	99.7797	30.5066	36.5	60
dDocent_Contig_1585	1	344	10	315	91.5698	3.93314	36.3	60
dDocent_Contig_1587	1	262	102	261	99.6183	55.5229	36.5	60
dDocent_Contig_1588	1	386	3	309	80.0518	1.1658	36.5	60
dDocent_Contig_1589	1	337	74	330	97.9228	30.3887	36.5	60
dDocent_Contig_1590	1	502	1060	502	100	307.562	36.3	60
dDocent_Contig_1594	1	285	6	277	97.193	3.15439	34.8	56.8
dDocent_Contig_1598	1	209	116	207	99.0431	78.2201	35.3	60
dDocent_Contig_1599	1	503	134	444	88.2704	38.1372	36.7	60
dDocent_Contig_1600	1	466	27	465	99.7854	8.17167	36.4	60
dDocent_Contig_1601	1	539	37	507	94.0631	9.859	36.7	60
dDocent_Contig_1602	1	528	106	509	96.4015	28.3864	36.4	60
dDocent_Contig_1603	1	594	168	588	98.9899	40.6246	36.5	59.9
dDocent_Contig_1606	1	263	54	259	98.4791	29.1749	36.5	60
dDocent_Contig_1608	1	270	20	266	98.5185	10.5185	36.2	58.1
dDocent_Contig_1610	1	388	57	387	99.7423	21.3015	36.1	60
dDocent_Contig_1613	1	353	58	352	99.7167	23.2011	36.1	60
dDocent_Contig_1614	1	377	73	376	99.7347	27.5995	36.5	60
dDocent_Contig_1615	1	428	53	385	89.9533	17.9229	36.3	60
dDocent_Contig_1618	1	360	90	360	100	36.2222	36.3	60
dDocent_Contig_1620	1	369	51	338	91.5989	19.6531	36.3	60
dDocent_Contig_1622	1	268	112	263	98.1343	55.9254	36.5	54.8
dDocent_Contig_1624	1	261	12	183	70.1149	6.17241	36.8	60
dDocent_Contig_1625	1	495	81	380	76.7677	23.9859	36.6	60
dDocent_Contig_1626	1	457	111	405	88.6214	35.3567	36.4	60
dDocent_Contig_1627	1	283	94	281	99.2933	47.9117	36.4	60
dDocent_Contig_1632	1	230	16	228	99.1304	9.94783	36.4	60
dDocent_Contig_1635	1	363	84	363	100	33.584	36.7	60
dDocent_Contig_1637	1	398	47	397	99.7487	17.2764	36.7	60
dDocent_Contig_1638	1	308	72	294	95.4545	32.8571	36.5	60
dDocent_Contig_1639	1	197	34	195	98.9848	23.5787	36.7	60
dDocent_Contig_1642	1	419	60	370	88.3055	20.568	36.1	60
dDocent_Contig_1643	1	367	70	360	98.0926	28.0708	36.8	60
dDocent_Contig_1651	1	341	72	336	98.5337	29.4194	36.4	52.6
dDocent_Contig_1653	1	459	41	347	75.5991	12.6318	36.3	60
dDocent_Contig_1654	1	468	41	372	79.4872	12.1282	36.1	60
dDocent_Contig_1655	1	436	109	434	99.5413	35.7706	36.5	60
dDocent_Contig_1657	1	167	16	165	98.8024	12.3832	36.3	60
dDocent_Contig_1659	1	220	53	220	100	30.4591	35.5	60
dDocent_Contig_1660	1	330	6	261	79.0909	2.72727	36.7	60
dDocent_Contig_1662	1	346	44	344	99.422	18.3902	36.3	60
dDocent_Contig_1664	1	397	116	381	95.9698	42.5768	36.4	60
dDocent_Contig_1666	1	509	16	340	66.7976	4.35167	36.9	60
dDocent_Contig_1667	1	344	30	314	91.2791	12.7965	36.6	60
dDocent_Contig_1671	1	269	2	108	40.1487	0.802974	36.9	60
dDocent_Contig_1672	1	312	80	303	97.1154	36.7917	36.5	60
dDocent_Contig_1673	1	334	1	150	44.9102	0.449102	36.9	60
dDocent_Contig_1675	1	246	11	229	93.0894	6.45122	36.3	60
dDocent_Contig_1676	1	224	16	205	91.5179	9.37946	34.9	60
dDocent_Contig_1679	1	313	27	313	100	12.3387	36	60
dDocent_Contig_1680	1	463	241	396	85.5292	76.2181	36.3	60
dDocent_Contig_1683	1	243	15	241	99.177	8.85185	36.6	60
dDocent_Contig_1687	1	315	38	267	84.7619	17.2063	36.1	60
dDocent_Contig_1692	1	345	41	336	97.3913	16.8609	36.6	59.1
dDocent_Contig_1693	1	372	13	301	80.914	4.87366	36.8	60
dDocent_Contig_1694	1	378	4	137	36.2434	1.39153	34.9	60
dDocent_Contig_1695	1	513	4	163	31.7739	0.931774	35.8	60
dDocent_Contig_1696	1	493	1	150	30.426	0.30426	36.1	60
dDocent_Contig_1697	1	512	165	491	95.8984	46.5488	36.4	60
dDocent_Contig_1699	1	555	66	535	96.3964	17.2036	36.3	59.7
dDocent_Contig_1701	1	261	2	150	57.4713	1.14559	34.1	60
dDocent_Contig_1703	1	588	184	579	98.4694	43.9881	36.5	59.1
dDocent_Contig_1708	1	462	98	457	98.9177	30.7835	36.4	60
dDocent_Contig_1709	1	397	72	379	95.466	26.3048	36.3	60
dDocent_Contig_1713	1	248	2	145	58.4677	1.1371	36.6	60
dDocent_Contig_1715	1	529	26	301	56.8998	6.99622	36.5	60
dDocent_Contig_1716	1	290	31	232	80	13.1	35.6	60
dDocent_Contig_1717	1	420	44	370	88.0952	15.25	36.2	60
dDocent_Contig_1722	1	397	158	396	99.7481	57.9673	36.4	60
dDocent_Contig_1725	1	438	24	379	86.5297	7.40183	36.3	60
dDocent_Contig_1726	1	366	12	365	99.7268	4.4235	36.4	60
dDocent_Contig_1727	1	321	19	304	94.704	8.50156	36.6	60
dDocent_Contig_1732	1	369	137	368	99.729	54.4065	36.3	60
dDocent_Contig_1733	1	458	156	456	99.5633	49.4869	36.5	60
dDocent_Contig_1734	1	527	344	525	99.6205	90.9431	36.3	59.6
dDocent_Contig_1736	1	284	62	283	99.6479	31.0387	36.4	60
dDocent_Contig_1738	1	577	26	509	88.2149	6.02946	36.5	60
dDocent_Contig_1739	1	263	24	246	93.5361	13.2586	36.3	60
dDocent_Contig_1741	1	363	10	333	91.7355	3.9449	36.7	60
dDocent_Contig_1742	1	446	69	444	99.5516	22.0224	36.3	60
dDocent_Contig_1745	1	540	14	451	83.5185	3.69444	36.5	60
dDocent_Contig_1746	1	438	47	433	98.8584	15.4909	36.3	60
dDocent_Contig_1747	1	441	105	358	81.1791	34.7279	36.4	60
dDocent_Contig_1748	1	363	81	362	99.7245	32.0468	36.4	60
dDocent_Contig_1749	1	327	52	315	96.3303	22.6269	36.5	60
dDocent_Contig_1750	1	244	21	240	98.3607	11.8156	35.6	60
dDocent_Contig_1751	1	392	108	391	99.7449	38.4719	36.6	55.4
dDocent_Contig_1756	1	418	46	345	82.5359	16.1555	36.6	60
dDocent_Contig_1757	1	319	6	229	71.7868	2.74608	36.5	60
dDocent_Contig_1759	1	458	52	419	91.4847	16.2751	36.5	60
dDocent_Contig_1761	1	294	35	293	99.6599	17.0952	35.9	60
dDocent_Contig_1762	1	501	15	432	86.2275	4.3513	36	60
dDocent_Contig_1764	1	413	81	375	90.799	28.0412	36.4	60
dDocent_Contig_1766	1	502	257	481	95.8167	75.4084	36.4	60
dDocent_Contig_1769	1	462	90	394	85.2814	28.3247	36.5	60
dDocent_Contig_1773	1	252	102	244	96.8254	50.0952	35.6	46.2
dDocent_Contig_1777	1	344	82	342	99.4186	34.6163	36.2	60
dDocent_Contig_1778	1	335	180	334	99.7015	78.1075	36.6	60
dDocent_Contig_1785	1	268	22	219	81.7164	11.0709	35.8	60
dDocent_Contig_1786	1	277	41	257	92.7798	21.8917	36.8	60
dDocent_Contig_1788	1	403	79	356	88.3375	28.2854	36.6	60
dDocent_Contig_1790	1	482	143	481	99.7925	42.778	36.1	60
dDocent_Contig_1791	1	304	109	302	99.3421	51.5888	35.5	60
dDocent_Contig_1793	1	270	2	108	40	0.8	36.5	60
dDocent_Contig_1797	1	349	146	345	98.8539	59.341	36.3	58.7
dDocent_Contig_1800	1	341	38	338	99.1202	16.0352	36.7	60
dDocent_Contig_1805	1	359	87	353	98.3287	35.156	36.4	60
dDocent_Contig_1806	1	358	65	337	94.1341	26.7151	36.4	60
dDocent_Contig_1808	1	279	34	250	89.6057	17.4982	36.5	60
dDocent_Contig_1809	1	438	453	437	99.7717	150.356	36	60
dDocent_Contig_1812	1	452	21	248	54.8673	6.34735	36.4	60
dDocent_Contig_1814	1	414	1	144	34.7826	0.347826	36.6	60
dDocent_Contig_1815	1	414	62	323	78.0193	21.0845	36.3	59.7
dDocent_Contig_1816	1	558	86	537	96.2366	22.1828	36.4	60
dDocent_Contig_1819	1	375	9	372	99.2	3.34667	36.6	60
dDocent_Contig_1822	1	275	38	239	86.9091	19.0436	36.5	60
dDocent_Contig_1823	1	404	3	354	87.6238	1.11386	36.5	60
dDocent_Contig_1824	1	556	163	436	78.4173	42.946	36.2	60
dDocent_Contig_1825	1	325	106	325	100	45.9077	36.6	58.4
dDocent_Contig_1826	1	366	2	156	42.623	0.819672	36.7	60
dDocent_Contig_1827	1	496	281	480	96.7742	82.7157	36.4	60
dDocent_Contig_1828	1	264	95	263	99.6212	51.8182	36.5	60
dDocent_Contig_1830	1	360	53	358	99.4444	20.525	35.4	60
dDocent_Contig_1832	1	439	88	221	50.3417	28.1207	36.6	60
dDocent_Contig_1833	1	366	32	320	87.4317	13.0355	36.6	60
dDocent_Contig_1834	1	422	116	421	99.763	39.8768	36.6	60
dDocent_Contig_1836	1	376	402	376	100	153.505	36.4	60
dDocent_Contig_1837	1	303	17	302	99.67	7.61716	36.6	59.4
dDocent_Contig_1838	1	345	128	343	99.4203	54.0493	36.4	60
dDocent_Contig_1839	1	363	12	281	77.4105	4.8292	36.5	60
dDocent_Contig_1841	1	487	380	482	98.9733	112.411	36.4	59.9
dDocent_Contig_1842	1	347	39	345	99.4236	15.8012	36.4	60
dDocent_Contig_1844	1	427	118	426	99.7658	37.0141	36.3	58.2
dDocent_Contig_1846	1	339	72	339	100	31.3392	36.4	60
dDocent_Contig_1847	1	339	115	339	100	48.9971	36.5	59.4
dDocent_Contig_1848	1	349	135	340	97.4212	55.1203	36.2	60
dDocent_Contig_1850	1	289	97	288	99.654	48.5225	36.4	60
dDocent_Contig_1851	1	333	61	314	94.2943	26.8138	36.5	60
dDocent_Contig_1852	1	204	44	204	100	30.3431	36.6	60
dDocent_Contig_1853	1	306	155	305	99.6732	73.8529	36.5	60
dDocent_Contig_1854	1	457	150	422	92.3414	47.9278	36.5	60
dDocent_Contig_1855	1	277	47	276	99.639	24.0397	36.2	60
dDocent_Contig_1856	1	340	2	113	33.2353	0.664706	36.9	60
dDocent_Contig_1857	1	341	50	336	98.5337	21.393	35.9	60
dDocent_Contig_1858	1	326	79	325	99.6933	35.1258	36	60
dDocent_Contig_1859	1	262	24	256	97.7099	13.3282	36.3	54.1
dDocent_Contig_1861	1	340	147	319	93.8235	61.1588	35.6	60
dDocent_Contig_1862	1	257	7	186	72.3735	3.607	35.5	60
dDocent_Contig_1865	1	483	175	420	86.9565	52.1056	36.4	60
dDocent_Contig_1868	1	366	35	364	99.4536	13.7186	36.6	60
dDocent_Contig_1871	1	308	40	266	86.3636	18.9481	35.9	60
dDocent_Contig_1873	1	309	133	308	99.6764	63.0194	36.4	60
dDocent_Contig_1874	1	381	76	369	96.8504	28.5118	35.9	60
dDocent_Contig_1875	1	425	177	424	99.7647	60.5224	36.6	60
dDocent_Contig_1876	1	260	23	212	81.5385	12.5615	36.6	60
dDocent_Contig_1877	1	396	14	345	87.1212	5.17424	36.3	60
dDocent_Contig_1878	1	514	82	510	99.2218	23.0875	36.5	60
dDocent_Contig_1883	1	376	51	246	65.4255	19.5239	36.4	60
dDocent_Contig_1889	1	310	59	309	99.6774	26.5097	36.1	60
dDocent_Contig_1890	1	409	49	325	79.4621	16.6381	36.6	60
dDocent_Contig_1893	1	577	43	495	85.7886	10.4021	35.9	60
dDocent_Contig_1894	1	326	5	223	68.4049	2.18405	36.8	60
dDocent_Contig_1897	1	292	59	290	99.3151	29.0856	36.1	60
dDocent_Contig_1898	1	202	2	111	54.9505	1.09901	37	60
dDocent_Contig_1899	1	376	7	353	93.883	2.64894	36.7	60
dDocent_Contig_1900	1	381	16	221	58.0052	6.26772	36.1	60
dDocent_Contig_1905	1	417	194	416	99.7602	65.3477	36.2	55.5
dDocent_Contig_1907	1	571	59	501	87.7408	14.9124	36.1	60
dDocent_Contig_1909	1	268	154	267	99.6269	82.4701	36.3	60
dDocent_Contig_1911	1	457	353	395	86.4333	110.396	36.4	60
dDocent_Contig_1913	1	262	20	188	71.7557	10.5115	36.6	60
dDocent_Contig_1915	1	261	16	251	96.1686	8.39847	36.6	60
dDocent_Contig_1919	1	263	31	261	99.2395	16.2243	36.5	60
dDocent_Contig_1920	1	374	23	373	99.7326	8.61765	36.6	60
dDocent_Contig_1923	1	367	96	365	99.455	37.6866	36.3	60
dDocent_Contig_1931	1	200	367	200	100	253.785	36.4	60
dDocent_Contig_1934	1	405	53	373	92.0988	18.3235	36.2	60
dDocent_Contig_1939	1	397	6	159	40.0504	1.87909	37	60
dDocent_Contig_1940	1	371	10	194	52.2911	3.38005	36.1	60
dDocent_Contig_1943	1	448	307	448	100	98.1183	36.2	59.4
dDocent_Contig_1945	1	338	172	337	99.7041	72.7811	36.3	60
dDocent_Contig_1951	1	331	188	330	99.6979	82.571	36.2	60
dDocent_Contig_1954	1	328	47	304	92.6829	20.064	36.5	60
dDocent_Contig_1957	1	505	264	503	99.604	75.2653	36.2	60
dDocent_Contig_1959	1	443	74	425	95.9368	24.3499	36.4	60
dDocent_Contig_1961	1	498	187	498	100	54.3193	36.6	60
dDocent_Contig_1962	1	256	28	249	97.2656	16.0664	35.9	60
dDocent_Contig_1963	1	378	123	335	88.6243	46.1217	35.9	60
dDocent_Contig_1972	1	331	108	326	98.4894	45.2326	36.3	60
dDocent_Contig_1975	1	292	80	291	99.6575	37.863	35.9	60
dDocent_Contig_1978	1	424	21	338	79.717	7.28538	36.5	60
dDocent_Contig_1979	1	625	147	622	99.52	33.0384	36.3	58.1
dDocent_Contig_1981	1	256	7	256	100	3.87109	36.2	60
dDocent_Contig_1982	1	429	10	389	90.676	3.1958	36.5	60
dDocent_Contig_1983	1	242	3	213	88.0165	1.58264	36.8	60
dDocent_Contig_1984	1	409	12	319	77.9951	3.77995	36.1	60
dDocent_Contig_1986	1	398	15	283	71.1055	5.23116	36.9	60
dDocent_Contig_1988	1	402	179	381	94.7761	62.8657	35.1	60
dDocent_Contig_1990	1	561	112	537	95.7219	28.9198	36.6	60
dDocent_Contig_1991	1	269	65	267	99.2565	34.8922	36.6	60
dDocent_Contig_1993	1	472	28	446	94.4915	8.2161	36.7	60
dDocent_Contig_1994	1	351	4	324	92.3077	1.69801	36.9	60
dDocent_Contig_1995	1	491	61	437	89.002	18.2301	36.5	60
dDocent_Contig_1998	1	474	172	443	93.4599	52.4937	36.2	60
dDocent_Contig_2002	1	529	107	520	98.2987	29.1153	36	60
dDocent_Contig_2021	1	275	12	272	98.9091	6.34545	36.7	60
dDocent_Contig_2022	1	363	8	290	79.8898	2.93113	36.8	60
dDocent_Contig_2027	1	412	101	409	99.2718	35.4636	36.3	60
dDocent_Contig_2028	1	262	36	256	97.7099	19.1107	36.7	60
dDocent_Contig_2030	1	537	65	422	78.5847	17.3464	36.3	60
dDocent_Contig_2031	1	464	71	452	97.4138	22.222	36.5	60
dDocent_Contig_2035	1	360	198	359	99.7222	79.9556	36.3	60
dDocent_Contig_2036	1	274	223	273	99.635	118.23	36.6	60
dDocent_Contig_2039	1	375	76	354	94.4	29.056	36.1	60
dDocent_Contig_2040	1	263	23	261	99.2395	12.1559	35.9	60
dDocent_Contig_2041	1	421	8	298	70.7838	2.77197	36.3	60
dDocent_Contig_2043	1	442	120	441	99.7738	38.4231	36.5	59.6
dDocent_Contig_2045	1	424	131	401	94.5755	44.6651	36.5	60
dDocent_Contig_2046	1	559	48	460	82.2898	12.2755	36.6	60
dDocent_Contig_2047	1	302	80	301	99.6689	38.298	36.6	60
dDocent_Contig_2048	1	277	162	276	99.639	80.0578	36.6	60
dDocent_Contig_2053	1	361	28	315	87.2576	11.0416	36.2	60
dDocent_Contig_2055	1	286	169	284	99.3007	85.8252	36.4	60
dDocent_Contig_2056	1	412	65	262	63.5922	21.4102	36.5	53.8
dDocent_Contig_2057	1	297	38	277	93.266	18.0976	36.6	60
dDocent_Contig_2058	1	417	60	370	88.729	21.1799	36.4	60
dDocent_Contig_2059	1	457	170	456	99.7812	54.3217	36.4	60
dDocent_Contig_2061	1	377	74	363	96.2865	28.435	36	60
dDocent_Contig_2062	1	385	175	384	99.7403	66.2753	36.3	60
dDocent_Contig_2065	1	342	111	334	97.6608	47.4678	36.4	60
dDocent_Contig_2067	1	447	17	445	99.5526	5.434	36.8	60
dDocent_Contig_2073	1	364	8	255	70.0549	3.11813	36.7	60
dDocent_Contig_2079	1	436	49	366	83.945	16.5665	36.3	60
dDocent_Contig_2081	1	189	6	172	91.0053	4.08995	36.6	47.8
dDocent_Contig_2083	1	193	61	193	100	45.4922	36	60
dDocent_Contig_2085	1	416	28	380	91.3462	9.76442	36.6	60
dDocent_Contig_2087	1	340	13	208	61.1765	5.04706	36.7	60
dDocent_Contig_2088	1	408	149	407	99.7549	53.6397	36.5	60
dDocent_Contig_2090	1	401	21	323	80.5486	7.02743	36	60
dDocent_Contig_2091	1	415	254	407	98.0723	80.9108	36.2	58.8
dDocent_Contig_2095	1	594	363	593	99.8316	88.6633	36.3	60
dDocent_Contig_2097	1	489	38	451	92.229	11.0818	36.5	60
dDocent_Contig_2098	1	414	40	411	99.2754	13.8188	36.4	60
dDocent_Contig_2099	1	319	241	316	99.0596	104.448	36.5	59.9
dDocent_Contig_2106	1	271	67	267	98.524	33.4649	35.7	60
dDocent_Contig_2109	1	391	45	354	90.5371	16.5959	36.4	60
dDocent_Contig_2111	1	271	105	271	100	56.0849	36.5	60
dDocent_Contig_2112	1	338	112	331	97.929	47.8609	36.5	60
dDocent_Contig_2115	1	354	47	270	76.2712	19.5791	36.2	60
dDocent_Contig_2116	1	346	106	345	99.711	44.9249	36.6	60
dDocent_Contig_2118	1	535	108	380	71.028	29.4972	36.5	60
dDocent_Contig_2120	1	393	79	357	90.8397	29.4377	36.2	60
dDocent_Contig_2121	1	266	3	265	99.6241	1.4812	36.6	60
dDocent_Contig_2122	1	337	49	323	95.8457	21.3383	36.4	60
dDocent_Contig_2123	1	282	31	281	99.6454	15.7305	36.6	60
dDocent_Contig_2126	1	198	52	196	98.9899	36.4394	36	60
dDocent_Contig_2127	1	328	112	320	97.561	49.6585	36.5	60
dDocent_Contig_2129	1	343	1	150	43.7318	0.437318	36.9	60
dDocent_Contig_2135	1	297	90	295	99.3266	44.2189	36.6	60
dDocent_Contig_2136	1	320	41	291	90.9375	18.1438	36.4	60
dDocent_Contig_2137	1	434	79	335	77.1889	25.8986	36.3	60
dDocent_Contig_2138	1	430	39	362	84.186	12.8628	36.5	60
dDocent_Contig_2139	1	438	97	410	93.6073	31.5251	36.5	60
dDocent_Contig_2140	1	419	115	385	91.8854	40.0477	36.6	60
dDocent_Contig_2141	1	453	76	452	99.7792	24.2428	36.4	60
dDocent_Contig_2143	1	312	163	312	100	76.0673	36.4	59.9
dDocent_Contig_2146	1	277	127	276	99.639	65.8231	36.5	60
dDocent_Contig_2148	1	362	95	313	86.4641	38.0608	36.2	60
dDocent_Contig_2149	1	281	90	280	99.6441	46.1388	36.6	60
dDocent_Contig_2151	1	368	88	368	100	34.731	36.5	60
dDocent_Contig_2152	1	427	51	347	81.2646	17.2155	36.5	60
dDocent_Contig_2157	1	442	27	337	76.2443	8.50226	36.8	60
dDocent_Contig_2166	1	296	57	295	99.6622	27.8615	36.6	60
dDocent_Contig_2168	1	470	28	358	76.1702	8.45319	36.2	60
dDocent_Contig_2171	1	329	87	327	99.3921	37.7234	36.4	60
dDocent_Contig_2173	1	570	85	358	62.807	21.7596	36	60
dDocent_Contig_2178	1	513	38	376	73.2943	10.5945	36.5	60
dDocent_Contig_2179	1	435	27	418	96.092	9.12874	36.3	60
dDocent_Contig_2183	1	517	232	462	89.3617	65.8859	36.3	60
dDocent_Contig_2187	1	281	158	280	99.6441	81.758	36.3	60
dDocent_Contig_2189	1	386	6	314	81.3472	2.31865	36.6	60
dDocent_Contig_2190	1	314	35	313	99.6815	15.758	36.3	60
dDocent_Contig_2193	1	408	231	407	99.7549	77.7402	35.4	60
dDocent_Contig_2195	1	250	112	250	100	63.812	36.3	60
dDocent_Contig_2197	1	357	20	313	87.6751	8.13445	36.4	60
dDocent_Contig_2200	1	556	294	496	89.2086	76.973	36.3	59.7
dDocent_Contig_2201	1	332	30	331	99.6988	12.9337	36.3	60
dDocent_Contig_2202	1	152	21	150	98.6842	17.1184	35.9	60
dDocent_Contig_2203	1	428	55	335	78.271	18.7921	36.4	60
dDocent_Contig_2206	1	395	67	360	91.1392	23.9089	36.1	60
dDocent_Contig_2211	1	276	83	262	94.9275	42.0543	36.5	60
dDocent_Contig_2212	1	551	72	486	88.2033	18.2976	36.3	60
dDocent_Contig_2213	1	453	90	426	94.0397	28.1589	36.4	60
dDocent_Contig_2215	1	412	102	366	88.835	36.4199	36.1	60
dDocent_Contig_2216	1	313	22	245	78.2748	9.78594	35.3	60
dDocent_Contig_2217	1	415	64	413	99.5181	22.1855	36.6	60
dDocent_Contig_2218	1	355	30	336	94.6479	12.5972	36.8	60
dDocent_Contig_2219	1	530	63	471	88.8679	17.2	36.2	60
dDocent_Contig_2220	1	503	31	502	99.8012	8.89066	35.8	60
dDocent_Contig_2221	1	584	204	579	99.1438	49.4863	36	60
dDocent_Contig_2227	1	176	8	172	97.7273	6.0625	34.7	60
dDocent_Contig_2232	1	540	48	539	99.8148	12.7833	36.4	60
dDocent_Contig_2240	1	361	124	361	100	49.6731	36.1	60
dDocent_Contig_2241	1	267	94	267	100	48.5019	36.2	60
dDocent_Contig_2243	1	446	30	412	92.3767	9.70852	36.5	60
dDocent_Contig_2244	1	420	66	376	89.5238	22.9738	36.4	60
dDocent_Contig_2246	1	290	45	289	99.6552	22.3172	36.4	60
dDocent_Contig_2251	1	509	662	508	99.8035	188.503	36.3	60
dDocent_Contig_2252	1	279	713	277	99.2832	367.943	36.5	60
dDocent_Contig_2253	1	337	9	254	75.3709	3.4362	36.4	60
dDocent_Contig_2255	1	325	90	300	92.3077	39.9231	36.7	60
dDocent_Contig_2257	1	390	138	389	99.7436	50.4205	36	60
dDocent_Contig_2262	1	216	125	215	99.537	77.6296	36.3	60
dDocent_Contig_2263	1	424	62	337	79.4811	20.7335	36.7	60
dDocent_Contig_2264	1	418	35	241	57.6555	12.0167	36.4	60
dDocent_Contig_2266	1	330	120	324	98.1818	52.6636	36.5	60
dDocent_Contig_2268	1	330	121	296	89.697	52.6545	36.4	59.8
dDocent_Contig_2271	1	457	8	292	63.895	2.24508	36.8	60
dDocent_Contig_2272	1	541	155	491	90.7579	40.5323	36.3	59.8
dDocent_Contig_2275	1	357	46	357	100	17.8992	36.7	60
dDocent_Contig_2276	1	437	12	323	73.913	3.94279	35.5	60
dDocent_Contig_2277	1	270	23	245	90.7407	11.1222	36.5	60
dDocent_Contig_2280	1	386	2	274	70.9845	0.777202	36.3	60
dDocent_Contig_2282	1	379	15	342	90.2375	5.35884	36.3	60
dDocent_Contig_2283	1	254	14	249	98.0315	8.14567	36	60
dDocent_Contig_2284	1	429	15	349	81.352	4.9021	36.6	60
dDocent_Contig_2285	1	433	108	430	99.3072	36.3303	36.6	60
dDocent_Contig_2286	1	352	77	291	82.6705	31.0256	36.5	60
dDocent_Contig_2288	1	587	34	470	80.0681	8.27257	36.7	60
dDocent_Contig_2290	1	349	61	349	100	25.3954	36.5	60
dDocent_Contig_2292	1	517	24	497	96.1315	6.77369	36.6	60
dDocent_Contig_2293	1	480	62	423	88.125	18.6125	36.3	59.9
dDocent_Contig_2301	1	302	12	299	99.0066	5.92715	36.1	60
dDocent_Contig_2303	1	428	12	379	88.5514	4.13318	36.4	60
dDocent_Contig_2304	1	557	8	179	32.1364	2.05027	36.9	60
dDocent_Contig_2306	1	450	17	327	72.6667	5.41556	36.1	60
dDocent_Contig_2310	1	482	76	331	68.6722	22.4004	36.4	60
dDocent_Contig_2312	1	419	43	362	86.3962	14.5036	36.6	60
dDocent_Contig_2313	1	500	4	159	31.8	1.16	36.9	60
dDocent_Contig_2315	1	562	175	409	72.7758	45.4021	36.4	60
dDocent_Contig_2318	1	380	190	377	99.2105	72.6632	36.4	60
dDocent_Contig_2320	1	374	77	374	100	29.0936	36.1	60
dDocent_Contig_2321	1	409	48	403	98.533	16.9902	36.2	60
dDocent_Contig_2322	1	382	99	381	99.7382	35.6414	36.6	60
dDocent_Contig_2323	1	392	64	308	78.5714	21.4005	36.5	60
dDocent_Contig_2326	1	192	43	190	98.9583	30.7812	36.1	60
dDocent_Contig_2327	1	542	23	383	70.6642	5.9631	36.8	60
dDocent_Contig_2328	1	428	9	373	87.1495	3.10514	36.2	60
dDocent_Contig_2329	1	492	106	355	72.1545	30.6565	36.5	60
dDocent_Contig_2330	1	430	78	340	79.0698	26.1558	36.4	60
dDocent_Contig_2332	1	383	76	334	87.2063	28.0809	36.6	60
dDocent_Contig_2334	1	441	127	440	99.7732	40.7029	36.1	60
dDocent_Contig_2337	1	202	33	200	99.0099	22.8812	36.8	60
dDocent_Contig_2338	1	310	13	261	84.1935	5.65484	36.3	60
dDocent_Contig_2339	1	378	61	378	100	23.3228	36.3	60
dDocent_Contig_2341	1	391	24	387	98.977	8.65729	36.7	60
dDocent_Contig_2344	1	330	59	329	99.697	25.6788	36.4	60
dDocent_Contig_2345	1	351	27	328	93.4473	10.9601	36.7	60
dDocent_Contig_2350	1	386	144	337	87.3057	54.3446	36.4	60
dDocent_Contig_2351	1	288	88	287	99.6528	43.7951	36.5	60
dDocent_Contig_2352	1	524	75	481	91.7939	20.437	36.4	60
dDocent_Contig_2354	1	568	604	567	99.8239	152.991	36.3	60
dDocent_Contig_2359	1	535	69	427	79.8131	18.843	36.4	60
dDocent_Contig_2362	1	257	56	256	99.6109	27.0156	36.5	41
dDocent_Contig_2363	1	283	57	282	99.6466	29.3852	36.3	60
dDocent_Contig_2366	1	340	93	336	98.8235	39.9676	36.6	60
dDocent_Contig_2367	1	317	46	316	99.6845	21.3249	36.6	60
dDocent_Contig_2368	1	293	183	290	98.9761	89.4812	36.3	60
dDocent_Contig_2373	1	391	157	390	99.7442	57.9642	36.3	60
dDocent_Contig_2374	1	292	137	291	99.6575	68.3356	36.4	60
dDocent_Contig_2375	1	450	122	429	95.3333	39.7822	36.4	60
dDocent_Contig_2376	1	324	32	322	99.3827	13.716	36	60
dDocent_Contig_2379	1	274	20	246	89.781	10.4015	36.4	60
dDocent_Contig_2381	1	353	62	330	93.4844	24.7904	36.5	60
dDocent_Contig_2382	1	256	1	41	16.0156	0.160156	29.2	60
dDocent_Contig_2383	1	244	50	242	99.1803	29.4631	36.1	60
dDocent_Contig_2385	1	313	42	310	99.0415	19.1246	36.6	60
dDocent_Contig_2386	1	530	123	447	84.3396	33.6906	36.3	60
dDocent_Contig_2387	1	408	79	321	78.6765	28.2451	36	60
dDocent_Contig_2388	1	520	17	462	88.8462	4.525	36.4	60
dDocent_Contig_2391	1	482	28	361	74.8963	8.14523	36.7	60
dDocent_Contig_2393	1	414	24	334	80.6763	7.8913	36.7	60
dDocent_Contig_2394	1	426	117	386	90.6103	39.5728	36.3	60
dDocent_Contig_2396	1	390	143	388	99.4872	53.759	36.4	60
dDocent_Contig_2402	1	366	107	365	99.7268	41.806	36.2	58.6
dDocent_Contig_2403	1	295	25	293	99.322	12.1593	36.5	60
dDocent_Contig_2404	1	287	72	285	99.3031	34.1045	36.4	60
dDocent_Contig_2406	1	343	154	328	95.6268	64.8746	36.4	60
dDocent_Contig_2408	1	444	94	357	80.4054	31.2365	36.5	60
dDocent_Contig_2409	1	439	285	437	99.5444	87.246	35.5	60
dDocent_Contig_2410	1	449	41	410	91.314	12.5724	36.4	60
dDocent_Contig_2411	1	358	82	350	97.7654	33.3101	36.3	60
dDocent_Contig_2413	1	515	81	408	79.2233	23.0427	36.6	60
dDocent_Contig_2414	1	350	72	349	99.7143	29.3143	36.5	60
dDocent_Contig_2418	1	386	58	385	99.7409	21.8368	36.3	60
dDocent_Contig_2420	1	326	68	325	99.6933	26.9724	36.4	60
dDocent_Contig_2424	1	246	51	244	99.187	28.7317	35.9	59.5
dDocent_Contig_2426	1	544	36	510	93.75	9.35662	36.5	60
dDocent_Contig_2428	1	510	72	503	98.6275	20.1569	36.5	55.3
dDocent_Contig_2429	1	288	152	287	99.6528	73	36.2	60
dDocent_Contig_2430	1	232	7	161	69.3966	3.98707	36.8	60
dDocent_Contig_2432	1	505	518	504	99.802	142.196	36.1	59.1
dDocent_Contig_2433	1	304	49	303	99.6711	23.3158	36.5	59
dDocent_Contig_2436	1	456	33	383	83.9912	10.3772	36.5	60
dDocent_Contig_2437	1	444	122	410	92.3423	40.1329	36.4	60
dDocent_Contig_2438	1	263	39	263	100	20.9582	36.1	60
dDocent_Contig_2441	1	200	46	175	87.5	32.495	36.1	60
dDocent_Contig_2444	1	296	187	295	99.6622	92.1182	36.4	60
dDocent_Contig_2445	1	283	65	282	99.6466	33.2968	36.2	60
dDocent_Contig_2447	1	361	11	324	89.7507	4.55125	35.7	60
dDocent_Contig_2449	1	331	62	330	99.6979	27.2236	36.3	60
dDocent_Contig_2450	1	273	23	239	87.5458	11.8535	36.4	60
dDocent_Contig_2451	1	361	84	359	99.446	32.9391	36.4	60
dDocent_Contig_2453	1	276	40	268	97.1014	20.587	36.6	60
dDocent_Contig_2455	1	373	15	241	64.6113	5.85255	36.6	60
dDocent_Contig_2456	1	359	58	358	99.7214	23.5432	36.4	60
dDocent_Contig_2457	1	280	120	278	99.2857	61.1929	36.3	60
dDocent_Contig_2459	1	287	88	286	99.6516	43.6655	36.6	60
dDocent_Contig_2461	1	567	648	546	96.2963	164.443	36.2	59.3
dDocent_Contig_2464	1	352	71	351	99.7159	29.0938	36	60
dDocent_Contig_2465	1	402	45	394	98.01	16.0299	36.6	60
dDocent_Contig_2468	1	368	165	367	99.7283	64.7364	36.5	60
dDocent_Contig_2470	1	440	152	439	99.7727	50.4159	36.1	60
dDocent_Contig_2473	1	333	11	325	97.5976	4.6967	36.6	60
dDocent_Contig_2475	1	392	6	348	88.7755	2.09694	36.2	60
dDocent_Contig_2477	1	382	168	347	90.8377	61.8115	36.5	58.9
dDocent_Contig_2478	1	489	59	393	80.3681	17.272	35.8	60
dDocent_Contig_2482	1	397	140	386	97.2292	51.6499	36.6	60
dDocent_Contig_2483	1	365	32	349	95.6164	12.9397	36.5	60
dDocent_Contig_2485	1	546	143	467	85.5311	37.2729	36.5	60
dDocent_Contig_2487	1	424	50	408	96.2264	16.8774	36.3	60
dDocent_Contig_2489	1	369	47	367	99.458	18.2276	36.2	60
dDocent_Contig_2490	1	364	25	353	96.978	9.51374	36.3	60
dDocent_Contig_2491	1	365	114	364	99.726	44.1918	36.2	60
dDocent_Contig_2492	1	304	25	303	99.6711	11.2928	36.7	60
dDocent_Contig_2497	1	384	109	344	89.5833	41.1536	36.4	60
dDocent_Contig_2501	1	348	2	205	58.908	0.862069	36.7	60
dDocent_Contig_2503	1	251	92	250	99.6016	52.4183	36.6	60
dDocent_Contig_2508	1	415	56	347	83.6145	18.9735	36.5	60
dDocent_Contig_2509	1	547	70	509	93.053	18.6453	36	60
dDocent_Contig_2511	1	405	116	382	94.321	41.9605	36.3	60
dDocent_Contig_2512	1	269	12	235	87.3606	6.20446	36.3	60
dDocent_Contig_2513	1	313	61	302	96.4856	28.0447	35.7	60
dDocent_Contig_2514	1	296	70	296	100	33.5743	36.4	60
dDocent_Contig_2515	1	489	311	488	99.7955	93.1247	36.4	60
dDocent_Contig_2519	1	262	68	262	100	36.5725	36.6	60
dDocent_Contig_2521	1	466	47	301	64.5923	14.0386	36.6	60
dDocent_Contig_2522	1	561	98	511	91.0873	24.6988	35.4	60
dDocent_Contig_2523	1	324	4	140	43.2099	1.64815	36.3	60
dDocent_Contig_2526	1	510	57	358	70.1961	15.9	36.5	59.8
dDocent_Contig_2527	1	356	46	354	99.4382	18.441	36.3	60
dDocent_Contig_2530	1	474	14	250	52.7426	4.00844	36.7	60
dDocent_Contig_2532	1	511	78	384	75.1468	21.9941	35.7	60
dDocent_Contig_2535	1	433	53	431	99.5381	17.8014	36.3	60
dDocent_Contig_2537	1	543	5	415	76.4273	1.2523	36.5	60
dDocent_Contig_2540	1	388	110	387	99.7423	40.5902	36.4	60
dDocent_Contig_2542	1	313	27	310	99.0415	12.6581	35.9	60
dDocent_Contig_2544	1	356	129	355	99.7191	52.7809	36.3	60
dDocent_Contig_2545	1	395	79	360	91.1392	27.9646	36.4	60
dDocent_Contig_2547	1	338	166	213	63.0178	69.4734	36.4	59.6
dDocent_Contig_2548	1	288	64	286	99.3056	31.5694	35.8	60
dDocent_Contig_2550	1	214	20	213	99.5327	12.4252	35.9	54
dDocent_Contig_2554	1	344	13	276	80.2326	5.4564	36.9	60
dDocent_Contig_2555	1	429	32	409	95.338	10.8695	36.3	60
dDocent_Contig_2557	1	561	90	504	89.8396	22.8699	36.4	60
dDocent_Contig_2558	1	232	12	185	79.7414	7.16379	36.7	60
dDocent_Contig_2559	1	322	25	316	98.1366	10.8043	36.4	60
dDocent_Contig_2560	1	490	33	444	90.6122	9.47755	36.6	60
dDocent_Contig_2562	1	495	12	384	77.5758	3.41818	36.3	60
dDocent_Contig_2563	1	187	2	164	87.7005	1.60428	36.8	60
dDocent_Contig_2564	1	288	158	287	99.6528	79.5521	36.3	60
dDocent_Contig_2567	1	538	17	328	60.9665	4.43309	36.7	60
dDocent_Contig_2568	1	331	53	292	88.2175	22.9849	36.4	60
dDocent_Contig_2570	1	453	65	451	99.5585	21	36.4	60
dDocent_Contig_2571	1	556	27	527	94.7842	6.79496	36.6	59.9
dDocent_Contig_2572	1	351	25	344	98.0057	9.78348	36.7	60
dDocent_Contig_2573	1	266	16	213	80.0752	8	36.2	59.8
dDocent_Contig_2574	1	270	3	197	72.963	1.66667	36.3	60
dDocent_Contig_2576	1	309	71	308	99.6764	32.9288	36.2	60
dDocent_Contig_2580	1	458	125	389	84.9345	38.7293	35.7	60
dDocent_Contig_2583	1	250	5	243	97.2	2.656	34.9	60
dDocent_Contig_2585	1	329	218	328	99.696	93.6322	35.8	60
dDocent_Contig_2586	1	517	114	439	84.913	31.6364	35.8	60
dDocent_Contig_2587	1	387	139	378	97.6744	51.137	35.4	60
dDocent_Contig_2591	1	304	58	226	74.3421	27.4375	36.5	60
dDocent_Contig_2592	1	584	475	531	90.9247	118.247	36.3	60
dDocent_Contig_2593	1	358	126	357	99.7207	51.0084	36.5	60
dDocent_Contig_2600	1	425	2	150	35.2941	0.524706	36.4	60
dDocent_Contig_2601	1	355	111	355	100	45.3606	36.3	60
dDocent_Contig_2602	1	520	170	518	99.6154	45.5365	36.1	60
dDocent_Contig_2603	1	233	129	221	94.8498	80.0129	36.5	60
dDocent_Contig_2604	1	371	8	264	71.159	3.20755	36	60
dDocent_Contig_2605	1	532	21	321	60.3383	5.56955	36.1	60
dDocent_Contig_2606	1	355	207	348	98.0282	85.293	36.3	60
dDocent_Contig_2607	1	431	3	143	33.1787	0.897912	34	60
dDocent_Contig_2608	1	511	3	248	48.5323	0.880626	36.9	60
dDocent_Contig_2609	1	219	3	163	74.4292	1.94521	36.9	60
dDocent_Contig_2610	1	369	16	317	85.9079	5.54472	36.5	60
dDocent_Contig_2611	1	433	2	161	37.1824	0.692841	36.8	60
dDocent_Contig_2615	1	270	49	270	100	26.0481	36.5	60
dDocent_Contig_2616	1	592	62	471	79.5608	15.2483	36.8	60
dDocent_Contig_2620	1	399	105	399	100	37.817	36.2	60
dDocent_Contig_2621	1	371	47	362	97.5741	18.5337	36.5	60
dDocent_Contig_2622	1	373	3	288	77.2118	1.19571	36.9	60
dDocent_Contig_2627	1	318	22	316	99.3711	9.75472	36.3	60
dDocent_Contig_2628	1	437	16	335	76.659	5.18535	36.6	60
dDocent_Contig_2630	1	226	10	224	99.115	6.42035	35.2	60
dDocent_Contig_2631	1	321	24	277	86.2928	9.29907	36	58.5
dDocent_Contig_2632	1	339	58	337	99.41	24.9292	36.6	60
dDocent_Contig_2634	1	444	26	222	50	8.09009	36.5	60
dDocent_Contig_2635	1	257	17	249	96.8872	9.07782	36.7	60
dDocent_Contig_2639	1	314	5	211	67.1975	2.05414	36.7	60
dDocent_Contig_2640	1	579	4	357	61.658	0.92228	36.9	60
dDocent_Contig_2644	1	389	132	347	89.2031	49.0591	36.6	60
dDocent_Contig_2645	1	321	18	296	92.2118	8.29595	36.4	60
dDocent_Contig_2648	1	337	169	337	100	71.6024	36.2	60
dDocent_Contig_2654	1	276	3	177	64.1304	1.55435	36.6	60
dDocent_Contig_2655	1	406	101	394	97.0443	35.6059	36.7	60
dDocent_Contig_2657	1	256	117	256	100	66.1445	36.3	60
dDocent_Contig_2658	1	451	5	339	75.1663	1.3969	36.9	60
dDocent_Contig_2660	1	474	113	473	99.789	34.8586	36.5	60
dDocent_Contig_2663	1	263	14	262	99.6198	6.31179	36.4	60
dDocent_Contig_2664	1	467	53	390	83.5118	16.2998	36.2	60
dDocent_Contig_2667	1	390	123	366	93.8462	45.2385	36.3	60
dDocent_Contig_2668	1	478	84	426	89.1213	24.7008	36.5	60
dDocent_Contig_2669	1	335	11	302	90.1493	4.74627	36.6	60
dDocent_Contig_2671	1	261	255	260	99.6169	136.567	36.3	55.4
dDocent_Contig_2677	1	233	86	231	99.1416	53.1073	36.4	60
dDocent_Contig_2678	1	300	45	287	95.6667	21.8333	36.3	60
dDocent_Contig_2680	1	354	12	248	70.0565	4.43785	36.6	60
dDocent_Contig_2681	1	405	32	361	89.1358	11.3235	36.5	60
dDocent_Contig_2683	1	331	74	330	99.6979	32.6163	36.6	60
dDocent_Contig_2685	1	430	28	398	92.5581	9.52791	36.3	60
dDocent_Contig_2686	1	476	127	387	81.3025	38.395	36.4	60
dDocent_Contig_2687	1	251	49	248	98.8048	27.0797	36.7	60
dDocent_Contig_2694	1	510	255	508	99.6078	67.3804	36.5	54.8
dDocent_Contig_2696	1	432	191	382	88.4259	64.8519	36.2	60
dDocent_Contig_2698	1	241	22	240	99.5851	12.8714	36.1	60
dDocent_Contig_2699	1	448	92	395	88.1696	27.7879	35.7	60
dDocent_Contig_2700	1	400	2	120	30	0.6	36.6	60
dDocent_Contig_2701	1	282	113	281	99.6454	57.6064	36.6	60
dDocent_Contig_2702	1	363	71	360	99.1736	27.3113	36.6	60
dDocent_Contig_2703	1	342	49	195	57.0175	18.7193	36.4	55.4
dDocent_Contig_2704	1	338	576	337	99.7041	234.254	36.2	57.8
dDocent_Contig_2705	1	249	27	244	97.992	15.241	36.1	60
dDocent_Contig_2713	1	507	94	461	90.927	26.3629	36.5	60
dDocent_Contig_2714	1	361	101	360	99.723	40.3934	36.4	60
dDocent_Contig_2716	1	393	179	383	97.4555	62.9211	35.4	60
dDocent_Contig_2718	1	300	8	288	96	3.6	34.9	60
dDocent_Contig_2719	1	261	14	230	88.1226	7.68582	36.1	60
dDocent_Contig_2723	1	372	238	371	99.7312	90.2043	36.4	60
dDocent_Contig_2727	1	501	101	484	96.6068	28.5309	36.4	59.5
dDocent_Contig_2731	1	467	94	461	98.7152	29.4004	36.6	60
dDocent_Contig_2736	1	581	2853	581	100	644.747	35.3	60
dDocent_Contig_2740	1	534	9	334	62.5468	2.38202	36.6	60
dDocent_Contig_2744	1	359	42	353	98.3287	16.9638	36.2	60
dDocent_Contig_2746	1	328	3	178	54.2683	1.37195	36.3	60
dDocent_Contig_2748	1	328	39	295	89.939	17.2805	36.4	60
dDocent_Contig_2754	1	399	104	398	99.7494	36.7343	36.4	59.8
dDocent_Contig_2755	1	330	102	328	99.3939	44.9242	36.3	60
dDocent_Contig_2756	1	376	31	372	98.9362	11.8165	36.8	60
dDocent_Contig_2758	1	344	87	342	99.4186	36.782	36.2	60
dDocent_Contig_2762	1	331	50	330	99.6979	21.6163	36	60
dDocent_Contig_2763	1	234	73	233	99.5726	41.7521	36.4	59.8
dDocent_Contig_2766	1	501	46	476	95.01	13.3693	36.2	60
dDocent_Contig_2767	1	385	22	350	90.9091	8.27013	36.7	60
dDocent_Contig_2771	1	241	19	233	96.6805	11.0664	35	60
dDocent_Contig_2772	1	397	97	286	72.0403	34.8338	36.4	60
dDocent_Contig_2774	1	330	10	153	46.3636	3.71818	36.7	60
dDocent_Contig_2775	1	237	94	237	100	54.7426	36.4	60
dDocent_Contig_2776	1	365	46	352	96.4384	18.1205	36.1	60
dDocent_Contig_2779	1	462	89	446	96.5368	28.3247	36.1	60
dDocent_Contig_2780	1	323	252	323	100	112.331	36.4	60
dDocent_Contig_2781	1	289	101	288	99.654	51.2872	36.6	60
dDocent_Contig_2783	1	455	92	373	81.978	29.7978	36.6	60
dDocent_Contig_2788	1	348	48	344	98.8506	19.7385	36.4	60
dDocent_Contig_2792	1	275	13	268	97.4545	6.78545	36.8	60
dDocent_Contig_2801	1	266	17	248	93.2331	8.99624	36.4	60
dDocent_Contig_2802	1	210	111	208	99.0476	75.5524	36.4	60
dDocent_Contig_2805	1	315	13	242	76.8254	6.07937	36.4	60
dDocent_Contig_2812	1	441	7	322	73.0159	2.38095	36.4	60
dDocent_Contig_2818	1	585	70	513	87.6923	16.9231	36.2	60
dDocent_Contig_2819	1	384	19	290	75.5208	6.65104	36.6	60
dDocent_Contig_2820	1	237	33	236	99.5781	19.962	36.4	60
dDocent_Contig_2823	1	305	21	304	99.6721	9.56721	36.6	60
dDocent_Contig_2827	1	539	1	133	24.6753	0.246753	35.6	60
dDocent_Contig_2828	1	370	76	359	97.027	28.7324	36.2	60
dDocent_Contig_2830	1	297	6	161	54.2088	2.83165	35	49.3
dDocent_Contig_2831	1	498	106	476	95.5823	31.3373	36.3	60
dDocent_Contig_2833	1	565	291	561	99.292	72.2832	36.1	60
dDocent_Contig_2835	1	333	1	127	38.1381	0.381381	36.7	60
dDocent_Contig_2836	1	265	6	264	99.6226	3.3283	36.5	60
dDocent_Contig_2839	1	454	111	401	88.326	35.011	36.4	60
dDocent_Contig_2840	1	400	31	373	93.25	11.3125	36.6	60
dDocent_Contig_2843	1	312	43	310	99.359	19.6731	36.7	60
dDocent_Contig_2844	1	364	92	363	99.7253	37.0714	36.4	60
dDocent_Contig_2845	1	171	9	168	98.2456	6.97661	36.5	60
dDocent_Contig_2846	1	433	33	417	96.3048	11.2448	36.3	60
dDocent_Contig_2848	1	191	43	190	99.4764	31.0628	36.8	60
dDocent_Contig_2849	1	398	52	377	94.7236	18.407	36.4	59.8
dDocent_Contig_2852	1	212	19	211	99.5283	12.4292	35.9	60
dDocent_Contig_2853	1	322	19	281	87.2671	8.15528	36.2	60
dDocent_Contig_2855	1	252	6	196	77.7778	3.38095	36.5	60
dDocent_Contig_2860	1	529	505	528	99.811	139.467	36.6	60
dDocent_Contig_2863	1	340	165	296	87.0588	70.2882	36.4	60
dDocent_Contig_2864	1	325	170	323	99.3846	74.2431	36.4	57.7
dDocent_Contig_2869	1	378	19	292	77.2487	6.97354	36.8	60
dDocent_Contig_2875	1	309	4	268	86.7314	1.8835	36.8	60
dDocent_Contig_2877	1	375	10	237	63.2	3.74133	36.3	60
dDocent_Contig_2879	1	328	18	251	76.5244	7.86585	36.3	60
dDocent_Contig_2883	1	314	6	162	51.5924	2.41083	36.9	60
dDocent_Contig_2885	1	353	145	352	99.7167	57.7705	36.5	60
dDocent_Contig_2888	1	360	75	356	98.8889	30.6667	36.3	60
dDocent_Contig_2890	1	565	488	565	100	125.673	36.5	60
dDocent_Contig_2891	1	340	45	308	90.5882	17.4647	35.3	60
dDocent_Contig_2894	1	364	8	254	69.7802	3.28846	35.6	60
dDocent_Contig_2897	1	451	33	434	96.2306	10.6386	36	60
dDocent_Contig_2898	1	558	276	558	100	71.5305	36.3	59.9
dDocent_Contig_2900	1	251	9	249	99.2032	4.35458	36.8	60
dDocent_Contig_2909	1	540	8	411	76.1111	1.96296	36.8	60
dDocent_Contig_2910	1	404	52	403	99.7525	18.2302	36.3	60
dDocent_Contig_2913	1	348	69	347	99.7126	28.0201	36.3	60
dDocent_Contig_2915	1	330	30	218	66.0606	13.1424	36.1	60
dDocent_Contig_2916	1	348	35	347	99.7126	13.569	36.6	60
dDocent_Contig_2917	1	386	94	381	98.7047	35.3083	36.1	60
dDocent_Contig_2921	1	356	8	238	66.8539	3.22472	36.7	60
dDocent_Contig_2923	1	263	4	261	99.2395	2.19392	35.5	60
dDocent_Contig_2926	1	474	320	362	76.3713	93.0549	36.5	57.6
dDocent_Contig_2927	1	560	2459	552	98.5714	609.036	36.4	44.2
dDocent_Contig_2928	1	223	13	221	99.1031	8.44843	36.4	60
dDocent_Contig_2931	1	342	78	341	99.7076	33.2339	36.2	60
dDocent_Contig_2933	1	473	229	473	100	66.1395	36.3	57.8
dDocent_Contig_2936	1	409	31	298	72.8606	10.9584	36.4	60
dDocent_Contig_2941	1	533	26	428	80.3002	7.04128	36.2	60
dDocent_Contig_2942	1	446	92	423	94.843	30.2735	36.2	60
dDocent_Contig_2943	1	353	14	314	88.9518	5.50708	35.5	60
dDocent_Contig_2947	1	351	55	350	99.7151	22.6268	36.7	60
dDocent_Contig_2950	1	443	57	406	91.6479	18.6862	36.2	59.6
dDocent_Contig_2952	1	408	3	347	85.049	1.04167	36.9	60
dDocent_Contig_2954	1	302	124	301	99.6689	60.6391	36.3	60
dDocent_Contig_2955	1	438	63	399	91.0959	21.395	36.3	60
dDocent_Contig_2960	1	498	21	339	68.0723	6.06225	36.4	60
dDocent_Contig_2962	1	241	101	241	100	52.9834	35.1	57.2
dDocent_Contig_2964	1	385	121	382	99.2208	44.8494	36.4	60
dDocent_Contig_2965	1	387	78	337	87.0801	29.2997	36.3	60
dDocent_Contig_2967	1	352	78	338	96.0227	32.3011	36.3	60
dDocent_Contig_2969	1	345	80	297	86.087	31.5768	35.8	60
dDocent_Contig_2970	1	587	33	392	66.7802	8.26235	36.5	60
dDocent_Contig_2971	1	468	26	358	76.4957	7.84188	36.2	60
dDocent_Contig_2972	1	329	76	328	99.696	32.5289	36.3	60
dDocent_Contig_2974	1	291	5	240	82.4742	2.57732	36.6	60
dDocent_Contig_2975	1	296	3	211	71.2838	1.43919	37	60
dDocent_Contig_2976	1	251	5	166	66.1355	2.91235	35.5	60
dDocent_Contig_2977	1	366	80	365	99.7268	31.3934	36.4	60
dDocent_Contig_2983	1	206	44	205	99.5146	30.4272	36.6	60
dDocent_Contig_2984	1	320	30	319	99.6875	13.35	36.6	60
dDocent_Contig_2985	1	417	131	372	89.2086	45.6763	36.5	60
dDocent_Contig_2989	1	380	15	139	36.5789	3.67895	36.2	60
dDocent_Contig_2990	1	262	32	261	99.6183	17.2939	36.6	60
dDocent_Contig_2993	1	265	27	263	99.2453	14.5811	36.5	60
dDocent_Contig_2994	1	398	162	397	99.7487	59.6683	36.4	60
dDocent_Contig_3003	1	398	937	398	100	271.704	35.5	41.8
dDocent_Contig_3007	1	338	21	336	99.4083	8.15385	36.3	60
dDocent_Contig_3011	1	441	18	359	81.4059	6.06122	36.8	60
dDocent_Contig_3013	1	458	3	308	67.2489	0.982533	36.7	60
dDocent_Contig_3014	1	433	49	267	61.6628	16.4342	36.6	60
dDocent_Contig_3018	1	423	28	260	61.4657	9.513	36.1	60
dDocent_Contig_3019	1	232	35	220	94.8276	21.8534	36.3	60
dDocent_Contig_3021	1	442	55	422	95.4751	18.2783	36.5	60
dDocent_Contig_3022	1	267	24	215	80.5243	12.9476	36.6	60
dDocent_Contig_3026	1	419	10	365	87.1122	3.34129	36.2	60
dDocent_Contig_3027	1	406	44	377	92.8571	15.766	36.2	60
dDocent_Contig_3028	1	461	311	460	99.7831	79.9197	36.3	59.7
dDocent_Contig_3029	1	265	31	259	97.7358	16.4377	36.4	60
dDocent_Contig_3031	1	309	50	308	99.6764	22.8867	36.3	60
dDocent_Contig_3032	1	247	5	245	99.1903	2.58704	36.8	60
dDocent_Contig_3034	1	278	42	274	98.5612	21.6007	36.7	60
dDocent_Contig_3036	1	268	3	160	59.7015	1.42164	34.1	60
dDocent_Contig_3040	1	494	60	486	98.3806	17.6478	36.5	60
dDocent_Contig_3042	1	277	144	277	100	76.3863	36.3	60
dDocent_Contig_3046	1	302	31	301	99.6689	14.1291	36.6	60
dDocent_Contig_3048	1	403	76	390	96.7742	27.6154	36.7	60
dDocent_Contig_3051	1	537	49	425	79.1434	12.2812	36.3	60
dDocent_Contig_3053	1	406	55	343	84.4828	19.0148	36.5	60
dDocent_Contig_3060	1	352	168	352	100	67.0114	36.1	59.9
dDocent_Contig_3065	1	333	75	331	99.3994	31.9369	36.2	60
dDocent_Contig_3066	1	367	27	275	74.9319	9.84741	36.9	60
dDocent_Contig_3067	1	292	475	225	77.0548	235.113	36.5	60
dDocent_Contig_3069	1	398	34	373	93.7186	12.0653	36.8	60
dDocent_Contig_3070	1	294	72	287	97.619	34.2721	36.4	60
dDocent_Contig_3071	1	210	52	210	100	35.281	36.7	60
dDocent_Contig_3072	1	422	68	384	90.9953	23.4123	36.2	60
dDocent_Contig_3074	1	432	21	323	74.7685	6.34722	35.6	60
dDocent_Contig_3075	1	450	98	450	100	31.4933	36.4	60
dDocent_Contig_3078	1	317	61	317	100	27.2587	36.5	60
dDocent_Contig_3083	1	442	51	372	84.1629	16.8959	36	60
dDocent_Contig_3085	1	376	56	327	86.9681	21.7739	36.7	60
dDocent_Contig_3092	1	167	6	159	95.2096	5.01198	36.2	60
dDocent_Contig_3093	1	277	8	244	88.0866	4.24188	35.9	60
dDocent_Contig_3096	1	273	8	139	50.9158	3.31136	35.9	60
dDocent_Contig_3101	1	318	64	317	99.6855	29.4245	36.6	60
dDocent_Contig_3102	1	285	19	258	90.5263	9.49825	36	60
dDocent_Contig_3103	1	427	76	426	99.7658	25.74	36.7	59.7
dDocent_Contig_3105	1	391	189	387	98.977	69.7519	36.1	60
dDocent_Contig_3110	1	393	55	335	85.2417	20.4198	36.7	60
dDocent_Contig_3113	1	323	52	288	89.1641	21.3406	35.7	60
dDocent_Contig_3115	1	537	43	534	99.4413	11.5531	36.4	57
dDocent_Contig_3117	1	267	74	267	100	39.2659	36.5	60
dDocent_Contig_3118	1	266	46	265	99.6241	24.7519	36.4	60
dDocent_Contig_3119	1	467	68	421	90.1499	21.1049	36.2	60
dDocent_Contig_3132	1	577	264	577	100	63.2478	36.4	58.4
dDocent_Contig_3139	1	592	83	576	97.2973	20.2736	36.4	60
dDocent_Contig_3140	1	357	26	356	99.7199	9.83193	36.3	60
dDocent_Contig_3142	1	331	37	318	96.0725	16.0816	36.5	60
dDocent_Contig_3143	1	262	117	261	99.6183	64.4008	36.6	60
dDocent_Contig_3146	1	336	23	300	89.2857	8.33333	35.2	60
dDocent_Contig_3147	1	267	50	264	98.8764	24.2584	36.4	56.2
dDocent_Contig_3148	1	499	131	499	100	37.9679	36.4	60
dDocent_Contig_3150	1	566	18	237	41.8728	4.30035	36.6	60
dDocent_Contig_3152	1	430	199	429	99.7674	65.5442	35.8	60
dDocent_Contig_3157	1	428	17	289	67.5234	5.76402	36.4	60
dDocent_Contig_3158	1	355	143	355	100	58.2592	36.5	60
dDocent_Contig_3162	1	275	51	273	99.2727	26.48	36.3	60
dDocent_Contig_3165	1	467	15	393	84.1542	4.606	36.6	60
dDocent_Contig_3168	1	328	53	319	97.2561	23.5457	36.6	60
dDocent_Contig_3172	1	417	34	376	90.1679	11.7194	36.4	60
dDocent_Contig_3176	1	397	33	394	99.2443	11.1864	36.7	56.9
dDocent_Contig_3177	1	522	4	165	31.6092	1.14943	34.3	60
dDocent_Contig_3178	1	540	206	504	93.3333	55.2111	36.4	59.5
dDocent_Contig_3180	1	555	402	554	99.8198	104.73	36.2	60
dDocent_Contig_3181	1	389	14	239	61.4396	4.67095	36.9	60
dDocent_Contig_3182	1	405	15	380	93.8272	5.22963	36.5	60
dDocent_Contig_3183	1	320	122	318	99.375	54.0875	36	60
dDocent_Contig_3187	1	239	6	221	92.4686	3.46444	36.2	60
dDocent_Contig_3189	1	414	231	414	100	80.4348	35.9	60
dDocent_Contig_3190	1	265	37	264	99.6226	19.5925	36.5	60
dDocent_Contig_3194	1	493	804	492	99.7972	238.797	36.5	60
dDocent_Contig_3195	1	475	94	421	88.6316	28.5158	36.6	60
dDocent_Contig_3196	1	318	43	285	89.6226	19.7044	35.9	60
dDocent_Contig_3198	1	341	121	197	57.7713	51.0674	36.4	60
dDocent_Contig_3200	1	345	29	343	99.4203	11.9304	36.8	60
dDocent_Contig_3203	1	400	280	251	62.75	94.245	36.5	51.8
dDocent_Contig_3205	1	405	47	282	69.6296	15.8914	36.6	60
dDocent_Contig_3207	1	454	56	414	91.1894	17.6916	36.3	60
dDocent_Contig_3208	1	403	22	401	99.5037	7.86849	36.6	60
dDocent_Contig_3211	1	515	68	423	82.1359	19.2524	36.5	60
dDocent_Contig_3213	1	293	474	293	100	233.092	36.4	60
dDocent_Contig_3214	1	256	60	240	93.75	31.1523	36.4	59.9
dDocent_Contig_3216	1	470	22	424	90.2128	6.66596	36.6	60
dDocent_Contig_3218	1	489	52	473	96.728	14.6483	36.5	60
dDocent_Contig_3219	1	355	46	327	92.1127	19.1352	36.4	60
dDocent_Contig_3224	1	342	69	340	99.4152	29.3216	36.5	60
dDocent_Contig_3230	1	356	32	307	86.236	12.6966	36.7	60
dDocent_Contig_3235	1	316	3	150	47.4684	1.18354	36.8	60
dDocent_Contig_3236	1	467	23	279	59.743	7.07495	36.7	60
dDocent_Contig_3241	1	334	54	291	87.1257	23.7275	36.4	60
dDocent_Contig_3242	1	282	22	158	56.0284	10.4043	36.3	60
dDocent_Contig_3243	1	489	9	384	78.5276	2.76074	36.7	60
dDocent_Contig_3244	1	515	80	443	86.0194	22.3417	36.4	60
dDocent_Contig_3246	1	453	413	453	100	133.073	36.3	60
dDocent_Contig_3249	1	390	127	389	99.7436	46.8026	36.3	60
dDocent_Contig_3253	1	348	76	347	99.7126	31.7414	36.3	60
dDocent_Contig_3255	1	352	34	328	93.1818	13.2557	36.6	55.6
dDocent_Contig_3256	1	352	26	343	97.4432	10.3523	36.2	60
dDocent_Contig_3257	1	576	30	538	93.4028	7.69271	36.5	60
dDocent_Contig_3258	1	356	91	339	95.2247	37.059	36.6	60
dDocent_Contig_3259	1	332	133	282	84.9398	58.0482	36.5	60
dDocent_Contig_3261	1	514	102	512	99.6109	29.0486	36.2	60
dDocent_Contig_3262	1	452	240	430	95.1327	76.8119	36.3	59.8
dDocent_Contig_3263	1	445	66	404	90.7865	21.3371	36.4	60
dDocent_Contig_3266	1	401	92	386	96.2594	33.4738	36	60
dDocent_Contig_3267	1	353	165	352	99.7167	67.9433	36.3	60
dDocent_Contig_3268	1	372	67	370	99.4624	25.8575	36.6	60
dDocent_Contig_3271	1	447	67	440	98.434	21.7718	36.4	60
dDocent_Contig_3273	1	400	1570	399	99.75	560.033	36.2	59.9
dDocent_Contig_3276	1	594	66	504	84.8485	16.1633	36.4	60
dDocent_Contig_3277	1	277	51	276	99.639	26	35.4	60
dDocent_Contig_3279	1	390	64	309	79.2308	23.8821	36.4	60
dDocent_Contig_3281	1	346	79	345	99.711	33.2919	36.3	60
dDocent_Contig_3282	1	307	91	306	99.6743	42.7427	36.1	60
dDocent_Contig_3284	1	465	52	327	70.3226	16.1527	36.3	60
dDocent_Contig_3285	1	351	25	331	94.302	10.037	36.7	60
dDocent_Contig_3287	1	394	20	392	99.4924	7.2868	36.6	60
dDocent_Contig_3289	1	360	88	306	85	35.2278	36.5	60
dDocent_Contig_3292	1	370	114	369	99.7297	43.7243	36.5	58.3
dDocent_Contig_3293	1	296	111	295	99.6622	54.4392	36.6	60
dDocent_Contig_3295	1	507	80	392	77.3176	22.9665	36.7	60
dDocent_Contig_3296	1	380	88	380	100	33.6289	36.4	60
dDocent_Contig_3300	1	475	26	348	73.2632	7.93895	36.1	60
dDocent_Contig_3305	1	425	11	225	52.9412	3.67529	36.5	60
dDocent_Contig_3309	1	285	136	283	99.2982	66.8211	35.3	60
dDocent_Contig_3312	1	172	8	171	99.4186	5.61047	36.9	60
dDocent_Contig_3315	1	343	45	342	99.7085	18.0554	36.3	60
dDocent_Contig_3316	1	402	101	391	97.2637	35.9652	36.4	60
dDocent_Contig_3318	1	239	93	238	99.5816	55.2469	36.1	60
dDocent_Contig_3319	1	254	5	243	95.6693	2.95276	36.8	60
dDocent_Contig_3323	1	396	31	324	81.8182	11.2955	36.7	60
dDocent_Contig_3325	1	425	45	380	89.4118	15.3482	36.5	60
dDocent_Contig_3327	1	312	79	311	99.6795	36.0128	36.5	60
dDocent_Contig_3328	1	437	237	408	93.3638	74.3341	36.1	45
dDocent_Contig_3329	1	310	10	308	99.3548	4.68065	36.9	60
dDocent_Contig_3334	1	526	2	181	34.4106	0.557034	36.8	60
dDocent_Contig_3336	1	439	115	438	99.7722	38.3189	36.5	60
dDocent_Contig_3337	1	292	50	277	94.863	24.7192	36.4	60
dDocent_Contig_3338	1	385	54	354	91.9481	20.0649	36.4	60
dDocent_Contig_3340	1	415	17	341	82.1687	5.66747	35.6	60
dDocent_Contig_3341	1	380	81	375	98.6842	31.2316	36.1	60
dDocent_Contig_3346	1	480	106	449	93.5417	31.2437	36.1	60
dDocent_Contig_3348	1	292	46	292	100	21.3699	36	56
dDocent_Contig_3349	1	218	76	217	99.5413	49.1239	36.5	60
dDocent_Contig_3351	1	296	10	295	99.6622	4.85135	36.5	60
dDocent_Contig_3353	1	565	9	519	91.8584	2.36637	36.2	60
dDocent_Contig_3356	1	508	22	312	61.4173	6.15551	36.8	60
dDocent_Contig_3361	1	299	67	290	96.99	32.2375	36.3	60
dDocent_Contig_3363	1	410	65	398	97.0732	21.1732	36.2	59.7
dDocent_Contig_3364	1	261	20	256	98.0843	11.2184	36	60
dDocent_Contig_3367	1	350	17	261	74.5714	6.84857	36.3	60
dDocent_Contig_3368	1	526	154	375	71.2928	41.5171	36.5	60
dDocent_Contig_3369	1	273	78	272	99.6337	40.5678	36.6	60
dDocent_Contig_3370	1	329	2	94	28.5714	0.571429	37	60
dDocent_Contig_3373	1	304	44	260	85.5263	21.0888	36.4	60
dDocent_Contig_3374	1	422	3	246	58.2938	0.810427	37	60
dDocent_Contig_3375	1	339	15	324	95.5752	6.43953	36.6	60
dDocent_Contig_3379	1	399	169	355	88.9724	61.4637	36	60
dDocent_Contig_3381	1	341	36	322	94.4282	15.4545	36.2	60
dDocent_Contig_3382	1	265	35	256	96.6038	18.9019	36.6	60
dDocent_Contig_3383	1	387	41	265	68.4755	14.7183	36.2	60
dDocent_Contig_3384	1	482	24	306	63.4855	6.42739	36	60
dDocent_Contig_3385	1	327	29	310	94.8012	12.5474	36.6	60
dDocent_Contig_3387	1	309	50	289	93.5275	22.657	36.2	55.7
dDocent_Contig_3388	1	529	854	488	92.2495	235.55	36.3	59.4
dDocent_Contig_3389	1	363	34	362	99.7245	13.5262	36	60
dDocent_Contig_3392	1	329	37	319	96.9605	16.386	36.8	60
dDocent_Contig_3394	1	336	50	336	100	21.4256	36.2	60
dDocent_Contig_3395	1	264	110	263	99.6212	59.4318	36.4	60
dDocent_Contig_3398	1	449	96	448	99.7773	30.4365	36.4	60
dDocent_Contig_3400	1	310	27	295	95.1613	12.6484	36.6	60
dDocent_Contig_3401	1	247	10	173	70.0405	5.2996	36	60
dDocent_Contig_3402	1	514	88	396	77.0428	24.5642	36	60
dDocent_Contig_3403	1	364	197	363	99.7253	78.1099	36.5	60
dDocent_Contig_3404	1	235	8	234	99.5745	4.58298	34.1	60
dDocent_Contig_3405	1	255	47	241	94.5098	26.1882	36.6	60
dDocent_Contig_3408	1	434	4	327	75.3456	1.35714	36.9	60
dDocent_Contig_3412	1	340	37	334	98.2353	15.3971	36.6	60
dDocent_Contig_3417	1	525	61	436	83.0476	16.6229	36.2	60
dDocent_Contig_3419	1	230	19	229	99.5652	11.3304	36.8	60
dDocent_Contig_3423	1	420	101	419	99.7619	35.1429	36.2	60
dDocent_Contig_3425	1	480	62	478	99.5833	18.5312	36.2	60
dDocent_Contig_3426	1	286	7	251	87.7622	3.1958	36.7	60
dDocent_Contig_3428	1	452	143	451	99.7788	45.5398	35.8	60
dDocent_Contig_3430	1	361	136	360	99.723	52.2742	36.3	60
dDocent_Contig_3431	1	376	62	373	99.2021	23.5771	36.4	60
dDocent_Contig_3432	1	503	78	404	80.3181	22.3757	36.5	60
dDocent_Contig_3434	1	352	289	352	100	119.628	36.5	60
dDocent_Contig_3435	1	544	29	465	85.4779	7.45588	36.2	60
dDocent_Contig_3436	1	308	114	307	99.6753	53.7662	36.5	60
dDocent_Contig_3437	1	253	105	252	99.6047	60.2964	36.3	60
dDocent_Contig_3438	1	234	84	233	99.5726	51.1624	36.4	60
dDocent_Contig_3439	1	573	264	571	99.651	66.5654	36.6	60
dDocent_Contig_3442	1	418	20	352	84.2105	6.94258	36.3	60
dDocent_Contig_3443	1	381	103	359	94.2257	39.3963	36	60
dDocent_Contig_3444	1	436	156	407	93.3486	51.8761	36.3	60
dDocent_Contig_3446	1	254	102	253	99.6063	57.3898	36.2	60
dDocent_Contig_3447	1	488	141	404	82.7869	40.6803	36.4	59.7
dDocent_Contig_3448	1	515	9	334	64.8544	2.50097	36.6	60
dDocent_Contig_3450	1	469	4	257	54.7974	1.27079	35.6	60
dDocent_Contig_3452	1	293	13	258	88.0546	6.5802	36.5	60
dDocent_Contig_3454	1	342	2	300	87.7193	0.877193	36.6	60
dDocent_Contig_3456	1	379	156	367	96.8338	60.1266	36.5	60
dDocent_Contig_3457	1	310	147	310	100	69.0839	36.3	60
dDocent_Contig_3462	1	283	78	280	98.9399	40.2862	36.4	60
dDocent_Contig_3464	1	531	747	530	99.8117	205.91	36.5	60
dDocent_Contig_3468	1	541	82	477	88.1701	21.7338	36.5	59.7
dDocent_Contig_3473	1	235	14	223	94.8936	8.68936	35.8	60
dDocent_Contig_3474	1	386	8	308	79.7927	3.02073	36.8	60
dDocent_Contig_3475	1	400	114	366	91.5	41.325	36.4	60
dDocent_Contig_3477	1	411	41	353	85.8881	14.2749	36.6	60
dDocent_Contig_3478	1	320	48	318	99.375	21.0531	36.4	60
dDocent_Contig_3479	1	432	4	349	80.787	1.28009	36.8	60
dDocent_Contig_3480	1	425	27	401	94.3529	9.19059	36.4	60
dDocent_Contig_3483	1	496	47	425	85.6855	13.504	36.3	60
dDocent_Contig_3487	1	439	126	437	99.5444	41.4897	36.6	60
dDocent_Contig_3489	1	363	90	362	99.7245	35.7576	36.5	60
dDocent_Contig_3491	1	268	13	251	93.6567	5.25746	34.8	60
dDocent_Contig_3492	1	369	193	368	99.729	74.2764	36.6	60
dDocent_Contig_3493	1	266	12	264	99.2481	5.97744	36.7	60
dDocent_Contig_3495	1	404	144	403	99.7525	50.3515	35	60
dDocent_Contig_3496	1	259	12	257	99.2278	6.06178	36.6	60
dDocent_Contig_3497	1	347	1	99	28.5303	0.285303	36.9	60
dDocent_Contig_3500	1	459	25	401	87.3638	7.44662	36.2	60
dDocent_Contig_3501	1	398	158	395	99.2462	57.8216	36.6	60
dDocent_Contig_3505	1	527	43	500	94.8767	11.2068	35.5	59.9
dDocent_Contig_3509	1	420	29	300	71.4286	9.85238	36.5	60
dDocent_Contig_3513	1	402	2	113	28.1095	0.562189	36.3	60
dDocent_Contig_3515	1	242	86	241	99.5868	49.9628	36.5	60
dDocent_Contig_3518	1	463	67	351	75.8099	20.3153	36.2	60
dDocent_Contig_3519	1	388	34	314	80.9278	12.5438	36.5	60
dDocent_Contig_3524	1	545	141	543	99.633	38.2385	36.6	60
dDocent_Contig_3526	1	543	122	390	71.8232	31.7919	35.8	60
dDocent_Contig_3530	1	401	138	378	94.2643	49.5661	36.4	60
dDocent_Contig_3531	1	339	11	290	85.5457	4.35398	36.4	60
dDocent_Contig_3532	1	204	20	197	96.5686	14.5098	36.5	60
dDocent_Contig_3533	1	354	71	353	99.7175	28.7147	36.6	60
dDocent_Contig_3535	1	277	51	276	99.639	26.852	35.8	60
dDocent_Contig_3536	1	504	75	426	84.5238	21.1905	36.7	60
dDocent_Contig_3538	1	263	113	262	99.6198	61.9278	36.5	60
dDocent_Contig_3540	1	489	177	371	75.8691	52.135	36.4	60
dDocent_Contig_3542	1	597	357	567	94.9749	87.6281	36.4	60
dDocent_Contig_3545	1	275	63	207	75.2727	32.0582	36.6	60
dDocent_Contig_3551	1	502	12	268	53.3865	3.31474	36.8	60
dDocent_Contig_3556	1	265	38	263	99.2453	20.9962	36.2	60
dDocent_Contig_3557	1	309	64	307	99.3528	29.7443	36.6	60
dDocent_Contig_3558	1	367	4	211	57.4932	1.42779	37	60
dDocent_Contig_3559	1	438	6	304	69.4064	1.63699	36.6	60
dDocent_Contig_3563	1	368	2	92	25	0.5	36.7	60
dDocent_Contig_3567	1	406	84	404	99.5074	30.1059	36.2	60
dDocent_Contig_3569	1	465	83	464	99.7849	25.8323	36.5	60
dDocent_Contig_3571	1	531	31	379	71.3748	8.17137	36.2	60
dDocent_Contig_3572	1	243	33	240	98.7654	19.4774	36.5	60
dDocent_Contig_3573	1	438	75	386	88.1279	24.5365	36.3	60
dDocent_Contig_3578	1	366	13	356	97.2678	4.23497	36.1	60
dDocent_Contig_3582	1	521	75	514	98.6564	21.0096	36.5	60
dDocent_Contig_3585	1	357	78	342	95.7983	31.1289	36.3	60
dDocent_Contig_3586	1	389	188	389	100	69.671	36.3	59.9
dDocent_Contig_3587	1	274	40	261	95.2555	20.6825	36.3	59.4
dDocent_Contig_3589	1	382	76	373	97.644	28.7827	36.4	60
dDocent_Contig_3591	1	450	64	448	99.5556	20.5933	36.6	59.8
dDocent_Contig_3593	1	391	6	240	61.3811	2.30179	36	60
dDocent_Contig_3594	1	526	26	414	78.7072	6.9981	36.5	60
dDocent_Contig_3596	1	269	107	264	98.1413	56.8662	36.3	60
dDocent_Contig_3598	1	299	65	299	100	31.9197	36.5	60
dDocent_Contig_3601	1	326	92	324	99.3865	41.3282	36.2	60
dDocent_Contig_3604	1	290	132	289	99.6552	66.6241	35.9	60
dDocent_Contig_3608	1	470	40	337	71.7021	12.4851	36.2	60
dDocent_Contig_3610	1	586	12	513	87.5427	3.00853	36.4	60
dDocent_Contig_3612	1	461	78	444	96.3124	24.5575	36.5	60
dDocent_Contig_3616	1	408	110	270	66.1765	38.848	36.3	60
dDocent_Contig_3617	1	306	41	304	99.3464	18.9804	36.4	60
dDocent_Contig_3619	1	316	31	297	93.9873	13.5854	36.2	60
dDocent_Contig_3624	1	307	7	267	86.9707	3.33225	36.8	60
dDocent_Contig_3631	1	451	28	420	93.1264	8.88914	36.2	60
dDocent_Contig_3632	1	424	72	424	100	23.3042	35.6	59.5
dDocent_Contig_3633	1	326	63	326	100	27.4264	36.4	60
dDocent_Contig_3639	1	322	58	295	91.6149	25.9099	35.9	60
dDocent_Contig_3640	1	316	58	314	99.3671	26.9114	36.4	60
dDocent_Contig_3643	1	400	6	243	60.75	1.85	36.2	60
dDocent_Contig_3644	1	357	36	301	84.3137	13.9692	36.3	60
dDocent_Contig_3645	1	416	59	328	78.8462	19.399	36.4	60
dDocent_Contig_3646	1	414	137	351	84.7826	48.6232	36.5	60
dDocent_Contig_3654	1	520	57	376	72.3077	13.4173	34.7	60
dDocent_Contig_3657	1	302	86	300	99.3377	41.5298	36.6	60
dDocent_Contig_3659	1	365	41	364	99.726	16.1836	36.4	60
dDocent_Contig_3660	1	411	39	313	76.1557	13.7275	36.7	60
dDocent_Contig_3661	1	478	84	405	84.728	25.1255	36.6	60
dDocent_Contig_3665	1	379	13	329	86.8074	4.44063	36.5	60
dDocent_Contig_3666	1	267	13	216	80.8989	7.18352	36.2	60
dDocent_Contig_3668	1	282	67	280	99.2908	34.1348	36.5	60
dDocent_Contig_3669	1	236	45	235	99.5763	26.3136	35.9	60
dDocent_Contig_3671	1	396	54	301	76.0101	19.351	36.7	60
dDocent_Contig_3672	1	314	17	313	99.6815	7.68153	36.6	60
dDocent_Contig_3677	1	435	56	395	90.8046	18.7724	35.9	60
dDocent_Contig_3682	1	422	4971	360	85.3081	1656.52	36.2	59.6
dDocent_Contig_3685	1	541	548	540	99.8152	137.767	36.4	59.1
dDocent_Contig_3689	1	399	10	282	70.6767	3.29073	36.5	60
dDocent_Contig_3693	1	258	37	257	99.6124	20.531	36.5	60
dDocent_Contig_3694	1	359	10	179	49.8607	3.55989	36.8	60
dDocent_Contig_3698	1	251	38	233	92.8287	21.0956	36	60
dDocent_Contig_3704	1	421	142	415	98.5748	48.9311	36.5	60
dDocent_Contig_3708	1	346	22	313	90.4624	9.19653	36.8	60
dDocent_Contig_3711	1	469	111	467	99.5736	33.968	36.4	60
dDocent_Contig_3713	1	329	2	177	53.7994	0.881459	36.8	60
dDocent_Contig_3714	1	547	110	496	90.6764	28.34	36.7	60
dDocent_Contig_3717	1	492	3	198	40.2439	0.672764	36.7	60
dDocent_Contig_3718	1	191	2	72	37.6963	0.717277	36.7	60
dDocent_Contig_3720	1	302	138	299	99.0066	65.404	36.3	60
dDocent_Contig_3723	1	424	69	340	80.1887	23.125	36.5	60
dDocent_Contig_3726	1	353	5	174	49.2918	1.89235	36.8	60
dDocent_Contig_3728	1	396	11	235	59.3434	3.76263	36.1	60
dDocent_Contig_3730	1	353	1220	248	70.255	469.705	36.3	46
dDocent_Contig_3732	1	416	19	376	90.3846	6.13942	36.3	59.2
dDocent_Contig_3734	1	306	161	305	99.6732	76.4477	36.4	60
dDocent_Contig_3735	1	493	39	363	73.6308	11.3205	35.8	60
dDocent_Contig_3736	1	488	3	357	73.1557	0.922131	36.7	60
dDocent_Contig_3741	1	314	32	239	76.1146	14.7134	36.3	60
dDocent_Contig_3742	1	409	154	408	99.7555	55.1907	36.5	60
dDocent_Contig_3745	1	515	222	514	99.8058	60.8893	36.4	59.8
dDocent_Contig_3746	1	200	7	187	93.5	5.06	36.8	60
dDocent_Contig_3751	1	371	7	329	88.6792	2.77628	36.7	60
dDocent_Contig_3754	1	346	185	342	98.8439	77.8382	36.3	60
dDocent_Contig_3757	1	526	25	518	98.4791	6.44297	36.5	60
dDocent_Contig_3759	1	227	5	211	92.9515	2.92952	36.5	60
dDocent_Contig_3761	1	422	47	390	92.4171	16.0498	36.3	60
dDocent_Contig_3762	1	309	25	302	97.7346	11.5728	36.6	60
dDocent_Contig_3764	1	411	195	395	96.1071	59.1119	35.4	60
dDocent_Contig_3766	1	279	60	276	98.9247	30.7527	36.2	60
dDocent_Contig_3769	1	234	50	233	99.5726	29.9701	36.1	60
dDocent_Contig_3774	1	593	38878	593	100	9156.42	36.2	54.6
dDocent_Contig_3775	1	460	52	415	90.2174	16.3196	36.6	60
dDocent_Contig_3779	1	388	2	225	57.9897	0.685567	36.9	60
dDocent_Contig_3780	1	329	3	277	84.1945	1.16413	35.9	60
dDocent_Contig_3784	1	312	47	311	99.6795	21.2179	36.1	60
dDocent_Contig_3785	1	395	95	395	100	34.9797	36.3	60
dDocent_Contig_3786	1	469	123	467	99.5736	37.6482	36.2	60
dDocent_Contig_3787	1	422	52	403	95.4976	17.4502	36.6	60
dDocent_Contig_3792	1	230	30	228	99.1304	18.1826	36.5	60
dDocent_Contig_3793	1	249	3	231	92.7711	1.69478	36.7	60
dDocent_Contig_3807	1	412	29	410	99.5146	10.2961	36.6	60
dDocent_Contig_3808	1	269	102	266	98.8848	55.1784	36.7	60
dDocent_Contig_3811	1	359	122	357	99.4429	48.4485	36.5	60
dDocent_Contig_3812	1	394	109	369	93.6548	39	35.8	60
dDocent_Contig_3814	1	404	115	366	90.5941	41.1856	36.1	60
dDocent_Contig_3817	1	461	40	444	96.3124	12.7505	36.3	60
dDocent_Contig_3819	1	444	51	428	96.3964	16.3649	36.4	60
dDocent_Contig_3820	1	305	17	217	71.1475	7.26557	35.9	60
dDocent_Contig_3821	1	388	100	385	99.2268	37.732	36.6	60
dDocent_Contig_3823	1	270	37	249	92.2222	19.3148	36.5	60
dDocent_Contig_3827	1	361	75	355	98.338	28.831	36.4	59.7
dDocent_Contig_3830	1	375	38	256	68.2667	14.704	36.3	60
dDocent_Contig_3831	1	405	9	260	64.1975	3.13086	36.5	60
dDocent_Contig_3835	1	342	47	265	77.4854	19.3801	36.4	60
dDocent_Contig_3836	1	179	13	177	98.8827	9.85475	35.7	60
dDocent_Contig_3837	1	318	61	318	100	26.195	36.1	60
dDocent_Contig_3841	1	300	23	287	95.6667	11.0767	36.8	60
dDocent_Contig_3842	1	447	94	306	68.4564	30.4251	36.4	60
dDocent_Contig_3844	1	395	160	395	100	58.7418	35.7	60
dDocent_Contig_3847	1	411	10	385	93.674	3.32847	36.6	60
dDocent_Contig_3851	1	254	86	254	100	48.4331	36.3	60
dDocent_Contig_3853	1	281	2	217	77.2242	0.957295	36.7	60
dDocent_Contig_3854	1	224	2	130	58.0357	1.16071	36.9	60
dDocent_Contig_3860	1	391	4	281	71.867	1.42199	36.3	60
dDocent_Contig_3862	1	252	46	251	99.6032	26.3056	36.8	60
dDocent_Contig_3866	1	494	165	488	98.7854	47.9615	36.5	60
dDocent_Contig_3869	1	413	10	236	57.1429	3.51816	36.3	60
dDocent_Contig_3870	1	345	42	316	91.5942	17.5855	36.2	60
dDocent_Contig_3871	1	428	134	428	100	44.8154	36.3	60
dDocent_Contig_3872	1	369	11	313	84.8238	3.30894	35.9	60
dDocent_Contig_3873	1	353	20	332	94.051	8.10765	36.6	60
dDocent_Contig_3876	1	382	16	229	59.9476	5.01047	35.8	54.3
dDocent_Contig_3879	1	483	67	464	96.0663	19.7122	36.3	59.5
dDocent_Contig_3880	1	368	99	367	99.7283	38.7717	35.7	60
dDocent_Contig_3881	1	392	51	350	89.2857	18.6454	36.6	60
dDocent_Contig_3884	1	343	50	339	98.8338	20.4781	36.6	58.2
dDocent_Contig_3889	1	399	53	311	77.9449	19.3258	36.7	60
dDocent_Contig_3890	1	264	126	262	99.2424	68.5644	36.3	60
dDocent_Contig_3892	1	268	102	268	100	55.2537	36.3	60
dDocent_Contig_3896	1	389	324	386	99.2288	110.643	36.5	57.7
dDocent_Contig_3899	1	412	31	407	98.7864	10.517	36.5	60
dDocent_Contig_3902	1	375	79	374	99.7333	30.296	36.4	60
dDocent_Contig_3903	1	500	41	408	81.6	12.022	36.5	60
dDocent_Contig_3904	1	444	46	354	79.7297	15.1779	36.2	60
dDocent_Contig_3907	1	319	46	318	99.6865	20.2915	35.9	60
dDocent_Contig_3909	1	456	174	455	99.7807	52.1842	36.5	50
dDocent_Contig_3911	1	413	88	394	95.3995	30.6901	36.3	60
dDocent_Contig_3914	1	434	35	388	89.4009	11.6359	36.6	60
dDocent_Contig_3918	1	266	26	265	99.6241	13.5977	36.1	59.6
dDocent_Contig_3919	1	266	37	262	98.4962	19.7857	36.4	60
dDocent_Contig_3921	1	241	79	240	99.5851	47.332	36.3	60
dDocent_Contig_3922	1	403	1	67	16.6253	0.166253	35.9	60
dDocent_Contig_3923	1	304	58	272	89.4737	27.5099	36.5	60
dDocent_Contig_3924	1	380	75	379	99.7368	28.7842	36.6	60
dDocent_Contig_3925	1	434	175	421	97.0046	59.1889	36.5	60
dDocent_Contig_3926	1	353	98	286	81.0198	39.9292	36.4	60
dDocent_Contig_3930	1	349	43	347	99.4269	16.6103	35.9	56.5
dDocent_Contig_3933	1	423	166	371	87.7069	56.4161	36.3	60
dDocent_Contig_3934	1	285	94	219	76.8421	46.6772	36.3	60
dDocent_Contig_3935	1	560	63	310	55.3571	16.2357	36.2	60
dDocent_Contig_3942	1	275	63	273	99.2727	32.6655	36.6	60
dDocent_Contig_3945	1	485	2	282	58.1443	0.581443	36.9	60
dDocent_Contig_3947	1	181	15	180	99.4475	11.8066	36.9	60
dDocent_Contig_3949	1	331	1	140	42.2961	0.422961	36.8	60
dDocent_Contig_3953	1	361	134	360	99.723	48.5069	36.3	54.1
dDocent_Contig_3955	1	243	23	242	99.5885	13.8107	35.9	60
dDocent_Contig_3958	1	453	62	364	80.3532	19.6843	36.1	60
dDocent_Contig_3959	1	348	43	295	84.7701	17.3678	36.4	60
dDocent_Contig_3960	1	345	98	343	99.4203	41.4319	36.3	60
dDocent_Contig_3961	1	256	34	255	99.6094	18.2734	36.3	60
dDocent_Contig_3962	1	579	61	539	93.0915	15.1399	36.5	60
dDocent_Contig_3963	1	303	914	303	100	435.713	36.3	59.9
dDocent_Contig_3964	1	490	16	313	63.8776	4.21224	36.3	60
dDocent_Contig_3966	1	336	6	186	55.3571	2.2619	36.7	60
dDocent_Contig_3967	1	428	43	426	99.5327	14.3178	36.8	60
dDocent_Contig_3968	1	411	87	410	99.7567	30.5523	36.3	60
dDocent_Contig_3973	1	567	71	566	99.8236	18.1852	36.4	60
dDocent_Contig_3974	1	364	105	363	99.7253	42.3681	36.5	60
dDocent_Contig_3975	1	542	16	433	79.8893	4.3321	36.4	60
dDocent_Contig_3979	1	293	25	246	83.959	12.099	36.7	60
dDocent_Contig_3982	1	274	67	274	100	34.562	36.5	60
dDocent_Contig_3984	1	493	81	353	71.6024	23.5193	36.6	60
dDocent_Contig_3985	1	550	83	424	77.0909	21.1673	36.5	60
dDocent_Contig_3989	1	550	36	301	54.7273	9.14364	36	60
dDocent_Contig_3990	1	391	4	355	90.7928	1.47826	36.9	60
dDocent_Contig_3992	1	308	7	254	82.4675	2.93506	36.3	60
dDocent_Contig_3995	1	551	26	460	83.4846	6.68058	36.3	60
dDocent_Contig_3997	1	412	30	308	74.7573	10.4782	36.6	60
dDocent_Contig_3998	1	474	61	302	63.7131	18.2658	36.6	60
dDocent_Contig_4001	1	526	57	420	79.8479	15.1198	35.9	60
dDocent_Contig_4005	1	358	26	355	99.162	10.3156	36.3	60
dDocent_Contig_4007	1	492	186	492	100	54.1098	36.3	59.7
dDocent_Contig_4010	1	215	5	159	73.9535	3.00465	36.6	60
dDocent_Contig_4011	1	234	1	107	45.7265	0.457265	33.6	29
dDocent_Contig_4013	1	439	5	208	47.3804	1.6697	36.7	60
dDocent_Contig_4016	1	282	131	282	100	66.4078	36.4	60
dDocent_Contig_4018	1	357	57	351	98.3193	23.1092	36.3	60
dDocent_Contig_4022	1	238	47	237	99.5798	27.8067	36.5	60
dDocent_Contig_4029	1	332	236	330	99.3976	103.223	36.4	60
dDocent_Contig_4030	1	173	19	171	98.8439	15.3468	36.6	60
dDocent_Contig_4031	1	583	38	338	57.976	9.1235	36.6	60
dDocent_Contig_4032	1	473	92	454	95.9831	27.3658	36.2	57.1
dDocent_Contig_4033	1	289	82	288	99.654	40.5225	36.6	60
dDocent_Contig_4036	1	247	54	247	100	30.1012	35.3	60
dDocent_Contig_4039	1	590	257	558	94.5763	63.7949	36.3	60
dDocent_Contig_4040	1	393	6	336	85.4962	2.26972	36.6	60
dDocent_Contig_4043	1	368	4	300	81.5217	1.63043	36.4	60
dDocent_Contig_4045	1	411	21	374	90.9976	6.83698	36.6	60
dDocent_Contig_4046	1	549	129	545	99.2714	33.9217	36.6	60
dDocent_Contig_4047	1	304	88	240	78.9474	41.6645	36.3	60
dDocent_Contig_4048	1	321	15	302	94.081	6.16822	36.6	60
dDocent_Contig_4052	1	408	33	337	82.598	10.973	36.2	49.9
dDocent_Contig_4056	1	365	13	262	71.7808	4.33425	36.3	59.8
dDocent_Contig_4057	1	356	2	153	42.9775	0.842697	36.8	60
dDocent_Contig_4062	1	317	22	269	84.858	9.39748	36.4	60
dDocent_Contig_4063	1	438	17	393	89.726	5.6347	35.9	60
dDocent_Contig_4066	1	424	130	389	91.7453	44.8042	36.4	60
dDocent_Contig_4067	1	573	24	431	75.2182	6.00175	36.4	60
dDocent_Contig_4070	1	507	4	267	52.6627	1.05128	36.3	60
dDocent_Contig_4072	1	340	17	238	70	7.16765	35.3	60
dDocent_Contig_4073	1	260	8	259	99.6154	4.5	36.7	60
dDocent_Contig_4075	1	327	53	294	89.9083	22.9755	36.3	60
dDocent_Contig_4077	1	282	55	280	99.2908	27.2376	36.5	60
dDocent_Contig_4079	1	343	53	343	100	22.5889	36.3	60
dDocent_Contig_4081	1	586	81	586	100	18.3089	36.5	57.8
dDocent_Contig_4083	1	529	36	504	95.2741	9.35539	36.3	59.4
dDocent_Contig_4084	1	302	200	301	99.6689	95.7583	36.5	60
dDocent_Contig_4085	1	239	68	238	99.5816	40.4519	36.2	60
dDocent_Contig_4087	1	272	138	271	99.6324	73.1581	36.4	60
dDocent_Contig_4088	1	450	85	423	94	27.6689	36.6	60
dDocent_Contig_4093	1	428	10	291	67.9907	3.15888	36.9	60
dDocent_Contig_4095	1	268	26	214	79.8507	12.8358	36.4	60
dDocent_Contig_4097	1	482	52	445	92.3237	14.9834	36.6	60
dDocent_Contig_4101	1	272	111	271	99.6324	57.8676	36.5	60
dDocent_Contig_4102	1	282	198	277	98.227	100.518	36	60
dDocent_Contig_4103	1	359	82	358	99.7214	32.2618	36.4	60
dDocent_Contig_4108	1	426	27	345	80.9859	8.94131	36.2	60
dDocent_Contig_4110	1	335	19	334	99.7015	7.98507	36.9	60
dDocent_Contig_4111	1	336	1023	335	99.7024	396.5	35.6	57.1
dDocent_Contig_4113	1	456	50	372	81.5789	16.2193	36.6	60
dDocent_Contig_4115	1	365	102	326	89.3151	40.8603	36.4	60
dDocent_Contig_4119	1	312	76	312	100	35.75	36.5	60
dDocent_Contig_4120	1	410	39	348	84.878	13.7195	36.3	60
dDocent_Contig_4121	1	403	76	396	98.263	26.7618	36.5	60
dDocent_Contig_4122	1	391	73	379	96.9309	26.5575	36.4	60
dDocent_Contig_4123	1	410	8	285	69.5122	2.76098	36.5	60
dDocent_Contig_4124	1	264	6	263	99.6212	3.20076	36.9	60
dDocent_Contig_4126	1	458	58	426	93.0131	18.3646	36.6	60
dDocent_Contig_4127	1	175	27	174	99.4286	21.6971	36.6	60
dDocent_Contig_4128	1	260	83	259	99.6154	46.2462	36.6	60
dDocent_Contig_4129	1	512	69	423	82.6172	19.2988	36.4	60
dDocent_Contig_4130	1	475	71	423	89.0526	21.6611	36.4	60
dDocent_Contig_4131	1	360	59	245	68.0556	23.0833	36.5	60
dDocent_Contig_4136	1	395	72	377	95.443	25.6152	36.3	60
dDocent_Contig_4137	1	385	114	368	95.5844	42.9766	36.4	60
dDocent_Contig_4138	1	549	2793	548	99.8179	742.712	36.2	60
dDocent_Contig_4140	1	551	40	274	49.7278	10.5862	36	60
dDocent_Contig_4145	1	361	31	337	93.3518	11.9612	36.8	60
dDocent_Contig_4146	1	541	252	498	92.0518	67.6691	36.4	60
dDocent_Contig_4147	1	492	351	350	71.1382	91.5508	36.2	59.9
dDocent_Contig_4149	1	246	50	245	99.5935	27.3049	36.5	60
dDocent_Contig_4150	1	533	21	316	59.2871	5.00188	36.6	60
dDocent_Contig_4153	1	456	52	261	57.2368	16.614	36.4	60
dDocent_Contig_4154	1	335	71	283	84.4776	30.4299	36.2	60
dDocent_Contig_4157	1	479	187	448	93.5282	56.9436	36.6	60
dDocent_Contig_4158	1	283	2	239	84.4523	1.0106	36.7	60
dDocent_Contig_4162	1	421	371	418	99.2874	111.931	35.5	59.7
dDocent_Contig_4165	1	398	106	387	97.2362	38.6055	36.4	60
dDocent_Contig_4166	1	358	124	357	99.7207	50.176	36.3	60
dDocent_Contig_4167	1	507	34	469	92.5049	9.68245	36.4	60
dDocent_Contig_4169	1	524	95	493	94.084	25.6317	36.3	60
dDocent_Contig_4170	1	470	77	317	67.4468	22.6128	36.1	60
dDocent_Contig_4173	1	271	13	191	70.4797	6.94465	35.8	60
dDocent_Contig_4174	1	354	5	203	57.3446	1.89266	36.1	60
dDocent_Contig_4175	1	380	27	319	83.9474	9.99211	36.5	60
dDocent_Contig_4179	1	339	84	320	94.3953	35.8968	36.4	60
dDocent_Contig_4181	1	410	88	396	96.5854	30.4488	36.5	60
dDocent_Contig_4182	1	374	5	249	66.5775	2.00535	36.4	60
dDocent_Contig_4183	1	312	33	310	99.359	14.9391	36.5	60
dDocent_Contig_4184	1	328	54	269	82.0122	23.5335	36	60
dDocent_Contig_4186	1	290	40	273	94.1379	19.9034	36.4	60
dDocent_Contig_4187	1	462	60	404	87.4459	18.9221	36.5	60
dDocent_Contig_4191	1	408	26	356	87.2549	9.16912	36	60
dDocent_Contig_4192	1	313	22	293	93.6102	9.86581	35.8	60
dDocent_Contig_4196	1	441	2	161	36.5079	0.678005	36.7	60
dDocent_Contig_4197	1	262	90	261	99.6183	49.7176	36.2	60
dDocent_Contig_4198	1	388	29	378	97.4227	10.6186	36.1	60
dDocent_Contig_4201	1	508	117	506	99.6063	33.3386	36.1	60
dDocent_Contig_4202	1	285	7	266	93.3333	3.41754	35.7	60
dDocent_Contig_4203	1	509	5	389	76.4244	1.33595	36.8	60
dDocent_Contig_4204	1	489	17	325	66.4622	4.91411	36.1	60
dDocent_Contig_4205	1	447	141	418	93.5123	43.3199	35.8	59.9
dDocent_Contig_4208	1	303	559	302	99.67	266.393	36.4	60
dDocent_Contig_4209	1	432	18	368	85.1852	6.07639	36.4	60
dDocent_Contig_4210	1	299	25	285	95.3177	11.4849	36.1	60
dDocent_Contig_4212	1	248	36	247	99.5968	20.3347	36.5	60
dDocent_Contig_4217	1	271	41	270	99.631	20.524	36.4	60
dDocent_Contig_4218	1	370	37	313	84.5946	14.4351	36.3	60
dDocent_Contig_4219	1	445	559	445	100	181.488	36.3	59.4
dDocent_Contig_4222	1	410	14	343	83.6585	4.86341	36.4	60
dDocent_Contig_4223	1	363	4	234	64.4628	1.55923	36.2	60
dDocent_Contig_4225	1	404	36	401	99.2574	12.6559	35.9	60
dDocent_Contig_4227	1	304	15	282	92.7632	6.70724	36.5	60
dDocent_Contig_4229	1	343	405	343	100	138.181	35.9	57.9
dDocent_Contig_4233	1	421	50	414	98.3373	17.2375	36.3	60
dDocent_Contig_4235	1	383	61	344	89.8172	22.2533	36.5	60
dDocent_Contig_4237	1	536	940	535	99.8134	256.806	36.5	60
dDocent_Contig_4239	1	452	2	126	27.8761	0.557522	36.8	60
dDocent_Contig_4246	1	323	162	321	99.3808	59.6873	36.3	58.8
dDocent_Contig_4248	1	553	51	468	84.6293	12.2749	36.3	59.5
dDocent_Contig_4250	1	323	53	322	99.6904	24.1022	36.5	60
dDocent_Contig_4252	1	367	129	367	100	51.1907	36.4	60
dDocent_Contig_4255	1	489	667	488	99.7955	196.031	36.5	59.5
dDocent_Contig_4257	1	578	891	578	100	212.723	36.4	55.4
dDocent_Contig_4258	1	307	52	305	99.3485	23.9316	36.7	60
dDocent_Contig_4261	1	461	816	440	95.4447	230.293	36.3	59.8
dDocent_Contig_4263	1	280	13	253	90.3571	6.80714	35.7	60
dDocent_Contig_4264	1	465	96	464	99.7849	29.2022	36.4	58
dDocent_Contig_4267	1	504	66	375	74.4048	18.8889	36.6	60
dDocent_Contig_4269	1	325	135	325	100	60.2615	36.6	60
dDocent_Contig_4270	1	582	161	480	82.4742	40.7405	36.6	60
dDocent_Contig_4271	1	411	15	367	89.2944	4.90268	36.8	60
dDocent_Contig_4272	1	276	28	274	99.2754	14.087	35.8	60
dDocent_Contig_4273	1	353	43	340	96.3173	17.3711	36.5	60
dDocent_Contig_4276	1	430	23	349	81.1628	7.55116	36.6	60
dDocent_Contig_4277	1	397	78	389	97.9849	27.6322	36.1	60
dDocent_Contig_4278	1	358	45	357	99.7207	18.3659	36.3	60
dDocent_Contig_4283	1	499	257	462	92.5852	72.7375	36.4	59.4
dDocent_Contig_4285	1	229	53	229	100	34.0349	36.3	60
dDocent_Contig_4287	1	327	105	306	93.578	45.6361	36.3	60
dDocent_Contig_4291	1	418	81	404	96.6507	28.2249	36.3	60
dDocent_Contig_4292	1	269	34	268	99.6283	17.9368	36.3	60
dDocent_Contig_4293	1	482	27	481	99.7925	8.04564	36.7	60
dDocent_Contig_4295	1	342	179	342	100	76.2135	36.5	60
dDocent_Contig_4297	1	556	303	555	99.8201	78.2014	36.5	60
dDocent_Contig_4300	1	406	82	386	95.0739	28.6305	36.1	60
dDocent_Contig_4307	1	495	79	424	85.6566	22.9354	36.5	60
dDocent_Contig_4311	1	501	10	349	69.6607	2.78443	36.2	60
dDocent_Contig_4313	1	252	73	252	100	42.4762	36.6	60
dDocent_Contig_4316	1	452	132	370	81.8584	41.5265	36.3	60
dDocent_Contig_4317	1	505	7	327	64.7525	1.98812	36.3	60
dDocent_Contig_4319	1	378	77	354	93.6508	29.5	36.4	60
dDocent_Contig_4320	1	290	68	289	99.6552	34.1241	36.6	60
dDocent_Contig_4321	1	371	43	370	99.7305	16.5067	36.4	60
dDocent_Contig_4323	1	500	97	411	82.2	28.016	36.2	60
dDocent_Contig_4324	1	385	153	384	99.7403	57.1896	36.4	60
dDocent_Contig_4326	1	441	197	427	96.8254	65.2381	36.4	60
dDocent_Contig_4328	1	353	110	352	99.7167	44.5156	36.5	60
dDocent_Contig_4329	1	294	28	255	86.7347	13.9524	36.3	60
dDocent_Contig_4331	1	334	156	333	99.7006	67.7695	36.7	60
dDocent_Contig_4332	1	384	129	375	97.6562	48.4062	36.4	60
dDocent_Contig_4333	1	308	29	270	87.6623	13.5195	36.1	60
dDocent_Contig_4335	1	507	53	361	71.2032	14.6055	35.7	60
dDocent_Contig_4339	1	488	137	474	97.1311	40.4857	36.4	59.8
dDocent_Contig_4340	1	328	112	327	99.6951	49.9482	36.5	60
dDocent_Contig_4341	1	470	93	355	75.5319	28.0894	36.3	60
dDocent_Contig_4347	1	383	32	372	97.1279	11.5822	36.4	60
dDocent_Contig_4348	1	456	109	423	92.7632	34.9298	36.3	60
dDocent_Contig_4351	1	603	1067	598	99.1708	255.917	36.3	60
dDocent_Contig_4354	1	415	2	168	40.4819	0.715663	36.7	60
dDocent_Contig_4355	1	583	112	552	94.6827	27.8045	36.5	60
dDocent_Contig_4357	1	361	16	206	57.0637	6.44598	36	60
dDocent_Contig_4360	1	413	295	412	99.7579	104.622	36.3	60
dDocent_Contig_4362	1	283	47	278	98.2332	24.1767	36.6	60
dDocent_Contig_4364	1	549	499	547	99.6357	130.253	36.4	59.8
dDocent_Contig_4367	1	285	5	204	71.5789	1.96491	37	60
dDocent_Contig_4368	1	266	45	257	96.6165	23.0263	36	56.2
dDocent_Contig_4370	1	373	138	353	94.6381	53.5791	36.3	60
dDocent_Contig_4371	1	417	76	387	92.8058	26.6019	36.6	60
dDocent_Contig_4372	1	178	2	154	86.5169	1.63483	36.9	60
dDocent_Contig_4373	1	398	465	397	99.7487	160.07	35.9	59.6
dDocent_Contig_4378	1	465	6	225	48.3871	1.87957	36.8	60
dDocent_Contig_4380	1	394	50	374	94.9239	18.5102	36.3	60
dDocent_Contig_4383	1	215	26	213	99.0698	17.3535	36.4	60
dDocent_Contig_4384	1	458	90	301	65.7205	28.3341	36.5	60
dDocent_Contig_4390	1	266	67	266	100	34.9699	36.3	60
dDocent_Contig_4391	1	469	25	451	96.162	7.4968	36.6	60
dDocent_Contig_4392	1	236	121	235	99.5763	73.3644	36.3	60
dDocent_Contig_4393	1	395	105	394	99.7468	38.1114	36.6	60
dDocent_Contig_4395	1	392	30	288	73.4694	10.8393	36.3	60
dDocent_Contig_4397	1	253	7	221	87.3518	3.92095	36.2	60
dDocent_Contig_4402	1	329	23	328	99.696	9.83587	36.4	60
dDocent_Contig_4403	1	336	9	169	50.2976	3.71726	36.7	60
dDocent_Contig_4404	1	470	64	402	85.5319	17.566	35.5	60
dDocent_Contig_4409	1	562	37	469	83.452	9.21708	36.7	60
dDocent_Contig_4411	1	387	42	361	93.2817	15.4987	36.5	60
dDocent_Contig_4412	1	564	351	564	100	90.3741	36.6	60
dDocent_Contig_4413	1	402	59	363	90.2985	20.1816	35.8	60
dDocent_Contig_4416	1	393	27	347	88.2952	9.95674	36.3	60
dDocent_Contig_4420	1	427	97	382	89.4614	33.6932	36.6	60
dDocent_Contig_4422	1	396	67	321	81.0606	23.6591	36.3	60
dDocent_Contig_4428	1	438	49	392	89.4977	15.5708	36.5	60
dDocent_Contig_4429	1	557	1450	556	99.8205	376.978	36.4	58.8
dDocent_Contig_4438	1	275	79	274	99.6364	36.9818	36.3	54.3
dDocent_Contig_4441	1	414	42	371	89.6135	14.5145	36.7	60
dDocent_Contig_4447	1	533	13	198	37.1482	3.33771	36.8	60
dDocent_Contig_4448	1	468	129	439	93.8034	39.5278	36.6	60
dDocent_Contig_4451	1	477	78	473	99.1614	23.8407	36.5	60
dDocent_Contig_4456	1	294	140	294	100	69.1735	36.6	60
dDocent_Contig_4459	1	534	34	236	44.1948	9.00749	36.5	60
dDocent_Contig_4460	1	573	219	532	92.8447	55.6056	36.5	60
dDocent_Contig_4461	1	337	83	328	97.3294	35.6914	36.4	60
dDocent_Contig_4465	1	343	41	339	98.8338	16.7289	36.2	60
dDocent_Contig_4466	1	515	18	501	97.2816	5.11262	36.7	60
dDocent_Contig_4468	1	280	42	268	95.7143	21.0393	35.8	60
dDocent_Contig_4470	1	406	206	390	96.0591	72.6108	36.2	60
dDocent_Contig_4475	1	463	3	176	38.013	0.87905	36.7	60
dDocent_Contig_4478	1	411	67	411	100	22.8954	36.3	60
dDocent_Contig_4480	1	356	22	354	99.4382	8.54213	35.7	60
dDocent_Contig_4484	1	254	34	244	96.063	18.3504	36.5	56.5
dDocent_Contig_4487	1	228	54	226	99.1228	32.4342	35.7	60
dDocent_Contig_4488	1	381	180	380	99.7375	68.0079	36.3	60
dDocent_Contig_4489	1	391	54	351	89.7698	20.1688	36.5	60
dDocent_Contig_4492	1	431	175	430	99.768	58.1183	36.3	60
dDocent_Contig_4494	1	365	13	301	82.4658	5.0137	36.1	60
dDocent_Contig_4496	1	472	633	471	99.7881	197.242	36.5	60
dDocent_Contig_4501	1	369	73	337	91.3279	28.8699	35.8	60
dDocent_Contig_4502	1	263	121	262	99.6198	65.8593	36.4	60
dDocent_Contig_4506	1	508	75	394	77.5591	21.5079	36.3	60
dDocent_Contig_4509	1	344	223	343	99.7093	94.7965	36.3	60
dDocent_Contig_4511	1	417	49	385	92.3261	16.7626	36.5	60
dDocent_Contig_4517	1	213	173	213	100	102.399	35.5	60
dDocent_Contig_4520	1	439	17	432	98.4055	5.40774	36.2	60
dDocent_Contig_4522	1	408	42	374	91.6667	15.0466	36.1	60
dDocent_Contig_4523	1	333	13	193	57.958	5.21321	36.9	60
dDocent_Contig_4524	1	436	80	406	93.1193	26.5986	36.5	60
dDocent_Contig_4525	1	411	23	319	77.6156	8.17275	36.2	60
dDocent_Contig_4530	1	388	101	364	93.8144	37.3634	36.6	58.8
dDocent_Contig_4534	1	484	53	428	88.4298	15.7934	36.5	60
dDocent_Contig_4535	1	395	187	394	99.7468	69.3696	36.2	60
dDocent_Contig_4536	1	450	54	449	99.7778	17.6556	36.2	60
dDocent_Contig_4537	1	386	7	250	64.7668	2.31088	36.7	60
dDocent_Contig_4538	1	253	33	252	99.6047	18.8775	36.4	60
dDocent_Contig_4541	1	252	41	250	99.2063	23.123	36.7	60
dDocent_Contig_4543	1	443	10	266	60.0451	2.77878	36.6	60
dDocent_Contig_4545	1	461	118	447	96.9631	37.026	36.2	60
dDocent_Contig_4546	1	213	22	213	100	12.3099	35.6	60
dDocent_Contig_4547	1	265	40	265	100	21.7132	36.2	60
dDocent_Contig_4549	1	273	180	272	99.6337	96.2784	36.4	60
dDocent_Contig_4552	1	355	57	354	99.7183	23.6282	36.5	60
dDocent_Contig_4556	1	575	58	526	91.4783	13.5722	35.9	60
dDocent_Contig_4559	1	250	26	249	99.6	14.624	36.4	60
dDocent_Contig_4560	1	504	510	492	97.619	147.548	36.3	60
dDocent_Contig_4562	1	333	45	291	87.3874	19.0901	36.4	60
dDocent_Contig_4563	1	377	142	377	100	54.8594	36.5	60
dDocent_Contig_4564	1	370	52	356	96.2162	20.2216	36.5	60
dDocent_Contig_4569	1	330	144	330	100	61.4182	36.2	60
dDocent_Contig_4570	1	440	12	325	73.8636	3.85227	36.7	60
dDocent_Contig_4571	1	322	26	320	99.3789	10.3944	35.8	59.7
dDocent_Contig_4572	1	365	135	351	96.1644	52.7123	35.9	59.6
dDocent_Contig_4573	1	402	85	387	96.2687	30.7761	36.2	60
dDocent_Contig_4574	1	343	18	271	79.0087	7.41108	36.6	60
dDocent_Contig_4576	1	438	10	346	78.9954	3.21005	35.1	60
dDocent_Contig_4578	1	422	8	403	95.4976	2.63033	35.7	60
dDocent_Contig_4579	1	349	95	347	99.4269	38.8539	36.3	60
dDocent_Contig_4583	1	463	190	395	85.3132	58.5119	36.6	60
dDocent_Contig_4584	1	265	20	263	99.2453	10.8679	36.2	60
dDocent_Contig_4586	1	563	137	561	99.6448	35.0799	36.3	60
dDocent_Contig_4588	1	440	7	410	93.1818	2.38636	36.8	60
dDocent_Contig_4590	1	367	37	298	81.1989	14.6921	36.7	60
dDocent_Contig_4592	1	245	331	213	86.9388	191.09	36.1	60
dDocent_Contig_4593	1	458	61	356	77.7293	19.0524	36.7	60
dDocent_Contig_4598	1	496	9	278	56.0484	2.67339	36.5	60
dDocent_Contig_4604	1	393	160	381	96.9466	57.5522	36.3	59.9
dDocent_Contig_4607	1	420	127	420	100	44.1476	36.6	60
dDocent_Contig_4609	1	441	17	404	91.61	5.35828	35.9	60
dDocent_Contig_4610	1	259	18	258	99.6139	9.90734	36.5	60
dDocent_Contig_4611	1	328	30	309	94.2073	13.5335	36.6	60
dDocent_Contig_4615	1	466	16	278	59.6567	3.92275	36	60
dDocent_Contig_4616	1	517	26	516	99.8066	7.29014	36.4	60
dDocent_Contig_4617	1	320	42	287	89.6875	19.0562	36	60
dDocent_Contig_4620	1	422	251	421	99.763	87.327	36.4	60
dDocent_Contig_4621	1	242	9	241	99.5868	5.43388	35.1	60
dDocent_Contig_4622	1	421	3	354	84.0855	1.06888	36.5	60
dDocent_Contig_4624	1	208	10	207	99.5192	6.75962	36.7	60
dDocent_Contig_4626	1	376	69	376	100	26.4335	36.5	60
dDocent_Contig_4627	1	232	75	228	98.2759	46.6293	36.6	60
dDocent_Contig_4628	1	445	174	380	85.3933	56.0022	36.1	59.5
dDocent_Contig_4629	1	400	281	349	87.25	100.198	36.4	60
dDocent_Contig_4631	1	545	156	545	100	40.2606	36.3	59.5
dDocent_Contig_4632	1	503	35	432	85.8847	9.84692	36.8	60
dDocent_Contig_4633	1	331	16	329	99.3958	6.77946	36.8	60
dDocent_Contig_4636	1	300	9	274	91.3333	3.76667	36.9	60
dDocent_Contig_4640	1	437	56	406	92.9062	18.5172	36.1	60
dDocent_Contig_4641	1	246	24	246	100	14.3821	35.9	60
dDocent_Contig_4643	1	281	104	280	99.6441	52.9395	36.5	59.9
dDocent_Contig_4645	1	552	47	462	83.6957	12.0308	36.6	60
dDocent_Contig_4648	1	251	2	154	61.3546	1.11952	36.9	60
dDocent_Contig_4650	1	393	85	392	99.7455	30.8931	36.7	60
dDocent_Contig_4655	1	415	42	317	76.3855	14.3012	36.7	60
dDocent_Contig_4657	1	564	111	440	78.0142	28.2234	36.2	60
dDocent_Contig_4659	1	500	19	196	39.2	5.198	36.4	60
dDocent_Contig_4662	1	274	29	272	99.2701	15.0401	36.5	60
dDocent_Contig_4664	1	393	51	369	93.8931	18.7354	36.7	60
dDocent_Contig_4666	1	397	124	396	99.7481	45.7557	36.5	60
dDocent_Contig_4670	1	350	211	349	99.7143	87.8257	36.4	60
dDocent_Contig_4671	1	552	93	453	82.0652	23.4366	36.4	60
dDocent_Contig_4672	1	271	16	269	99.262	8.12546	35.4	60
dDocent_Contig_4675	1	322	28	277	86.0248	12.1398	36.3	60
dDocent_Contig_4678	1	363	215	363	100	84.9146	36.3	60
dDocent_Contig_4679	1	252	8	190	75.3968	4.70238	36.7	60
dDocent_Contig_4680	1	426	92	405	95.0704	30.9061	36.5	60
dDocent_Contig_4685	1	389	76	387	99.4859	27.9203	36.7	60
dDocent_Contig_4687	1	369	31	300	81.3008	11.6585	36.7	60
dDocent_Contig_4694	1	435	60	344	79.0805	20.2299	36.4	60
dDocent_Contig_4695	1	429	39	409	95.338	13.2284	36.6	59.6
dDocent_Contig_4696	1	477	203	477	100	61.4151	36.1	59.3
dDocent_Contig_4702	1	346	20	337	97.3988	8.17052	36.5	60
dDocent_Contig_4706	1	461	488	455	98.6985	151.03	36.4	60
dDocent_Contig_4707	1	297	2	167	56.229	1.0101	36.9	60
dDocent_Contig_4708	1	272	32	271	99.6324	16.8382	36.4	60
dDocent_Contig_4710	1	264	57	262	99.2424	30.1212	36.5	60
dDocent_Contig_4712	1	474	21	467	98.5232	6.17089	36.6	60
dDocent_Contig_4714	1	396	4	217	54.798	1.42424	35.8	60
dDocent_Contig_4716	1	484	79	377	77.8926	22.8926	36.4	60
dDocent_Contig_4719	1	536	25	363	67.7239	6.83769	35.9	60
dDocent_Contig_4720	1	403	46	376	93.3002	16.3821	36.5	60
dDocent_Contig_4721	1	283	6	256	90.4594	3.11661	36.8	60
dDocent_Contig_4724	1	412	60	411	99.7573	20.4927	36.5	60
dDocent_Contig_4725	1	416	11	412	99.0385	3.77163	36.5	60
dDocent_Contig_4727	1	517	23	370	71.5667	6.03482	36.5	60
dDocent_Contig_4731	1	530	228	528	99.6226	60.083	36.6	59.7
dDocent_Contig_4735	1	393	11	289	73.5369	4.12723	35.8	60
dDocent_Contig_4736	1	338	1	112	33.1361	0.331361	36.9	60
dDocent_Contig_4747	1	320	125	319	99.6875	56.2094	36.4	59.9
dDocent_Contig_4751	1	350	53	318	90.8571	21.76	36.4	60
dDocent_Contig_4757	1	394	18	321	81.4721	6.57868	36.2	60
dDocent_Contig_4758	1	378	237	362	95.7672	91.0794	36.5	60
dDocent_Contig_4763	1	307	73	306	99.6743	33.8046	36.3	59.7
dDocent_Contig_4765	1	363	14	334	92.011	5.66391	35.8	60
dDocent_Contig_4769	1	424	126	336	79.2453	42.2877	36	60
dDocent_Contig_4770	1	407	68	406	99.7543	24.4251	36.2	60
dDocent_Contig_4773	1	357	181	357	100	73.2913	36.4	59.8
dDocent_Contig_4774	1	200	5	135	67.5	3.095	36.8	60
dDocent_Contig_4775	1	461	18	364	78.9588	5.44035	36.3	60
dDocent_Contig_4777	1	539	45	458	84.9722	11.6827	36.6	60
dDocent_Contig_4783	1	360	50	350	97.2222	19.9889	35.5	60
dDocent_Contig_4784	1	383	101	382	99.7389	36.6789	36.2	58.8
dDocent_Contig_4785	1	466	41	295	63.3047	12.7554	36.5	60
dDocent_Contig_4786	1	358	196	357	99.7207	79.9469	36.3	60
dDocent_Contig_4788	1	633	75	295	46.6035	16.7188	36.3	60
dDocent_Contig_4792	1	304	48	303	99.6711	22.0428	35.9	60
dDocent_Contig_4793	1	472	21	342	72.4576	6.15254	36.7	60
dDocent_Contig_4794	1	274	32	245	89.4161	16.2153	36.6	60
dDocent_Contig_4795	1	519	93	376	72.447	26.2235	36.6	60
dDocent_Contig_4799	1	394	84	362	91.8782	29.4898	36.3	60
dDocent_Contig_4800	1	542	176	540	99.631	45.7325	36.3	59.8
dDocent_Contig_4803	1	294	337	294	100	160.83	36.5	59.5
dDocent_Contig_4805	1	445	11	229	51.4607	3.42697	36.8	60
dDocent_Contig_4807	1	339	82	335	98.8201	35.1416	36.4	60
dDocent_Contig_4808	1	472	922	471	99.7881	285.373	36.4	60
dDocent_Contig_4811	1	277	40	273	98.556	20.2599	36.3	60
dDocent_Contig_4815	1	545	149	544	99.8165	39.778	36.4	60
dDocent_Contig_4817	1	361	57	360	99.723	22.8089	36.2	60
dDocent_Contig_4819	1	458	39	455	99.345	11.8319	35.4	60
dDocent_Contig_4823	1	368	21	367	99.7283	8.05435	36.5	60
dDocent_Contig_4826	1	222	5	165	74.3243	3.05856	36.2	60
dDocent_Contig_4827	1	465	38	323	69.4624	11.957	36.6	60
dDocent_Contig_4828	1	306	94	305	99.6732	43.8693	36.1	59.9
dDocent_Contig_4829	1	255	55	254	99.6078	30.1608	36.3	60
dDocent_Contig_4831	1	340	48	289	85	20.2382	36	60
dDocent_Contig_4832	1	377	70	374	99.2042	26.7029	36.2	60
dDocent_Contig_4833	1	303	136	303	100	64.8581	36.5	60
dDocent_Contig_4834	1	491	507	489	99.5927	148.562	36.5	60
dDocent_Contig_4838	1	408	60	406	99.5098	20.75	35.9	60
dDocent_Contig_4839	1	384	54	377	98.1771	20.3281	36.4	60
dDocent_Contig_4840	1	414	157	400	96.6184	54.558	36.5	60
dDocent_Contig_4841	1	284	3	136	47.8873	1.38732	36.5	60
dDocent_Contig_4843	1	423	51	258	60.9929	17.2009	36.4	60
dDocent_Contig_4845	1	589	51	529	89.8132	12.0628	36.4	60
dDocent_Contig_4848	1	571	161	570	99.8249	38.7636	36.5	59.4
dDocent_Contig_4849	1	281	36	228	81.1388	17.5907	36.7	60
dDocent_Contig_4850	1	381	58	381	100	22.0446	36.5	60
dDocent_Contig_4851	1	562	249	556	98.9324	64.2367	36.5	59.7
dDocent_Contig_4855	1	501	277	499	99.6008	76.475	36.3	57.6
dDocent_Contig_4857	1	493	83	455	92.2921	24.8377	36.6	60
dDocent_Contig_4860	1	356	13	261	73.3146	5.1882	36.7	60
dDocent_Contig_4862	1	338	173	337	99.7041	75.2041	36.5	60
dDocent_Contig_4865	1	416	151	400	96.1538	52.5913	36.2	59.4
dDocent_Contig_4868	1	263	14	225	85.5513	6.97719	35.8	60
dDocent_Contig_4873	1	428	46	386	90.1869	15.5607	36	60
dDocent_Contig_4874	1	322	11	312	96.8944	5.09627	35.9	60
dDocent_Contig_4875	1	347	8	277	79.8271	3.25072	36.4	60
dDocent_Contig_4880	1	296	41	296	100	20.5101	35.9	60
dDocent_Contig_4881	1	255	2	172	67.451	0.996078	36.4	60
dDocent_Contig_4883	1	160	5	154	96.25	3.7125	36.7	60
dDocent_Contig_4889	1	439	11	214	48.7472	3.66287	36.8	60
dDocent_Contig_4891	1	572	459	544	95.1049	116.161	36.4	59.8
dDocent_Contig_4892	1	390	98	389	99.7436	36.6359	36.4	60
dDocent_Contig_4898	1	165	17	163	98.7879	13.6485	35.2	43.5
dDocent_Contig_4902	1	445	163	443	99.5506	50.9843	36.4	60
dDocent_Contig_4905	1	408	95	395	96.8137	33.6814	36.2	60
dDocent_Contig_4906	1	491	42	335	68.2281	11.6904	35.9	60
dDocent_Contig_4908	1	438	76	372	84.9315	24.3447	36.4	60
dDocent_Contig_4915	1	262	47	184	70.229	26.8473	36.3	36.4
dDocent_Contig_4918	1	326	16	213	65.3374	7.02454	36.2	60
dDocent_Contig_4920	1	504	109	405	80.3571	29.9722	35.4	60
dDocent_Contig_4921	1	336	9	253	75.2976	4.01786	35.8	60
dDocent_Contig_4924	1	545	29	543	99.633	7.55229	36.6	60
dDocent_Contig_4925	1	292	112	291	99.6575	54.9418	36.2	60
dDocent_Contig_4926	1	487	24	475	97.5359	7.04517	36.6	60
dDocent_Contig_4927	1	324	36	322	99.3827	16.1235	36.2	60
dDocent_Contig_4928	1	162	66	162	100	57.1173	34.8	60
dDocent_Contig_4932	1	399	22	399	100	7.66667	35.5	54
dDocent_Contig_4933	1	515	70	469	91.068	20.0311	36.7	60
dDocent_Contig_4934	1	260	62	259	99.6154	34.5923	36.3	60
dDocent_Contig_4936	1	351	69	340	96.8661	28.396	36.5	60
dDocent_Contig_4937	1	403	56	325	80.6452	19.6328	36.1	60
dDocent_Contig_4939	1	346	233	345	99.711	97.422	36.5	60
dDocent_Contig_4941	1	289	83	241	83.391	40.7128	36.5	60
dDocent_Contig_4942	1	396	13	325	82.0707	4.53535	36.9	60
dDocent_Contig_4944	1	311	15	299	96.1415	6.96785	36.4	60
dDocent_Contig_4946	1	168	57	167	99.4048	47.7262	36.2	60
dDocent_Contig_4947	1	410	16	355	86.5854	4.80976	36.7	58.6
dDocent_Contig_4949	1	315	25	264	83.8095	11.3175	36.8	60
dDocent_Contig_4950	1	291	52	264	90.7216	25.1993	36.5	60
dDocent_Contig_4951	1	503	642	428	85.0895	178.549	36.5	57.9
dDocent_Contig_4952	1	414	52	412	99.5169	17.5966	36.4	60
dDocent_Contig_4953	1	300	71	300	100	34.34	36.5	60
dDocent_Contig_4956	1	394	125	384	97.4619	45.868	36.4	60
dDocent_Contig_4963	1	595	49	584	98.1513	11.6958	36.3	60
dDocent_Contig_4964	1	387	49	237	61.2403	17.2532	36.4	60
dDocent_Contig_4966	1	376	47	359	95.4787	17.6622	36.1	60
dDocent_Contig_4968	1	284	89	284	100	45.3592	36.6	60
dDocent_Contig_4972	1	349	14	347	99.4269	5.3553	36.1	59.3
dDocent_Contig_4974	1	287	136	286	99.6516	65.8293	35.8	60
dDocent_Contig_4975	1	557	1138	557	100	297.336	36.3	60
dDocent_Contig_4977	1	314	1038	314	100	476.933	36.3	60
dDocent_Contig_4980	1	232	24	231	99.569	14.8922	36.7	60
dDocent_Contig_4981	1	222	41	220	99.0991	26.1351	36.1	60
dDocent_Contig_4982	1	324	87	323	99.6914	38.1019	36.3	60
dDocent_Contig_4985	1	319	52	291	91.2226	22.2257	36.3	58.8
dDocent_Contig_4987	1	404	29	328	81.1881	9.86634	36.5	60
dDocent_Contig_4990	1	388	25	354	91.2371	8.60567	36.3	60
dDocent_Contig_4991	1	289	29	287	99.308	13.0796	36.5	60
dDocent_Contig_4992	1	186	11	185	99.4624	7.40323	36.6	60
dDocent_Contig_4993	1	266	155	266	100	83.8158	36.4	60
dDocent_Contig_4995	1	597	188	596	99.8325	45.7772	36.5	60
dDocent_Contig_4997	1	415	174	413	99.5181	60.1398	36.2	60
dDocent_Contig_4999	1	433	117	432	99.7691	38.2656	36.3	59.2
dDocent_Contig_5000	1	530	115	482	90.9434	31.5792	36.2	60
dDocent_Contig_5003	1	318	15	261	82.0755	6.5566	36.8	60
dDocent_Contig_5005	1	334	10	299	89.521	4.48503	36.3	60
dDocent_Contig_5007	1	514	115	387	75.2918	32.0661	36.3	60
dDocent_Contig_5008	1	397	50	393	98.9924	18.4458	36.4	60
dDocent_Contig_5010	1	533	1170	532	99.8124	319.315	36.5	60
dDocent_Contig_5013	1	362	26	247	68.232	10.0994	36.4	60
dDocent_Contig_5017	1	563	11	472	83.8366	2.54707	36.4	60
dDocent_Contig_5018	1	395	124	365	92.4051	45.9772	36.5	60
dDocent_Contig_5022	1	260	20	191	73.4615	10.2692	35.2	60
dDocent_Contig_5027	1	416	57	408	98.0769	19.6514	36.6	60
dDocent_Contig_5031	1	424	17	422	99.5283	5.65802	36.6	58.2
dDocent_Contig_5036	1	515	79	435	84.466	22.6039	36.6	42.3
dDocent_Contig_5037	1	338	5	151	44.6746	1.9645	36.4	55
dDocent_Contig_5039	1	430	19	400	93.0233	6.27442	36.3	43.2
dDocent_Contig_5053	1	391	30	318	81.3299	11.202	35.7	60
dDocent_Contig_5054	1	473	86	440	93.0233	26.1839	36.1	60
dDocent_Contig_5055	1	249	109	248	99.5984	63.3976	36.5	60
dDocent_Contig_5056	1	265	15	259	97.7358	7.77358	36.4	60
dDocent_Contig_5059	1	225	11	214	95.1111	6.62222	36.2	60
dDocent_Contig_5061	1	188	26	187	99.4681	19.0745	36.5	60
dDocent_Contig_5062	1	245	45	244	99.5918	26.1959	36.5	60
dDocent_Contig_5064	1	364	12	218	59.8901	4.49451	36.3	60
dDocent_Contig_5067	1	410	254	410	100	79.1366	35.8	37.8
dDocent_Contig_5068	1	262	89	260	99.2366	49.042	36.4	60
dDocent_Contig_5072	1	421	4	172	40.8551	1.4133	36.8	60
dDocent_Contig_5073	1	322	33	321	99.6894	14.9876	36.4	60
dDocent_Contig_5075	1	286	13	283	98.951	5.46154	36.2	57.4
dDocent_Contig_5076	1	282	17	255	90.4255	8.17376	36.4	60
dDocent_Contig_5078	1	576	16	461	80.0347	4.04167	36.4	60
dDocent_Contig_5079	1	342	212	340	99.4152	89.7485	36.3	60
dDocent_Contig_5080	1	473	9	298	63.0021	2.70613	36.5	60
dDocent_Contig_5085	1	577	118	567	98.2669	27.279	36.3	56.2
dDocent_Contig_5088	1	253	6	252	99.6047	3.34783	33.6	60
dDocent_Contig_5090	1	396	19	291	73.4848	6.36111	36	60
dDocent_Contig_5092	1	537	336	445	82.8678	79.0652	35.4	60
dDocent_Contig_5098	1	365	35	348	95.3425	13.789	36.8	60
dDocent_Contig_5102	1	351	40	351	100	15.886	36.1	60
dDocent_Contig_5103	1	277	127	262	94.5848	64.8953	36.4	60
dDocent_Contig_5107	1	417	61	371	88.9688	21.0911	36.7	60
dDocent_Contig_5111	1	358	44	352	98.324	17.1648	36.5	60
dDocent_Contig_5113	1	279	34	271	97.1326	17.2473	36.4	50.8
dDocent_Contig_5116	1	214	50	213	99.5327	32.3738	36.2	60
dDocent_Contig_5118	1	234	13	228	97.4359	8.0641	36.7	60
dDocent_Contig_5120	1	468	87	412	88.0342	26.1132	36.2	60
dDocent_Contig_5121	1	575	1428	574	99.8261	360.645	36.1	60
dDocent_Contig_5124	1	592	4	182	30.7432	0.768581	35.6	60
dDocent_Contig_5126	1	328	174	323	98.4756	69.875	35.2	60
dDocent_Contig_5127	1	366	18	365	99.7268	6.90164	36.8	60
dDocent_Contig_5128	1	460	256	457	99.3478	80.113	36.1	60
dDocent_Contig_5131	1	397	35	290	73.0479	12.267	36.4	60
dDocent_Contig_5132	1	331	35	328	99.0937	15.281	36.6	60
dDocent_Contig_5134	1	523	32	359	68.6424	8.8891	36.3	60
dDocent_Contig_5137	1	238	48	190	79.8319	28.3487	36.6	60
dDocent_Contig_5138	1	346	123	295	85.2601	49.7948	36.3	42.9
dDocent_Contig_5139	1	293	53	286	97.6109	25.3208	36.5	60
dDocent_Contig_5141	1	355	13	354	99.7183	5.19718	35.8	60
dDocent_Contig_5142	1	255	8	231	90.5882	4.56471	36.9	60
dDocent_Contig_5143	1	364	22	325	89.2857	8.4478	36.4	60
dDocent_Contig_5145	1	566	5	494	87.2792	1.23322	36.8	60
dDocent_Contig_5146	1	272	63	272	100	32.1029	36.3	60
dDocent_Contig_5147	1	507	31	398	78.501	8.89349	36.4	60
dDocent_Contig_5149	1	345	13	345	100	5.11884	36.3	60
dDocent_Contig_5153	1	278	61	272	97.8417	31.7266	36.4	60
dDocent_Contig_5159	1	398	4	196	49.2462	1.50754	36.7	60
dDocent_Contig_5160	1	490	16	214	43.6735	4.58776	36.4	60
dDocent_Contig_5163	1	253	41	248	98.0237	23.3755	36	60
dDocent_Contig_5165	1	426	27	306	71.831	9.15493	35.7	60
dDocent_Contig_5170	1	482	693	362	75.1037	210.815	36.4	45.7
dDocent_Contig_5178	1	446	47	420	94.1704	14.2601	36.3	49.6
dDocent_Contig_5181	1	351	37	337	96.0114	14.2735	36.1	53.7
dDocent_Contig_5182	1	282	82	280	99.2908	42.3156	36.4	60
dDocent_Contig_5183	1	353	179	352	99.7167	74.4391	36.5	60
dDocent_Contig_5185	1	401	483	401	100	173.327	36.5	59.9
dDocent_Contig_5187	1	412	49	381	92.4757	17.3471	36.7	60
dDocent_Contig_5188	1	406	2	174	42.8571	0.719212	36.9	60
dDocent_Contig_5190	1	377	38	375	99.4695	13.7268	36.3	53.4
dDocent_Contig_5192	1	334	32	333	99.7006	14.0509	36.7	60
dDocent_Contig_5193	1	269	137	268	99.6283	73.7918	36.6	60
dDocent_Contig_5194	1	235	34	234	99.5745	19.5362	36.2	60
dDocent_Contig_5198	1	386	74	347	89.8964	27.842	36.2	60
dDocent_Contig_5200	1	410	2	198	48.2927	0.609756	36.9	52.5
dDocent_Contig_5203	1	220	158	219	99.5455	98.2727	36.2	60
dDocent_Contig_5204	1	467	103	465	99.5717	31.94	36.4	60
dDocent_Contig_5209	1	204	7	195	95.5882	4.51471	36.8	60
dDocent_Contig_5210	1	351	21	190	54.1311	8.07977	36.8	60
dDocent_Contig_5211	1	241	10	204	84.6473	5.75934	36.3	60
dDocent_Contig_5213	1	384	277	384	100	103.885	36.4	60
dDocent_Contig_5215	1	309	9	232	75.0809	4.28803	36.7	60
dDocent_Contig_5216	1	386	6	296	76.6839	1.82124	36.3	60
dDocent_Contig_5219	1	550	13	325	59.0909	3.31636	36.2	60
dDocent_Contig_5220	1	493	7	394	79.9189	2.12982	36.1	60
dDocent_Contig_5225	1	339	87	338	99.705	36.7463	36.5	60
dDocent_Contig_5234	1	354	17	343	96.8927	6.94068	36.5	60
dDocent_Contig_5235	1	402	78	400	99.5025	28.49	36.4	60
dDocent_Contig_5239	1	350	20	290	82.8571	8.16286	36.5	60
dDocent_Contig_5240	1	279	9	270	96.7742	4.41577	36.9	60
dDocent_Contig_5241	1	323	10	305	94.4272	4.31889	36.5	60
dDocent_Contig_5244	1	406	30	370	91.133	10.5	36.1	60
dDocent_Contig_5245	1	338	37	302	89.3491	16.0828	36.5	60
dDocent_Contig_5247	1	466	1421	459	98.4979	444.852	36.2	60
dDocent_Contig_5249	1	320	83	320	100	38.0594	36.3	60
dDocent_Contig_5250	1	228	112	227	99.5614	71.1579	36.5	60
dDocent_Contig_5253	1	484	114	440	90.9091	33.3492	35.9	60
dDocent_Contig_5258	1	432	13	354	81.9444	3.69907	35.2	60
dDocent_Contig_5259	1	437	141	364	83.2952	47.0824	36.3	60
dDocent_Contig_5260	1	510	12	253	49.6078	3.11176	36.5	60
dDocent_Contig_5261	1	577	15	467	80.9359	3.59965	36.7	60
dDocent_Contig_5262	1	328	65	306	93.2927	26.7104	36.6	60
dDocent_Contig_5264	1	362	133	343	94.7514	52.5746	36.1	60
dDocent_Contig_5266	1	253	23	251	99.2095	12.8972	36.6	60
dDocent_Contig_5268	1	207	48	206	99.5169	33	36.6	60
dDocent_Contig_5271	1	489	33	364	74.4376	9.81391	36.3	60
dDocent_Contig_5272	1	280	21	274	97.8571	10.4179	36.3	60
dDocent_Contig_5274	1	317	48	316	99.6845	21.2934	36.5	60
dDocent_Contig_5276	1	331	89	329	99.3958	39.8127	36.5	60
dDocent_Contig_5282	1	252	108	251	99.6032	61.4802	36.3	60
dDocent_Contig_5285	1	346	448	304	87.8613	180.272	36.4	56.4
dDocent_Contig_5287	1	587	12	371	63.2027	2.94889	36.2	60
dDocent_Contig_5289	1	323	134	322	99.6904	60.6811	36.5	60
dDocent_Contig_5292	1	475	79	390	82.1053	23.9768	36.3	60
dDocent_Contig_5294	1	248	67	247	99.5968	38.2661	36	60
dDocent_Contig_5296	1	569	3168	567	99.6485	802.248	36.2	58.1
dDocent_Contig_5298	1	270	61	268	99.2593	32.6074	36.6	60
dDocent_Contig_5302	1	415	61	413	99.5181	21.4386	36.5	60
dDocent_Contig_5303	1	240	13	214	89.1667	8.0125	36	60
dDocent_Contig_5304	1	349	127	341	97.7077	52.1404	36.4	59.8
dDocent_Contig_5305	1	317	66	316	99.6845	30.164	36.1	60
dDocent_Contig_5307	1	415	17	401	96.6265	6.05301	36	60
dDocent_Contig_5308	1	239	26	142	59.4142	12.8703	36.4	60
dDocent_Contig_5313	1	370	96	369	99.7297	37.5622	36.2	60
dDocent_Contig_5314	1	338	38	336	99.4083	15.9142	36.1	60
dDocent_Contig_5318	1	385	44	366	95.0649	16.5818	36.6	60
dDocent_Contig_5322	1	457	81	456	99.7812	24.7505	36.3	60
dDocent_Contig_5323	1	484	31	470	97.1074	9.52893	36.4	60
dDocent_Contig_5324	1	320	7	308	96.25	3.1375	36.6	60
dDocent_Contig_5326	1	445	5	329	73.9326	1.66517	36.5	60
dDocent_Contig_5332	1	277	57	276	99.639	29.3935	36.3	60
dDocent_Contig_5335	1	351	42	334	95.1567	17.3932	36.1	60
dDocent_Contig_5336	1	245	70	244	99.5918	40.5306	36.7	60
dDocent_Contig_5337	1	405	30	323	79.7531	10.842	35.2	60
dDocent_Contig_5341	1	329	422	329	100	169.298	36.3	51.2
dDocent_Contig_5342	1	394	42	393	99.7462	13.9645	35.8	60
dDocent_Contig_5343	1	485	27	402	82.8866	7.73402	36.7	60
dDocent_Contig_5344	1	269	38	268	99.6283	19.513	36.4	60
dDocent_Contig_5348	1	352	29	285	80.9659	12.1534	36.2	60
dDocent_Contig_5349	1	426	171	425	99.7653	58.8779	36.4	60
dDocent_Contig_5353	1	304	1	150	49.3421	0.493421	36.4	60
dDocent_Contig_5355	1	270	54	268	99.2593	28.7074	36.3	60
dDocent_Contig_5358	1	403	11	251	62.2829	3.92556	36.2	60
dDocent_Contig_5361	1	306	50	306	100	23.8922	36.5	60
dDocent_Contig_5366	1	363	62	357	98.3471	24.8733	36.3	60
dDocent_Contig_5368	1	394	120	394	100	42.2792	36.3	60
dDocent_Contig_5369	1	390	54	383	98.2051	19.9308	36.6	60
dDocent_Contig_5371	1	408	9	350	85.7843	2.55882	36.9	60
dDocent_Contig_5372	1	364	268	363	99.7253	101.104	36.4	51.2
dDocent_Contig_5378	1	557	1657	555	99.6409	433.544	36.4	45.9
dDocent_Contig_5382	1	634	232	323	50.9464	52.4385	36.5	38.8
dDocent_Contig_5386	1	426	84	368	86.385	27.0892	36.6	57.9
dDocent_Contig_5389	1	342	51	255	74.5614	21.5994	36.4	52.9
dDocent_Contig_5390	1	527	127	380	72.1063	33.9715	36.3	60
dDocent_Contig_5395	1	468	3345	468	100	1039.75	36.3	47.4
dDocent_Contig_5396	1	375	29	372	99.2	10.1067	36.1	56.4
dDocent_Contig_5398	1	325	44	302	92.9231	19.8031	36.4	60
dDocent_Contig_5399	1	570	122	534	93.6842	30.7982	36.2	60
dDocent_Contig_5401	1	377	55	330	87.5332	21.2228	36.5	60
dDocent_Contig_5403	1	365	206	319	87.3973	81.9041	36.5	60
dDocent_Contig_5404	1	498	116	406	81.5261	33.6426	36.5	60
dDocent_Contig_5407	1	439	114	417	94.9886	37.6834	36.5	60
dDocent_Contig_5408	1	398	94	345	86.6834	34.1508	36.4	60
dDocent_Contig_5409	1	346	61	328	94.7977	25.7254	36.4	60
dDocent_Contig_5410	1	476	13	386	81.0924	3.77941	36.6	60
dDocent_Contig_5412	1	435	1306	434	99.7701	421.285	35.3	60
dDocent_Contig_5413	1	520	31	469	90.1923	7.975	36.1	53.9
dDocent_Contig_5415	1	478	94	477	99.7908	28.8347	36.6	60
dDocent_Contig_5419	1	455	113	402	88.3516	36.0615	36.6	60
dDocent_Contig_5421	1	393	39	298	75.827	14.6209	36.4	60
dDocent_Contig_5423	1	289	28	287	99.308	13.955	36.6	60
dDocent_Contig_5426	1	540	494	538	99.6296	133.757	36.5	60
dDocent_Contig_5428	1	269	74	266	98.8848	39.3606	36.4	60
dDocent_Contig_5433	1	216	101	215	99.537	67.4352	36.3	60
dDocent_Contig_5439	1	431	32	423	98.1439	10.6497	35.6	60
dDocent_Contig_5440	1	414	105	398	96.1353	35.7295	36.5	60
dDocent_Contig_5441	1	437	30119	437	100	9964.85	36.3	59.9
dDocent_Contig_5446	1	411	194	410	99.7567	67.6983	36.4	60
dDocent_Contig_5447	1	465	138	433	93.1183	43.1978	36.4	60
dDocent_Contig_5450	1	262	18	242	92.3664	9.74427	36.8	60
dDocent_Contig_5454	1	273	132	269	98.5348	68.315	36.6	60
dDocent_Contig_5455	1	543	20	315	58.011	5.39227	36.3	60
dDocent_Contig_5457	1	226	13	224	99.115	7.62832	36.8	60
dDocent_Contig_5458	1	160	17	160	100	14.3625	36.7	60
dDocent_Contig_5459	1	532	90	427	80.2632	24.282	36.4	60
dDocent_Contig_5460	1	402	9	276	68.6567	3.18657	35.9	60
dDocent_Contig_5465	1	244	16	137	56.1475	7.98361	36.7	60
dDocent_Contig_5467	1	326	7	305	93.5583	2.88344	36.7	60
dDocent_Contig_5477	1	373	1960	356	95.4424	764.091	36.5	57.6
dDocent_Contig_5478	1	245	1483	245	100	862.931	36.5	45.3
dDocent_Contig_5480	1	570	6	396	69.4737	1.19649	36.6	60
dDocent_Contig_5481	1	498	58	452	90.7631	16.6707	36.4	60
dDocent_Contig_5482	1	255	321	255	100	184.059	36.5	59.9
dDocent_Contig_5484	1	485	300	484	99.7938	90.5134	36.2	59.9
dDocent_Contig_5487	1	192	39	192	100	27.6302	36.3	60
dDocent_Contig_5492	1	584	212	449	76.8836	52.2637	36.3	60
dDocent_Contig_5493	1	422	167	387	91.7062	56.3389	35.9	60
dDocent_Contig_5494	1	430	70	361	83.9535	23.5977	36.6	60
dDocent_Contig_5495	1	480	40	277	57.7083	11.9354	36.7	60
dDocent_Contig_5496	1	363	14	277	76.3085	5.14876	36.4	60
dDocent_Contig_5497	1	437	77	345	78.9474	24.7208	36.1	60
dDocent_Contig_5498	1	492	171	402	81.7073	50.7317	36.3	60
dDocent_Contig_5505	1	342	789	342	100	298.266	35.5	44
dDocent_Contig_5506	1	388	3	178	45.8763	0.837629	36.8	60
dDocent_Contig_5508	1	474	21	439	92.616	6.24684	36.7	60
dDocent_Contig_5510	1	433	49	386	89.1455	16.4273	36.7	60
dDocent_Contig_5511	1	395	16	290	73.4177	5.8962	36.6	60
dDocent_Contig_5513	1	389	22	384	98.7147	7.4653	36.5	59.1
dDocent_Contig_5516	1	304	109	304	100	51.8783	36.3	60
dDocent_Contig_5521	1	237	47	236	99.5781	28.5274	36.4	60
dDocent_Contig_5524	1	408	16	302	74.0196	5.5049	36.1	60
dDocent_Contig_5530	1	415	64	364	87.7108	22.1205	36.1	60
dDocent_Contig_5535	1	390	1	143	36.6667	0.366667	34.2	60
dDocent_Contig_5536	1	421	4	142	33.7292	1.13064	36.9	60
dDocent_Contig_5541	1	282	19	249	88.2979	9.58156	36.6	60
dDocent_Contig_5542	1	560	5298	558	99.6429	1334.65	36.3	59.9
dDocent_Contig_5549	1	406	110	392	96.5517	38.8399	36.2	60
dDocent_Contig_5550	1	471	132	470	99.7877	40.5626	36.6	60
dDocent_Contig_5551	1	443	148	416	93.9052	48.7246	36.5	60
dDocent_Contig_5555	1	269	18	268	99.6283	9.55019	36.7	60
dDocent_Contig_5564	1	264	47	263	99.6212	24.1402	36.5	60
dDocent_Contig_5566	1	265	19	245	92.4528	10.0302	36.5	60
dDocent_Contig_5568	1	439	15	372	84.738	5.05011	36.5	60
dDocent_Contig_5569	1	544	169	525	96.5074	45.0772	36.3	60
dDocent_Contig_5570	1	471	37	238	50.5308	10.0425	36.5	60
dDocent_Contig_5572	1	369	525	369	100	201.74	36	59.8
dDocent_Contig_5582	1	326	165	302	92.638	71.4356	36.4	59.5
dDocent_Contig_5583	1	289	82	285	98.6159	40.5087	36.6	60
dDocent_Contig_5584	1	268	54	241	89.9254	28.9627	36.2	60
dDocent_Contig_5585	1	370	21	347	93.7838	8.33514	36.1	60
dDocent_Contig_5586	1	332	104	329	99.0964	42.7199	35.6	60
dDocent_Contig_5587	1	325	136	317	97.5385	60.8369	36.4	60
dDocent_Contig_5588	1	389	45	305	78.4062	16.7635	36.3	60
dDocent_Contig_5589	1	369	18	313	84.8238	6.78049	36.4	60
dDocent_Contig_279	1	333	0	0	0	0	0	0
dDocent_Contig_529	1	332	0	0	0	0	0	0
dDocent_Contig_734	1	489	0	0	0	0	0	0
dDocent_Contig_744	1	366	0	0	0	0	0	0
dDocent_Contig_763	1	395	0	0	0	0	0	0
dDocent_Contig_794	1	415	0	0	0	0	0	0
dDocent_Contig_797	1	332	0	0	0	0	0	0
dDocent_Contig_799	1	428	0	0	0	0	0	0
dDocent_Contig_847	1	436	0	0	0	0	0	0
dDocent_Contig_1078	1	407	0	0	0	0	0	0
dDocent_Contig_1084	1	462	0	0	0	0	0	0
dDocent_Contig_1121	1	403	0	0	0	0	0	0
dDocent_Contig_1124	1	406	0	0	0	0	0	0
dDocent_Contig_1137	1	442	0	0	0	0	0	0
dDocent_Contig_1280	1	549	0	0	0	0	0	0
dDocent_Contig_1308	1	447	0	0	0	0	0	0
dDocent_Contig_1415	1	466	0	0	0	0	0	0
dDocent_Contig_1437	1	367	0	0	0	0	0	0
dDocent_Contig_1471	1	354	0	0	0	0	0	0
dDocent_Contig_1476	1	426	0	0	0	0	0	0
dDocent_Contig_1491	1	477	0	0	0	0	0	0
dDocent_Contig_1593	1	432	0	0	0	0	0	0
dDocent_Contig_1607	1	409	0	0	0	0	0	0
dDocent_Contig_1677	1	500	0	0	0	0	0	0
dDocent_Contig_1729	1	332	0	0	0	0	0	0
dDocent_Contig_1772	1	480	0	0	0	0	0	0
dDocent_Contig_1789	1	423	0	0	0	0	0	0
dDocent_Contig_1884	1	332	0	0	0	0	0	0
dDocent_Contig_1973	1	392	0	0	0	0	0	0
dDocent_Contig_2000	1	474	0	0	0	0	0	0
dDocent_Contig_2107	1	509	0	0	0	0	0	0
dDocent_Contig_2294	1	340	0	0	0	0	0	0
dDocent_Contig_2297	1	363	0	0	0	0	0	0
dDocent_Contig_2324	1	545	0	0	0	0	0	0
dDocent_Contig_2389	1	397	0	0	0	0	0	0
dDocent_Contig_2463	1	345	0	0	0	0	0	0
dDocent_Contig_2472	1	357	0	0	0	0	0	0
dDocent_Contig_2479	1	399	0	0	0	0	0	0
dDocent_Contig_2480	1	358	0	0	0	0	0	0
dDocent_Contig_2528	1	381	0	0	0	0	0	0
dDocent_Contig_2533	1	462	0	0	0	0	0	0
dDocent_Contig_2643	1	600	0	0	0	0	0	0
dDocent_Contig_2679	1	586	0	0	0	0	0	0
dDocent_Contig_2743	1	421	0	0	0	0	0	0
dDocent_Contig_2799	1	335	0	0	0	0	0	0
dDocent_Contig_2854	1	388	0	0	0	0	0	0
dDocent_Contig_2904	1	451	0	0	0	0	0	0
dDocent_Contig_2920	1	391	0	0	0	0	0	0
dDocent_Contig_3068	1	434	0	0	0	0	0	0
dDocent_Contig_3107	1	409	0	0	0	0	0	0
dDocent_Contig_3169	1	513	0	0	0	0	0	0
dDocent_Contig_3301	1	446	0	0	0	0	0	0
dDocent_Contig_3561	1	512	0	0	0	0	0	0
dDocent_Contig_3628	1	373	0	0	0	0	0	0
dDocent_Contig_3637	1	336	0	0	0	0	0	0
dDocent_Contig_3756	1	335	0	0	0	0	0	0
dDocent_Contig_3791	1	408	0	0	0	0	0	0
dDocent_Contig_3795	1	435	0	0	0	0	0	0
dDocent_Contig_3908	1	503	0	0	0	0	0	0
dDocent_Contig_3916	1	390	0	0	0	0	0	0
dDocent_Contig_3944	1	413	0	0	0	0	0	0
dDocent_Contig_3987	1	358	0	0	0	0	0	0
dDocent_Contig_3991	1	363	0	0	0	0	0	0
dDocent_Contig_4238	1	447	0	0	0	0	0	0
dDocent_Contig_4241	1	515	0	0	0	0	0	0
dDocent_Contig_4268	1	369	0	0	0	0	0	0
dDocent_Contig_4309	1	332	0	0	0	0	0	0
dDocent_Contig_4374	1	430	0	0	0	0	0	0
dDocent_Contig_4396	1	507	0	0	0	0	0	0
dDocent_Contig_4425	1	407	0	0	0	0	0	0
dDocent_Contig_4443	1	379	0	0	0	0	0	0
dDocent_Contig_4449	1	421	0	0	0	0	0	0
dDocent_Contig_4462	1	399	0	0	0	0	0	0
dDocent_Contig_4608	1	348	0	0	0	0	0	0
dDocent_Contig_4682	1	343	0	0	0	0	0	0
dDocent_Contig_4723	1	438	0	0	0	0	0	0
dDocent_Contig_4844	1	371	0	0	0	0	0	0
dDocent_Contig_5004	1	332	0	0	0	0	0	0
dDocent_Contig_5084	1	495	0	0	0	0	0	0
dDocent_Contig_5154	1	446	0	0	0	0	0	0
dDocent_Contig_5164	1	377	0	0	0	0	0	0
dDocent_Contig_5189	1	456	0	0	0	0	0	0
dDocent_Contig_5218	1	520	0	0	0	0	0	0
dDocent_Contig_5221	1	499	0	0	0	0	0	0
dDocent_Contig_5222	1	424	0	0	0	0	0	0
dDocent_Contig_5252	1	396	0	0	0	0	0	0
dDocent_Contig_5299	1	393	0	0	0	0	0	0
dDocent_Contig_5363	1	395	0	0	0	0	0	0
dDocent_Contig_5391	1	333	0	0	0	0	0	0
dDocent_Contig_5466	1	360	0	0	0	0	0	0
dDocent_Contig_5475	1	444	0	0	0	0	0	0
dDocent_Contig_5500	1	565	0	0	0	0	0	0
dDocent_Contig_5501	1	499	0	0	0	0	0	0
dDocent_Contig_5554	1	348	0	0	0	0	0	0
dDocent_Contig_1468	1	505	0	0	0	0	0	0
dDocent_Contig_2273	1	375	0	0	0	0	0	0
dDocent_Contig_3858	1	305	0	0	0	0	0	0
dDocent_Contig_277	1	232	0	0	0	0	0	0
dDocent_Contig_619	1	229	0	0	0	0	0	0
dDocent_Contig_730	1	235	0	0	0	0	0	0
dDocent_Contig_982	1	242	0	0	0	0	0	0
dDocent_Contig_1031	1	476	0	0	0	0	0	0
dDocent_Contig_1092	1	281	0	0	0	0	0	0
dDocent_Contig_1422	1	191	0	0	0	0	0	0
dDocent_Contig_1425	1	319	0	0	0	0	0	0
dDocent_Contig_1634	1	290	0	0	0	0	0	0
dDocent_Contig_1718	1	391	0	0	0	0	0	0
dDocent_Contig_1802	1	276	0	0	0	0	0	0
dDocent_Contig_1976	1	429	0	0	0	0	0	0
dDocent_Contig_1989	1	507	0	0	0	0	0	0
dDocent_Contig_2054	1	343	0	0	0	0	0	0
dDocent_Contig_2142	1	319	0	0	0	0	0	0
dDocent_Contig_2358	1	318	0	0	0	0	0	0
dDocent_Contig_2427	1	214	0	0	0	0	0	0
dDocent_Contig_2589	1	306	0	0	0	0	0	0
dDocent_Contig_2725	1	353	0	0	0	0	0	0
dDocent_Contig_2730	1	369	0	0	0	0	0	0
dDocent_Contig_2804	1	306	0	0	0	0	0	0
dDocent_Contig_2832	1	271	0	0	0	0	0	0
dDocent_Contig_2878	1	337	0	0	0	0	0	0
dDocent_Contig_3416	1	301	0	0	0	0	0	0
dDocent_Contig_3451	1	222	0	0	0	0	0	0
dDocent_Contig_3488	1	373	0	0	0	0	0	0
dDocent_Contig_3490	1	353	0	0	0	0	0	0
dDocent_Contig_3528	1	362	0	0	0	0	0	0
dDocent_Contig_3529	1	214	0	0	0	0	0	0
dDocent_Contig_3749	1	482	0	0	0	0	0	0
dDocent_Contig_3758	1	288	0	0	0	0	0	0
dDocent_Contig_3782	1	592	0	0	0	0	0	0
dDocent_Contig_3843	1	259	0	0	0	0	0	0
dDocent_Contig_3895	1	450	0	0	0	0	0	0
dDocent_Contig_4050	1	204	0	0	0	0	0	0
dDocent_Contig_4051	1	482	0	0	0	0	0	0
dDocent_Contig_4194	1	358	0	0	0	0	0	0
dDocent_Contig_4215	1	332	0	0	0	0	0	0
dDocent_Contig_4442	1	540	0	0	0	0	0	0
dDocent_Contig_4639	1	280	0	0	0	0	0	0
dDocent_Contig_4884	1	385	0	0	0	0	0	0
dDocent_Contig_4887	1	353	0	0	0	0	0	0
dDocent_Contig_4970	1	255	0	0	0	0	0	0
dDocent_Contig_5089	1	262	0	0	0	0	0	0
dDocent_Contig_5094	1	321	0	0	0	0	0	0
dDocent_Contig_5534	1	194	0	0	0	0	0	0
