#rname	startpos	endpos	numreads	covbases	coverage	meandepth	meanbaseq	meanmapq
dDocent_Contig_1	1	535	47	464	86.729	12.4355	36.6	60
dDocent_Contig_2	1	333	5	142	42.6426	1.86787	36.9	60
dDocent_Contig_6	1	445	7	141	31.6854	1.85843	36.7	60
dDocent_Contig_8	1	685	152	641	93.5766	31.4672	36.4	60
dDocent_Contig_47	1	420	8	276	65.7143	2.44762	36.8	60
dDocent_Contig_48	1	332	2	141	42.4699	0.743976	34.5	60
dDocent_Contig_49	1	332	3	126	37.9518	1.04819	37	60
dDocent_Contig_111	1	880	2430	679	77.1591	406.633	36.4	41.5
dDocent_Contig_121	1	505	279	409	80.9901	75.2772	36.3	59.9
dDocent_Contig_140	1	394	9	278	70.5584	2.95685	36.6	60
dDocent_Contig_185	1	998	157	931	93.2866	21.3958	36	48.3
dDocent_Contig_211	1	356	8	276	77.5281	2.36798	36.6	47.5
dDocent_Contig_236	1	927	2352	886	95.5771	374.268	36.4	42.4
dDocent_Contig_239	1	987	359	892	90.3749	53.7801	36.5	39.9
dDocent_Contig_244	1	333	20	279	83.7838	7.98498	36.7	60
dDocent_Contig_254	1	523	43	299	57.1702	9.84512	36.2	32.7
dDocent_Contig_274	1	334	7	221	66.1677	2.82934	36	60
dDocent_Contig_275	1	333	6	143	42.9429	2.44444	36.8	60
dDocent_Contig_276	1	333	37	144	43.2432	14.6366	36.3	60
dDocent_Contig_278	1	333	2	142	42.6426	0.837838	36.6	60
dDocent_Contig_279	1	333	2	110	33.033	0.660661	36.8	60
dDocent_Contig_286	1	973	839	659	67.7287	126.979	36.3	38.3
dDocent_Contig_353	1	800	130	676	84.5	23.4887	36.1	40.3
dDocent_Contig_362	1	525	32	382	72.7619	8.68952	36.3	44.5
dDocent_Contig_369	1	550	63	495	90	13.5382	36.3	59.7
dDocent_Contig_372	1	600	780	509	84.8333	189.203	36.2	48
dDocent_Contig_378	1	1030	232	786	76.3107	30.0505	36.1	37.6
dDocent_Contig_385	1	639	14	558	87.3239	2.88576	35.7	31.8
dDocent_Contig_403	1	583	66	389	66.7238	16.2161	35.9	39.3
dDocent_Contig_405	1	627	291	447	71.2919	68.2344	36.3	40.3
dDocent_Contig_423	1	523	198	480	91.7782	55.8164	36.2	39.7
dDocent_Contig_425	1	483	139	428	88.6128	42.412	36.4	40.9
dDocent_Contig_439	1	1059	1128	769	72.6157	151.347	36.3	40.9
dDocent_Contig_506	1	333	9	143	42.9429	3.6036	36.9	60
dDocent_Contig_514	1	384	26	346	90.1042	9.5	36.3	60
dDocent_Contig_516	1	528	61	489	92.6136	12.4148	36.4	52.4
dDocent_Contig_517	1	368	158	231	62.7717	51.6467	36.3	38.7
dDocent_Contig_521	1	335	20	269	80.2985	7.56418	36.2	60
dDocent_Contig_522	1	420	48	368	87.619	15.9048	36.2	60
dDocent_Contig_523	1	511	33	335	65.5577	8.79648	36.7	60
dDocent_Contig_528	1	343	8	141	41.1079	2.81924	36.7	60
dDocent_Contig_530	1	474	29	357	75.3165	8.30591	36.2	60
dDocent_Contig_531	1	392	20	142	36.2245	6.53571	35.9	60
dDocent_Contig_535	1	630	86	591	93.8095	18.5429	36.4	55.3
dDocent_Contig_542	1	382	55	330	86.3874	19.4921	36.4	59.9
dDocent_Contig_544	1	519	12	470	90.5588	2.95376	36.7	60
dDocent_Contig_545	1	432	38	368	85.1852	11.2708	35.5	60
dDocent_Contig_551	1	408	21	295	72.3039	6.86029	36.4	60
dDocent_Contig_552	1	440	12	342	77.7273	3.48182	36.4	60
dDocent_Contig_568	1	482	53	437	90.6639	14.9564	36.7	60
dDocent_Contig_569	1	591	56	543	91.8782	12.4636	36.3	60
dDocent_Contig_573	1	505	40	387	76.6337	10.6713	36.2	60
dDocent_Contig_576	1	408	23	302	74.0196	7.24265	36.4	60
dDocent_Contig_577	1	571	79	531	92.9947	19.4116	36.6	60
dDocent_Contig_578	1	475	24	355	74.7368	6.86526	36.1	60
dDocent_Contig_581	1	357	8	275	77.0308	2.90476	35.6	60
dDocent_Contig_582	1	557	7	140	25.1346	1.72711	36.2	60
dDocent_Contig_583	1	348	3	143	41.092	0.945402	36.9	60
dDocent_Contig_584	1	471	30	279	59.2357	8.45223	36.5	60
dDocent_Contig_585	1	579	36	515	88.9465	8.72021	36.7	60
dDocent_Contig_586	1	507	23	353	69.6252	5.73767	36.7	60
dDocent_Contig_588	1	365	34	347	95.0685	12.6712	36.5	60
dDocent_Contig_593	1	365	23	324	88.7671	8.6274	36.1	60
dDocent_Contig_595	1	561	139	504	89.8396	35.7023	36.2	60
dDocent_Contig_596	1	414	8	273	65.942	2.41787	35.9	60
dDocent_Contig_598	1	608	28	443	72.8618	6.64474	36.7	60
dDocent_Contig_599	1	583	33	515	88.3362	7.57118	36.6	60
dDocent_Contig_605	1	392	6	142	36.2245	2.10459	36.8	60
dDocent_Contig_610	1	408	17	290	71.0784	5.22059	34.9	60
dDocent_Contig_611	1	476	27	313	65.7563	7.59664	36.5	60
dDocent_Contig_615	1	394	19	295	74.8731	6.2132	36.4	60
dDocent_Contig_616	1	427	165	324	75.8782	45.3958	35.6	59
dDocent_Contig_617	1	474	16	355	74.8945	4.30591	36.4	60
dDocent_Contig_618	1	390	2	150	38.4615	0.769231	36.7	60
dDocent_Contig_620	1	385	37	330	85.7143	12.3766	36.2	60
dDocent_Contig_621	1	464	31	423	91.1638	9.41379	36.2	60
dDocent_Contig_622	1	492	33	219	44.5122	9.01423	36.2	60
dDocent_Contig_623	1	525	12	143	27.2381	2.96381	36.6	60
dDocent_Contig_624	1	380	4	140	36.8421	1.38421	36.8	60
dDocent_Contig_625	1	569	210	402	70.6503	51.9754	36.1	60
dDocent_Contig_627	1	477	79	374	78.4067	23.195	36.4	60
dDocent_Contig_632	1	380	43	340	89.4737	14.9053	36.7	60
dDocent_Contig_633	1	474	3	145	30.5907	0.814346	36.5	60
dDocent_Contig_634	1	332	8	141	42.4699	3.09337	36.4	60
dDocent_Contig_635	1	515	20	326	63.301	5.46602	36.6	60
dDocent_Contig_637	1	384	30	344	89.5833	10.4167	36.7	60
dDocent_Contig_638	1	388	25	142	36.5979	7.75	36	60
dDocent_Contig_639	1	413	26	284	68.7651	8.26392	35.8	60
dDocent_Contig_640	1	439	12	140	31.8907	3.72437	36.8	60
dDocent_Contig_642	1	572	52	354	61.8881	11.8497	36.7	60
dDocent_Contig_644	1	508	33	390	76.7717	9.04921	36.6	60
dDocent_Contig_649	1	391	8	141	36.0614	2.53964	36.6	60
dDocent_Contig_650	1	539	13	310	57.5139	3.30427	36.1	60
dDocent_Contig_651	1	461	69	431	93.4924	17.8677	35.9	57.2
dDocent_Contig_655	1	557	31	449	80.6104	7.64452	36.8	60
dDocent_Contig_656	1	417	32	381	91.3669	10.1463	36.6	60
dDocent_Contig_664	1	454	19	310	68.2819	5.67621	36.4	60
dDocent_Contig_665	1	372	27	333	89.5161	9.78763	35.4	60
dDocent_Contig_671	1	523	130	399	76.2906	33.4474	36.4	59.9
dDocent_Contig_675	1	361	1	141	39.0582	0.390582	36.3	60
dDocent_Contig_676	1	517	22	371	71.7602	5.37718	36.5	60
dDocent_Contig_677	1	478	27	430	89.9582	7.8682	36.7	60
dDocent_Contig_678	1	332	2	270	81.3253	0.813253	36.7	60
dDocent_Contig_680	1	473	29	332	70.1903	8.77378	36.6	60
dDocent_Contig_689	1	332	31	313	94.2771	12.5452	36	60
dDocent_Contig_690	1	547	81	452	82.6325	19.6015	36.5	60
dDocent_Contig_696	1	424	2	141	33.2547	0.636792	36.2	60
dDocent_Contig_700	1	397	58	357	89.9244	20.2443	36.5	60
dDocent_Contig_702	1	533	6	142	26.6417	1.47092	36.9	60
dDocent_Contig_703	1	574	68	429	74.7387	16.338	36.7	60
dDocent_Contig_704	1	372	24	290	77.957	8.38441	36.1	60
dDocent_Contig_708	1	465	19	143	30.7527	5.42151	36.7	60
dDocent_Contig_709	1	584	41	401	68.6644	7.81678	36.4	52.5
dDocent_Contig_713	1	426	109	387	90.8451	33.946	36.5	60
dDocent_Contig_714	1	332	22	140	42.1687	7.94578	36.7	60
dDocent_Contig_715	1	380	27	142	37.3684	9.57632	36.4	60
dDocent_Contig_717	1	438	15	143	32.6484	4.60731	36.7	60
dDocent_Contig_719	1	496	111	458	92.3387	30.5403	36.4	60
dDocent_Contig_720	1	591	21	468	79.1878	4.6599	36.6	60
dDocent_Contig_721	1	493	32	457	92.6978	8.44016	35.9	60
dDocent_Contig_722	1	570	27	506	88.7719	6.26316	35.9	60
dDocent_Contig_724	1	559	56	452	80.8587	13.4365	36.6	60
dDocent_Contig_725	1	477	26	425	89.0985	6.90147	36.7	59.7
dDocent_Contig_726	1	404	3	136	33.6634	0.821782	36.8	60
dDocent_Contig_729	1	415	55	357	86.0241	17.3639	36.4	60
dDocent_Contig_731	1	517	41	355	68.6654	11.4294	36.5	60
dDocent_Contig_732	1	444	4	301	67.7928	1.09685	35.4	60
dDocent_Contig_733	1	495	45	334	67.4747	12.503	36.4	60
dDocent_Contig_734	1	489	6	169	34.5603	1.63599	35.3	60
dDocent_Contig_736	1	519	43	281	54.1426	11.1368	36.7	60
dDocent_Contig_737	1	558	24	384	68.8172	6.14875	36.4	60
dDocent_Contig_738	1	437	26	294	67.2769	8.12586	36.5	60
dDocent_Contig_739	1	445	54	324	72.809	16.2247	36.2	60
dDocent_Contig_740	1	427	14	170	39.8126	4.08899	36.8	60
dDocent_Contig_741	1	500	22	426	85.2	5.498	36.7	60
dDocent_Contig_744	1	366	2	115	31.4208	0.628415	36.9	60
dDocent_Contig_748	1	441	33	326	73.9229	10.0431	36.6	60
dDocent_Contig_752	1	423	29	290	68.5579	9.47518	36.4	60
dDocent_Contig_756	1	511	13	143	27.9843	3.2955	36	60
dDocent_Contig_757	1	395	12	295	74.6835	4.04304	36.6	60
dDocent_Contig_759	1	428	37	350	81.7757	10.6308	35.6	60
dDocent_Contig_760	1	332	20	289	87.0482	8.25301	36.1	47.1
dDocent_Contig_763	1	395	5	243	61.519	1.5519	36.9	60
dDocent_Contig_766	1	487	7	257	52.7721	1.87269	36.8	60
dDocent_Contig_767	1	435	22	383	88.046	6.23218	35.8	60
dDocent_Contig_768	1	332	30	141	42.4699	10.9518	36.4	60
dDocent_Contig_773	1	535	708	455	85.0467	174.056	36.5	59.2
dDocent_Contig_777	1	434	15	141	32.4885	4.34101	36.9	60
dDocent_Contig_778	1	337	51	315	93.4718	19.635	35.9	60
dDocent_Contig_779	1	486	48	440	90.535	13.1461	36.5	60
dDocent_Contig_780	1	444	46	273	61.4865	13.2342	35.8	60
dDocent_Contig_781	1	332	2	141	42.4699	0.819277	36.8	60
dDocent_Contig_785	1	419	5	140	33.4129	1.52267	37	60
dDocent_Contig_787	1	576	8	250	43.4028	1.87674	36.8	60
dDocent_Contig_788	1	351	4	133	37.8917	1.45299	36.8	60
dDocent_Contig_789	1	471	4	220	46.7091	1.06794	36.1	60
dDocent_Contig_791	1	480	11	248	51.6667	2.67917	36.7	60
dDocent_Contig_792	1	394	18	141	35.7868	5.92132	36.8	60
dDocent_Contig_793	1	434	10	291	67.0507	2.88479	35.9	60
dDocent_Contig_796	1	416	5	231	55.5288	1.32452	36.5	44.8
dDocent_Contig_798	1	406	9	204	50.2463	2.40887	36.2	60
dDocent_Contig_799	1	428	1	138	32.243	0.32243	36.5	60
dDocent_Contig_801	1	402	6	140	34.8259	1.84328	36.8	60
dDocent_Contig_804	1	479	8518	444	92.6931	2523.78	36.3	48.6
dDocent_Contig_807	1	443	9	324	73.1377	2.54176	36.4	60
dDocent_Contig_810	1	418	21	141	33.7321	6.25837	36.1	60
dDocent_Contig_811	1	443	32	353	79.684	10.0858	36.6	60
dDocent_Contig_813	1	504	21	289	57.3413	5.68651	36.5	60
dDocent_Contig_814	1	444	12	418	94.1441	3.48649	36	60
dDocent_Contig_824	1	333	1	134	40.2402	0.402402	36.8	60
dDocent_Contig_826	1	461	100	424	91.974	29.4794	36.3	59.9
dDocent_Contig_827	1	458	39	414	90.393	11.7445	36.6	59.7
dDocent_Contig_829	1	485	55	245	50.5155	15.6124	35.7	60
dDocent_Contig_831	1	582	53	381	65.4639	12.1907	36.1	60
dDocent_Contig_832	1	332	23	266	80.1205	8.71386	36.7	60
dDocent_Contig_835	1	515	6	275	53.3981	1.52233	36.2	60
dDocent_Contig_839	1	368	73	330	89.6739	26.4293	36.3	52
dDocent_Contig_840	1	639	1026	561	87.7934	216.448	35.8	58.8
dDocent_Contig_841	1	332	11	141	42.4699	4.46687	36.6	60
dDocent_Contig_842	1	387	24	241	62.2739	8.51421	36	60
dDocent_Contig_844	1	488	24	256	52.459	6.51639	36.3	53.2
dDocent_Contig_846	1	518	50	394	76.0618	12.8649	36.2	60
dDocent_Contig_847	1	436	4	381	87.3853	1.20413	36.2	60
dDocent_Contig_848	1	510	52	350	68.6275	13.6157	36.2	59.6
dDocent_Contig_849	1	503	12	271	53.8767	3.12724	36.1	60
dDocent_Contig_850	1	351	9	141	40.1709	3.13675	35.9	60
dDocent_Contig_852	1	333	21	140	42.042	7.52853	36.5	60
dDocent_Contig_853	1	615	16	243	39.5122	3.54472	36.2	60
dDocent_Contig_856	1	617	40	342	55.4295	8.90276	36.4	60
dDocent_Contig_857	1	608	19	291	47.8618	4.16612	36.9	60
dDocent_Contig_858	1	491	26	326	66.3951	6.54786	36.5	50.8
dDocent_Contig_861	1	507	16	293	57.7909	3.79684	36.5	57.3
dDocent_Contig_862	1	381	29	338	88.7139	10.6037	36.6	60
dDocent_Contig_863	1	404	27	347	85.8911	9.07921	36.2	60
dDocent_Contig_864	1	488	18	289	59.2213	4.42418	36.7	60
dDocent_Contig_869	1	600	23	492	82	5.19833	36.1	60
dDocent_Contig_870	1	508	21	422	83.0709	5.63189	36.8	60
dDocent_Contig_872	1	387	24	291	75.1938	8.34367	36.6	60
dDocent_Contig_875	1	512	58	390	76.1719	14.6426	36.1	60
dDocent_Contig_876	1	432	23	401	92.8241	6.67593	36	60
dDocent_Contig_880	1	472	13	141	29.8729	3.48941	36.4	60
dDocent_Contig_881	1	659	128	554	84.0668	27.9894	36.5	60
dDocent_Contig_887	1	389	21	141	36.2468	6.71465	36.7	60
dDocent_Contig_889	1	332	45	141	42.4699	17.8042	36.3	60
dDocent_Contig_891	1	460	74	445	96.7391	22.213	36.6	60
dDocent_Contig_892	1	381	4	227	59.5801	1.32021	35.2	60
dDocent_Contig_893	1	422	32	248	58.7678	10.5095	36.5	60
dDocent_Contig_894	1	425	66	394	92.7059	22.2729	36.2	60
dDocent_Contig_895	1	571	30	343	60.0701	7.21016	36.5	60
dDocent_Contig_898	1	582	41	332	57.0447	9.64605	36.1	60
dDocent_Contig_902	1	421	49	373	88.5986	14.8527	36.4	59.2
dDocent_Contig_907	1	479	69	436	91.023	19.9144	36.4	60
dDocent_Contig_910	1	341	23	141	41.349	8.72141	36.3	60
dDocent_Contig_913	1	431	6	247	57.3086	1.56381	36.7	57.5
dDocent_Contig_915	1	465	5	395	84.9462	1.45161	36.7	60
dDocent_Contig_917	1	436	29	141	32.3394	8.81193	36.6	60
dDocent_Contig_922	1	607	458	493	81.2191	105.45	36.3	36.5
dDocent_Contig_947	1	897	869	693	77.2575	129.119	36	50.2
dDocent_Contig_950	1	958	1165	903	94.2589	165.816	36.4	50.4
dDocent_Contig_961	1	368	24	325	88.3152	8.53804	36.1	60
dDocent_Contig_962	1	648	38	347	53.5494	7.75463	36.4	60
dDocent_Contig_963	1	475	25	342	72	6.72211	36.6	60
dDocent_Contig_964	1	412	34	346	83.9806	10.716	36.3	60
dDocent_Contig_970	1	549	4	282	51.3661	0.925319	36.7	60
dDocent_Contig_971	1	461	19	141	30.5857	5.41215	36	60
dDocent_Contig_973	1	332	6	283	85.241	2.45482	36.7	60
dDocent_Contig_974	1	370	24	304	82.1622	9.13243	36.8	60
dDocent_Contig_978	1	466	3	364	78.1116	0.914163	36.1	60
dDocent_Contig_979	1	376	12	128	34.0426	4.02128	36.5	60
dDocent_Contig_980	1	529	5	141	26.6541	1.0586	36.9	60
dDocent_Contig_981	1	484	6	195	40.2893	1.57025	36.8	60
dDocent_Contig_992	1	472	77	435	92.161	22.0042	36.3	41.6
dDocent_Contig_994	1	421	9	376	89.3112	3.12352	36.7	60
dDocent_Contig_995	1	545	7	141	25.8716	1.51927	36.7	60
dDocent_Contig_997	1	474	62	388	81.8565	18.2932	36.4	59.5
dDocent_Contig_999	1	372	25	141	37.9032	8.80376	36.3	60
dDocent_Contig_1001	1	469	2	141	30.064	0.579957	33.8	60
dDocent_Contig_1004	1	477	24	272	57.0231	6.2369	36.6	58
dDocent_Contig_1005	1	380	39	317	83.4211	14.0895	35.5	60
dDocent_Contig_1008	1	383	20	321	83.812	6.55614	36.4	60
dDocent_Contig_1010	1	397	28	289	72.796	9.14106	36.6	60
dDocent_Contig_1011	1	638	14	266	41.6928	2.81975	36	57.1
dDocent_Contig_1014	1	555	199	514	92.6126	41.5369	36.1	42.3
dDocent_Contig_1015	1	447	21	335	74.9441	6.24609	36.5	60
dDocent_Contig_1017	1	359	59	314	87.4652	22.0947	36.5	52.5
dDocent_Contig_1020	1	353	24	321	90.9348	8.42776	35.6	59.2
dDocent_Contig_1022	1	403	91	356	88.3375	28.5806	36.2	46.5
dDocent_Contig_1024	1	390	23	140	35.8974	7.19231	36.8	60
dDocent_Contig_1026	1	360	10	145	40.2778	3.01667	36.4	60
dDocent_Contig_1037	1	630	77	580	92.0635	16.5524	36.3	60
dDocent_Contig_1039	1	443	4	224	50.5643	1.19413	36.9	60
dDocent_Contig_1040	1	405	6	260	64.1975	2.22222	36.4	60
dDocent_Contig_1043	1	500	14	307	61.4	3.944	36.6	60
dDocent_Contig_1046	1	565	27	259	45.8407	6.76637	36.1	60
dDocent_Contig_1048	1	362	182	324	89.5028	72.1298	36.2	60
dDocent_Contig_1057	1	440	10	142	32.2727	2.74318	36.7	60
dDocent_Contig_1058	1	426	7	141	33.0986	2.17606	36.5	60
dDocent_Contig_1061	1	416	26	306	73.5577	8.41827	36.2	60
dDocent_Contig_1064	1	447	43	417	93.2886	12.8188	36.6	60
dDocent_Contig_1065	1	437	17	325	74.3707	5.15789	36.5	60
dDocent_Contig_1066	1	383	6	233	60.8355	1.93473	36.5	60
dDocent_Contig_1067	1	482	3	271	56.2241	0.850622	36.2	60
dDocent_Contig_1068	1	540	1492	501	92.7778	397.106	36.2	60
dDocent_Contig_1070	1	524	27	203	38.7405	6.74237	36.5	60
dDocent_Contig_1075	1	504	73	452	89.6825	18.3433	35.7	60
dDocent_Contig_1078	1	407	10	140	34.398	2.97789	36.4	60
dDocent_Contig_1079	1	370	11	315	85.1351	3.76757	36.6	60
dDocent_Contig_1081	1	385	11	140	36.3636	3.54545	36.2	60
dDocent_Contig_1082	1	464	38	408	87.931	11.375	36.4	60
dDocent_Contig_1083	1	387	11	224	57.8811	3.62274	36.3	60
dDocent_Contig_1086	1	604	28	259	42.8808	6.23179	36.8	60
dDocent_Contig_1093	1	627	11	413	65.8692	2.23764	36.6	60
dDocent_Contig_1094	1	398	22	141	35.4271	7.0804	36	60
dDocent_Contig_1096	1	450	8	140	31.1111	2.31111	36.9	60
dDocent_Contig_1105	1	543	12	237	43.6464	2.99816	36.7	60
dDocent_Contig_1110	1	378	5	155	41.0053	1.96296	36.6	60
dDocent_Contig_1111	1	394	17	141	35.7868	5.36294	36.7	60
dDocent_Contig_1112	1	635	38	400	62.9921	8.00157	36.5	60
dDocent_Contig_1113	1	483	4	221	45.7557	1.14493	36.7	60
dDocent_Contig_1115	1	384	48	307	79.9479	17.1667	36.4	60
dDocent_Contig_1117	1	571	17	466	81.6112	3.8634	36.3	60
dDocent_Contig_1121	1	403	2	166	41.1911	0.411911	32.3	55.5
dDocent_Contig_1125	1	548	22	259	47.2628	5.33577	36	60
dDocent_Contig_1132	1	437	48	391	89.4737	15.0824	36.7	60
dDocent_Contig_1133	1	362	3	140	38.674	0.950276	36.1	60
dDocent_Contig_1136	1	564	118	544	96.4539	27.3954	36.3	59.8
dDocent_Contig_1138	1	390	25	178	45.641	7.7359	36.6	60
dDocent_Contig_1140	1	460	25	275	59.7826	6.81087	36.5	60
dDocent_Contig_1142	1	601	50	407	67.7205	10.5973	36.7	60
dDocent_Contig_1147	1	614	11	358	58.3062	2.56352	36.4	60
dDocent_Contig_1148	1	525	104	442	84.1905	27.9048	36.6	60
dDocent_Contig_1149	1	537	1	125	23.2775	0.232775	37	60
dDocent_Contig_1152	1	444	2	140	31.5315	0.504505	34.3	60
dDocent_Contig_1154	1	442	13	333	75.3394	3.84163	36.5	60
dDocent_Contig_1155	1	487	11	361	74.1273	3.11088	36.8	60
dDocent_Contig_1157	1	455	39	142	31.2088	11.4374	35.9	60
dDocent_Contig_1159	1	401	4	143	35.6608	1.38903	36.6	60
dDocent_Contig_1162	1	486	22	325	66.8724	5.95885	36.3	60
dDocent_Contig_1163	1	352	18	141	40.0568	6.80682	36.4	60
dDocent_Contig_1164	1	569	59	391	68.717	13.3445	36.4	60
dDocent_Contig_1168	1	518	17	379	73.166	4.46139	36.5	60
dDocent_Contig_1171	1	468	8	212	45.2991	2.18162	36.9	60
dDocent_Contig_1173	1	366	10	141	38.5246	3.48634	36.8	60
dDocent_Contig_1175	1	354	34	330	93.2203	12.4661	35.8	60
dDocent_Contig_1178	1	381	27	250	65.6168	9.74803	36.5	60
dDocent_Contig_1179	1	484	11	136	28.0992	2.6405	35.7	60
dDocent_Contig_1180	1	455	242	426	93.6264	74.3407	36.2	60
dDocent_Contig_1182	1	415	7	316	76.1446	2.19518	36.1	60
dDocent_Contig_1189	1	426	9	295	69.2488	2.69718	36.1	60
dDocent_Contig_1191	1	468	17	326	69.6581	5.14103	36.7	60
dDocent_Contig_1194	1	460	12	150	32.6087	3.31739	36.8	60
dDocent_Contig_1197	1	403	3	135	33.4988	0.997519	36.8	60
dDocent_Contig_1202	1	346	10	283	81.7919	3.36705	36.6	60
dDocent_Contig_1221	1	454	8	141	31.0573	2.14097	36	60
dDocent_Contig_1224	1	616	45	573	93.0195	9.84578	36.4	60
dDocent_Contig_1228	1	498	242	458	91.9679	63.7088	36.3	57.1
dDocent_Contig_1231	1	388	4	140	36.0825	1.40464	36.9	60
dDocent_Contig_1232	1	335	1	122	36.4179	0.364179	36.9	60
dDocent_Contig_1233	1	447	24	343	76.7338	6.90157	36.7	60
dDocent_Contig_1235	1	347	12	316	91.0663	4.75793	36.2	60
dDocent_Contig_1236	1	356	5	140	39.3258	1.83708	36.6	60
dDocent_Contig_1237	1	495	15	140	28.2828	4.02828	36.8	60
dDocent_Contig_1239	1	383	25	292	76.2402	9.21149	36.8	60
dDocent_Contig_1240	1	422	19	380	90.0474	6.16114	36	60
dDocent_Contig_1243	1	406	22	349	85.9606	7.15764	36.1	60
dDocent_Contig_1245	1	364	37	299	82.1429	13.9038	36.6	57.9
dDocent_Contig_1246	1	564	29	368	65.2482	6.62589	36.9	50.8
dDocent_Contig_1249	1	468	13	297	63.4615	3.63248	36.3	60
dDocent_Contig_1252	1	400	40	360	90	13.1875	36.6	60
dDocent_Contig_1254	1	399	19	142	35.589	6.07268	36.5	55.6
dDocent_Contig_1256	1	488	19	292	59.8361	5.15164	36.5	60
dDocent_Contig_1263	1	502	18	140	27.8884	4.1494	36.8	60
dDocent_Contig_1267	1	497	43	436	87.7264	12.1549	36.3	60
dDocent_Contig_1268	1	408	55	283	69.3627	18.9118	36.5	60
dDocent_Contig_1273	1	467	30	358	76.6595	8.77088	36.6	60
dDocent_Contig_1274	1	400	6	216	54	1.9725	36.5	60
dDocent_Contig_1275	1	366	114	326	89.071	39.4481	35.6	60
dDocent_Contig_1277	1	339	4	145	42.7729	1.62832	36.8	60
dDocent_Contig_1278	1	609	53	394	64.6962	11.7291	36.6	60
dDocent_Contig_1285	1	541	19	440	81.3309	4.63956	35.9	57.3
dDocent_Contig_1286	1	465	21	305	65.5914	5.50108	36.4	60
dDocent_Contig_1287	1	398	7	301	75.6281	2.47236	36.6	60
dDocent_Contig_1288	1	608	40	518	85.1974	8.43257	36.6	55.6
dDocent_Contig_1289	1	363	3	135	37.1901	1.06612	35.8	60
dDocent_Contig_1293	1	600	60	466	77.6667	13.7533	36.3	60
dDocent_Contig_1296	1	445	23	291	65.3933	6.70112	36.4	60
dDocent_Contig_1297	1	453	22	306	67.5497	5.94702	36.2	60
dDocent_Contig_1299	1	454	9	140	30.837	2.52643	36.8	60
dDocent_Contig_1300	1	380	29	278	73.1579	7.23158	35.5	58.5
dDocent_Contig_1303	1	476	43	444	93.2773	12.3277	36.6	60
dDocent_Contig_1304	1	614	14	367	59.772	2.74104	36.6	60
dDocent_Contig_1305	1	542	9	299	55.1661	2.21033	36.6	60
dDocent_Contig_1310	1	491	27	347	70.6721	7.18941	36.5	60
dDocent_Contig_1312	1	447	4	142	31.7673	1.21924	36.7	60
dDocent_Contig_1315	1	443	17	407	91.8736	5.1693	36.4	54.4
dDocent_Contig_1316	1	571	38	357	62.5219	8.89317	36.6	60
dDocent_Contig_1318	1	462	24	344	74.4589	6.62771	36.4	60
dDocent_Contig_1322	1	427	77	373	87.3536	23.4496	36.3	60
dDocent_Contig_1325	1	554	5	349	62.9964	1.11552	36.3	60
dDocent_Contig_1326	1	442	12	294	66.5158	3.46833	36.8	60
dDocent_Contig_1332	1	527	58	424	80.4554	14.9715	36.3	60
dDocent_Contig_1333	1	352	14	311	88.3523	5.23295	36.4	60
dDocent_Contig_1342	1	567	266	527	92.9453	68.0176	36.3	40.6
dDocent_Contig_1343	1	540	47	314	58.1481	11.563	35.9	60
dDocent_Contig_1344	1	392	20	285	72.7041	6.92857	36.1	60
dDocent_Contig_1345	1	527	65	373	70.778	16.4573	36.4	60
dDocent_Contig_1347	1	449	25	332	73.9421	7.52561	36.2	60
dDocent_Contig_1348	1	333	6	141	42.3423	2.12613	36.7	60
dDocent_Contig_1350	1	564	23	277	49.1135	5.38475	36.4	59.3
dDocent_Contig_1353	1	364	19	140	38.4615	6.72802	36.4	60
dDocent_Contig_1354	1	344	25	326	94.7674	9.98837	36.4	60
dDocent_Contig_1355	1	626	36	514	82.1086	8.17572	36.6	60
dDocent_Contig_1356	1	426	18	142	33.3333	5.23944	36.3	60
dDocent_Contig_1360	1	357	7	314	87.9552	2.69748	36.1	60
dDocent_Contig_1362	1	343	2	126	36.7347	0.734694	37	60
dDocent_Contig_1363	1	379	28	340	89.7098	9.7124	36.3	60
dDocent_Contig_1368	1	528	46	430	81.4394	12.0455	36.2	60
dDocent_Contig_1369	1	332	271	282	84.9398	103.533	36.5	55.8
dDocent_Contig_1370	1	334	18	141	42.2156	6.72455	34.6	60
dDocent_Contig_1371	1	436	6	140	32.1101	1.83257	36.9	60
dDocent_Contig_1372	1	397	80	143	36.0202	17.869	36.2	57.2
dDocent_Contig_1374	1	443	5	292	65.9142	1.51242	36.7	60
dDocent_Contig_1375	1	555	151	496	89.3694	37.9009	36.1	60
dDocent_Contig_1376	1	380	16	304	80	5.46579	36.4	60
dDocent_Contig_1377	1	406	79	355	87.4384	26.867	36.5	60
dDocent_Contig_1379	1	395	35	331	83.7975	12.0734	36.6	60
dDocent_Contig_1383	1	402	27	304	75.6219	8.79851	36.3	60
dDocent_Contig_1384	1	516	31	361	69.9612	8.04651	36.5	60
dDocent_Contig_1386	1	538	20	360	66.9145	5.04647	36.5	60
dDocent_Contig_1388	1	460	42	326	70.8696	12.8565	36.3	60
dDocent_Contig_1390	1	472	9	291	61.6525	2.58475	36	60
dDocent_Contig_1391	1	358	39	140	39.1061	14.1285	36.7	60
dDocent_Contig_1393	1	586	18	422	72.0137	4.37031	36.4	60
dDocent_Contig_1395	1	451	4	140	31.0421	1.20177	37	60
dDocent_Contig_1396	1	530	31	509	96.0377	8.19623	36.6	60
dDocent_Contig_1397	1	609	56	529	86.8637	12.4483	36.2	60
dDocent_Contig_1399	1	513	6	217	42.3002	1.53021	36.8	56.3
dDocent_Contig_1400	1	332	9	142	42.7711	3.10241	36.2	60
dDocent_Contig_1401	1	369	21	320	86.7209	7.33333	36.9	60
dDocent_Contig_1404	1	370	12	300	81.0811	4.26486	36.6	60
dDocent_Contig_1407	1	487	40	404	82.9569	11.2053	36	60
dDocent_Contig_1408	1	340	30	214	62.9412	10.7971	35.6	60
dDocent_Contig_1410	1	472	25	386	81.7797	6.84534	36.3	60
dDocent_Contig_1411	1	387	13	142	36.6925	3.99742	35.7	60
dDocent_Contig_1413	1	410	12	274	66.8293	3.58293	36.6	60
dDocent_Contig_1414	1	420	11	350	83.3333	3.75476	36.7	60
dDocent_Contig_1416	1	519	19	448	86.3198	4.87861	36.7	60
dDocent_Contig_1417	1	582	42	495	85.0515	9.7921	36.4	60
dDocent_Contig_1418	1	369	5	228	61.7886	1.43089	36.6	49.8
dDocent_Contig_1424	1	481	18	141	29.3139	4.64449	36.3	60
dDocent_Contig_1428	1	359	34	140	38.9972	12.1978	36.4	60
dDocent_Contig_1429	1	456	19	356	78.0702	5.85307	36.3	60
dDocent_Contig_1430	1	412	67	357	86.6505	22.1966	36.6	59.9
dDocent_Contig_1431	1	344	13	206	59.8837	5.05523	36.6	60
dDocent_Contig_1432	1	395	17	345	87.3418	5.53165	36.7	60
dDocent_Contig_1433	1	556	2	95	17.0863	0.341727	36.9	60
dDocent_Contig_1434	1	365	19	302	82.7397	6.59452	36.2	60
dDocent_Contig_1435	1	567	31	322	56.7901	7.1358	36.3	60
dDocent_Contig_1440	1	531	156	493	92.8437	39.2787	36.2	59.9
dDocent_Contig_1441	1	381	30	314	82.4147	9.97113	36.4	58.5
dDocent_Contig_1442	1	553	21	307	55.5154	5.09584	36.7	60
dDocent_Contig_1443	1	376	12	255	67.8191	3.88298	36	60
dDocent_Contig_1444	1	471	3	130	27.6008	0.764331	36.9	60
dDocent_Contig_1447	1	579	13	452	78.0656	3.13126	36.2	59.5
dDocent_Contig_1448	1	413	60	374	90.5569	19.5642	36.5	60
dDocent_Contig_1450	1	427	223	393	92.0375	68.8735	36.3	59.5
dDocent_Contig_1457	1	553	19	396	71.6094	4.69078	36.5	60
dDocent_Contig_1458	1	457	14	209	45.733	3.89934	36.4	60
dDocent_Contig_1459	1	376	21	286	76.0638	7.51862	36.8	60
dDocent_Contig_1460	1	572	82	386	67.4825	20.451	36	60
dDocent_Contig_1469	1	332	11	141	42.4699	4.31024	36	60
dDocent_Contig_1470	1	640	15	445	69.5312	3.08906	36.8	60
dDocent_Contig_1472	1	456	65	410	89.9123	20.1754	36.4	59.4
dDocent_Contig_1473	1	449	24	248	55.2339	7.34521	36.7	60
dDocent_Contig_1476	1	426	3	286	67.1362	0.981221	36.3	60
dDocent_Contig_1480	1	602	23	283	47.01	4.77575	36.6	60
dDocent_Contig_1483	1	463	16	304	65.6587	4.39093	36.4	60
dDocent_Contig_1487	1	341	1	132	38.7097	0.387097	36.4	60
dDocent_Contig_1488	1	444	35	337	75.9009	10.3896	36	60
dDocent_Contig_1489	1	505	5	273	54.0594	1.24356	35.4	60
dDocent_Contig_1491	1	477	9	232	48.6373	2.59119	36.7	60
dDocent_Contig_1495	1	332	4	140	42.1687	1.4006	36.8	60
dDocent_Contig_1498	1	406	20	245	60.3448	6.2069	35.2	60
dDocent_Contig_1499	1	556	2	102	18.3453	0.350719	34	60
dDocent_Contig_1500	1	455	19	142	31.2088	5.46374	36.3	60
dDocent_Contig_1502	1	492	32	382	77.6423	8.75	36.4	60
dDocent_Contig_1505	1	534	25	490	91.7603	6.19663	36.3	60
dDocent_Contig_1508	1	558	18	326	58.4229	4.44086	36.8	60
dDocent_Contig_1511	1	439	88	333	75.8542	27.6196	36.3	60
dDocent_Contig_1512	1	546	3	142	26.0073	0.684982	37	60
dDocent_Contig_1514	1	332	9	140	42.1687	3.36145	34.8	60
dDocent_Contig_1515	1	414	42	383	92.5121	13.57	36.6	60
dDocent_Contig_1517	1	598	47	342	57.1906	10.5167	36.7	60
dDocent_Contig_1519	1	451	20	344	76.2749	5.50333	36.1	60
dDocent_Contig_1521	1	548	35	353	64.4161	8.31387	36	60
dDocent_Contig_1524	1	418	29	378	90.4306	9.30144	36.6	60
dDocent_Contig_1525	1	405	9	276	68.1481	2.82469	36.6	60
dDocent_Contig_1528	1	566	126	524	92.5795	30.3922	36.3	59.4
dDocent_Contig_1530	1	539	13	423	78.4787	3.11503	35.2	60
dDocent_Contig_1533	1	594	23	376	63.2997	5.08923	36.2	60
dDocent_Contig_1535	1	421	18	290	68.8836	5.42993	36.3	60
dDocent_Contig_1537	1	517	17	402	77.7563	4.50677	36.4	60
dDocent_Contig_1538	1	514	33	332	64.5914	8.03696	36.7	60
dDocent_Contig_1539	1	625	402	586	93.76	88.0496	36.3	51.1
dDocent_Contig_1542	1	416	5	136	32.6923	1.4976	36.7	60
dDocent_Contig_1544	1	481	18	142	29.5218	5.03534	36.5	60
dDocent_Contig_1545	1	417	12	271	64.988	3.72902	36.8	60
dDocent_Contig_1549	1	445	19	404	90.7865	5.63146	36	60
dDocent_Contig_1552	1	395	36	356	90.1266	12.4152	36.2	60
dDocent_Contig_1556	1	661	25	563	85.174	4.75794	35.8	60
dDocent_Contig_1559	1	382	18	320	83.7696	6.63089	36.5	60
dDocent_Contig_1560	1	473	14	307	64.9049	4.00211	36.9	60
dDocent_Contig_1564	1	546	40	435	79.6703	9.61722	36.4	60
dDocent_Contig_1568	1	346	42	307	88.7283	14.4827	36.5	51.8
dDocent_Contig_1571	1	530	81	434	81.8868	20.4189	36.5	60
dDocent_Contig_1572	1	434	27	404	93.0876	7.87788	36	60
dDocent_Contig_1573	1	440	4	223	50.6818	1.24318	36.8	60
dDocent_Contig_1575	1	408	26	336	82.3529	8.30882	36.5	60
dDocent_Contig_1577	1	406	9	141	34.7291	2.9064	36.7	60
dDocent_Contig_1579	1	496	10	141	28.4274	2.67944	36.8	60
dDocent_Contig_1580	1	364	10	141	38.7363	3.36538	36.9	60
dDocent_Contig_1583	1	333	33	259	77.7778	13.027	36.1	59
dDocent_Contig_1584	1	407	3	289	71.0074	0.855037	36.8	60
dDocent_Contig_1586	1	351	16	141	40.1709	5.86895	36.5	60
dDocent_Contig_1591	1	332	3	218	65.6627	1.28012	36.2	60
dDocent_Contig_1592	1	425	12	354	83.2941	3.70588	36.2	60
dDocent_Contig_1593	1	432	2	132	30.5556	0.592593	35.2	60
dDocent_Contig_1595	1	364	41	141	38.7363	14.8352	36.3	60
dDocent_Contig_1596	1	336	15	145	43.1548	5.6994	36.5	59
dDocent_Contig_1597	1	403	33	306	75.9305	11.6849	36.4	60
dDocent_Contig_1605	1	410	17	241	58.7805	5.34634	36	60
dDocent_Contig_1607	1	409	8	317	77.5061	2.75795	35.1	60
dDocent_Contig_1609	1	378	17	141	37.3016	5.94709	36.1	60
dDocent_Contig_1611	1	514	27	301	58.5603	7.07393	36.3	60
dDocent_Contig_1612	1	446	39	366	82.0628	12.0314	36.6	60
dDocent_Contig_1616	1	466	13	358	76.824	3.67597	36.4	60
dDocent_Contig_1617	1	523	91	414	79.1587	23.1319	36.4	58.4
dDocent_Contig_1619	1	531	1221	494	93.032	323.638	36.4	56.1
dDocent_Contig_1621	1	558	52	254	45.5197	11.1183	36.3	59.3
dDocent_Contig_1623	1	394	12	141	35.7868	3.81472	36.1	60
dDocent_Contig_1628	1	480	14	344	71.6667	3.79583	36	60
dDocent_Contig_1629	1	423	21	140	33.0969	6.08983	36.7	60
dDocent_Contig_1630	1	362	2	167	46.1326	0.79558	34	60
dDocent_Contig_1631	1	365	6	264	72.3288	1.95616	36.9	60
dDocent_Contig_1633	1	439	5	323	73.5763	1.56948	36.8	60
dDocent_Contig_1636	1	604	11	254	42.053	2.13079	36.7	60
dDocent_Contig_1640	1	347	10	300	86.4553	4.09222	36.9	60
dDocent_Contig_1641	1	449	51	374	83.2962	14.0668	35.8	60
dDocent_Contig_1644	1	445	4	141	31.6854	1.24719	36.9	60
dDocent_Contig_1645	1	481	20	424	88.1497	5.5343	36.2	60
dDocent_Contig_1646	1	378	11	141	37.3016	3.55026	36.3	60
dDocent_Contig_1647	1	424	6	233	54.9528	1.58726	36	60
dDocent_Contig_1648	1	500	14	396	79.2	3.772	36.6	56.3
dDocent_Contig_1650	1	442	33	376	85.0679	10.009	36.3	51.3
dDocent_Contig_1652	1	477	28	385	80.7128	8.24528	36.3	60
dDocent_Contig_1656	1	333	10	251	75.3754	3.64865	36.2	51.7
dDocent_Contig_1658	1	447	43	337	75.3915	12.7539	35.9	59.5
dDocent_Contig_1663	1	412	7	289	70.1456	2.08981	36	60
dDocent_Contig_1665	1	366	7	248	67.7596	2.43169	36.8	60
dDocent_Contig_1668	1	412	39	284	68.932	12.7233	36.6	60
dDocent_Contig_1669	1	392	36	341	86.9898	10.4643	35.8	60
dDocent_Contig_1670	1	369	20	310	84.0108	7.4607	36.4	60
dDocent_Contig_1674	1	473	3	192	40.592	0.951374	36	60
dDocent_Contig_1677	1	500	2	143	28.6	0.572	36.8	60
dDocent_Contig_1681	1	398	37	339	85.1759	13.0126	36.4	60
dDocent_Contig_1682	1	446	17	328	73.5426	4.40583	36.5	58.9
dDocent_Contig_1684	1	583	122	524	89.8799	28.964	36.3	59.4
dDocent_Contig_1686	1	501	33	411	82.0359	8.87625	35.9	60
dDocent_Contig_1688	1	371	29	141	38.0054	10.4528	36.4	60
dDocent_Contig_1689	1	461	11	140	30.3688	2.83731	36.4	60
dDocent_Contig_1690	1	538	10	479	89.0335	2.38662	36.6	60
dDocent_Contig_1691	1	568	49	452	79.5775	11.581	36.2	60
dDocent_Contig_1698	1	547	22	224	40.9506	5.11517	36.7	60
dDocent_Contig_1700	1	513	30	402	78.3626	7.74269	36.4	60
dDocent_Contig_1706	1	332	56	142	42.7711	21.762	36.2	60
dDocent_Contig_1707	1	602	28	364	60.4651	5.6495	35	60
dDocent_Contig_1710	1	467	6	140	29.9786	1.73233	36.8	60
dDocent_Contig_1711	1	465	17	145	31.1828	4.32043	35.2	60
dDocent_Contig_1714	1	568	95	374	65.8451	23.5599	36.6	60
dDocent_Contig_1719	1	503	11	462	91.8489	3.12127	36.5	60
dDocent_Contig_1720	1	407	42	367	90.172	12.9263	35.7	60
dDocent_Contig_1721	1	406	2	105	25.8621	0.517241	36.4	60
dDocent_Contig_1723	1	384	16	142	36.9792	5.27083	36.4	60
dDocent_Contig_1724	1	493	28	148	30.0203	7.62272	35.9	60
dDocent_Contig_1728	1	456	17	337	73.9035	4.93202	36.6	60
dDocent_Contig_1730	1	445	1	143	32.1348	0.321348	36.9	60
dDocent_Contig_1731	1	361	5	141	39.0582	1.80886	36.2	60
dDocent_Contig_1735	1	521	31	384	73.7044	7.95969	36.5	60
dDocent_Contig_1737	1	335	3	131	39.1045	1.06269	37	60
dDocent_Contig_1740	1	606	23	285	47.0297	5.0297	36.8	60
dDocent_Contig_1743	1	379	1	97	25.5937	0.255937	35.3	60
dDocent_Contig_1744	1	370	36	324	87.5676	11.8784	36.2	60
dDocent_Contig_1752	1	539	16	462	85.7143	3.6679	36.6	50.1
dDocent_Contig_1753	1	390	9	141	36.1538	2.72051	36.6	39.4
dDocent_Contig_1754	1	357	5	141	39.4958	1.77311	35.7	60
dDocent_Contig_1755	1	403	13	349	86.6005	4.51613	36.1	60
dDocent_Contig_1758	1	454	38	370	81.4978	10.9361	36.8	60
dDocent_Contig_1760	1	491	4	367	74.7454	1	36.3	54.5
dDocent_Contig_1763	1	373	10	141	37.8016	3.26005	36.6	60
dDocent_Contig_1765	1	334	17	227	67.9641	6.91018	36.1	60
dDocent_Contig_1767	1	499	20	331	66.3327	5.10421	36.9	60
dDocent_Contig_1770	1	542	25	397	73.2472	6.76568	35.3	60
dDocent_Contig_1771	1	444	83	409	92.1171	23.7703	36.3	58
dDocent_Contig_1772	1	480	1	136	28.3333	0.283333	36.5	60
dDocent_Contig_1774	1	610	13	428	70.1639	2.80984	36.8	60
dDocent_Contig_1775	1	461	20	323	70.0651	5.62039	35.9	60
dDocent_Contig_1776	1	437	19	377	86.27	5.83982	36.7	60
dDocent_Contig_1779	1	532	48	188	35.3383	12.7669	36.6	60
dDocent_Contig_1780	1	389	22	310	79.6915	7.6401	36.6	60
dDocent_Contig_1781	1	373	39	311	83.378	13.5067	35.9	60
dDocent_Contig_1782	1	423	20	260	61.4657	5.53901	34.6	60
dDocent_Contig_1783	1	515	2	116	22.5243	0.450485	36.8	60
dDocent_Contig_1784	1	497	8	276	55.5332	2.15694	36.1	60
dDocent_Contig_1789	1	423	3	140	33.0969	0.900709	36.9	60
dDocent_Contig_1792	1	415	41	310	74.6988	12.9976	36.5	60
dDocent_Contig_1794	1	510	6	400	78.4314	1.56078	36.1	60
dDocent_Contig_1795	1	412	61	359	87.1359	19.8204	36.6	60
dDocent_Contig_1796	1	468	1	134	28.6325	0.286325	36.9	60
dDocent_Contig_1798	1	345	10	305	88.4058	3.65797	36.3	60
dDocent_Contig_1799	1	448	78	368	82.1429	19.0112	35.8	59.6
dDocent_Contig_1801	1	523	5	348	66.5392	1.05927	36.1	60
dDocent_Contig_1804	1	518	28	141	27.2201	6.75483	36.6	60
dDocent_Contig_1807	1	466	9	206	44.206	2.61373	36.4	60
dDocent_Contig_1811	1	510	38	469	91.9608	9.48627	36.4	60
dDocent_Contig_1813	1	383	181	343	89.5561	60.5692	36.4	59.5
dDocent_Contig_1818	1	548	25	284	51.8248	5.91423	36.5	60
dDocent_Contig_1820	1	555	31	239	43.0631	7.89009	36.8	60
dDocent_Contig_1821	1	407	17	359	88.2064	5.57248	36.1	60
dDocent_Contig_1829	1	637	141	576	90.4239	29.9105	36.4	60
dDocent_Contig_1831	1	406	28	141	34.7291	9.01724	36.2	60
dDocent_Contig_1835	1	570	31	504	88.4211	7.22105	36.6	60
dDocent_Contig_1840	1	405	45	366	90.3704	14.9432	36.4	60
dDocent_Contig_1843	1	371	40	318	85.7143	14.2075	36.1	60
dDocent_Contig_1845	1	405	20	142	35.0617	6.25679	36.7	60
dDocent_Contig_1849	1	611	39	445	72.8314	9.10147	36.5	60
dDocent_Contig_1860	1	362	26	280	77.3481	9.21547	36.3	60
dDocent_Contig_1863	1	562	20	320	56.9395	4.87367	36.4	60
dDocent_Contig_1864	1	374	16	319	85.2941	5.77005	36.1	60
dDocent_Contig_1866	1	542	9	459	84.6863	2.27306	35.3	60
dDocent_Contig_1867	1	433	1	133	30.7159	0.307159	36.5	60
dDocent_Contig_1869	1	400	25	144	36	7.695	36.5	60
dDocent_Contig_1870	1	541	135	445	82.2551	32.3771	36.3	58.7
dDocent_Contig_1872	1	495	32	398	80.404	8.90101	36.1	60
dDocent_Contig_1879	1	357	34	303	84.8739	12.1541	36.2	60
dDocent_Contig_1880	1	333	3	143	42.9429	1.24625	36.3	60
dDocent_Contig_1881	1	432	10	141	32.6389	2.97454	36.4	60
dDocent_Contig_1882	1	531	13	200	37.6648	3.3936	36.5	60
dDocent_Contig_1885	1	332	8	141	42.4699	3.22289	36.9	60
dDocent_Contig_1886	1	479	22	335	69.9374	5.74739	36.5	60
dDocent_Contig_1887	1	396	47	370	93.4343	15.8586	36.5	60
dDocent_Contig_1891	1	427	9	140	32.7869	2.59719	36.9	60
dDocent_Contig_1892	1	559	11	293	52.415	2.73882	36.4	60
dDocent_Contig_1901	1	368	24	141	38.3152	8.38043	36.7	60
dDocent_Contig_1902	1	484	18	141	29.1322	4.81818	36.3	60
dDocent_Contig_1903	1	454	11	325	71.5859	3.03084	36.5	60
dDocent_Contig_1904	1	573	10	294	51.3089	2.33508	36.8	60
dDocent_Contig_1906	1	332	21	247	74.3976	7.50602	35.9	60
dDocent_Contig_1908	1	339	17	290	85.5457	6.12684	36.7	60
dDocent_Contig_1910	1	546	68	461	84.4322	15.5696	36.5	59.4
dDocent_Contig_1914	1	392	56	356	90.8163	17.801	35.9	60
dDocent_Contig_1916	1	446	23	409	91.704	7.25561	36.8	60
dDocent_Contig_1917	1	645	32	564	87.4419	6.81085	36.5	57.8
dDocent_Contig_1918	1	511	29	367	71.82	6.93933	35.9	60
dDocent_Contig_1921	1	417	14	347	83.2134	4.47482	36.2	60
dDocent_Contig_1922	1	515	53	470	91.2621	13.8291	36.3	60
dDocent_Contig_1924	1	462	8	358	77.4892	2.41775	36.6	60
dDocent_Contig_1925	1	371	21	321	86.5229	8.01887	35.8	60
dDocent_Contig_1926	1	422	17	294	69.6682	4.77488	35.8	60
dDocent_Contig_1927	1	357	8	285	79.8319	2.65546	36.7	60
dDocent_Contig_1928	1	533	9	141	26.454	2.29644	36.6	60
dDocent_Contig_1929	1	482	11	315	65.3527	3.03527	36.1	60
dDocent_Contig_1930	1	349	1	131	37.5358	0.375358	36.7	60
dDocent_Contig_1932	1	396	16	141	35.6061	5.25758	36.5	60
dDocent_Contig_1933	1	475	9	319	67.1579	1.92211	36	48.4
dDocent_Contig_1935	1	357	4	135	37.8151	1.33894	36.7	60
dDocent_Contig_1936	1	567	36	348	61.3757	8.53968	36.1	60
dDocent_Contig_1937	1	409	16	336	82.1516	5.27139	36.2	60
dDocent_Contig_1938	1	451	14	375	83.1486	3.75388	36.6	60
dDocent_Contig_1942	1	645	42	361	55.969	8.97519	36.5	60
dDocent_Contig_1944	1	553	24	314	56.7812	5.88969	35.6	60
dDocent_Contig_1946	1	456	16	140	30.7018	4.66667	36.4	60
dDocent_Contig_1947	1	407	20	143	35.1351	5.95332	35.9	60
dDocent_Contig_1948	1	424	31	293	69.1038	9.54481	36.4	60
dDocent_Contig_1949	1	552	49	336	60.8696	12.1033	36.2	59.8
dDocent_Contig_1950	1	556	6	379	68.1655	1.57014	36.5	60
dDocent_Contig_1952	1	379	34	222	58.5752	11.5066	36.6	60
dDocent_Contig_1953	1	372	22	280	75.2688	8.51613	36.7	60
dDocent_Contig_1955	1	494	10	371	75.1012	2.77935	36.6	60
dDocent_Contig_1956	1	469	37	428	91.258	10.7186	36.7	60
dDocent_Contig_1960	1	401	13	141	35.1621	4.03491	36.8	60
dDocent_Contig_1964	1	496	37	443	89.3145	9.9375	36.6	60
dDocent_Contig_1965	1	462	93	364	78.7879	27.5216	36.5	60
dDocent_Contig_1966	1	453	133	423	93.3775	41.6446	36.4	60
dDocent_Contig_1967	1	413	26	396	95.8838	7.89104	36	60
dDocent_Contig_1968	1	573	40	244	42.5829	10.1309	36.8	60
dDocent_Contig_1969	1	524	51	479	91.4122	12.7042	36.3	58
dDocent_Contig_1970	1	465	30	424	91.1828	8.24731	36.5	60
dDocent_Contig_1971	1	355	5	259	72.9577	1.88451	36.7	60
dDocent_Contig_1974	1	359	49	318	88.5794	18.7939	36.6	60
dDocent_Contig_1977	1	415	5	349	84.0964	1.64096	36.7	60
dDocent_Contig_1985	1	563	6	291	51.6874	1.38899	34.6	60
dDocent_Contig_1992	1	366	61	143	39.071	22.0902	36.4	60
dDocent_Contig_1996	1	375	17	324	86.4	5.33067	36.7	52.3
dDocent_Contig_1997	1	332	22	301	90.6627	9.44277	36.7	60
dDocent_Contig_1999	1	411	14	141	34.3066	4.28467	36.9	60
dDocent_Contig_2000	1	474	4	284	59.9156	1.13502	36.8	60
dDocent_Contig_2001	1	515	227	405	78.6408	59.8893	35.9	59.4
dDocent_Contig_2015	1	432	34	390	90.2778	10.3519	36.1	60
dDocent_Contig_2023	1	355	29	294	82.8169	11.1718	36.6	60
dDocent_Contig_2024	1	531	6	290	54.6139	1.54802	36.7	60
dDocent_Contig_2025	1	403	33	291	72.2084	10.4864	36.2	60
dDocent_Contig_2026	1	431	19	142	32.9466	5.86079	36.5	60
dDocent_Contig_2029	1	406	21	284	69.9507	6.9335	36.7	60
dDocent_Contig_2032	1	434	6	252	58.0645	1.56912	36.8	60
dDocent_Contig_2034	1	408	19	361	88.4804	5.9902	36.4	60
dDocent_Contig_2038	1	501	9	143	28.5429	2.30539	35.5	60
dDocent_Contig_2042	1	443	46	381	86.0045	14.4108	36.7	60
dDocent_Contig_2044	1	452	42	346	76.5487	12.2898	36.4	60
dDocent_Contig_2049	1	404	12	311	76.9802	3.86139	36.2	60
dDocent_Contig_2050	1	485	39	346	71.3402	11.0557	36.4	60
dDocent_Contig_2051	1	383	17	277	72.3238	6.06789	36.2	60
dDocent_Contig_2052	1	501	5	140	27.9441	1.37325	36.4	60
dDocent_Contig_2060	1	581	58	382	65.7487	13.6489	36.4	60
dDocent_Contig_2064	1	533	1	125	23.4522	0.234522	36.6	60
dDocent_Contig_2068	1	522	15	141	27.0115	3.81801	36.6	60
dDocent_Contig_2069	1	525	68	318	60.5714	17.7848	36	60
dDocent_Contig_2070	1	412	15	375	91.0194	4.77427	36.8	60
dDocent_Contig_2071	1	434	13	316	72.8111	3.78111	36.1	60
dDocent_Contig_2072	1	356	32	293	82.3034	12.1742	36.1	60
dDocent_Contig_2074	1	337	15	280	83.0861	5.34718	36.4	35.5
dDocent_Contig_2075	1	601	51	252	41.9301	11.3611	36.3	47
dDocent_Contig_2076	1	440	4	262	59.5455	1.05682	36.5	52.2
dDocent_Contig_2077	1	512	315	482	94.1406	77.293	36.4	47.1
dDocent_Contig_2078	1	432	9	330	76.3889	2.5787	36.8	57.2
dDocent_Contig_2080	1	970	289	915	94.3299	41.2804	36.3	59.4
dDocent_Contig_2082	1	480	24	287	59.7917	6.60208	35.9	60
dDocent_Contig_2084	1	530	5	323	60.9434	1.36604	36.8	60
dDocent_Contig_2086	1	439	12	303	69.0205	3.34624	36.9	60
dDocent_Contig_2089	1	396	54	365	92.1717	18.5732	36.4	59.5
dDocent_Contig_2092	1	466	27	406	87.1245	7.7618	36.7	60
dDocent_Contig_2093	1	421	37	277	65.7957	11.1734	36.5	60
dDocent_Contig_2094	1	397	20	277	69.7733	6.34005	36.3	60
dDocent_Contig_2102	1	587	21	547	93.1857	4.99319	36.5	60
dDocent_Contig_2103	1	425	81	394	92.7059	26.64	36.5	60
dDocent_Contig_2104	1	451	4	223	49.4457	1.00887	34.7	60
dDocent_Contig_2105	1	357	20	140	39.2157	6.42857	36.3	60
dDocent_Contig_2108	1	449	42	416	92.6503	12.6837	36.6	60
dDocent_Contig_2110	1	506	15	143	28.2609	3.68577	36.1	60
dDocent_Contig_2113	1	352	27	253	71.875	8.04545	36.2	42.5
dDocent_Contig_2114	1	368	32	334	90.7609	11.1739	36.5	60
dDocent_Contig_2117	1	497	43	373	75.0503	11.7062	36.5	60
dDocent_Contig_2119	1	370	91	298	80.5405	34.4027	36.5	60
dDocent_Contig_2124	1	432	67	316	73.1481	20.9329	36.2	60
dDocent_Contig_2125	1	362	18	142	39.2265	6.66575	36.5	60
dDocent_Contig_2128	1	333	31	142	42.6426	11.4144	36.3	60
dDocent_Contig_2130	1	514	58	395	76.8482	15.7393	36.1	60
dDocent_Contig_2131	1	594	14	416	70.0337	2.9899	36.8	60
dDocent_Contig_2132	1	464	20	292	62.931	5.61422	36.3	60
dDocent_Contig_2133	1	499	34	480	96.1924	9.22044	35.9	59.8
dDocent_Contig_2134	1	390	58	301	77.1795	17.741	36.1	59.5
dDocent_Contig_2144	1	481	18	244	50.7277	4.51975	36.3	60
dDocent_Contig_2145	1	358	27	319	89.1061	9.94693	36.6	60
dDocent_Contig_2147	1	395	24	291	73.6709	7.83291	36.7	60
dDocent_Contig_2150	1	373	15	314	84.1823	5.29759	36.3	60
dDocent_Contig_2154	1	597	22	355	59.464	4.68509	36.6	59.6
dDocent_Contig_2156	1	427	4	141	33.0211	1.01639	36.5	60
dDocent_Contig_2158	1	356	5	278	78.0899	1.66854	35.6	60
dDocent_Contig_2159	1	480	35	307	63.9583	10.0708	36.5	60
dDocent_Contig_2160	1	413	21	374	90.5569	6.30993	35	58.4
dDocent_Contig_2161	1	350	8	142	40.5714	3.09143	36.8	60
dDocent_Contig_2162	1	533	44	478	89.6811	11.0507	36	60
dDocent_Contig_2163	1	461	23	423	91.757	6.75271	36.2	60
dDocent_Contig_2164	1	372	40	309	83.0645	14.5027	36.4	60
dDocent_Contig_2165	1	454	27	212	46.696	7.65198	36.4	60
dDocent_Contig_2167	1	404	32	171	42.3267	9.93564	35.6	60
dDocent_Contig_2169	1	471	13	356	75.5839	3.44798	36.5	60
dDocent_Contig_2170	1	498	35	142	28.5141	9.32731	36.7	60
dDocent_Contig_2172	1	523	18	143	27.3423	4.15488	36.4	60
dDocent_Contig_2174	1	503	24	376	74.7515	6.63419	36.6	60
dDocent_Contig_2175	1	489	26	283	57.8732	7.182	36.7	60
dDocent_Contig_2176	1	496	24	292	58.871	6.28226	35.8	60
dDocent_Contig_2177	1	523	24	198	37.8585	6.50287	36.8	60
dDocent_Contig_2180	1	332	31	297	89.4578	12.8283	36.4	60
dDocent_Contig_2181	1	438	8	266	60.7306	2.49087	36.5	60
dDocent_Contig_2182	1	506	4	309	61.0672	1.08696	36.8	60
dDocent_Contig_2184	1	407	14	142	34.8894	4.11548	36	60
dDocent_Contig_2185	1	529	63	485	91.6824	16.4405	36	59.7
dDocent_Contig_2186	1	382	37	307	80.3665	13.4686	36.2	60
dDocent_Contig_2188	1	468	7	137	29.2735	1.69444	36.3	60
dDocent_Contig_2191	1	365	19	297	81.3699	6.82192	36.7	60
dDocent_Contig_2192	1	482	28	257	53.3195	7.49585	36.7	60
dDocent_Contig_2194	1	413	7	144	34.8668	2.10169	36.5	60
dDocent_Contig_2196	1	432	32	336	77.7778	9.61806	35.8	60
dDocent_Contig_2198	1	378	41	352	93.1217	14.0556	36.1	60
dDocent_Contig_2199	1	436	21	395	90.5963	6.41972	36.4	60
dDocent_Contig_2204	1	484	18	291	60.124	4.82438	36.5	60
dDocent_Contig_2208	1	577	61	524	90.8146	13.636	36.6	53.6
dDocent_Contig_2209	1	381	48	288	75.5906	16	36.4	60
dDocent_Contig_2210	1	369	19	286	77.5068	6.71816	36.2	60
dDocent_Contig_2214	1	435	11	293	67.3563	3.22529	36.8	60
dDocent_Contig_2228	1	569	51	347	60.9842	12.9069	36.4	60
dDocent_Contig_2229	1	489	19	355	72.5971	5.01431	36.1	60
dDocent_Contig_2230	1	427	17	140	32.7869	4.96487	36.3	60
dDocent_Contig_2231	1	396	53	323	81.5657	18.9242	36.4	60
dDocent_Contig_2233	1	332	31	141	42.4699	11.1476	35.4	60
dDocent_Contig_2234	1	527	19	340	64.5161	4.62808	36.8	60
dDocent_Contig_2235	1	520	5	203	39.0385	1.14615	35.9	60
dDocent_Contig_2236	1	406	37	336	82.7586	12.6823	36.2	60
dDocent_Contig_2237	1	361	7	283	78.3934	2.39889	35.7	60
dDocent_Contig_2238	1	359	16	275	76.6017	5.81058	36.6	60
dDocent_Contig_2242	1	540	27	383	70.9259	6.80556	36.2	60
dDocent_Contig_2245	1	522	64	252	48.2759	17.3084	36.6	60
dDocent_Contig_2247	1	457	1	150	32.8228	0.328228	36.4	60
dDocent_Contig_2249	1	451	20	361	80.0443	5.66075	36.5	60
dDocent_Contig_2250	1	527	19	291	55.2182	4.79507	36.2	60
dDocent_Contig_2254	1	365	57	325	89.0411	19.7425	36.1	59.3
dDocent_Contig_2256	1	348	27	142	40.8046	10.6236	36.7	60
dDocent_Contig_2258	1	524	24	371	70.8015	6.1584	36.5	60
dDocent_Contig_2259	1	346	35	330	95.3757	13.2601	36.1	60
dDocent_Contig_2260	1	466	34	411	88.1974	10.1288	36.6	60
dDocent_Contig_2261	1	369	48	293	79.4038	16.4038	35.7	60
dDocent_Contig_2265	1	484	4	314	64.876	1.19421	36.8	60
dDocent_Contig_2267	1	375	3	141	37.6	1.056	36.5	60
dDocent_Contig_2269	1	332	15	235	70.7831	5.6988	36.1	60
dDocent_Contig_2270	1	332	17	140	42.1687	6.28313	36.4	60
dDocent_Contig_2274	1	598	24	455	76.087	5.30435	36.7	60
dDocent_Contig_2278	1	472	38	370	78.3898	11.1102	36.2	60
dDocent_Contig_2279	1	432	598	395	91.4352	175.644	36.4	54.1
dDocent_Contig_2281	1	378	3	136	35.9788	1.03439	36.8	60
dDocent_Contig_2287	1	394	16	142	36.0406	4.92893	36.7	60
dDocent_Contig_2289	1	426	28	140	32.8638	8.35211	36.6	60
dDocent_Contig_2291	1	399	24	142	35.589	7.93985	36.4	60
dDocent_Contig_2295	1	486	134	428	88.0658	32.9835	35.7	51
dDocent_Contig_2296	1	398	63	355	89.196	19.5276	36.3	59.6
dDocent_Contig_2297	1	363	2	163	44.9036	0.779614	35.8	60
dDocent_Contig_2298	1	524	22	297	56.6794	5.25191	36	60
dDocent_Contig_2299	1	347	201	301	86.7435	70.7695	36.2	44.3
dDocent_Contig_2300	1	424	40	363	85.6132	12.6108	36.2	60
dDocent_Contig_2302	1	332	13	264	79.5181	4.96988	36.4	60
dDocent_Contig_2305	1	386	13	328	84.9741	4.29016	36.6	60
dDocent_Contig_2307	1	370	10	143	38.6486	3.41081	36.7	60
dDocent_Contig_2308	1	493	39	317	64.3002	11.0284	36.6	60
dDocent_Contig_2309	1	587	41	397	67.632	9.62692	36.2	60
dDocent_Contig_2311	1	382	3	143	37.4346	1.07068	36.9	60
dDocent_Contig_2314	1	359	56	316	88.0223	11.9053	35.7	59.6
dDocent_Contig_2316	1	526	15	478	90.8745	3.93916	36.6	60
dDocent_Contig_2317	1	474	18	410	86.4979	4.98312	36.5	60
dDocent_Contig_2319	1	501	22	334	66.6667	5.6487	36.2	60
dDocent_Contig_2324	1	545	2	190	34.8624	0.442202	34.3	60
dDocent_Contig_2325	1	478	11	243	50.8368	3.12971	36.7	60
dDocent_Contig_2331	1	425	30	288	67.7647	9.03529	36.6	60
dDocent_Contig_2333	1	517	3	290	56.0928	0.83559	36.3	60
dDocent_Contig_2335	1	590	12	298	50.5085	2.69661	36	60
dDocent_Contig_2336	1	390	6	102	26.1538	1.4	36.2	60
dDocent_Contig_2340	1	393	45	362	92.112	16.0662	36.3	60
dDocent_Contig_2342	1	368	17	269	73.0978	5.61141	36.3	54.1
dDocent_Contig_2343	1	441	58	413	93.6508	18.0884	36.6	60
dDocent_Contig_2346	1	498	30	428	85.9438	7.37952	36.7	60
dDocent_Contig_2347	1	417	14	304	72.9017	4.2518	36.8	60
dDocent_Contig_2348	1	586	2	201	34.3003	0.484642	36.4	60
dDocent_Contig_2349	1	348	14	142	40.8046	5.12069	36	60
dDocent_Contig_2353	1	332	11	142	42.7711	4.16566	36.7	60
dDocent_Contig_2357	1	494	23	453	91.7004	6.10729	36.7	60
dDocent_Contig_2360	1	540	53	493	91.2963	12.7926	36.7	60
dDocent_Contig_2361	1	336	4	140	41.6667	1.35714	36.8	60
dDocent_Contig_2364	1	336	30	141	41.9643	11.3423	36.4	60
dDocent_Contig_2365	1	463	55	175	37.797	16.1857	36	59.7
dDocent_Contig_2369	1	525	80	449	85.5238	21.139	36.4	60
dDocent_Contig_2370	1	491	44	449	91.446	12.558	36.2	60
dDocent_Contig_2371	1	332	19	289	87.0482	7.75904	36.2	60
dDocent_Contig_2372	1	494	35	325	65.7895	9.73684	36	60
dDocent_Contig_2378	1	473	20	394	83.2981	5.2389	36.6	60
dDocent_Contig_2380	1	493	14	142	28.8032	3.34888	36.3	60
dDocent_Contig_2384	1	513	45	331	64.5224	12.5867	36.5	60
dDocent_Contig_2389	1	397	2	221	55.6675	0.556675	35.9	60
dDocent_Contig_2390	1	353	9	140	39.6601	3.45326	36.6	60
dDocent_Contig_2392	1	506	14	338	66.7984	3.91897	36.4	60
dDocent_Contig_2395	1	614	13	455	74.1042	2.78013	36.6	60
dDocent_Contig_2397	1	403	11	141	34.9876	3.62531	36	60
dDocent_Contig_2401	1	484	231	445	91.9421	66.1756	36.4	59.1
dDocent_Contig_2405	1	527	18	206	39.0892	4.79696	35.8	60
dDocent_Contig_2407	1	499	65	406	81.3627	17.8517	36.4	60
dDocent_Contig_2412	1	443	13	298	67.2686	3.88262	36.7	60
dDocent_Contig_2415	1	398	34	340	85.4271	11.5302	36.5	60
dDocent_Contig_2419	1	584	82	350	59.9315	16.2517	35.5	59.9
dDocent_Contig_2421	1	456	62	329	72.1491	19.2785	36.3	60
dDocent_Contig_2422	1	429	19	394	91.8415	5.98135	36	60
dDocent_Contig_2423	1	388	54	227	58.5052	18.9356	36.5	60
dDocent_Contig_2425	1	498	6	271	54.4177	1.59036	36.8	60
dDocent_Contig_2431	1	362	53	289	79.8343	20.2762	36.2	60
dDocent_Contig_2434	1	506	161	469	92.6877	45.5277	36.5	53.8
dDocent_Contig_2435	1	533	44	501	93.9962	11.1201	36.3	60
dDocent_Contig_2443	1	518	28	370	71.4286	7.39189	36.5	60
dDocent_Contig_2446	1	501	4	179	35.7285	0.902196	35.7	60
dDocent_Contig_2448	1	332	19	141	42.4699	7.16867	36.6	60
dDocent_Contig_2452	1	606	68	384	63.3663	15.9604	36.3	60
dDocent_Contig_2454	1	570	6	286	50.1754	1.18246	36.8	60
dDocent_Contig_2458	1	534	28	330	61.7978	7.4382	36.5	60
dDocent_Contig_2460	1	404	15	248	61.3861	4.04703	35.3	60
dDocent_Contig_2462	1	374	15	338	90.3743	5.27807	36.5	60
dDocent_Contig_2466	1	424	12	292	68.8679	3.93868	36.6	60
dDocent_Contig_2467	1	436	28	279	63.9908	8.33945	36.3	60
dDocent_Contig_2469	1	449	25	329	73.2739	7.83519	36.3	60
dDocent_Contig_2471	1	454	6	116	25.5507	1.34361	36.8	60
dDocent_Contig_2472	1	357	1	140	39.2157	0.392157	36.6	60
dDocent_Contig_2474	1	466	24	381	81.7597	6.54721	36.6	59.9
dDocent_Contig_2476	1	464	7	140	30.1724	2.07974	36.9	60
dDocent_Contig_2479	1	399	1	131	32.8321	0.328321	36.7	60
dDocent_Contig_2481	1	344	11	142	41.2791	4.43023	36.3	60
dDocent_Contig_2486	1	425	18	141	33.1765	5.50588	35.8	60
dDocent_Contig_2488	1	391	2	284	72.6343	0.726343	36.6	60
dDocent_Contig_2493	1	453	49	309	68.2119	15.1854	36.3	60
dDocent_Contig_2494	1	527	6	142	26.945	1.39658	33.7	60
dDocent_Contig_2498	1	502	11	140	27.8884	2.81873	36.4	60
dDocent_Contig_2499	1	513	4	140	27.2904	0.945419	36.8	60
dDocent_Contig_2500	1	435	89	390	89.6552	28.2874	36.2	60
dDocent_Contig_2502	1	443	25	350	79.0068	7.65463	36.6	59.9
dDocent_Contig_2504	1	370	23	229	61.8919	7.87027	36.7	59.8
dDocent_Contig_2505	1	501	49	347	69.2615	12.8483	36.3	60
dDocent_Contig_2507	1	429	2	116	27.0396	0.540793	36.8	60
dDocent_Contig_2510	1	431	29	391	90.7193	8.18097	36.7	60
dDocent_Contig_2516	1	434	2	244	56.2212	0.562212	36.7	60
dDocent_Contig_2517	1	483	13	368	76.1905	3.22981	36.5	60
dDocent_Contig_2518	1	557	43	417	74.8654	11.0754	36.4	60
dDocent_Contig_2520	1	486	18	310	63.786	4.59877	36.9	60
dDocent_Contig_2524	1	471	30	291	61.7834	8.32484	36.4	60
dDocent_Contig_2525	1	433	81	398	91.9169	25.552	36.3	60
dDocent_Contig_2528	1	381	6	140	36.7454	2.05249	36.7	60
dDocent_Contig_2529	1	514	7	325	63.2296	1.73541	36.7	60
dDocent_Contig_2531	1	332	15	142	42.7711	5.63554	36.6	60
dDocent_Contig_2533	1	462	6	226	48.9177	1.8355	35.9	60
dDocent_Contig_2534	1	336	4	263	78.2738	1.5625	36.5	60
dDocent_Contig_2538	1	363	10	292	80.4408	3.35537	36.1	60
dDocent_Contig_2539	1	490	12	285	58.1633	3.40408	36.5	60
dDocent_Contig_2543	1	543	31	316	58.1952	7.80663	36.7	60
dDocent_Contig_2546	1	493	14	425	86.2069	3.59432	36.4	60
dDocent_Contig_2549	1	345	9	288	83.4783	3.2029	36	60
dDocent_Contig_2551	1	376	14	141	37.5	4.90691	35.9	60
dDocent_Contig_2552	1	491	31	320	65.1731	7.53971	36.3	60
dDocent_Contig_2553	1	332	3	150	45.1807	1.12048	36.8	23
dDocent_Contig_2556	1	635	13	296	46.6142	2.91181	35.6	60
dDocent_Contig_2561	1	332	20	143	43.0723	7.68675	36.5	60
dDocent_Contig_2565	1	407	13	231	56.7568	4.29238	35.5	60
dDocent_Contig_2566	1	514	9	140	27.2374	2.19844	36.7	60
dDocent_Contig_2569	1	525	15	140	26.6667	3.83048	35.9	60
dDocent_Contig_2575	1	434	19	301	69.3548	5.61751	36.4	60
dDocent_Contig_2577	1	377	1	135	35.809	0.35809	36.8	60
dDocent_Contig_2581	1	431	8	238	55.2204	2.59629	36.8	60
dDocent_Contig_2584	1	442	23	308	69.6833	7.21946	36.5	60
dDocent_Contig_2590	1	436	14	141	32.3394	4.11927	36.8	60
dDocent_Contig_2594	1	393	19	142	36.1323	6.19847	36.2	60
dDocent_Contig_2595	1	564	15	289	51.2411	3.5656	36.7	60
dDocent_Contig_2596	1	401	15	290	72.3192	4.59352	35.6	60
dDocent_Contig_2597	1	388	19	142	36.5979	6.3067	36.9	60
dDocent_Contig_2598	1	479	4	334	69.7286	1.07724	36.6	60
dDocent_Contig_2599	1	332	4	140	42.1687	1.61747	36.7	60
dDocent_Contig_2613	1	361	8	140	38.7812	2.96399	36.4	60
dDocent_Contig_2614	1	399	6	128	32.0802	1.67419	36.9	60
dDocent_Contig_2617	1	342	25	283	82.7485	9.98538	36.5	60
dDocent_Contig_2618	1	434	4	276	63.5945	1.25576	36.7	60
dDocent_Contig_2619	1	513	141	461	89.8635	35.1618	35.9	54.9
dDocent_Contig_2623	1	542	13	417	76.9373	3.09041	35.6	60
dDocent_Contig_2624	1	404	27	368	91.0891	9.20792	36.6	60
dDocent_Contig_2625	1	498	19	292	58.6345	4.95783	35.9	60
dDocent_Contig_2626	1	464	22	355	76.5086	6.08621	36.6	60
dDocent_Contig_2633	1	408	9	349	85.5392	2.88971	36	60
dDocent_Contig_2636	1	353	1	140	39.6601	0.396601	36.9	60
dDocent_Contig_2637	1	387	5	143	36.9509	1.77003	36.3	60
dDocent_Contig_2641	1	387	19	253	65.3747	6.18346	35.4	59.6
dDocent_Contig_2642	1	585	24	364	62.2222	5.48547	36.8	60
dDocent_Contig_2643	1	600	2	96	16	0.32	36.9	60
dDocent_Contig_2646	1	412	1	145	35.1942	0.351942	36.5	60
dDocent_Contig_2647	1	370	12	142	38.3784	4.34595	35.5	60
dDocent_Contig_2649	1	442	3	136	30.7692	0.807692	37	60
dDocent_Contig_2650	1	342	29	303	88.5965	11.5117	36.2	60
dDocent_Contig_2651	1	456	9	414	90.7895	2.67325	36.4	60
dDocent_Contig_2652	1	405	35	321	79.2593	10.7654	35.5	60
dDocent_Contig_2653	1	380	5	140	36.8421	1.34211	36.9	60
dDocent_Contig_2656	1	332	6	225	67.7711	2.17771	36.8	60
dDocent_Contig_2659	1	404	26	140	34.6535	8.5297	36.5	60
dDocent_Contig_2661	1	381	2	83	21.7848	0.435696	37	60
dDocent_Contig_2662	1	340	21	283	83.2353	7.91471	36.2	60
dDocent_Contig_2665	1	490	60	427	87.1429	16.1837	36.3	60
dDocent_Contig_2666	1	342	3	265	77.4854	1.11111	36.8	60
dDocent_Contig_2670	1	396	38	322	81.3131	12.5076	36.2	60
dDocent_Contig_2672	1	547	32	400	73.1261	7.24314	35.4	60
dDocent_Contig_2673	1	611	27	571	93.4534	5.9198	36.6	60
dDocent_Contig_2674	1	432	64	395	91.4352	20.3148	36.6	60
dDocent_Contig_2675	1	559	6	296	52.9517	1.55277	35.5	60
dDocent_Contig_2676	1	571	42	350	61.296	10.0158	36.6	60
dDocent_Contig_2679	1	586	4	164	27.9863	0.94198	37	60
dDocent_Contig_2682	1	332	6	143	43.0723	2.52108	36.7	60
dDocent_Contig_2684	1	399	19	293	73.4336	5.79699	36.5	60
dDocent_Contig_2689	1	466	7	315	67.5966	2.08369	36.8	60
dDocent_Contig_2690	1	376	17	141	37.5	5.96543	36.1	60
dDocent_Contig_2693	1	526	2	127	24.1445	0.48289	36.8	60
dDocent_Contig_2695	1	429	51	381	88.8112	16.2284	36.2	60
dDocent_Contig_2697	1	372	29	141	37.9032	10.1371	36.5	60
dDocent_Contig_2706	1	513	3	260	50.6823	0.760234	36.6	60
dDocent_Contig_2707	1	435	10	222	51.0345	2.83678	35.5	60
dDocent_Contig_2708	1	343	3	140	40.8163	1.19534	35.9	60
dDocent_Contig_2712	1	500	12	409	81.8	3.154	36.7	60
dDocent_Contig_2715	1	344	11	276	80.2326	2.72384	34.9	60
dDocent_Contig_2717	1	379	95	345	91.029	32.9815	36.2	60
dDocent_Contig_2720	1	336	1	107	31.8452	0.318452	36.9	60
dDocent_Contig_2721	1	462	108	399	86.3636	33.1667	36.4	60
dDocent_Contig_2722	1	419	6	345	82.3389	1.7852	36.8	60
dDocent_Contig_2724	1	459	59	396	86.2745	17.6863	36.6	60
dDocent_Contig_2726	1	459	118	414	90.1961	36.8715	36.2	60
dDocent_Contig_2728	1	423	56	384	90.7801	18.2955	36.5	59.4
dDocent_Contig_2729	1	440	17	237	53.8636	5.35909	36.7	60
dDocent_Contig_2732	1	462	27	295	63.8528	7.48485	36.3	60
dDocent_Contig_2741	1	500	22	281	56.2	5.676	36.3	60
dDocent_Contig_2742	1	408	16	300	73.5294	5.23775	36.6	60
dDocent_Contig_2743	1	421	4	275	65.3207	1.08789	36.8	60
dDocent_Contig_2745	1	462	7	144	31.1688	1.98701	36.6	60
dDocent_Contig_2747	1	502	50	378	75.2988	13.0259	35.9	60
dDocent_Contig_2749	1	434	58	359	82.7189	16.7995	36.5	55.2
dDocent_Contig_2750	1	428	37	386	90.1869	11.1682	36.3	60
dDocent_Contig_2751	1	510	19	419	82.1569	4.52549	36.4	55.3
dDocent_Contig_2752	1	334	7	141	42.2156	2.73353	36.9	60
dDocent_Contig_2753	1	559	13	364	65.1163	2.95528	36.8	59.4
dDocent_Contig_2757	1	533	32	291	54.5966	7.8743	36.4	60
dDocent_Contig_2759	1	564	58	458	81.2057	13.5443	36.7	54.7
dDocent_Contig_2760	1	626	94	391	62.4601	21.2716	35.8	60
dDocent_Contig_2761	1	465	6	141	30.3226	1.53978	36.8	60
dDocent_Contig_2764	1	332	3	133	40.0602	1.12952	36.4	60
dDocent_Contig_2765	1	469	35	303	64.6055	9.39446	36.3	60
dDocent_Contig_2768	1	359	5	140	38.9972	1.81894	36.9	60
dDocent_Contig_2769	1	419	29	223	53.222	8.70167	36.5	60
dDocent_Contig_2770	1	394	27	280	71.066	9.03299	35.9	60
dDocent_Contig_2773	1	408	3	234	57.3529	1.07108	36.7	60
dDocent_Contig_2777	1	485	24	403	83.0928	6.76701	36.6	60
dDocent_Contig_2778	1	420	67	375	89.2857	22.5357	36.3	57.4
dDocent_Contig_2782	1	463	19	146	31.5335	5.68683	36.7	60
dDocent_Contig_2785	1	389	5	230	59.126	1.69923	36.6	60
dDocent_Contig_2786	1	383	6	312	81.4621	2.23499	36.7	60
dDocent_Contig_2787	1	401	11	142	35.4115	3.63591	36.8	60
dDocent_Contig_2789	1	470	4	144	30.6383	1.01277	36.9	60
dDocent_Contig_2790	1	335	13	224	66.8657	4.9791	36.4	60
dDocent_Contig_2791	1	426	39	405	95.0704	11.2793	36.5	48.7
dDocent_Contig_2794	1	602	6	378	62.7907	1.28073	35.3	60
dDocent_Contig_2796	1	537	18	426	79.3296	4.32961	36.5	60
dDocent_Contig_2797	1	453	2	107	23.6203	0.472406	36.7	60
dDocent_Contig_2798	1	573	48	367	64.0489	11.199	36.4	60
dDocent_Contig_2800	1	523	39	426	81.4532	10.4818	36.5	60
dDocent_Contig_2803	1	590	8	373	63.2203	1.8339	36.8	60
dDocent_Contig_2806	1	332	13	140	42.1687	4.88855	36.2	60
dDocent_Contig_2807	1	337	3	138	40.9496	1.22255	36	60
dDocent_Contig_2808	1	405	21	272	67.1605	6.35802	35.9	60
dDocent_Contig_2809	1	368	20	321	87.2283	6.60326	36.1	60
dDocent_Contig_2810	1	529	18	423	79.9622	4.65784	36.6	60
dDocent_Contig_2811	1	333	45	319	95.7958	17.6216	36.1	60
dDocent_Contig_2813	1	409	8	141	34.4743	2.24205	36.9	60
dDocent_Contig_2817	1	394	11	301	76.3959	3.78426	35.7	60
dDocent_Contig_2821	1	519	10	286	55.106	2.51638	36.4	60
dDocent_Contig_2822	1	531	8	263	49.5292	1.81921	36.9	60
dDocent_Contig_2824	1	440	40	249	56.5909	11.5295	36.5	60
dDocent_Contig_2825	1	482	14	141	29.2531	3.92946	36.3	60
dDocent_Contig_2826	1	453	7	268	59.1611	1.8234	36.9	60
dDocent_Contig_2829	1	503	8	308	61.2326	2.08151	35.7	60
dDocent_Contig_2837	1	494	8	218	44.1296	2.17814	34.9	60
dDocent_Contig_2838	1	478	23	142	29.7071	6.19456	36.4	60
dDocent_Contig_2841	1	446	13	141	31.6143	3.77354	36.7	60
dDocent_Contig_2842	1	517	32	140	27.0793	7.89942	36.1	60
dDocent_Contig_2847	1	466	41	424	90.9871	11.8305	36.7	60
dDocent_Contig_2850	1	563	15	449	79.7513	3.50089	36.2	60
dDocent_Contig_2851	1	411	5	133	32.3601	1.61314	36.7	60
dDocent_Contig_2854	1	388	4	243	62.6289	1.25	35.8	60
dDocent_Contig_2856	1	332	1	106	31.9277	0.319277	36.9	60
dDocent_Contig_2857	1	366	6	140	38.2514	1.99454	37	60
dDocent_Contig_2858	1	383	11	140	36.5535	3.43342	36.8	60
dDocent_Contig_2859	1	382	22	327	85.6021	6.59424	36.3	60
dDocent_Contig_2861	1	332	18	293	88.253	6.6747	36.3	60
dDocent_Contig_2862	1	464	4	142	30.6034	1.13793	36.9	60
dDocent_Contig_2865	1	499	14	368	73.7475	3.72144	36	60
dDocent_Contig_2866	1	396	35	329	83.0808	12.2071	35.8	60
dDocent_Contig_2868	1	437	18	140	32.0366	4.92677	36.4	60
dDocent_Contig_2870	1	379	90	283	74.6702	31.2216	36.3	60
dDocent_Contig_2871	1	397	15	141	35.5164	4.91436	36.7	60
dDocent_Contig_2872	1	395	14	261	66.0759	4.78481	36.3	60
dDocent_Contig_2873	1	332	31	141	42.4699	11.5964	36.3	60
dDocent_Contig_2874	1	553	41	377	68.1736	10.3056	36.1	60
dDocent_Contig_2876	1	568	47	520	91.5493	11.2729	36.7	60
dDocent_Contig_2880	1	451	34	288	63.8581	7.24169	35.8	60
dDocent_Contig_2882	1	439	30	141	32.1185	8.28474	35.9	60
dDocent_Contig_2884	1	568	5	280	49.2958	1.15493	36.7	60
dDocent_Contig_2886	1	501	1	141	28.1437	0.281437	36.3	60
dDocent_Contig_2887	1	345	37	320	92.7536	14.9043	36.4	60
dDocent_Contig_2889	1	519	19	290	55.8767	4.86705	36.3	60
dDocent_Contig_2892	1	536	15	477	88.9925	3.72761	36.3	60
dDocent_Contig_2893	1	438	20	358	81.7352	5.621	35.9	60
dDocent_Contig_2895	1	336	38	325	96.7262	14.9673	36.4	59.8
dDocent_Contig_2896	1	453	15	387	85.4305	4.35982	35.3	60
dDocent_Contig_2899	1	518	35	349	67.3745	9.29151	36.5	60
dDocent_Contig_2901	1	571	22	374	65.4991	5.54641	36.6	60
dDocent_Contig_2903	1	372	65	140	37.6344	22.4597	35.4	60
dDocent_Contig_2905	1	390	1	80	20.5128	0.205128	36.7	60
dDocent_Contig_2906	1	422	30	290	68.7204	6.70379	34.7	60
dDocent_Contig_2908	1	354	10	141	39.8305	3.68644	36.8	60
dDocent_Contig_2911	1	397	12	141	35.5164	3.84635	36.6	60
dDocent_Contig_2912	1	550	55	328	59.6364	13.7109	36.1	59.5
dDocent_Contig_2914	1	468	33	404	86.3248	9.06838	36.8	60
dDocent_Contig_2918	1	523	25	478	91.3958	6.23327	36	60
dDocent_Contig_2919	1	438	15	140	31.9635	4.00913	36.7	60
dDocent_Contig_2920	1	391	1	112	28.6445	0.286445	36.8	60
dDocent_Contig_2922	1	458	160	420	91.7031	46.6135	36.3	60
dDocent_Contig_2924	1	430	42	387	90	13.314	36.7	46
dDocent_Contig_2925	1	457	10	344	75.2735	2.97593	36.5	60
dDocent_Contig_2932	1	536	87	498	92.9104	20.7724	36.4	59
dDocent_Contig_2934	1	440	114	400	90.9091	32.9432	36.3	58.9
dDocent_Contig_2937	1	572	31	405	70.8042	7.7972	36.4	60
dDocent_Contig_2938	1	623	28	400	64.2055	6.30498	36.6	60
dDocent_Contig_2939	1	570	31	440	77.193	7.50526	36.2	60
dDocent_Contig_2940	1	497	7	141	28.3702	1.77062	36.4	60
dDocent_Contig_2944	1	402	50	362	90.0498	17.5896	36.5	60
dDocent_Contig_2945	1	597	23	332	55.6114	4.8459	36.2	60
dDocent_Contig_2946	1	480	11	323	67.2917	2.71875	36.4	60
dDocent_Contig_2948	1	481	9	290	60.2911	2.38669	34.4	60
dDocent_Contig_2949	1	380	14	297	78.1579	5.01579	36.7	60
dDocent_Contig_2951	1	349	10	227	65.043	3.83095	36.6	60
dDocent_Contig_2953	1	471	46	428	90.8705	13.0212	36.4	39
dDocent_Contig_2956	1	354	23	144	40.678	8.26836	36.2	60
dDocent_Contig_2958	1	557	28	282	50.6284	6.60144	36.5	60
dDocent_Contig_2959	1	338	25	143	42.3077	9.73077	36.5	60
dDocent_Contig_2961	1	394	90	345	87.5635	30.6726	35.9	60
dDocent_Contig_2963	1	333	52	293	87.988	20.7117	36.4	60
dDocent_Contig_2966	1	506	30	435	85.9684	7.85375	36.6	60
dDocent_Contig_2978	1	584	18	195	33.3904	4.15925	36	60
dDocent_Contig_2980	1	407	38	367	90.172	12.5061	36.6	60
dDocent_Contig_2981	1	333	58	291	87.3874	23.2192	36.4	60
dDocent_Contig_2986	1	494	63	326	65.9919	17.4615	36.4	60
dDocent_Contig_2987	1	485	6	239	49.2784	1.52577	35.6	60
dDocent_Contig_2988	1	446	23	396	88.7892	7.19731	35.7	60
dDocent_Contig_2991	1	368	22	142	38.587	7.52446	35.9	60
dDocent_Contig_2992	1	556	13	456	82.0144	2.76619	36.4	48.4
dDocent_Contig_2995	1	480	42	319	66.4583	11.9812	36.5	60
dDocent_Contig_2996	1	332	9	269	81.0241	3.49398	36.7	60
dDocent_Contig_2997	1	406	19	141	34.7291	6.02463	35.4	60
dDocent_Contig_3008	1	495	5	267	53.9394	1.26667	36.8	60
dDocent_Contig_3009	1	598	15	432	72.2408	3.43645	36.5	60
dDocent_Contig_3010	1	385	34	141	36.6234	11.5195	36.4	60
dDocent_Contig_3012	1	375	13	140	37.3333	4.216	36.9	60
dDocent_Contig_3015	1	481	24	410	85.2391	6.58212	36.4	60
dDocent_Contig_3016	1	390	7	141	36.1538	2.4	36.9	60
dDocent_Contig_3017	1	509	43	401	78.7819	11.5855	36	60
dDocent_Contig_3020	1	460	10	228	49.5652	3.05	36	60
dDocent_Contig_3023	1	389	7	271	69.6658	2.13625	36.4	60
dDocent_Contig_3024	1	386	32	342	88.601	10.956	36.6	59.9
dDocent_Contig_3025	1	454	23	320	70.4846	6.05286	36.4	60
dDocent_Contig_3030	1	437	15	330	75.5149	4.35927	36.4	60
dDocent_Contig_3033	1	588	19	356	60.5442	4.37075	36.4	60
dDocent_Contig_3035	1	617	7	314	50.8914	1.58509	35.4	60
dDocent_Contig_3037	1	397	31	357	89.9244	10.8136	36.5	60
dDocent_Contig_3038	1	486	14	362	74.4856	4.09877	36.3	60
dDocent_Contig_3039	1	501	7	141	28.1437	1.94212	36.5	60
dDocent_Contig_3041	1	399	32	286	71.6792	10.9023	36.4	60
dDocent_Contig_3043	1	353	41	292	82.7195	15.3229	36.7	60
dDocent_Contig_3044	1	448	17	294	65.625	5.26339	35.8	60
dDocent_Contig_3045	1	333	40	316	94.8949	15.2192	36.3	60
dDocent_Contig_3049	1	463	9	304	65.6587	2.69762	35.4	60
dDocent_Contig_3050	1	453	12	254	56.0706	3.47461	36.8	60
dDocent_Contig_3052	1	421	11	239	56.7696	3.15677	36.3	60
dDocent_Contig_3055	1	463	8	318	68.6825	2.34125	36.7	60
dDocent_Contig_3056	1	417	16	291	69.7842	4.94484	36.1	60
dDocent_Contig_3058	1	514	18	434	84.4358	4.60311	36.6	60
dDocent_Contig_3059	1	332	33	141	42.4699	12.8373	35.8	60
dDocent_Contig_3061	1	496	41	370	74.5968	11.3911	36.4	60
dDocent_Contig_3062	1	490	3	142	28.9796	0.84898	36.9	60
dDocent_Contig_3063	1	501	50	392	78.2435	13.5369	36.5	60
dDocent_Contig_3068	1	434	1	138	31.7972	0.317972	36.7	60
dDocent_Contig_3073	1	491	26	403	82.0774	7.02851	36.2	60
dDocent_Contig_3076	1	438	8	298	68.0365	2.52511	36.2	60
dDocent_Contig_3077	1	426	31	352	82.6291	9.25352	36.5	60
dDocent_Contig_3079	1	510	29	418	81.9608	7.88824	36.3	60
dDocent_Contig_3080	1	479	21	390	81.4196	5.74113	36.8	60
dDocent_Contig_3081	1	557	38	499	89.5871	9.51885	35.8	60
dDocent_Contig_3082	1	437	13	320	73.2265	4.0389	36.4	60
dDocent_Contig_3084	1	442	51	292	66.0633	15.3597	36.5	60
dDocent_Contig_3087	1	484	28	413	85.3306	8.11777	36.2	60
dDocent_Contig_3088	1	606	81	533	87.9538	17.5776	36.4	43.6
dDocent_Contig_3089	1	493	6	290	58.8235	1.63895	35.6	60
dDocent_Contig_3090	1	390	4	143	36.6667	1.35641	36.7	60
dDocent_Contig_3091	1	574	2	159	27.7003	0.522648	35.6	60
dDocent_Contig_3095	1	524	11	385	73.4733	2.79198	36.5	60
dDocent_Contig_3097	1	374	25	140	37.4332	8.86096	36.2	60
dDocent_Contig_3100	1	451	28	412	91.3525	8.32151	36.7	60
dDocent_Contig_3106	1	647	51	266	41.1128	11.2921	36.8	60
dDocent_Contig_3107	1	409	2	141	34.4743	0.682152	36.3	60
dDocent_Contig_3108	1	628	11	144	22.9299	2.17675	36.4	60
dDocent_Contig_3109	1	470	12	141	30	3.25957	36.6	60
dDocent_Contig_3111	1	390	26	227	58.2051	8.61795	36.6	60
dDocent_Contig_3112	1	561	23	257	45.8111	5.87701	36.8	60
dDocent_Contig_3114	1	404	25	348	86.1386	8.04208	36.3	60
dDocent_Contig_3116	1	451	47	400	88.6918	13.5854	36.4	60
dDocent_Contig_3120	1	400	15	275	68.75	4.8575	35.9	60
dDocent_Contig_3138	1	527	29	365	69.26	7.58634	36.5	60
dDocent_Contig_3141	1	501	51	438	87.4251	13.4192	36.5	53.1
dDocent_Contig_3144	1	382	10	290	75.9162	3.27749	34.2	60
dDocent_Contig_3145	1	343	34	142	41.3994	11.4344	35.6	60
dDocent_Contig_3149	1	408	135	348	85.2941	46.5074	36.5	60
dDocent_Contig_3151	1	453	34	397	87.638	8.98234	36.2	59
dDocent_Contig_3153	1	565	12	351	62.1239	2.86726	36.7	60
dDocent_Contig_3156	1	512	48	377	73.6328	11.9629	36.4	60
dDocent_Contig_3159	1	466	1	150	32.1888	0.321888	36.7	60
dDocent_Contig_3161	1	561	83	410	73.0838	20.0624	36.5	60
dDocent_Contig_3163	1	476	14	141	29.6218	3.85084	36.3	60
dDocent_Contig_3164	1	501	130	461	92.016	36.5948	36.4	60
dDocent_Contig_3166	1	492	38	291	59.1463	9.46951	36.1	55.3
dDocent_Contig_3167	1	393	22	217	55.2163	7.0458	36.2	60
dDocent_Contig_3169	1	513	2	136	26.5107	0.530214	36.9	60
dDocent_Contig_3170	1	332	28	141	42.4699	11.0361	36.6	60
dDocent_Contig_3173	1	497	9	324	65.1911	2.47485	36.7	60
dDocent_Contig_3174	1	388	31	301	77.5773	10.9046	36.2	60
dDocent_Contig_3175	1	332	1	140	42.1687	0.421687	36.9	60
dDocent_Contig_3188	1	446	19	306	68.6099	5.26906	36.4	60
dDocent_Contig_3191	1	470	11	388	82.5532	3.26809	36	60
dDocent_Contig_3192	1	460	16	292	63.4783	4.87391	36.5	60
dDocent_Contig_3193	1	535	31	373	69.7196	8.04299	35.7	60
dDocent_Contig_3197	1	449	103	408	90.8686	32.6615	36.5	60
dDocent_Contig_3199	1	338	23	141	41.716	8.55917	36.8	60
dDocent_Contig_3201	1	377	37	209	55.4377	12.3926	36.3	60
dDocent_Contig_3202	1	359	18	149	41.5042	6.1337	35.9	47.5
dDocent_Contig_3204	1	434	9	344	79.2627	2.80876	36.5	60
dDocent_Contig_3206	1	522	139	486	93.1034	34.4636	36.4	56.4
dDocent_Contig_3209	1	514	88	300	58.3658	23.4397	36.5	60
dDocent_Contig_3212	1	445	19	141	31.6854	5.22472	35.6	60
dDocent_Contig_3215	1	386	16	140	36.2694	5.31347	36.8	60
dDocent_Contig_3217	1	420	65	377	89.7619	20.7857	36.1	59.8
dDocent_Contig_3220	1	419	14	141	33.6516	4.13126	36.2	60
dDocent_Contig_3221	1	345	21	278	80.5797	8.34203	36	60
dDocent_Contig_3222	1	332	23	140	42.1687	8.06325	34.9	60
dDocent_Contig_3225	1	501	5	212	42.3154	1.3014	36.9	60
dDocent_Contig_3226	1	375	14	142	37.8667	5.01067	36.6	60
dDocent_Contig_3227	1	562	35	346	61.5658	8.46441	36.3	60
dDocent_Contig_3228	1	447	69	404	90.3803	20.4452	36.6	60
dDocent_Contig_3229	1	417	27	260	62.3501	5.94724	34.9	60
dDocent_Contig_3231	1	489	25	360	73.6196	6.40491	36.3	57.7
dDocent_Contig_3232	1	425	30	383	90.1176	8.85882	36.4	57.3
dDocent_Contig_3234	1	460	6	141	30.6522	1.56522	36.6	60
dDocent_Contig_3237	1	346	10	308	89.0173	3.79191	36.6	60
dDocent_Contig_3238	1	534	21	484	90.6367	5.25655	35.5	59
dDocent_Contig_3239	1	422	15	140	33.1754	4.3981	36.5	60
dDocent_Contig_3240	1	531	62	406	76.4595	16.0621	36.3	60
dDocent_Contig_3245	1	531	80	446	83.9925	20.9435	36	60
dDocent_Contig_3247	1	398	21	311	78.1407	6.84925	36.3	60
dDocent_Contig_3248	1	332	9	140	42.1687	3.47892	36.8	60
dDocent_Contig_3250	1	492	70	422	85.7724	19.4634	36.5	60
dDocent_Contig_3251	1	595	3	191	32.1008	0.647059	36.6	60
dDocent_Contig_3252	1	359	20	141	39.2758	7.04735	36.3	60
dDocent_Contig_3254	1	435	35	393	90.3448	10.2322	36.3	60
dDocent_Contig_3260	1	376	4	79	21.0106	0.840426	35.3	60
dDocent_Contig_3264	1	595	18	374	62.8571	3.81176	36.6	60
dDocent_Contig_3265	1	392	40	357	91.0714	13.8163	36.4	60
dDocent_Contig_3270	1	336	138	297	88.3929	56.6399	36.2	60
dDocent_Contig_3272	1	458	79	370	80.786	23.6419	36.2	60
dDocent_Contig_3274	1	557	88	507	91.0233	21.289	36.4	60
dDocent_Contig_3275	1	430	89	389	90.4651	23.7581	36.2	40.3
dDocent_Contig_3278	1	421	486	384	91.2114	151.005	36.3	59.5
dDocent_Contig_3280	1	472	25	434	91.9492	6.63136	36.1	59.9
dDocent_Contig_3283	1	614	11	451	73.4528	2.43485	35.8	60
dDocent_Contig_3286	1	494	60	315	63.7652	16.1478	35.7	59.6
dDocent_Contig_3288	1	498	3	142	28.5141	0.827309	36.6	60
dDocent_Contig_3290	1	372	53	312	83.871	18.836	36.3	60
dDocent_Contig_3291	1	574	22	533	92.8571	5.40418	36.2	60
dDocent_Contig_3294	1	480	33	391	81.4583	9.16875	36.4	60
dDocent_Contig_3297	1	492	111	419	85.1626	29.5041	36.4	59.3
dDocent_Contig_3298	1	490	8	121	24.6939	1.46939	36.1	60
dDocent_Contig_3299	1	401	12	295	73.5661	3.85287	36.8	60
dDocent_Contig_3301	1	446	12	286	64.1256	3.34529	36.8	60
dDocent_Contig_3302	1	391	9	141	36.0614	2.42199	35.8	60
dDocent_Contig_3303	1	368	26	155	42.1196	9.33152	36.3	57.8
dDocent_Contig_3304	1	539	38	382	70.872	9.98145	36.5	60
dDocent_Contig_3306	1	376	38	284	75.5319	13.4654	36.2	60
dDocent_Contig_3307	1	353	48	313	88.6686	18.4334	36.3	60
dDocent_Contig_3308	1	564	67	402	71.2766	15.6631	36.2	60
dDocent_Contig_3310	1	567	24	276	48.6772	5.30864	36.7	60
dDocent_Contig_3311	1	465	1	135	29.0323	0.290323	36.6	60
dDocent_Contig_3314	1	352	4	145	41.1932	1.44318	36.9	54.2
dDocent_Contig_3317	1	482	3	144	29.8755	0.751037	36.9	53.3
dDocent_Contig_3320	1	450	10	272	60.4444	2.78	36.8	60
dDocent_Contig_3321	1	337	6	141	41.8398	2.24629	36.5	60
dDocent_Contig_3322	1	334	8	141	42.2156	3.10778	36.6	60
dDocent_Contig_3324	1	445	22	398	89.4382	6.57528	36.2	60
dDocent_Contig_3326	1	543	47	402	74.0331	12.4346	36.4	60
dDocent_Contig_3330	1	440	3	134	30.4545	0.672727	36.9	60
dDocent_Contig_3331	1	338	13	141	41.716	4.60947	36.5	60
dDocent_Contig_3333	1	434	5	278	64.0553	1.41014	36.7	60
dDocent_Contig_3335	1	393	48	344	87.5318	15.8906	36.3	57.2
dDocent_Contig_3343	1	401	3	140	34.9127	1.03242	36.9	60
dDocent_Contig_3344	1	374	39	324	86.631	13.1497	36.2	60
dDocent_Contig_3345	1	458	18	375	81.8777	5.03057	36.7	60
dDocent_Contig_3347	1	419	91	379	90.4535	28.6659	36.1	60
dDocent_Contig_3350	1	334	14	277	82.9341	5.68563	36.8	60
dDocent_Contig_3352	1	467	23	293	62.7409	6.64454	36.3	60
dDocent_Contig_3354	1	557	9	222	39.8564	2.17056	36.4	60
dDocent_Contig_3355	1	445	19	328	73.7079	5.62921	36.6	60
dDocent_Contig_3357	1	380	26	322	84.7368	6.92368	36.6	60
dDocent_Contig_3358	1	430	13	274	63.7209	3.66279	36.6	60
dDocent_Contig_3360	1	529	22	142	26.8431	5.62571	36.6	60
dDocent_Contig_3362	1	477	22	304	63.7317	6.1782	36.4	60
dDocent_Contig_3365	1	348	20	291	83.6207	7.88793	36.7	60
dDocent_Contig_3366	1	528	45	233	44.1288	12.1496	36.6	60
dDocent_Contig_3371	1	566	6	275	48.5866	1.40636	36.8	60
dDocent_Contig_3372	1	604	32	327	54.1391	6.81126	36.7	60
dDocent_Contig_3376	1	339	13	141	41.5929	4.941	35.9	60
dDocent_Contig_3377	1	378	45	339	89.6825	16.6058	36.5	60
dDocent_Contig_3380	1	449	13	290	64.588	3.8196	36.5	60
dDocent_Contig_3386	1	532	9	275	51.6917	2.32895	36.3	60
dDocent_Contig_3390	1	456	12	304	66.6667	3.59649	36.8	60
dDocent_Contig_3391	1	529	15	401	75.8034	3.80151	36.5	60
dDocent_Contig_3393	1	592	4	129	21.7905	0.773649	36.8	60
dDocent_Contig_3396	1	465	1	101	21.7204	0.217204	36.8	60
dDocent_Contig_3397	1	437	6	140	32.0366	1.83753	36.8	60
dDocent_Contig_3399	1	396	5	142	35.8586	1.71717	36.9	60
dDocent_Contig_3406	1	431	35	280	64.9652	10.413	36.5	60
dDocent_Contig_3407	1	504	35	311	61.7063	7.40476	34.5	60
dDocent_Contig_3409	1	525	2	81	15.4286	0.308571	36.8	60
dDocent_Contig_3410	1	401	8	246	61.3466	2.601	36.4	60
dDocent_Contig_3413	1	480	13	317	66.0417	3.3875	36.1	60
dDocent_Contig_3414	1	379	13	192	50.6596	4.15831	35.7	60
dDocent_Contig_3415	1	485	27	442	91.134	7.19175	36.1	60
dDocent_Contig_3418	1	444	13	242	54.5045	3.84009	36.5	60
dDocent_Contig_3420	1	424	15	367	86.5566	4.95755	36	60
dDocent_Contig_3421	1	371	20	325	87.6011	6.86792	36.6	60
dDocent_Contig_3422	1	468	12	302	64.5299	3.56197	36.7	60
dDocent_Contig_3424	1	399	19	143	35.8396	5.61153	36.6	60
dDocent_Contig_3429	1	450	15	411	91.3333	4.50222	36.6	60
dDocent_Contig_3433	1	353	21	141	39.9433	7.15864	35.1	60
dDocent_Contig_3445	1	484	36	251	51.8595	10.1012	36.5	59.8
dDocent_Contig_3449	1	459	15	144	31.3725	4.24619	35.9	60
dDocent_Contig_3453	1	454	18	291	64.0969	4.98238	35.7	60
dDocent_Contig_3455	1	434	24	304	70.0461	7.68894	36.8	60
dDocent_Contig_3458	1	352	7	215	61.0795	2.57955	36.3	60
dDocent_Contig_3459	1	518	15	297	57.3359	3.69691	36.4	60
dDocent_Contig_3460	1	523	4	141	26.9598	1.01147	36.8	60
dDocent_Contig_3461	1	435	22	361	82.9885	6.43678	36	60
dDocent_Contig_3463	1	449	10	143	31.8486	2.79065	36.3	60
dDocent_Contig_3466	1	408	3	300	73.5294	1.10294	36	60
dDocent_Contig_3467	1	436	35	142	32.5688	10.4427	36.9	60
dDocent_Contig_3470	1	400	30	321	80.25	9.97	36.4	60
dDocent_Contig_3471	1	420	19	141	33.5714	5.94286	36.7	60
dDocent_Contig_3472	1	512	67	471	91.9922	16.5254	36.4	60
dDocent_Contig_3476	1	457	11	141	30.8534	3.0372	36	60
dDocent_Contig_3481	1	402	33	274	68.1592	10.7811	36.6	60
dDocent_Contig_3482	1	464	56	312	67.2414	13.3276	35.7	56.9
dDocent_Contig_3484	1	597	71	543	90.9548	15.3735	36.6	59.9
dDocent_Contig_3485	1	443	37	350	79.0068	10.4673	36.5	60
dDocent_Contig_3486	1	556	68	407	73.2014	15.4586	35.8	60
dDocent_Contig_3494	1	448	23	380	84.8214	6.31027	36.6	59.6
dDocent_Contig_3498	1	639	19	444	69.4836	4.09859	36.2	60
dDocent_Contig_3499	1	478	37	377	78.8703	10.728	36.5	60
dDocent_Contig_3502	1	427	5	283	66.2763	1.56909	36.9	60
dDocent_Contig_3503	1	460	26	309	67.1739	7.71304	36.4	60
dDocent_Contig_3504	1	505	33	142	28.1188	8.22376	36.5	60
dDocent_Contig_3506	1	437	74	366	83.7529	22.4256	36	60
dDocent_Contig_3507	1	561	80	301	53.6542	19.4029	36.3	60
dDocent_Contig_3508	1	468	14	235	50.2137	3.64316	35.9	60
dDocent_Contig_3510	1	456	33	343	75.2193	9.99342	36.5	60
dDocent_Contig_3511	1	460	33	325	70.6522	10.3	36.4	60
dDocent_Contig_3512	1	370	6	129	34.8649	2.03243	36.3	60
dDocent_Contig_3514	1	550	59	343	62.3636	14.2891	36.1	59.3
dDocent_Contig_3516	1	523	3	136	26.0038	0.65392	36.5	60
dDocent_Contig_3517	1	449	59	380	84.6325	17.2383	36.7	60
dDocent_Contig_3520	1	410	22	283	69.0244	7.49756	36.7	60
dDocent_Contig_3521	1	332	13	141	42.4699	4.86145	36.1	60
dDocent_Contig_3522	1	471	39	319	67.7282	10.5074	36.1	60
dDocent_Contig_3523	1	510	8	141	27.6471	1.86863	36.3	60
dDocent_Contig_3525	1	382	30	285	74.6073	10.5524	36.7	60
dDocent_Contig_3527	1	464	3	345	74.3534	0.883621	35.6	60
dDocent_Contig_3534	1	484	28	456	94.2149	7.85124	36.7	60
dDocent_Contig_3537	1	367	21	290	79.0191	7.3515	35.7	60
dDocent_Contig_3539	1	509	37	319	62.6719	9.55796	36.4	60
dDocent_Contig_3541	1	444	46	284	63.964	13.6667	36.1	60
dDocent_Contig_3543	1	484	2	164	33.8843	0.619835	36.9	60
dDocent_Contig_3544	1	430	20	347	80.6977	6.14186	36.7	60
dDocent_Contig_3546	1	372	14	292	78.4946	5.05645	36.9	60
dDocent_Contig_3547	1	354	16	272	76.8362	5.4322	36.8	60
dDocent_Contig_3548	1	451	14	141	31.2639	4.05765	36.7	60
dDocent_Contig_3549	1	400	52	142	35.5	17.195	36	60
dDocent_Contig_3550	1	537	240	431	80.2607	57.2495	35.6	60
dDocent_Contig_3560	1	499	37	324	64.9299	10.002	36.2	60
dDocent_Contig_3561	1	512	2	113	22.0703	0.441406	36.8	60
dDocent_Contig_3562	1	512	7	290	56.6406	1.85742	36.9	60
dDocent_Contig_3564	1	339	20	140	41.2979	7.38053	36.5	60
dDocent_Contig_3565	1	499	73	311	62.3246	20.7635	36	60
dDocent_Contig_3566	1	429	13	141	32.8671	3.92308	36.6	60
dDocent_Contig_3570	1	486	50	348	71.6049	14.4444	36.4	60
dDocent_Contig_3574	1	470	15	343	72.9787	4.04468	36	60
dDocent_Contig_3577	1	409	7	142	34.7188	2.32274	36.8	60
dDocent_Contig_3579	1	338	45	315	93.1953	17.6598	36.7	60
dDocent_Contig_3580	1	394	31	241	61.1675	10.8858	36.7	60
dDocent_Contig_3581	1	547	8	297	54.2962	1.95247	36.8	60
dDocent_Contig_3583	1	332	46	286	86.1446	17.4789	36.5	60
dDocent_Contig_3584	1	508	77	229	45.0787	21.498	36.4	60
dDocent_Contig_3588	1	556	18	373	67.0863	4.42626	35.4	60
dDocent_Contig_3590	1	364	38	304	83.5165	13.9533	36.2	60
dDocent_Contig_3592	1	377	48	336	89.1247	17.0849	35.9	60
dDocent_Contig_3597	1	441	30	289	65.5329	9.19501	36	60
dDocent_Contig_3599	1	451	32	365	80.9313	9.36364	36.7	60
dDocent_Contig_3600	1	382	92	338	88.4817	32.3953	36.4	60
dDocent_Contig_3602	1	486	35	141	29.0123	9.09259	36.2	60
dDocent_Contig_3603	1	430	3	322	74.8837	1.00233	35.3	60
dDocent_Contig_3605	1	466	18	284	60.9442	5.13734	36.7	60
dDocent_Contig_3606	1	332	9	140	42.1687	3.6747	36.3	60
dDocent_Contig_3607	1	457	31	419	91.6849	8.58206	35.5	60
dDocent_Contig_3609	1	332	13	143	43.0723	5.15361	36.7	60
dDocent_Contig_3611	1	365	13	141	38.6301	4.53699	35.8	60
dDocent_Contig_3613	1	399	23	291	72.9323	7.3208	36.7	60
dDocent_Contig_3614	1	506	7	240	47.4308	2.01581	36.7	60
dDocent_Contig_3615	1	578	51	511	88.4083	12.0467	36.2	60
dDocent_Contig_3618	1	402	40	302	75.1244	13.1045	36.4	60
dDocent_Contig_3620	1	435	15	224	51.4943	4.06667	36.7	60
dDocent_Contig_3621	1	586	17	228	38.9078	3.62116	34.7	60
dDocent_Contig_3622	1	585	10	531	90.7692	2.24786	36.7	60
dDocent_Contig_3623	1	426	7	228	53.5211	1.50235	35.2	39.4
dDocent_Contig_3625	1	333	3	185	55.5556	0.948949	36	60
dDocent_Contig_3626	1	372	2	153	41.129	0.41129	36.4	60
dDocent_Contig_3627	1	522	9	261	50	2.22605	35.9	60
dDocent_Contig_3628	1	373	1	140	37.5335	0.375335	36.9	60
dDocent_Contig_3629	1	540	27	451	83.5185	6.56111	36.7	60
dDocent_Contig_3630	1	567	65	243	42.8571	16.3139	36.5	60
dDocent_Contig_3634	1	342	13	208	60.8187	5.11111	36.2	60
dDocent_Contig_3635	1	603	57	376	62.3549	13.398	36.6	60
dDocent_Contig_3636	1	562	40	479	85.2313	10.105	36.2	60
dDocent_Contig_3638	1	382	10	140	36.6492	3.43194	36.7	60
dDocent_Contig_3641	1	553	5	331	59.8553	1.27667	36.9	60
dDocent_Contig_3642	1	440	1749	404	91.8182	508.691	36.3	54.2
dDocent_Contig_3648	1	592	5	323	54.5608	1.19088	36.5	60
dDocent_Contig_3649	1	397	1	150	37.7834	0.377834	36.8	60
dDocent_Contig_3650	1	388	16	282	72.6804	5.81186	36.7	60
dDocent_Contig_3652	1	495	7	141	28.4848	1.74949	36.9	60
dDocent_Contig_3653	1	397	11	333	83.8791	3.31738	36.6	60
dDocent_Contig_3658	1	399	14	143	35.8396	4.6792	36.4	60
dDocent_Contig_3662	1	332	18	140	42.1687	6.63554	35.7	60
dDocent_Contig_3663	1	485	42	422	87.0103	11.8598	36.3	60
dDocent_Contig_3664	1	516	30	332	64.3411	7.63953	36.6	60
dDocent_Contig_3667	1	363	30	141	38.843	10.9477	36.3	60
dDocent_Contig_3670	1	468	52	427	91.2393	13.6132	35.8	59
dDocent_Contig_3673	1	446	13	282	63.2287	3.82287	36.4	60
dDocent_Contig_3674	1	475	16	226	47.5789	4.52632	36	60
dDocent_Contig_3675	1	492	47	372	75.6098	12.624	36.3	60
dDocent_Contig_3676	1	561	29	451	80.3922	6.77005	36.7	60
dDocent_Contig_3678	1	543	29	324	59.6685	6.92634	36.7	60
dDocent_Contig_3679	1	502	7	312	62.1514	1.88247	36.6	60
dDocent_Contig_3680	1	504	18	393	77.9762	4.49802	36.2	60
dDocent_Contig_3681	1	489	9	142	29.0389	2.33742	35.5	59.8
dDocent_Contig_3684	1	494	92	444	89.8785	22.1356	35.7	42.7
dDocent_Contig_3686	1	557	11	140	25.1346	1.87612	36.6	53.7
dDocent_Contig_3687	1	433	44	365	84.2956	13.1871	36.2	60
dDocent_Contig_3688	1	506	9	302	59.6838	2.55336	36.8	60
dDocent_Contig_3690	1	436	40	352	80.7339	12.5138	36.1	60
dDocent_Contig_3691	1	431	10	141	32.7146	3.14385	36.8	60
dDocent_Contig_3692	1	332	27	141	42.4699	10.7108	36.1	60
dDocent_Contig_3695	1	398	25	282	70.8543	8.11558	36.4	60
dDocent_Contig_3696	1	426	4	140	32.8638	1.15962	36	60
dDocent_Contig_3697	1	442	2	273	61.7647	0.617647	36.6	60
dDocent_Contig_3699	1	370	18	312	84.3243	6.45405	36.6	60
dDocent_Contig_3700	1	489	20	352	71.9836	5.58487	35.9	60
dDocent_Contig_3701	1	533	15	449	84.2402	3.61163	36.7	60
dDocent_Contig_3702	1	417	4	141	33.8129	1.26859	36.6	60
dDocent_Contig_3703	1	457	39	415	90.8096	11.5952	35.5	60
dDocent_Contig_3706	1	585	10	469	80.1709	2.3453	36.7	60
dDocent_Contig_3707	1	583	11	410	70.3259	2.60549	36.8	60
dDocent_Contig_3709	1	381	16	340	89.2388	5.40682	36.4	60
dDocent_Contig_3710	1	332	5	143	43.0723	1.99699	36.9	60
dDocent_Contig_3712	1	506	24	359	70.9486	6.36166	36.4	60
dDocent_Contig_3715	1	469	10	374	79.7441	2.89765	36.6	60
dDocent_Contig_3716	1	461	13	295	63.9913	3.63557	36.6	60
dDocent_Contig_3719	1	497	15	141	28.3702	3.90342	36.5	60
dDocent_Contig_3721	1	368	7	271	73.6413	2.13587	35.8	60
dDocent_Contig_3722	1	409	4	227	55.5012	1.07335	36.9	60
dDocent_Contig_3724	1	513	9	163	31.7739	2.46004	36.2	60
dDocent_Contig_3725	1	565	16	385	68.1416	3.86018	35.9	60
dDocent_Contig_3727	1	489	38	297	60.7362	10.2986	36.2	60
dDocent_Contig_3729	1	349	2	237	67.9083	0.679083	36.7	60
dDocent_Contig_3731	1	597	24	358	59.9665	5.33501	36.7	60
dDocent_Contig_3733	1	438	13	140	31.9635	3.9726	36.8	60
dDocent_Contig_3737	1	356	2	112	31.4607	0.629213	37	60
dDocent_Contig_3738	1	332	22	293	88.253	8.34337	36.5	60
dDocent_Contig_3739	1	448	41	355	79.2411	12.7254	36.1	60
dDocent_Contig_3740	1	458	11	140	30.5677	3.04367	36.7	60
dDocent_Contig_3743	1	474	23	376	79.3249	6.46203	36.7	60
dDocent_Contig_3744	1	494	20	334	67.6113	5.3502	36.5	60
dDocent_Contig_3747	1	345	9	141	40.8696	3.55072	36.5	60
dDocent_Contig_3748	1	352	10	205	58.2386	3.5767	36.7	60
dDocent_Contig_3750	1	421	23	250	59.3824	7.09501	36.8	60
dDocent_Contig_3752	1	380	41	142	37.3684	13.1316	36.3	60
dDocent_Contig_3753	1	446	60	366	82.0628	18.4529	36.6	60
dDocent_Contig_3755	1	366	13	141	38.5246	4.64754	36.6	60
dDocent_Contig_3756	1	335	2	128	38.209	0.764179	36.9	60
dDocent_Contig_3760	1	407	16	307	75.43	5.2629	36.7	60
dDocent_Contig_3765	1	525	27	310	59.0476	6.9981	36.4	60
dDocent_Contig_3768	1	525	1805	505	96.1905	470.57	36	59.8
dDocent_Contig_3770	1	474	3	140	29.5359	0.78481	36.9	60
dDocent_Contig_3772	1	438	14	354	80.8219	3.93379	36.1	60
dDocent_Contig_3773	1	461	5	260	56.3991	1.23427	36.7	60
dDocent_Contig_3776	1	485	9	455	93.8144	2.58969	36.8	60
dDocent_Contig_3778	1	402	7	141	35.0746	2.08458	36.9	60
dDocent_Contig_3781	1	555	16	239	43.0631	3.9027	36	60
dDocent_Contig_3783	1	389	31	141	36.2468	10.5578	36.1	60
dDocent_Contig_3788	1	459	11	326	71.024	3.13072	36.4	60
dDocent_Contig_3789	1	403	6	296	73.4491	1.95533	36.8	60
dDocent_Contig_3790	1	439	6	140	31.8907	1.82232	35.8	60
dDocent_Contig_3791	1	408	4	290	71.0784	1.21078	34.4	60
dDocent_Contig_3794	1	456	6	282	61.8421	1.74561	36.6	60
dDocent_Contig_3795	1	435	5	291	66.8966	1.47126	36.9	60
dDocent_Contig_3796	1	417	35	143	34.2926	10.9616	36.1	60
dDocent_Contig_3797	1	541	22	378	69.8706	5.43993	36	59.7
dDocent_Contig_3798	1	449	72	368	81.9599	22.265	36.6	60
dDocent_Contig_3799	1	347	53	317	91.3545	20.0259	36.3	60
dDocent_Contig_3800	1	409	29	291	71.1491	9.57213	36.6	60
dDocent_Contig_3801	1	431	8	290	67.2854	2.4594	36.2	60
dDocent_Contig_3803	1	386	25	303	78.4974	8.51813	36.4	60
dDocent_Contig_3804	1	531	30	296	55.7439	7.80038	36.6	60
dDocent_Contig_3805	1	337	7	245	72.7003	2.9822	36.7	60
dDocent_Contig_3806	1	426	1	150	35.2113	0.352113	36.4	60
dDocent_Contig_3809	1	485	51	402	82.8866	14.4082	36.2	60
dDocent_Contig_3810	1	409	2	132	32.2738	0.603912	36.9	60
dDocent_Contig_3813	1	362	28	144	39.779	6.66022	35.7	59.4
dDocent_Contig_3815	1	495	22	403	81.4141	6.12727	36.5	60
dDocent_Contig_3816	1	404	13	239	59.1584	4.04208	36	60
dDocent_Contig_3818	1	410	28	354	86.3415	9.53659	36.4	60
dDocent_Contig_3822	1	583	31	283	48.542	7.09777	36.6	60
dDocent_Contig_3824	1	342	10	283	82.7485	3.63743	36.6	60
dDocent_Contig_3825	1	432	11	143	33.1019	3.56944	36.6	60
dDocent_Contig_3826	1	499	57	428	85.7715	15.6613	36.2	60
dDocent_Contig_3828	1	343	10	302	88.0466	3.78134	36.9	60
dDocent_Contig_3829	1	405	80	369	91.1111	27.8272	36.3	60
dDocent_Contig_3832	1	332	21	276	83.1325	7.98193	36.6	60
dDocent_Contig_3833	1	644	39	428	66.4596	8.11025	36.5	60
dDocent_Contig_3834	1	508	45	377	74.2126	11.9035	35.8	60
dDocent_Contig_3838	1	507	40	301	59.3688	11.0651	36.5	60
dDocent_Contig_3839	1	555	67	500	90.0901	13.7946	35.4	59.9
dDocent_Contig_3840	1	442	2	99	22.3982	0.447964	36.8	60
dDocent_Contig_3845	1	495	14	322	65.0505	3.78788	36.8	60
dDocent_Contig_3846	1	477	14	438	91.8239	3.94969	36.7	60
dDocent_Contig_3848	1	467	37	392	83.94	10.6381	36.6	60
dDocent_Contig_3849	1	344	34	141	40.9884	12.3837	36.5	60
dDocent_Contig_3850	1	366	32	133	36.3388	10.0984	36.2	54.8
dDocent_Contig_3852	1	449	8	342	76.1693	2.05791	36.5	60
dDocent_Contig_3856	1	494	4	244	49.3927	1.21457	36.7	60
dDocent_Contig_3857	1	601	32	232	38.6023	7.29451	36.4	60
dDocent_Contig_3859	1	430	8	140	32.5581	2.37209	36.3	60
dDocent_Contig_3861	1	391	37	142	36.3171	13.0384	36.4	60
dDocent_Contig_3863	1	477	58	292	61.2159	15.4633	36.4	60
dDocent_Contig_3864	1	411	34	263	63.9903	10.2409	36.5	60
dDocent_Contig_3865	1	384	22	224	58.3333	7.91406	36.6	60
dDocent_Contig_3867	1	430	18	136	31.6279	4.9907	36.3	60
dDocent_Contig_3868	1	502	14	374	74.502	3.76892	36.3	60
dDocent_Contig_3874	1	433	9	295	68.1293	2.81986	36.6	60
dDocent_Contig_3875	1	439	8	250	56.9476	2.29157	36.4	60
dDocent_Contig_3877	1	389	12	141	36.2468	4.02571	35.7	60
dDocent_Contig_3882	1	453	11	386	85.2097	3.18764	36.7	60
dDocent_Contig_3883	1	411	13	308	74.9392	4.31387	36.3	60
dDocent_Contig_3885	1	579	39	441	76.1658	9.50777	36	60
dDocent_Contig_3886	1	635	9	368	57.9528	1.77638	36.9	60
dDocent_Contig_3887	1	482	14	225	46.6805	3.87344	36.6	60
dDocent_Contig_3888	1	392	59	143	36.4796	20.0051	36.6	60
dDocent_Contig_3891	1	437	4	142	32.4943	1.10069	34.7	60
dDocent_Contig_3893	1	480	49	452	94.1667	13.1646	35.9	58.3
dDocent_Contig_3894	1	388	26	310	79.8969	8.93557	36.1	60
dDocent_Contig_3898	1	457	28	303	66.302	7.94748	36.1	60
dDocent_Contig_3900	1	448	30	286	63.8393	8.91964	36.1	60
dDocent_Contig_3901	1	426	14	227	53.2864	4.223	36.3	60
dDocent_Contig_3905	1	543	467	460	84.7145	115.271	36.3	58.5
dDocent_Contig_3906	1	512	239	486	94.9219	63.7676	36.4	53.5
dDocent_Contig_3910	1	395	28	141	35.6962	8.66835	36.5	60
dDocent_Contig_3913	1	463	4	141	30.4536	1.07991	36.6	60
dDocent_Contig_3915	1	332	20	140	42.1687	7.70783	36.8	60
dDocent_Contig_3917	1	453	157	413	91.17	44.1104	36	58.5
dDocent_Contig_3920	1	455	79	374	82.1978	24.5319	36.4	60
dDocent_Contig_3927	1	395	15	342	86.5823	5.06835	36.6	60
dDocent_Contig_3928	1	495	31	352	71.1111	8.38182	36.7	60
dDocent_Contig_3929	1	501	15	222	44.3114	4.26148	36.6	60
dDocent_Contig_3931	1	393	30	141	35.8779	10.3155	36.5	60
dDocent_Contig_3932	1	582	29	362	62.1993	6.53093	36.2	60
dDocent_Contig_3937	1	481	18	273	56.7568	4.88981	36.5	60
dDocent_Contig_3938	1	458	4	305	66.5939	1.25546	36.9	60
dDocent_Contig_3940	1	424	10	327	77.1226	2.93396	36.7	60
dDocent_Contig_3941	1	397	32	293	73.8035	10.6096	36.2	60
dDocent_Contig_3946	1	380	7	140	36.8421	2.43947	36.5	60
dDocent_Contig_3948	1	492	21	303	61.5854	5.04675	36.3	60
dDocent_Contig_3950	1	404	11	166	41.0891	3.4901	36.8	60
dDocent_Contig_3951	1	347	125	315	90.7781	41.879	36.4	45.8
dDocent_Contig_3952	1	379	26	333	87.8628	9.19525	35.8	60
dDocent_Contig_3954	1	340	25	141	41.4706	9.67941	36.7	60
dDocent_Contig_3956	1	381	10	142	37.2703	3.53543	36.6	60
dDocent_Contig_3957	1	477	44	332	69.6017	13.1384	36.5	60
dDocent_Contig_3965	1	423	6	140	33.0969	1.79196	36.9	60
dDocent_Contig_3969	1	429	18	396	92.3077	5.90676	36.7	60
dDocent_Contig_3970	1	354	2	280	79.096	0.79096	36.8	60
dDocent_Contig_3971	1	333	36	293	87.988	14.5826	36.5	60
dDocent_Contig_3972	1	615	19	381	61.9512	4.24715	36.4	60
dDocent_Contig_3976	1	385	5	136	35.3247	1.60519	36.8	60
dDocent_Contig_3978	1	541	12	400	73.9372	2.98336	36.9	60
dDocent_Contig_3980	1	498	31	453	90.9639	8.46185	36.6	60
dDocent_Contig_3981	1	412	36	368	89.3204	12.267	36.5	60
dDocent_Contig_3983	1	369	43	284	76.9648	15.393	35.3	60
dDocent_Contig_3986	1	481	9	265	55.0936	2.22453	36.7	60
dDocent_Contig_3987	1	358	3	143	39.9441	0.994413	36.5	60
dDocent_Contig_3988	1	428	20	276	64.486	5.86916	36.1	60
dDocent_Contig_3993	1	416	6	265	63.7019	1.69231	36.1	60
dDocent_Contig_3994	1	424	37	384	90.566	11.6321	36.8	60
dDocent_Contig_3996	1	664	40	340	51.2048	8.48042	36.4	60
dDocent_Contig_3999	1	515	1	136	26.4078	0.264078	36.9	60
dDocent_Contig_4000	1	641	62	590	92.0437	13.5959	36.3	60
dDocent_Contig_4002	1	365	19	142	38.9041	6.90685	36.6	60
dDocent_Contig_4003	1	479	32	298	62.2129	8.64092	36.6	60
dDocent_Contig_4004	1	332	24	307	92.4699	9.92169	36.3	60
dDocent_Contig_4006	1	478	11	140	29.2887	2.86192	36.6	60
dDocent_Contig_4012	1	346	9	141	40.7514	3.19942	36.8	60
dDocent_Contig_4014	1	338	7	141	41.716	2.65976	36.7	60
dDocent_Contig_4015	1	546	22	431	78.9377	5.08608	36.2	56.5
dDocent_Contig_4019	1	497	11	340	68.4105	3.07042	36.7	60
dDocent_Contig_4020	1	424	21	141	33.2547	6.54009	36	60
dDocent_Contig_4023	1	450	8	141	31.3333	2.40444	36.5	60
dDocent_Contig_4024	1	534	15	142	26.5918	3.57116	36.6	60
dDocent_Contig_4025	1	358	20	141	39.3855	7.26816	35.7	60
dDocent_Contig_4026	1	412	11	140	33.9806	3.33495	36.7	60
dDocent_Contig_4027	1	473	2	87	18.3932	0.367865	36.9	60
dDocent_Contig_4034	1	371	4	156	42.0485	1.27493	36.6	60
dDocent_Contig_4035	1	433	25	391	90.3002	8.09238	35.9	60
dDocent_Contig_4037	1	369	33	204	55.2846	10.2141	36.4	60
dDocent_Contig_4038	1	539	3	140	25.974	0.779221	36.9	60
dDocent_Contig_4042	1	559	6	295	52.7728	1.49195	36.6	60
dDocent_Contig_4044	1	404	10	288	71.2871	3.2104	36.5	60
dDocent_Contig_4049	1	494	356	457	92.5101	81.2874	36.2	51.1
dDocent_Contig_4053	1	434	17	393	90.553	5.06912	36.9	60
dDocent_Contig_4054	1	568	3607	494	86.9718	904.97	36	57.8
dDocent_Contig_4055	1	575	35	363	63.1304	8.34609	36.6	60
dDocent_Contig_4058	1	362	20	141	38.9503	5.84807	35.3	60
dDocent_Contig_4059	1	340	33	313	92.0588	13.5559	36.6	60
dDocent_Contig_4060	1	515	8	200	38.835	2.13786	36.1	54.4
dDocent_Contig_4064	1	481	46	299	62.1622	13.3472	36.7	60
dDocent_Contig_4065	1	401	40	266	66.3342	14.0648	36.4	60
dDocent_Contig_4068	1	550	1	150	27.2727	0.272727	36.8	60
dDocent_Contig_4069	1	378	7	238	62.963	2.43122	36.6	60
dDocent_Contig_4074	1	474	20	413	87.1308	5.0865	36.5	50.5
dDocent_Contig_4076	1	462	46	292	63.2035	12.7554	36.4	60
dDocent_Contig_4078	1	409	26	243	59.4132	8.65037	36.5	60
dDocent_Contig_4080	1	584	8	274	46.9178	1.80993	36.5	60
dDocent_Contig_4082	1	432	14	143	33.1019	4.02315	36.2	60
dDocent_Contig_4086	1	536	13	296	55.2239	3.10448	36.7	60
dDocent_Contig_4089	1	460	9	140	30.4348	2.58043	35.5	60
dDocent_Contig_4090	1	457	14	243	53.1729	3.94311	36.6	60
dDocent_Contig_4091	1	332	13	291	87.6506	5.30422	36.7	60
dDocent_Contig_4092	1	388	4	205	52.8351	1.1933	36.7	60
dDocent_Contig_4094	1	332	68	305	91.8675	27.6898	36.4	60
dDocent_Contig_4096	1	486	393	450	92.5926	109.539	36.4	58.9
dDocent_Contig_4099	1	387	53	236	60.9819	17.4703	36.4	60
dDocent_Contig_4100	1	499	7	235	47.0942	1.6513	36.6	60
dDocent_Contig_4104	1	503	4	127	25.2485	0.910537	34.9	60
dDocent_Contig_4105	1	440	9	340	77.2727	2.62273	36.8	60
dDocent_Contig_4106	1	491	116	452	92.057	34.0774	36.7	60
dDocent_Contig_4107	1	569	80	408	71.7047	17.0984	36.5	49.1
dDocent_Contig_4109	1	574	77	408	71.0801	18.9617	36.6	60
dDocent_Contig_4112	1	562	21	457	81.3167	4.79004	36.7	60
dDocent_Contig_4114	1	436	29	142	32.5688	8.71101	36.2	60
dDocent_Contig_4117	1	356	132	317	89.0449	51.1124	36.3	60
dDocent_Contig_4118	1	478	47	425	88.9121	12.2845	36.7	60
dDocent_Contig_4125	1	479	38	327	68.2672	10.4384	36.2	60
dDocent_Contig_4132	1	435	27	395	90.8046	8.28506	36.3	60
dDocent_Contig_4133	1	476	63	420	88.2353	17.6849	36.3	60
dDocent_Contig_4134	1	437	47	314	71.8535	14.0412	36.2	60
dDocent_Contig_4135	1	504	5	234	46.4286	0.990079	35.2	60
dDocent_Contig_4139	1	495	2	123	24.8485	0.49697	36.9	60
dDocent_Contig_4141	1	390	15	142	36.4103	4.69487	36.2	60
dDocent_Contig_4142	1	623	24	324	52.0064	5.06742	36.5	60
dDocent_Contig_4143	1	474	2	140	29.5359	0.527426	36	60
dDocent_Contig_4148	1	445	6	315	70.7865	1.63596	36.3	60
dDocent_Contig_4151	1	351	11	141	40.1709	4.02849	36.1	60
dDocent_Contig_4152	1	397	18	292	73.5516	5.60705	36.4	60
dDocent_Contig_4155	1	553	25	266	48.1013	5.88608	36.5	60
dDocent_Contig_4156	1	469	12	352	75.0533	3.10874	36.7	60
dDocent_Contig_4159	1	372	14	141	37.9032	4.59946	36.7	60
dDocent_Contig_4160	1	563	39	487	86.5009	9.43339	36.4	60
dDocent_Contig_4161	1	429	18	304	70.8625	5.36597	36.3	60
dDocent_Contig_4171	1	370	15	330	89.1892	5.27027	36.4	60
dDocent_Contig_4172	1	448	21	353	78.7946	6.50446	36.6	60
dDocent_Contig_4176	1	555	7	467	84.1441	1.75495	36	60
dDocent_Contig_4177	1	513	41	317	61.7934	11.193	36.8	60
dDocent_Contig_4178	1	515	366	496	96.3107	99.3476	36.3	59.9
dDocent_Contig_4185	1	332	2	140	42.1687	0.740964	36.8	60
dDocent_Contig_4188	1	539	313	516	95.7328	80.6234	36.5	59.7
dDocent_Contig_4189	1	393	36	283	72.0102	11.0356	36.6	51.8
dDocent_Contig_4190	1	368	3	140	38.0435	0.986413	36.4	60
dDocent_Contig_4193	1	605	25	323	53.3884	5.7719	36.6	60
dDocent_Contig_4195	1	542	12	258	47.6015	2.69188	36.5	54.9
dDocent_Contig_4200	1	530	24	238	44.9057	5.98868	35.8	60
dDocent_Contig_4207	1	516	51	292	56.5891	13.2636	36.4	60
dDocent_Contig_4211	1	554	2	102	18.4116	0.368231	36	60
dDocent_Contig_4213	1	454	105	433	95.3744	30.2203	36.3	59.2
dDocent_Contig_4214	1	446	23	317	71.0762	7.22422	36.5	60
dDocent_Contig_4216	1	540	16	238	44.0741	4.00741	36.3	60
dDocent_Contig_4220	1	380	1	96	25.2632	0.252632	36.6	60
dDocent_Contig_4221	1	332	22	141	42.4699	8.48193	36.6	60
dDocent_Contig_4224	1	461	43	343	74.4035	12.9892	36.3	60
dDocent_Contig_4226	1	548	6	279	50.9124	1.36861	36.8	60
dDocent_Contig_4228	1	437	49	305	69.7941	14.7002	36.5	59.6
dDocent_Contig_4231	1	332	74	141	42.4699	22.762	35.6	58.7
dDocent_Contig_4232	1	382	25	284	74.3455	8.13613	36.2	58.9
dDocent_Contig_4234	1	446	9	286	64.1256	2.38117	36.9	60
dDocent_Contig_4236	1	554	28	484	87.3646	5.49278	35.9	59.6
dDocent_Contig_4238	1	447	5	140	31.3199	1.30201	36.7	60
dDocent_Contig_4240	1	388	13	276	71.134	4.19588	36.6	60
dDocent_Contig_4241	1	515	4	351	68.1553	1.13786	36.9	60
dDocent_Contig_4242	1	506	14	465	91.8972	3.72925	36.4	60
dDocent_Contig_4243	1	439	10	141	32.1185	2.97267	36.6	60
dDocent_Contig_4244	1	501	23	324	64.6707	6.23154	36.4	60
dDocent_Contig_4245	1	343	2	140	40.8163	0.80758	36.8	60
dDocent_Contig_4247	1	542	26	293	54.059	6.11808	36.1	60
dDocent_Contig_4249	1	503	62	379	75.3479	17.0974	36.4	60
dDocent_Contig_4251	1	430	24	292	67.907	7.34651	35.7	60
dDocent_Contig_4254	1	531	13	304	57.2505	3.41996	36.5	60
dDocent_Contig_4256	1	334	9	140	41.9162	3.1018	36.9	60
dDocent_Contig_4259	1	426	127	389	91.3146	41.4883	36.6	60
dDocent_Contig_4260	1	466	95	431	92.4893	27.2425	36.1	60
dDocent_Contig_4262	1	371	67	331	89.2183	24.5741	36.2	60
dDocent_Contig_4265	1	333	106	298	89.4895	41.3694	35.2	60
dDocent_Contig_4268	1	369	1	150	40.6504	0.406504	36.3	60
dDocent_Contig_4274	1	433	12	142	32.7945	3.39723	36.4	60
dDocent_Contig_4275	1	368	37	142	38.587	13.2174	35.8	60
dDocent_Contig_4279	1	504	24	305	60.5159	6.17857	36.4	60
dDocent_Contig_4280	1	414	20	374	90.3382	6.02899	36.5	60
dDocent_Contig_4281	1	402	31	279	69.403	10.199	36.6	60
dDocent_Contig_4282	1	500	9	141	28.2	2.06	36.8	60
dDocent_Contig_4284	1	402	18	363	90.2985	5.81592	36.4	60
dDocent_Contig_4286	1	497	68	337	67.8068	18.3018	36.6	60
dDocent_Contig_4288	1	384	32	323	84.1146	11.2708	36.5	60
dDocent_Contig_4289	1	552	21	382	69.2029	5.07428	36.3	60
dDocent_Contig_4290	1	383	12	348	90.8616	4.38381	36.2	60
dDocent_Contig_4294	1	636	31	267	41.9811	6.87893	36.3	60
dDocent_Contig_4296	1	380	16	312	82.1053	5.52895	36.5	60
dDocent_Contig_4299	1	554	71	427	77.0758	17.3592	36.1	60
dDocent_Contig_4301	1	513	10	262	51.0721	2.46784	36.6	60
dDocent_Contig_4302	1	521	76	388	74.4722	20.334	36.4	60
dDocent_Contig_4303	1	455	31	143	31.4286	8.55824	36.4	60
dDocent_Contig_4304	1	422	58	142	33.6493	17.6611	36.6	59.9
dDocent_Contig_4305	1	486	13	281	57.8189	3.39918	36.8	60
dDocent_Contig_4306	1	496	35	455	91.7339	9.45766	36.3	60
dDocent_Contig_4308	1	442	12	233	52.7149	3.40724	36.8	60
dDocent_Contig_4310	1	386	20	140	36.2694	6.82642	36.1	60
dDocent_Contig_4312	1	524	42	487	92.9389	11.0458	36.5	60
dDocent_Contig_4314	1	467	163	405	86.7238	46.5824	36.4	59.9
dDocent_Contig_4315	1	356	200	317	89.0449	69.1208	36.4	58.7
dDocent_Contig_4318	1	575	40	283	49.2174	10.0383	35.9	60
dDocent_Contig_4322	1	520	85	340	65.3846	22.3038	36.4	60
dDocent_Contig_4325	1	361	35	309	85.5956	13.313	36.5	60
dDocent_Contig_4327	1	492	30	460	93.4959	8.26626	36.2	60
dDocent_Contig_4330	1	435	25	369	84.8276	7.77471	36.6	60
dDocent_Contig_4334	1	342	20	141	41.2281	7.88596	36.8	60
dDocent_Contig_4336	1	403	25	230	57.072	7.91563	35.8	60
dDocent_Contig_4338	1	435	44	378	86.8966	13.5931	36.3	60
dDocent_Contig_4342	1	619	12	327	52.8271	2.80775	35.6	60
dDocent_Contig_4343	1	390	74	309	79.2308	24.159	36.5	60
dDocent_Contig_4344	1	463	19	292	63.067	5.14039	36.4	60
dDocent_Contig_4345	1	342	13	143	41.8129	4.96491	36.6	60
dDocent_Contig_4346	1	522	71	402	77.0115	19.1284	36.6	60
dDocent_Contig_4349	1	392	28	302	77.0408	9.70408	36.5	60
dDocent_Contig_4350	1	469	33	371	79.1045	9.05757	36	60
dDocent_Contig_4353	1	424	2	121	28.5377	0.570755	37	60
dDocent_Contig_4356	1	359	18	238	66.2953	6.961	36.6	60
dDocent_Contig_4358	1	393	8	262	66.6667	2.66667	36	60
dDocent_Contig_4359	1	332	17	142	42.7711	6.8494	36.1	60
dDocent_Contig_4361	1	379	8	140	36.9393	2.65435	36	60
dDocent_Contig_4363	1	332	3	126	37.9518	0.975904	36.7	60
dDocent_Contig_4369	1	424	5	134	31.6038	1.51651	36.4	60
dDocent_Contig_4375	1	437	5	133	30.4348	1.40732	36.8	60
dDocent_Contig_4376	1	418	29	242	57.8947	9.689	36.6	60
dDocent_Contig_4377	1	332	45	290	87.3494	17.9518	36.6	60
dDocent_Contig_4379	1	332	11	140	42.1687	3.78012	36.3	60
dDocent_Contig_4381	1	487	28	344	70.6366	7.61396	36.4	60
dDocent_Contig_4382	1	501	23	373	74.4511	5.91018	36.4	60
dDocent_Contig_4385	1	588	7	278	47.2789	1.48639	36.7	60
dDocent_Contig_4386	1	446	70	378	84.7534	22.2825	36.2	60
dDocent_Contig_4387	1	419	28	380	90.6921	8.60859	36.1	60
dDocent_Contig_4388	1	540	8	143	26.4815	1.81852	36.7	60
dDocent_Contig_4389	1	332	5	142	42.7711	2.0753	36.8	60
dDocent_Contig_4394	1	409	13	142	34.7188	4.04645	36.9	60
dDocent_Contig_4398	1	463	23	320	69.1145	6.78402	36.4	60
dDocent_Contig_4399	1	589	11	299	50.764	2.51273	36.5	60
dDocent_Contig_4400	1	510	40	436	85.4902	10.5118	36.3	60
dDocent_Contig_4401	1	442	11	362	81.9005	3.43213	36.3	60
dDocent_Contig_4405	1	459	19	367	79.9564	5.42702	36.6	60
dDocent_Contig_4406	1	380	11	223	58.6842	3.38684	35.8	60
dDocent_Contig_4407	1	500	1	115	23	0.23	36.3	20
dDocent_Contig_4408	1	387	28	358	92.5065	9.37726	36.3	60
dDocent_Contig_4410	1	455	52	420	92.3077	15.2198	36.7	60
dDocent_Contig_4415	1	564	25	262	46.4539	5.45035	36	60
dDocent_Contig_4417	1	539	35	246	45.6401	9.13358	36.4	60
dDocent_Contig_4418	1	418	46	303	72.488	15.7201	36.6	60
dDocent_Contig_4419	1	510	84	292	57.2549	19.949	35.5	60
dDocent_Contig_4421	1	422	28	291	68.9573	8.609	36.6	60
dDocent_Contig_4423	1	529	34	510	96.4083	8.67675	36.5	60
dDocent_Contig_4424	1	433	24	327	75.5196	7.28637	35.8	60
dDocent_Contig_4425	1	407	2	173	42.5061	0.737101	36.8	60
dDocent_Contig_4426	1	479	24	240	50.1044	6.55741	36.2	60
dDocent_Contig_4427	1	403	14	176	43.6725	4.01489	36.8	60
dDocent_Contig_4433	1	401	20	311	77.5561	6.1596	36.8	60
dDocent_Contig_4434	1	347	24	290	83.5735	9.05187	36.6	60
dDocent_Contig_4435	1	332	15	268	80.7229	5.98795	36.6	60
dDocent_Contig_4436	1	381	10	225	59.0551	3.01837	36.6	60
dDocent_Contig_4437	1	444	36	320	72.0721	10.9144	36.4	60
dDocent_Contig_4440	1	362	20	321	88.674	6.96685	36.4	60
dDocent_Contig_4443	1	379	3	263	69.3931	1.02375	36.9	60
dDocent_Contig_4446	1	520	4	311	59.8077	1.15	36.8	60
dDocent_Contig_4449	1	421	2	105	24.9406	0.498812	35.2	60
dDocent_Contig_4450	1	404	17	297	73.5149	5.56683	36.6	54.7
dDocent_Contig_4452	1	472	22	383	81.1441	6.08263	36.9	60
dDocent_Contig_4453	1	562	30	523	93.0605	6.98577	36.2	60
dDocent_Contig_4454	1	433	13	144	33.2564	4.15242	35.5	60
dDocent_Contig_4455	1	486	23	405	83.3333	6.17901	36.5	60
dDocent_Contig_4457	1	533	36	367	68.8555	9.6379	36.1	60
dDocent_Contig_4458	1	414	29	274	66.1836	9.08696	36.6	60
dDocent_Contig_4462	1	399	3	134	33.584	0.822055	36.9	60
dDocent_Contig_4463	1	444	13	221	49.7748	3.75	36.3	60
dDocent_Contig_4464	1	332	3	140	42.1687	1.25301	36.7	60
dDocent_Contig_4467	1	349	69	290	83.0946	21.2808	35.2	60
dDocent_Contig_4469	1	603	143	407	67.4959	32.4643	36	60
dDocent_Contig_4471	1	332	85	296	89.1566	33.5964	36.1	60
dDocent_Contig_4472	1	450	7	239	53.1111	1.94667	35.7	60
dDocent_Contig_4473	1	395	33	366	92.6582	11.1316	36.8	60
dDocent_Contig_4474	1	332	8	141	42.4699	3.1988	36.4	60
dDocent_Contig_4476	1	386	45	350	90.6736	15.9352	36.6	60
dDocent_Contig_4477	1	508	67	429	84.4488	18.6417	36.6	60
dDocent_Contig_4479	1	412	9	269	65.2913	2.61165	36.7	60
dDocent_Contig_4481	1	413	142	380	92.0097	47.2833	36.4	60
dDocent_Contig_4482	1	488	25	324	66.3934	6.77869	36.2	60
dDocent_Contig_4483	1	496	27	418	84.2742	7.37097	36.2	60
dDocent_Contig_4486	1	452	22	374	82.7434	6.51991	36.3	60
dDocent_Contig_4490	1	440	27	227	51.5909	8.11818	36.2	60
dDocent_Contig_4491	1	462	15	219	47.4026	4.12554	36.3	60
dDocent_Contig_4495	1	419	27	141	33.6516	8.3222	36.4	60
dDocent_Contig_4497	1	457	4	234	51.2035	1.15536	36.6	60
dDocent_Contig_4498	1	436	38	312	71.5596	10.3326	36.7	60
dDocent_Contig_4499	1	429	22	143	33.3333	6.331	36.5	60
dDocent_Contig_4503	1	399	10	213	53.3835	3.57644	36.1	60
dDocent_Contig_4504	1	488	8	279	57.1721	2.0082	36.6	60
dDocent_Contig_4507	1	534	33	453	84.8315	8.36704	36.5	60
dDocent_Contig_4508	1	332	9	141	42.4699	3.31024	36.7	60
dDocent_Contig_4510	1	460	22	338	73.4783	5.99565	36.6	60
dDocent_Contig_4512	1	530	61	388	73.2075	16.1623	36.6	60
dDocent_Contig_4513	1	332	57	141	42.4699	22.8253	36.4	60
dDocent_Contig_4514	1	471	1	140	29.724	0.29724	36.7	60
dDocent_Contig_4515	1	432	30	391	90.5093	9.31481	36.7	60
dDocent_Contig_4516	1	396	5	212	53.5354	1.84848	36.8	60
dDocent_Contig_4518	1	525	32	421	80.1905	8.70476	36.2	59.5
dDocent_Contig_4519	1	519	68	315	60.6936	17.4759	36.5	60
dDocent_Contig_4521	1	466	32	301	64.5923	8.78326	36.4	60
dDocent_Contig_4526	1	574	52	408	71.0801	12.5645	36.5	60
dDocent_Contig_4527	1	332	41	283	85.241	16.1054	36.4	60
dDocent_Contig_4528	1	347	1	133	38.3285	0.383285	36.9	60
dDocent_Contig_4529	1	600	35	397	66.1667	6.50167	36.5	54.1
dDocent_Contig_4531	1	406	15	284	69.9507	4.7266	36.4	60
dDocent_Contig_4532	1	425	8	290	68.2353	2.31529	36.8	60
dDocent_Contig_4533	1	383	20	338	88.2507	6.74935	36.7	60
dDocent_Contig_4539	1	551	46	496	90.0181	10.7786	36.5	60
dDocent_Contig_4540	1	349	6	123	35.2436	1.98281	35.3	60
dDocent_Contig_4542	1	582	22	517	88.8316	4.87973	36.6	60
dDocent_Contig_4544	1	583	4	284	48.7136	0.842196	36.6	60
dDocent_Contig_4548	1	531	19	388	73.0697	4.65537	36.1	60
dDocent_Contig_4551	1	456	34	349	76.5351	9.3114	36.3	60
dDocent_Contig_4553	1	332	5	140	42.1687	1.8012	36.6	60
dDocent_Contig_4554	1	452	24	391	86.5044	6.86947	36.3	60
dDocent_Contig_4555	1	528	6	349	66.0985	1.59659	36.8	60
dDocent_Contig_4558	1	525	10	278	52.9524	2.46286	36.4	60
dDocent_Contig_4561	1	462	30	142	30.7359	8.71212	36.3	60
dDocent_Contig_4565	1	504	32	412	81.746	8.89087	36.7	60
dDocent_Contig_4566	1	443	22	363	81.9413	6.54853	36.3	60
dDocent_Contig_4567	1	441	21	299	67.8005	5.66667	36	60
dDocent_Contig_4568	1	605	16	266	43.9669	3.29091	36.5	60
dDocent_Contig_4575	1	426	77	397	93.1925	24.108	36.4	59
dDocent_Contig_4577	1	332	17	291	87.6506	6.53012	36.8	60
dDocent_Contig_4580	1	332	33	247	74.3976	12.5271	36	60
dDocent_Contig_4581	1	424	31	219	51.6509	8.79717	35.2	60
dDocent_Contig_4585	1	404	15	237	58.6634	4.92079	36.4	60
dDocent_Contig_4587	1	458	65	419	91.4847	19.4061	36.2	60
dDocent_Contig_4589	1	501	3	139	27.7445	0.692615	36.9	60
dDocent_Contig_4591	1	550	10	287	52.1818	2.35818	36.7	60
dDocent_Contig_4594	1	576	41	504	87.5	9.63021	36.5	60
dDocent_Contig_4595	1	485	3	227	46.8041	0.657732	36.8	60
dDocent_Contig_4596	1	421	47	275	65.3207	13.7957	35.7	60
dDocent_Contig_4597	1	477	34	355	74.4235	10.0755	36	60
dDocent_Contig_4599	1	332	41	142	42.7711	16.7741	36.5	60
dDocent_Contig_4600	1	467	14	274	58.6724	3.85225	36.2	60
dDocent_Contig_4601	1	488	184	301	61.6803	50.2377	36.1	58.6
dDocent_Contig_4602	1	340	23	284	83.5294	9.05882	36.7	60
dDocent_Contig_4603	1	493	46	354	71.8053	12.8722	36.4	60
dDocent_Contig_4605	1	507	31	425	83.8264	8.56213	36.4	60
dDocent_Contig_4606	1	346	24	285	82.3699	9.21387	36.1	60
dDocent_Contig_4612	1	455	11	140	30.7692	3.02637	35.3	60
dDocent_Contig_4613	1	435	24	141	32.4138	7.38621	36.6	60
dDocent_Contig_4614	1	394	27	317	80.4569	8.22081	35.5	60
dDocent_Contig_4618	1	348	11	142	40.8046	4.04885	36.2	60
dDocent_Contig_4619	1	407	5	143	35.1351	1.71253	36.9	60
dDocent_Contig_4623	1	449	14	140	31.1804	4.2049	36.3	60
dDocent_Contig_4625	1	332	38	312	93.9759	14.7319	36.2	60
dDocent_Contig_4634	1	384	44	359	93.4896	15.5573	36.2	60
dDocent_Contig_4635	1	496	13	393	79.2339	3.32661	36.6	57.6
dDocent_Contig_4637	1	506	14	140	27.668	3.56917	36.8	60
dDocent_Contig_4638	1	491	13	141	28.7169	3.35642	36.5	60
dDocent_Contig_4642	1	490	50	357	72.8571	13.3122	36.4	60
dDocent_Contig_4644	1	579	52	435	75.1295	12.3454	36.4	60
dDocent_Contig_4646	1	572	48	397	69.4056	11.7517	36.7	60
dDocent_Contig_4647	1	353	17	251	71.1048	6.12748	36.5	60
dDocent_Contig_4649	1	537	5	356	66.2942	1.25885	35.4	60
dDocent_Contig_4651	1	430	2	187	43.4884	0.697674	36.9	60
dDocent_Contig_4652	1	502	41	419	83.4661	10.6932	36.3	60
dDocent_Contig_4653	1	590	2	119	20.1695	0.40339	36	60
dDocent_Contig_4654	1	457	5	294	64.3326	1.52298	36.3	60
dDocent_Contig_4656	1	456	9	140	30.7018	2.21053	36.9	60
dDocent_Contig_4658	1	443	6	142	32.0542	1.72009	36.4	60
dDocent_Contig_4660	1	482	22	143	29.668	5.93361	36	60
dDocent_Contig_4661	1	457	12	384	84.0263	3.49234	36.7	60
dDocent_Contig_4663	1	483	3	273	56.5217	0.819876	36.6	60
dDocent_Contig_4665	1	420	156	320	76.1905	49.2881	36	45.4
dDocent_Contig_4669	1	418	77	355	84.9282	25.3445	36.4	60
dDocent_Contig_4673	1	462	15	255	55.1948	3.96753	36.4	58.5
dDocent_Contig_4674	1	496	14	309	62.2984	3.85484	35.3	60
dDocent_Contig_4676	1	363	5	140	38.5675	1.78237	36.6	60
dDocent_Contig_4677	1	436	1	135	30.9633	0.309633	36.6	60
dDocent_Contig_4681	1	528	4	265	50.1894	0.88447	36.7	60
dDocent_Contig_4683	1	378	53	343	90.7407	16.9921	35.5	59.8
dDocent_Contig_4684	1	553	64	243	43.9421	16.472	36.1	60
dDocent_Contig_4686	1	463	10	141	30.4536	2.61339	36.8	60
dDocent_Contig_4688	1	345	4	140	40.5797	1.47826	35	60
dDocent_Contig_4689	1	427	50	388	90.8665	15.4871	36.1	60
dDocent_Contig_4690	1	366	20	141	38.5246	6.82514	35.6	60
dDocent_Contig_4691	1	414	6	225	54.3478	1.97101	36.1	60
dDocent_Contig_4692	1	486	11	392	80.6584	2.59877	36.3	60
dDocent_Contig_4693	1	429	29	142	33.1002	8.81352	36.2	59.1
dDocent_Contig_4698	1	430	11	291	67.6744	3.33721	35.8	60
dDocent_Contig_4699	1	647	57	605	93.5085	11.7094	36	60
dDocent_Contig_4701	1	358	36	325	90.7821	13.6229	36.1	60
dDocent_Contig_4703	1	334	23	251	75.1497	8.2515	36.7	60
dDocent_Contig_4704	1	422	43	368	87.2038	13.7796	36.3	60
dDocent_Contig_4705	1	434	55	329	75.8065	16.9032	36.5	60
dDocent_Contig_4709	1	473	1	131	27.6956	0.276956	36.4	60
dDocent_Contig_4711	1	446	23	344	77.13	6.66368	36.7	60
dDocent_Contig_4713	1	445	13	141	31.6854	3.3618	36.8	60
dDocent_Contig_4715	1	388	16	307	79.1237	5.31443	36.8	60
dDocent_Contig_4717	1	403	33	311	77.1712	10.9305	35.9	60
dDocent_Contig_4718	1	456	20	360	78.9474	6.10307	36.5	60
dDocent_Contig_4722	1	387	16	290	74.9354	5.27132	36.6	60
dDocent_Contig_4723	1	438	2	102	23.2877	0.465753	36.9	60
dDocent_Contig_4726	1	469	27	438	93.3902	7.51173	35.7	60
dDocent_Contig_4728	1	434	6	296	68.2028	1.63594	36.9	60
dDocent_Contig_4729	1	447	1	116	25.9508	0.259508	36.7	60
dDocent_Contig_4730	1	470	36	395	84.0426	10.5809	36.5	60
dDocent_Contig_4738	1	444	151	400	90.0901	49.9167	36.2	34.2
dDocent_Contig_4739	1	422	36	381	90.2844	10.9313	36.3	60
dDocent_Contig_4740	1	434	261	392	90.3226	79.53	36.5	58.9
dDocent_Contig_4742	1	517	10	141	27.2727	2.38104	36.2	60
dDocent_Contig_4743	1	483	22	422	87.3706	5.76605	36.5	60
dDocent_Contig_4744	1	467	45	441	94.4325	13.4304	36.5	60
dDocent_Contig_4745	1	525	312	484	92.1905	76.6495	36.3	59
dDocent_Contig_4746	1	374	114	301	80.4813	38.9198	36	52.3
dDocent_Contig_4749	1	449	7	142	31.6258	1.89532	36.5	60
dDocent_Contig_4750	1	332	18	143	43.0723	6.70783	36.4	60
dDocent_Contig_4752	1	572	83	370	64.6853	20.3234	36.3	60
dDocent_Contig_4754	1	392	30	352	89.7959	10.5561	36.4	59.6
dDocent_Contig_4755	1	519	57	482	92.8709	15.4836	36.4	60
dDocent_Contig_4756	1	452	15	378	83.6283	4.46239	36.7	60
dDocent_Contig_4759	1	425	8	142	33.4118	2.36941	36.5	60
dDocent_Contig_4761	1	406	3	196	48.2759	0.761084	34.7	60
dDocent_Contig_4762	1	430	12	144	33.4884	3.86279	36.4	60
dDocent_Contig_4764	1	619	74	527	85.1373	16.1777	36.3	60
dDocent_Contig_4766	1	386	25	291	75.3886	8.89637	36.1	60
dDocent_Contig_4768	1	370	52	343	92.7027	18.9676	36	60
dDocent_Contig_4771	1	471	64	426	90.4459	18.8344	36.1	60
dDocent_Contig_4772	1	489	5	213	43.5583	1.43149	36.7	60
dDocent_Contig_4776	1	455	25	333	73.1868	7.22857	36.6	60
dDocent_Contig_4778	1	514	23	381	74.1245	6.25486	36.2	60
dDocent_Contig_4779	1	347	10	275	79.2507	3.25072	34.7	60
dDocent_Contig_4780	1	388	9	299	77.0619	3.23969	36.9	60
dDocent_Contig_4781	1	445	8	270	60.6742	2.0764	36.5	60
dDocent_Contig_4782	1	377	9	140	37.1353	2.74536	36.7	60
dDocent_Contig_4787	1	467	75	428	91.6488	21.8009	36.3	59.3
dDocent_Contig_4789	1	437	29	142	32.4943	8.59039	36.7	60
dDocent_Contig_4790	1	332	15	141	42.4699	5.75	36.3	60
dDocent_Contig_4791	1	390	36	282	72.3077	12.3359	36.7	60
dDocent_Contig_4796	1	486	4	137	28.1893	1.03704	37	60
dDocent_Contig_4797	1	367	15	302	82.2888	5.41962	36.3	60
dDocent_Contig_4798	1	535	60	450	84.1121	15.3271	36.1	60
dDocent_Contig_4802	1	399	12	291	72.9323	4.0401	36.5	60
dDocent_Contig_4804	1	433	47	382	88.2217	14.7806	36.3	60
dDocent_Contig_4806	1	391	37	302	77.2379	12.4885	36.6	60
dDocent_Contig_4809	1	332	22	141	42.4699	7.68373	35.1	60
dDocent_Contig_4810	1	513	17	444	86.5497	4.02924	36.5	59.8
dDocent_Contig_4812	1	482	7	326	67.6349	1.91701	36.3	60
dDocent_Contig_4816	1	409	24	330	80.6846	7.54768	36	60
dDocent_Contig_4818	1	432	17	141	32.6389	5.18056	36.1	60
dDocent_Contig_4820	1	462	11	339	73.3766	3.23593	35.5	60
dDocent_Contig_4821	1	532	17	376	70.6767	3.98308	36.6	60
dDocent_Contig_4822	1	481	18	143	29.7297	4.62162	36	60
dDocent_Contig_4824	1	548	24	517	94.3431	5.44343	35.9	55.8
dDocent_Contig_4825	1	482	858	438	90.8714	249.917	36.4	59.6
dDocent_Contig_4830	1	431	64	297	68.9095	19.5174	36.3	60
dDocent_Contig_4836	1	445	7	355	79.7753	2.05618	36.3	60
dDocent_Contig_4837	1	345	12	291	84.3478	4.08986	36.4	60
dDocent_Contig_4842	1	435	55	345	79.3103	16.9609	36.2	60
dDocent_Contig_4844	1	371	2	122	32.8841	0.657682	37	60
dDocent_Contig_4846	1	347	128	300	86.4553	48.3314	36.4	44.4
dDocent_Contig_4854	1	413	33	351	84.9879	10.0533	36.6	58.2
dDocent_Contig_4856	1	584	106	502	85.9589	24.7997	36.3	59.9
dDocent_Contig_4858	1	332	24	244	73.494	9.62349	36.5	60
dDocent_Contig_4859	1	357	22	142	39.7759	8.23249	36.7	60
dDocent_Contig_4861	1	480	14	142	29.5833	3.82708	36.4	60
dDocent_Contig_4863	1	576	30	470	81.5972	7.47743	36.7	60
dDocent_Contig_4864	1	472	10	290	61.4407	2.76483	36.6	60
dDocent_Contig_4866	1	558	45	255	45.6989	11.2509	36.2	60
dDocent_Contig_4867	1	552	53	305	55.2536	13.4783	36.4	59.8
dDocent_Contig_4869	1	391	37	347	88.7468	11.7008	36.4	58.8
dDocent_Contig_4870	1	440	33	386	87.7273	10.2955	36.2	60
dDocent_Contig_4871	1	575	4	230	40	0.876522	36.6	60
dDocent_Contig_4872	1	382	2	93	24.3455	0.486911	37	60
dDocent_Contig_4876	1	629	61	534	84.8967	13.8903	36.3	60
dDocent_Contig_4877	1	332	17	140	42.1687	6.29217	36.3	60
dDocent_Contig_4879	1	492	135	432	87.8049	38.0996	36.5	60
dDocent_Contig_4882	1	437	5	142	32.4943	1.4714	36.8	60
dDocent_Contig_4890	1	373	7	142	38.0697	2.47453	37	60
dDocent_Contig_4893	1	560	9	409	73.0357	1.96429	36.1	60
dDocent_Contig_4894	1	340	30	140	41.1765	11.2324	35.8	60
dDocent_Contig_4895	1	568	5	365	64.2606	1.15141	36.9	60
dDocent_Contig_4896	1	495	19	364	73.5354	5.13333	36.1	60
dDocent_Contig_4897	1	449	21	420	93.5412	6.27394	36.3	60
dDocent_Contig_4900	1	435	7	252	57.931	2.08276	36.7	60
dDocent_Contig_4901	1	506	116	286	56.5217	32.4209	36.4	60
dDocent_Contig_4904	1	485	24	458	94.433	6.40619	35.6	60
dDocent_Contig_4907	1	494	2	93	18.8259	0.376518	35.4	60
dDocent_Contig_4909	1	439	8	294	66.9704	2.47153	36.2	60
dDocent_Contig_4910	1	489	21	321	65.6442	5.63599	36.8	60
dDocent_Contig_4916	1	617	48	338	54.7812	10.0211	36	60
dDocent_Contig_4917	1	332	14	141	42.4699	5.48494	36.2	60
dDocent_Contig_4919	1	553	14	453	81.9168	3.55696	36.4	60
dDocent_Contig_4922	1	400	1	144	36	0.36	36.9	60
dDocent_Contig_4923	1	473	72	433	91.5433	21.1099	36.3	60
dDocent_Contig_4929	1	369	39	291	78.8618	14.2791	36.6	60
dDocent_Contig_4930	1	365	7	140	38.3562	2.49041	36.2	60
dDocent_Contig_4931	1	398	9	318	79.8995	2.68844	36.3	60
dDocent_Contig_4935	1	379	8	141	37.2032	2.83113	36.8	60
dDocent_Contig_4938	1	481	28	276	57.3805	8.18919	36.8	60
dDocent_Contig_4940	1	375	35	319	85.0667	13.184	36.5	60
dDocent_Contig_4943	1	332	10	143	43.0723	3.66867	36.1	60
dDocent_Contig_4945	1	341	23	140	41.0557	8.52786	36.7	60
dDocent_Contig_4948	1	380	8	224	58.9474	2.52105	36	55.8
dDocent_Contig_4954	1	480	5	131	27.2917	1.275	36.8	57.2
dDocent_Contig_4955	1	394	34	339	86.0406	10.6269	36.1	60
dDocent_Contig_4957	1	363	7	278	76.584	2.20937	36.6	60
dDocent_Contig_4958	1	334	9	141	42.2156	3.60778	35.7	60
dDocent_Contig_4959	1	568	63	402	70.7746	15.2465	36.6	60
dDocent_Contig_4960	1	413	20	293	70.9443	6.28329	36.2	60
dDocent_Contig_4961	1	502	20	318	63.3466	5.41434	36.6	60
dDocent_Contig_4962	1	411	32	310	75.4258	11.0779	36.1	60
dDocent_Contig_4965	1	425	26	318	74.8235	8.31059	36.5	60
dDocent_Contig_4967	1	483	25	296	61.2836	6.147	36	60
dDocent_Contig_4969	1	364	4	140	38.4615	1.47527	36.4	60
dDocent_Contig_4971	1	467	12	371	79.4433	3.20985	36.7	57.3
dDocent_Contig_4973	1	387	26	141	36.4341	8.98708	36.3	60
dDocent_Contig_4976	1	359	63	141	39.2758	21.8273	36.4	59.7
dDocent_Contig_4983	1	346	33	309	89.3064	13.0116	36	60
dDocent_Contig_4984	1	538	3	140	26.0223	0.77881	36.5	60
dDocent_Contig_4986	1	382	21	309	80.8901	7.59948	36.4	60
dDocent_Contig_4988	1	370	20	295	79.7297	6.61081	35.9	60
dDocent_Contig_4989	1	412	10	291	70.6311	3.25971	35.8	60
dDocent_Contig_4994	1	474	22	143	30.1688	5.9346	36.1	60
dDocent_Contig_4998	1	580	12	395	68.1034	3.04138	36.6	60
dDocent_Contig_5001	1	543	17	347	63.9042	4.23941	36.5	60
dDocent_Contig_5002	1	354	32	142	40.113	12.2994	36.6	60
dDocent_Contig_5004	1	332	5	141	42.4699	2.04217	36.8	60
dDocent_Contig_5006	1	454	7	138	30.3965	1.79736	36.4	60
dDocent_Contig_5009	1	389	22	141	36.2468	7.24422	36.5	60
dDocent_Contig_5011	1	390	15	290	74.359	4.57436	35.5	49.7
dDocent_Contig_5012	1	430	8	140	32.5581	2.46047	36.9	60
dDocent_Contig_5014	1	356	17	313	87.9213	5.71067	35.8	60
dDocent_Contig_5015	1	459	4	350	76.2527	1.21786	36.8	60
dDocent_Contig_5016	1	433	12	303	69.9769	3.86836	36.3	60
dDocent_Contig_5019	1	461	5	141	30.5857	1.39262	36.6	60
dDocent_Contig_5020	1	430	13	388	90.2326	4.11395	35.4	60
dDocent_Contig_5023	1	343	20	302	88.0466	7.95044	36.8	60
dDocent_Contig_5024	1	389	85	342	87.9177	29.5733	36.3	60
dDocent_Contig_5025	1	416	34	295	70.9135	10.5889	36.1	60
dDocent_Contig_5026	1	519	4	115	22.158	0.820809	36.9	60
dDocent_Contig_5032	1	487	39	292	59.9589	10.5708	36.5	60
dDocent_Contig_5033	1	595	22	431	72.437	4.79832	36.8	58.2
dDocent_Contig_5038	1	449	27	403	89.755	7.902	36.4	50.9
dDocent_Contig_5040	1	504	88	379	75.1984	25.0655	36.5	45.6
dDocent_Contig_5043	1	572	464	531	92.8322	109.815	36.4	53.7
dDocent_Contig_5047	1	459	35	368	80.1743	8.89107	36.5	56.6
dDocent_Contig_5048	1	487	19	141	28.9528	4.61396	36.6	60
dDocent_Contig_5049	1	332	22	243	73.1928	8.03916	35.7	60
dDocent_Contig_5051	1	405	41	342	84.4444	13.0543	36.4	60
dDocent_Contig_5052	1	395	7	140	35.443	2.0481	36.8	60
dDocent_Contig_5057	1	419	32	299	71.3604	9.07876	36.2	41.7
dDocent_Contig_5058	1	534	24	407	76.2172	6.17041	36.6	60
dDocent_Contig_5060	1	397	7	289	72.796	2.50882	36.6	60
dDocent_Contig_5063	1	407	7	274	67.3219	2.15725	36.4	60
dDocent_Contig_5065	1	557	18	292	52.4237	4.14542	36.1	60
dDocent_Contig_5069	1	433	83	388	89.6074	26.8129	36.6	60
dDocent_Contig_5071	1	346	10	145	41.9075	3.27457	36.8	60
dDocent_Contig_5074	1	502	15	141	28.0876	4.09562	36.9	60
dDocent_Contig_5077	1	480	9	288	60	2.38542	36.8	60
dDocent_Contig_5083	1	357	5	141	39.4958	1.71429	36.8	60
dDocent_Contig_5084	1	495	3	244	49.2929	0.70101	36	60
dDocent_Contig_5087	1	565	52	530	93.8053	13.2655	36.2	60
dDocent_Contig_5091	1	431	13	379	87.935	3.61717	36.8	60
dDocent_Contig_5093	1	549	65	437	79.5993	15.7541	35.7	60
dDocent_Contig_5095	1	557	50	370	66.4273	12.5171	36.3	60
dDocent_Contig_5096	1	542	33	291	53.69	7.99631	36.8	60
dDocent_Contig_5097	1	601	62	297	49.4176	14.5607	36.3	60
dDocent_Contig_5100	1	334	19	141	42.2156	7.32934	36.4	60
dDocent_Contig_5101	1	384	9	251	65.3646	2.75781	36.7	60
dDocent_Contig_5104	1	422	46	368	87.2038	14.5948	36.3	60
dDocent_Contig_5105	1	529	29	462	87.3346	6.71645	36.5	60
dDocent_Contig_5106	1	434	18	176	40.553	5.62442	36.4	60
dDocent_Contig_5108	1	407	1	140	34.398	0.34398	36.4	60
dDocent_Contig_5109	1	459	13	360	78.4314	3.7451	36.5	60
dDocent_Contig_5110	1	415	31	353	85.0602	10.3277	36.7	60
dDocent_Contig_5112	1	332	1	141	42.4699	0.424699	36.7	60
dDocent_Contig_5114	1	565	47	381	67.4336	12.0956	36.6	60
dDocent_Contig_5115	1	616	38	515	83.6039	8.61364	35.9	60
dDocent_Contig_5117	1	379	18	338	89.1821	6.62005	36.8	60
dDocent_Contig_5119	1	495	21	142	28.6869	5.50707	35.8	60
dDocent_Contig_5125	1	369	55	310	84.0108	20.3659	36.2	60
dDocent_Contig_5129	1	377	20	337	89.3899	6.74005	35.8	59.5
dDocent_Contig_5130	1	404	30	265	65.5941	9.53218	36.5	60
dDocent_Contig_5133	1	475	19	358	75.3684	4.84632	36.2	60
dDocent_Contig_5136	1	338	7	224	66.2722	2.59763	36	60
dDocent_Contig_5144	1	429	15	297	69.2308	4.41725	36.2	60
dDocent_Contig_5148	1	445	30	142	31.9101	8.94382	36.7	60
dDocent_Contig_5150	1	400	7	314	78.5	2.565	36.4	60
dDocent_Contig_5151	1	423	8	338	79.9054	2.72104	34.9	60
dDocent_Contig_5152	1	472	7	269	56.9915	1.63559	36.7	60
dDocent_Contig_5156	1	476	23	143	30.042	5.96008	36.5	60
dDocent_Contig_5157	1	585	5	340	58.1197	1.06667	36.9	60
dDocent_Contig_5158	1	439	10	255	58.0866	2.98405	36.4	60
dDocent_Contig_5161	1	457	4	259	56.674	1.0372	36.5	60
dDocent_Contig_5162	1	392	9	290	73.9796	2.78827	36.7	60
dDocent_Contig_5164	1	377	2	267	70.8223	0.708223	36.5	60
dDocent_Contig_5166	1	356	35	318	89.3258	12.2444	36.1	60
dDocent_Contig_5167	1	536	6	296	55.2239	1.50933	36.9	55.2
dDocent_Contig_5174	1	702	146	436	62.1083	29.4701	36.5	43.5
dDocent_Contig_5180	1	356	307	317	89.0449	118.037	36.3	59.6
dDocent_Contig_5184	1	332	15	101	30.4217	3.73193	35.9	54.4
dDocent_Contig_5186	1	499	13	142	28.4569	3.32866	36.3	60
dDocent_Contig_5189	1	456	2	105	23.0263	0.460526	36.7	60
dDocent_Contig_5191	1	344	34	141	40.9884	12.4564	36.5	60
dDocent_Contig_5195	1	417	14	141	33.8129	2.83213	35.9	60
dDocent_Contig_5199	1	465	26	396	85.1613	7.03656	36.4	55.7
dDocent_Contig_5201	1	382	11	140	36.6492	3.59424	36.7	60
dDocent_Contig_5202	1	341	8	141	41.349	3.15249	36.5	60
dDocent_Contig_5205	1	383	123	342	89.295	44.0914	36.2	60
dDocent_Contig_5206	1	400	60	360	90	20.885	36.6	60
dDocent_Contig_5207	1	533	28	441	82.7392	6.84991	36.5	59.3
dDocent_Contig_5208	1	503	22	304	60.4374	5.87475	36.6	60
dDocent_Contig_5212	1	393	17	143	36.3868	5.49873	36.5	60
dDocent_Contig_5214	1	379	7	312	82.3219	2.44591	36.6	60
dDocent_Contig_5217	1	382	10	331	86.6492	3.50524	36.5	60
dDocent_Contig_5221	1	499	1	106	21.2425	0.212425	35.7	60
dDocent_Contig_5222	1	424	2	115	27.1226	0.542453	36.8	60
dDocent_Contig_5223	1	472	37	344	72.8814	10.5763	36.3	60
dDocent_Contig_5224	1	476	13	213	44.7479	3.29412	36.8	59.9
dDocent_Contig_5226	1	440	20	329	74.7727	5.85	36.7	60
dDocent_Contig_5227	1	367	5	142	38.6921	1.63488	36.7	60
dDocent_Contig_5228	1	409	24	371	90.709	7.89242	36.3	60
dDocent_Contig_5229	1	549	49	482	87.796	11.7049	36.2	60
dDocent_Contig_5230	1	354	78	307	86.7232	25.0452	35.9	32
dDocent_Contig_5231	1	526	23	326	61.9772	5.54373	35.2	60
dDocent_Contig_5232	1	455	70	391	85.9341	21.8549	36.6	60
dDocent_Contig_5233	1	428	14	399	93.2243	3.90421	36.8	60
dDocent_Contig_5236	1	450	42	384	85.3333	12.3267	36.4	60
dDocent_Contig_5237	1	503	8	312	62.0278	1.95427	36.4	60
dDocent_Contig_5238	1	552	6	293	53.0797	1.48732	36.7	60
dDocent_Contig_5242	1	423	11	140	33.0969	3.16076	36.9	60
dDocent_Contig_5243	1	353	24	141	39.9433	9.24079	36.3	60
dDocent_Contig_5246	1	375	42	144	38.4	14.5413	36.7	58.4
dDocent_Contig_5251	1	378	57	328	86.7725	19.5714	36.6	60
dDocent_Contig_5252	1	396	2	141	35.6061	0.555556	35.8	60
dDocent_Contig_5254	1	626	54	381	60.8626	11.5272	36.4	60
dDocent_Contig_5255	1	485	6	141	29.0722	1.57938	36.9	60
dDocent_Contig_5256	1	583	10	281	48.199	2.15094	36.6	60
dDocent_Contig_5257	1	420	28	141	33.5714	8.75952	36.5	60
dDocent_Contig_5263	1	426	26	141	33.0986	8.01643	36.7	60
dDocent_Contig_5265	1	369	116	336	91.0569	41.2954	36.2	45.9
dDocent_Contig_5267	1	393	9	295	75.0636	2.89567	36	60
dDocent_Contig_5269	1	614	26	394	64.1694	5.84691	36.1	60
dDocent_Contig_5273	1	470	4	140	29.7872	1.16809	36.8	60
dDocent_Contig_5275	1	384	11	291	75.7812	3.60156	35.8	60
dDocent_Contig_5277	1	426	11	219	51.4085	3.29577	36.9	60
dDocent_Contig_5278	1	450	15	385	85.5556	4.62222	36.8	60
dDocent_Contig_5279	1	342	37	291	85.0877	13.0614	36.3	60
dDocent_Contig_5280	1	332	13	276	83.1325	4.7259	35.2	60
dDocent_Contig_5281	1	404	14	241	59.6535	4.30693	36.5	60
dDocent_Contig_5283	1	343	2	140	40.8163	0.790087	37	60
dDocent_Contig_5284	1	402	61	373	92.7861	19.709	36.5	60
dDocent_Contig_5286	1	448	15	141	31.4732	4.31473	36.5	60
dDocent_Contig_5288	1	418	48	352	84.2105	14.7775	36.2	60
dDocent_Contig_5290	1	485	15	222	45.7732	3.96082	36.9	60
dDocent_Contig_5291	1	583	102	505	86.6209	24.6655	36.4	60
dDocent_Contig_5293	1	446	42	358	80.2691	12.9327	36.3	60
dDocent_Contig_5295	1	522	41	273	52.2989	10.3487	36	60
dDocent_Contig_5297	1	391	16	326	83.376	5.48082	36.1	60
dDocent_Contig_5299	1	393	6	371	94.402	2.05598	36.7	60
dDocent_Contig_5300	1	594	11	428	72.0539	2.32997	36.4	60
dDocent_Contig_5301	1	375	11	144	38.4	3.91733	36.4	60
dDocent_Contig_5306	1	389	4	290	74.5501	1.27763	36.8	60
dDocent_Contig_5315	1	518	34	281	54.2471	7.89961	36.2	60
dDocent_Contig_5316	1	504	30	142	28.1746	7.33333	36.1	60
dDocent_Contig_5317	1	473	2	136	28.7526	0.503171	36.8	60
dDocent_Contig_5319	1	505	6	141	27.9208	1.6198	36.2	60
dDocent_Contig_5320	1	510	21	206	40.3922	5.33137	36.7	60
dDocent_Contig_5321	1	433	14	305	70.4388	4.05312	36.8	59.6
dDocent_Contig_5325	1	500	8	209	41.8	1.992	36.4	60
dDocent_Contig_5327	1	606	57	440	72.6073	13.1518	36.4	59.3
dDocent_Contig_5328	1	352	23	141	40.0568	8.02841	35.8	60
dDocent_Contig_5329	1	333	9	140	42.042	3.32733	36.6	60
dDocent_Contig_5330	1	381	27	343	90.0262	9.90551	36.3	60
dDocent_Contig_5331	1	396	21	303	76.5152	6.91162	36.5	60
dDocent_Contig_5333	1	479	20	305	63.6743	5.31524	36.3	60
dDocent_Contig_5334	1	410	68	379	92.439	22.6146	36.2	60
dDocent_Contig_5338	1	367	9	141	38.4196	3.01907	36.9	60
dDocent_Contig_5339	1	353	17	141	39.9433	5.96317	36.3	60
dDocent_Contig_5340	1	387	34	295	76.2274	11.1292	36.3	49.4
dDocent_Contig_5345	1	519	22	364	70.1349	5.54721	36.2	60
dDocent_Contig_5350	1	395	7	329	83.2911	2.27342	36.9	60
dDocent_Contig_5351	1	394	14	141	35.7868	4.27665	35.9	60
dDocent_Contig_5352	1	416	63	359	86.2981	19.3293	35	60
dDocent_Contig_5354	1	526	15	140	26.616	3.12548	36.8	60
dDocent_Contig_5357	1	394	11	210	53.2995	3.07107	35.4	51
dDocent_Contig_5359	1	448	16	144	32.1429	4.86384	36.5	60
dDocent_Contig_5360	1	489	59	318	65.0307	15.9734	36.1	60
dDocent_Contig_5362	1	433	14	309	71.3626	4.18707	36.8	60
dDocent_Contig_5363	1	395	2	98	24.8101	0.496203	36.2	60
dDocent_Contig_5364	1	454	103	391	86.1233	31.5463	36.2	60
dDocent_Contig_5365	1	397	12	369	92.9471	3.92443	36.6	60
dDocent_Contig_5367	1	474	57	432	91.1392	13.8291	36.2	58.1
dDocent_Contig_5370	1	351	36	141	40.1709	13.396	36.2	60
dDocent_Contig_5384	1	332	16	242	72.8916	5.69578	36.6	60
dDocent_Contig_5388	1	424	14	328	77.3585	4.26887	36.4	36.1
dDocent_Contig_5391	1	333	3	135	40.5405	1.02402	36.8	31.7
dDocent_Contig_5392	1	518	823	479	92.471	208.527	35.8	53.9
dDocent_Contig_5397	1	474	25	143	30.1688	6.99789	36.8	60
dDocent_Contig_5400	1	567	10	338	59.612	2.38095	36.3	60
dDocent_Contig_5402	1	332	19	275	82.8313	6.9247	35.9	60
dDocent_Contig_5405	1	385	38	350	90.9091	13.2468	36.1	60
dDocent_Contig_5406	1	615	55	272	44.2276	12.961	36.4	60
dDocent_Contig_5414	1	525	9	425	80.9524	2.39619	36.9	60
dDocent_Contig_5416	1	348	60	142	40.8046	22.0517	36.1	60
dDocent_Contig_5417	1	332	19	142	42.7711	7.69277	35.5	60
dDocent_Contig_5418	1	585	34	508	86.8376	8.0188	36.6	60
dDocent_Contig_5420	1	471	10	291	61.7834	2.91295	36.7	60
dDocent_Contig_5422	1	543	35	292	53.7753	8.2523	36.5	60
dDocent_Contig_5424	1	357	131	320	89.6359	50.1261	36.4	59.9
dDocent_Contig_5425	1	595	110	370	62.1849	25.6958	36.4	60
dDocent_Contig_5427	1	552	14	142	25.7246	3.06703	36.3	55.6
dDocent_Contig_5429	1	398	14	235	59.0452	5.03769	35.2	60
dDocent_Contig_5430	1	451	8	389	86.2528	2.47228	36.6	60
dDocent_Contig_5431	1	390	20	145	37.1795	6.69231	36.6	60
dDocent_Contig_5432	1	432	101	343	79.3981	32.0532	36.3	60
dDocent_Contig_5434	1	411	46	142	34.5499	14.2238	36.7	60
dDocent_Contig_5435	1	343	18	142	41.3994	6.94169	36.6	60
dDocent_Contig_5436	1	360	25	225	62.5	8.99167	36.6	60
dDocent_Contig_5437	1	561	32	439	78.2531	7.47415	36.7	60
dDocent_Contig_5438	1	408	3	202	49.5098	0.97549	37	60
dDocent_Contig_5443	1	407	11	345	84.7666	3.71007	36.6	60
dDocent_Contig_5444	1	406	3	225	55.4187	0.785714	36.3	60
dDocent_Contig_5445	1	548	9	277	50.5474	1.95438	36.8	60
dDocent_Contig_5448	1	498	39	357	71.6867	10.1707	36.6	60
dDocent_Contig_5449	1	352	61	314	89.2045	23.5483	36.1	60
dDocent_Contig_5452	1	470	21	291	61.9149	5.84255	36.6	60
dDocent_Contig_5453	1	518	35	238	45.9459	8.74131	36.1	60
dDocent_Contig_5456	1	622	13	411	66.0772	2.96463	36.4	58.5
dDocent_Contig_5462	1	531	12	140	26.3653	2.88889	36.6	60
dDocent_Contig_5463	1	440	55	281	63.8636	16.6977	36.1	60
dDocent_Contig_5464	1	510	15	441	86.4706	4.17059	36.3	60
dDocent_Contig_5469	1	424	10	382	90.0943	3.08019	36.3	60
dDocent_Contig_5470	1	369	49	322	87.2629	15.664	36.5	58.8
dDocent_Contig_5472	1	390	3	141	36.1538	0.946154	36.9	60
dDocent_Contig_5473	1	442	6	140	31.6742	1.77376	36.9	60
dDocent_Contig_5474	1	424	14	385	90.8019	4.63443	36.5	60
dDocent_Contig_5475	1	444	2	134	30.1802	0.603604	36.9	60
dDocent_Contig_5476	1	546	29	463	84.7985	6.38462	35.5	60
dDocent_Contig_5483	1	404	99	365	90.3465	34.2896	36.5	60
dDocent_Contig_5485	1	332	28	280	84.3373	9.91867	36.7	60
dDocent_Contig_5486	1	523	28	247	47.2275	6.89484	36.5	60
dDocent_Contig_5488	1	459	6	284	61.8736	1.69499	36.4	60
dDocent_Contig_5489	1	487	62	438	89.9384	17.3901	36.4	60
dDocent_Contig_5490	1	399	6	277	69.4236	1.96742	36.5	60
dDocent_Contig_5491	1	417	28	400	95.9233	8.96643	36	60
dDocent_Contig_5499	1	402	1880	371	92.2886	647.453	36.4	59.8
dDocent_Contig_5500	1	565	7	280	49.5575	1.60708	36.7	60
dDocent_Contig_5501	1	499	4	264	52.9058	1.05812	36.5	60
dDocent_Contig_5507	1	443	8	141	31.8284	2.15801	36.7	60
dDocent_Contig_5509	1	332	33	289	87.0482	13.1325	36.7	60
dDocent_Contig_5512	1	349	6	142	40.6877	2.25215	36.6	60
dDocent_Contig_5514	1	334	20	285	85.3293	8.00898	36.6	60
dDocent_Contig_5515	1	566	20	242	42.7562	4.84982	36.5	60
dDocent_Contig_5517	1	559	15	400	71.5564	3.839	36.3	60
dDocent_Contig_5518	1	378	42	305	80.6878	15.0847	36.2	60
dDocent_Contig_5519	1	444	17	140	31.5315	5.10135	36.1	60
dDocent_Contig_5522	1	492	48	363	73.7805	13.3049	36.1	60
dDocent_Contig_5523	1	573	41	142	24.7818	9.12565	36.3	60
dDocent_Contig_5525	1	511	31	424	82.9746	8.22896	36.6	60
dDocent_Contig_5526	1	332	5	273	82.2289	2.09036	35.3	60
dDocent_Contig_5527	1	431	32	323	74.942	9.90023	36.2	60
dDocent_Contig_5528	1	332	26	141	42.4699	9.7259	36.2	60
dDocent_Contig_5529	1	358	40	276	77.095	14.5754	36.1	60
dDocent_Contig_5531	1	446	29	239	53.5874	8.57848	36.3	60
dDocent_Contig_5532	1	586	35	380	64.8464	8.31229	36.1	60
dDocent_Contig_5533	1	465	12	141	30.3226	3.35054	36.6	60
dDocent_Contig_5537	1	366	12	139	37.9781	4.4918	36.7	60
dDocent_Contig_5539	1	478	37	403	84.3096	10.5084	36.3	60
dDocent_Contig_5540	1	566	10	291	51.4134	2.33392	36.6	60
dDocent_Contig_5545	1	449	25	379	84.4098	5.3363	36	54.1
dDocent_Contig_5546	1	360	15	332	92.2222	5.92778	36.1	60
dDocent_Contig_5547	1	555	11	238	42.8829	2.14414	36.3	60
dDocent_Contig_5548	1	361	13	284	78.6704	4.71191	36.4	60
dDocent_Contig_5552	1	403	7	141	34.9876	2.28536	36.9	60
dDocent_Contig_5553	1	392	4	142	36.2245	1.27806	36.9	60
dDocent_Contig_5556	1	414	21	291	70.2899	6.65942	36.4	60
dDocent_Contig_5557	1	500	43	311	62.2	11.366	36.5	60
dDocent_Contig_5558	1	443	12	140	31.6027	3.50564	36.1	60
dDocent_Contig_5559	1	468	45	204	43.5897	13.844	36.5	60
dDocent_Contig_5560	1	362	11	141	38.9503	3.48895	36.2	60
dDocent_Contig_5561	1	506	40	225	44.4664	10.8854	36.4	60
dDocent_Contig_5562	1	473	43	191	40.3805	12.3594	36.5	60
dDocent_Contig_5563	1	577	15	275	47.6603	3.2253	36.8	60
dDocent_Contig_5565	1	465	6	373	80.2151	1.67742	36.8	60
dDocent_Contig_5567	1	337	9	141	41.8398	3.5549	36.6	60
dDocent_Contig_5571	1	459	38	158	34.4227	11.366	36.6	60
dDocent_Contig_5573	1	563	175	327	58.0817	43.8881	35.7	60
dDocent_Contig_5574	1	485	7	282	58.1443	1.78351	36.8	60
dDocent_Contig_5575	1	375	40	142	37.8667	14.3627	35.8	59.9
dDocent_Contig_5576	1	464	4	257	55.3879	1.25647	36.1	60
dDocent_Contig_5577	1	477	17	290	60.7966	4.82809	36.4	60
dDocent_Contig_5578	1	588	24	226	38.4354	5.82143	36.1	60
dDocent_Contig_5579	1	468	87	364	77.7778	25.2735	36.2	59.2
dDocent_Contig_5580	1	397	25	142	35.7683	7.97229	35.9	60
dDocent_Contig_5581	1	501	40	360	71.8563	11.0279	36.7	59.9
dDocent_Contig_5590	1	560	6	132	23.5714	1.15714	36.5	41.8
dDocent_Contig_5591	1	353	10	227	64.3059	3.73088	36.5	59.7
dDocent_Contig_124	1	556	69	476	85.6115	17.4892	36.3	32.1
dDocent_Contig_142	1	451	1061	440	97.561	321.381	36.3	50.3
dDocent_Contig_188	1	533	445	508	95.3096	115.126	36.5	47.6
dDocent_Contig_213	1	501	22	339	67.6647	6.27146	36.4	42.8
dDocent_Contig_318	1	477	44	246	51.5723	13.5828	36.2	35.8
dDocent_Contig_335	1	613	354	432	70.4731	85.6688	36.2	38.2
dDocent_Contig_393	1	539	26	391	72.5417	6.5102	36.1	25.6
dDocent_Contig_406	1	387	23	380	98.1912	7.57106	35.6	56.3
dDocent_Contig_572	1	495	164	398	80.404	48.9091	36.3	60
dDocent_Contig_607	1	487	34	388	79.6715	9.61396	36.5	60
dDocent_Contig_643	1	477	24	331	69.392	7.22013	36.6	60
dDocent_Contig_646	1	364	105	363	99.7253	40.228	36.4	60
dDocent_Contig_691	1	540	3	246	45.5556	0.712963	36.8	60
dDocent_Contig_723	1	349	134	336	96.2751	55.2063	36.3	60
dDocent_Contig_911	1	475	43	439	92.4211	10.8232	36.2	53.3
dDocent_Contig_966	1	455	13	403	88.5714	3.92967	36.1	60
dDocent_Contig_989	1	409	278	409	100	94.9193	36.4	49.1
dDocent_Contig_1049	1	530	45	366	69.0566	11.9547	36.5	59.3
dDocent_Contig_1089	1	468	16	354	75.641	4.80769	36.4	56.9
dDocent_Contig_1123	1	458	21	293	63.9738	5.18341	35.6	59.8
dDocent_Contig_1126	1	561	13	418	74.5098	3.26738	36.6	60
dDocent_Contig_1165	1	467	8	248	53.1049	2.1349	36.6	60
dDocent_Contig_1261	1	611	265	610	99.8363	57.3961	36.3	59.7
dDocent_Contig_1271	1	430	169	338	78.6047	55.3023	36.1	60
dDocent_Contig_1311	1	550	190	549	99.8182	48.0564	36.4	59.4
dDocent_Contig_1351	1	207	53	202	97.5845	32.9324	35.4	60
dDocent_Contig_1381	1	256	9	223	87.1094	4.80469	36.4	60
dDocent_Contig_1532	1	485	266	484	99.7938	77.3567	36.5	60
dDocent_Contig_1661	1	542	48	427	78.7823	12.2786	36.4	60
dDocent_Contig_1712	1	389	12	386	99.2288	3.62982	36.7	60
dDocent_Contig_1803	1	350	12	278	79.4286	4.41429	36	60
dDocent_Contig_1817	1	316	18	285	90.1899	7.54747	36.8	60
dDocent_Contig_1896	1	439	95	413	94.0774	30.6241	36.4	60
dDocent_Contig_1987	1	431	59	364	84.4548	19.522	35.7	60
dDocent_Contig_2016	1	596	831	586	98.3221	194.185	36.2	56.5
dDocent_Contig_2020	1	350	211	334	95.4286	81.1429	36.3	46.2
dDocent_Contig_2033	1	496	23	447	90.121	6.14718	35.9	60
dDocent_Contig_2037	1	450	1	120	26.6667	0.266667	36.8	60
dDocent_Contig_2101	1	449	83	368	81.9599	25.6325	36.2	60
dDocent_Contig_2153	1	481	69	344	71.5177	20.1663	36.5	59.4
dDocent_Contig_2155	1	478	108	392	82.0084	32.0084	35.7	60
dDocent_Contig_2273	1	375	2	156	41.6	0.8	37	60
dDocent_Contig_2439	1	536	267	506	94.403	68.2743	36.3	59.3
dDocent_Contig_2506	1	534	112	396	74.1573	30.5506	36.6	60
dDocent_Contig_2541	1	484	75	412	85.124	22.0186	36.5	60
dDocent_Contig_2578	1	364	49	342	93.956	17.2555	36.4	59
dDocent_Contig_2612	1	320	117	297	92.8125	50.5625	35.2	60
dDocent_Contig_2629	1	438	28	422	96.347	9.17123	36.3	60
dDocent_Contig_2688	1	538	39	380	70.632	10.2063	35.9	60
dDocent_Contig_2711	1	312	56	311	99.6795	25.5833	36.7	60
dDocent_Contig_2784	1	474	41	430	90.7173	11.6709	35.8	59.8
dDocent_Contig_2795	1	442	65	384	86.8778	17.6674	36.4	51.6
dDocent_Contig_2814	1	274	48	266	97.0803	24.5584	36.2	60
dDocent_Contig_2957	1	473	18	364	76.9556	5.42495	36.6	60
dDocent_Contig_2968	1	465	144	463	99.5699	42.5892	36.5	59.3
dDocent_Contig_2979	1	464	1	148	31.8966	0.318966	35.7	60
dDocent_Contig_2982	1	313	30	312	99.6805	12.6486	36.6	60
dDocent_Contig_3001	1	466	109	311	66.7382	33.367	36.4	38.2
dDocent_Contig_3047	1	494	103	493	99.7976	28.0607	36.5	60
dDocent_Contig_3104	1	542	160	495	91.3284	43.2325	36.5	60
dDocent_Contig_3186	1	473	179	446	94.2918	51.9979	36.5	59.8
dDocent_Contig_3210	1	521	62	435	83.4933	17.0864	36.4	60
dDocent_Contig_3269	1	439	90	376	85.6492	29.2415	35.8	60
dDocent_Contig_3313	1	534	64	396	74.1573	17.2453	36.2	60
dDocent_Contig_3332	1	430	12	284	66.0465	3.78372	36.6	59.6
dDocent_Contig_3339	1	439	68	434	98.861	22.2301	36.1	60
dDocent_Contig_3342	1	458	55	433	94.5415	16.9563	36.2	60
dDocent_Contig_3359	1	395	69	332	84.0506	24.8835	36.3	60
dDocent_Contig_3411	1	571	15	479	83.8879	3.61121	36.7	60
dDocent_Contig_3552	1	610	3903	610	100	870.208	35.7	59.2
dDocent_Contig_3595	1	442	136	394	89.1403	42.7511	36.3	60
dDocent_Contig_3705	1	446	75	445	99.7758	23.3812	35.7	59.6
dDocent_Contig_3763	1	360	4	142	39.4444	1.49722	36.4	60
dDocent_Contig_3767	1	398	141	355	89.196	49.902	36.1	46.6
dDocent_Contig_3777	1	444	11	379	85.3604	3.41667	36.5	60
dDocent_Contig_3802	1	454	4	247	54.4053	1.30396	36.2	60
dDocent_Contig_3858	1	305	5	112	36.7213	1.70164	36.7	60
dDocent_Contig_3878	1	447	86	276	61.745	28.1007	36.2	60
dDocent_Contig_3897	1	466	26	397	85.1931	7.60515	36.1	60
dDocent_Contig_3912	1	556	43	371	66.7266	11.1151	35.7	60
dDocent_Contig_3936	1	415	57	362	87.2289	18.0819	36.7	60
dDocent_Contig_4009	1	588	51	532	90.4762	12.034	36.2	58.6
dDocent_Contig_4041	1	422	8	376	89.0995	2.63507	36.8	60
dDocent_Contig_4071	1	390	43	324	83.0769	15.3795	36.3	60
dDocent_Contig_4098	1	402	107	387	96.2687	38.1443	36.2	60
dDocent_Contig_4116	1	452	70	352	77.8761	22.208	36.6	60
dDocent_Contig_4206	1	554	28	294	53.0686	6.59928	35.9	60
dDocent_Contig_4253	1	390	29	331	84.8718	9.95897	36.4	60
dDocent_Contig_4266	1	396	40	379	95.7071	13.8485	36.1	60
dDocent_Contig_4414	1	453	33	450	99.3377	10.543	36.4	60
dDocent_Contig_4500	1	385	7	176	45.7143	1.9039	36.6	60
dDocent_Contig_4557	1	506	17	308	60.8696	4.1166	36.8	60
dDocent_Contig_4667	1	567	139	567	100	35.1834	36.5	60
dDocent_Contig_4767	1	373	91	372	99.7319	34.8445	36.4	60
dDocent_Contig_4813	1	498	228	497	99.7992	66.0201	36.5	59.9
dDocent_Contig_4847	1	482	126	482	100	34.944	36.5	50.2
dDocent_Contig_4878	1	578	86	247	42.7336	19.8564	36.5	60
dDocent_Contig_4899	1	563	88	394	69.9822	22.54	36.4	60
dDocent_Contig_5028	1	432	153	430	99.537	46.5833	35.5	59.3
dDocent_Contig_5034	1	480	97	449	93.5417	29.9396	36.2	50.1
dDocent_Contig_5044	1	415	65	332	80	22.0241	36.3	45.8
dDocent_Contig_5050	1	520	15	367	70.5769	3.87692	36.3	60
dDocent_Contig_5070	1	363	12	288	79.3388	4.7989	36.6	60
dDocent_Contig_5099	1	443	227	442	99.7743	72.8984	36.4	60
dDocent_Contig_5155	1	339	26	279	82.3009	10.3274	36.5	60
dDocent_Contig_5309	1	394	999	374	94.9239	299.388	35.6	40.1
dDocent_Contig_5356	1	453	145	452	99.7792	44.5717	35.9	60
dDocent_Contig_5373	1	593	183	494	83.3052	42.3912	36.4	40.3
dDocent_Contig_5387	1	461	28	397	86.1171	8.15618	36.5	58.8
dDocent_Contig_5393	1	325	21	324	99.6923	7.52	36	53.9
dDocent_Contig_5451	1	399	22	347	86.9674	7.61153	36.2	60
dDocent_Contig_5468	1	349	44	322	92.2636	17.0057	35.8	60
dDocent_Contig_3	1	464	88	367	79.0948	27.7457	36.5	60
dDocent_Contig_4	1	372	276	371	99.7312	107.621	36.2	60
dDocent_Contig_5	1	450	77	371	82.4444	24.3378	36.6	60
dDocent_Contig_7	1	365	165	364	99.726	64.7671	35.8	60
dDocent_Contig_10	1	259	6	214	82.6255	2.94981	36.7	60
dDocent_Contig_11	1	468	63	422	90.1709	19.3974	36.6	60
dDocent_Contig_29	1	630	967	556	88.254	221.465	35.9	60
dDocent_Contig_46	1	563	84	422	74.9556	21.6039	36.3	60
dDocent_Contig_163	1	423	451	423	100	157.861	36.4	40.2
dDocent_Contig_182	1	550	38	473	86	8.98364	35.9	40.5
dDocent_Contig_193	1	308	734	307	99.6753	331.549	36.4	59.7
dDocent_Contig_221	1	488	11	410	84.0164	2.93033	35.8	35.7
dDocent_Contig_222	1	690	1953	690	100	413.055	36.4	46
dDocent_Contig_233	1	469	254	363	77.3987	76.9467	36.4	31.3
dDocent_Contig_243	1	313	1	150	47.9233	0.479233	36.2	60
dDocent_Contig_249	1	574	2075	516	89.8955	514.589	36.3	47.9
dDocent_Contig_258	1	510	970	397	77.8431	272.022	36.3	43.7
dDocent_Contig_260	1	356	24	347	97.4719	9.16011	36	51.5
dDocent_Contig_265	1	601	821	600	99.8336	196.631	36.3	49
dDocent_Contig_308	1	492	176	405	82.3171	51.4207	36.1	38.8
dDocent_Contig_344	1	477	164	340	71.2788	50.543	36.5	38.6
dDocent_Contig_356	1	472	101	347	73.5169	28.8093	36.1	38.3
dDocent_Contig_357	1	543	24	508	93.5543	6.30571	36.2	49
dDocent_Contig_364	1	502	150	413	82.2709	42.1733	36.3	34.4
dDocent_Contig_371	1	435	57	405	93.1034	19.0644	36.4	37.1
dDocent_Contig_397	1	433	6	312	72.0554	1.79677	36.3	60
dDocent_Contig_399	1	345	25	265	76.8116	9.72464	35.9	53.6
dDocent_Contig_401	1	415	89	415	100	27.5133	36.3	41.5
dDocent_Contig_417	1	409	675	409	100	242.528	36.3	41.9
dDocent_Contig_436	1	603	26	215	35.6551	5.17579	35.9	41.2
dDocent_Contig_477	1	459	13	236	51.4161	3.04139	36	36
dDocent_Contig_507	1	373	185	373	100	69.4209	36.3	59.8
dDocent_Contig_511	1	406	54	345	84.9754	18.8079	36.1	60
dDocent_Contig_512	1	353	53	323	91.5014	21.0397	35.8	60
dDocent_Contig_513	1	496	71	389	78.4274	20.0948	36.3	59.9
dDocent_Contig_515	1	423	66	420	99.2908	22.3688	36.1	59.6
dDocent_Contig_518	1	435	30	256	58.8506	9.42759	36.5	60
dDocent_Contig_519	1	468	162	323	69.0171	47.1303	36.1	60
dDocent_Contig_520	1	340	85	298	87.6471	34.6412	35.8	60
dDocent_Contig_524	1	444	20	308	69.3694	6.53153	36	60
dDocent_Contig_525	1	291	171	290	99.6564	63.5876	35.6	58.8
dDocent_Contig_526	1	531	120	431	81.1676	32.5876	36.6	60
dDocent_Contig_527	1	600	77	292	48.6667	17.3633	35.5	60
dDocent_Contig_539	1	567	121	557	98.2363	29.8236	36.1	53
dDocent_Contig_543	1	341	153	328	96.1877	64.3783	36.3	60
dDocent_Contig_546	1	454	36	352	77.533	11.4185	35.9	60
dDocent_Contig_547	1	296	62	294	99.3243	30.2196	36.5	59.8
dDocent_Contig_548	1	397	73	296	74.5592	25.9622	35.6	60
dDocent_Contig_549	1	515	27	375	72.8155	7.1767	36.6	60
dDocent_Contig_550	1	404	62	403	99.7525	22.2178	36.2	60
dDocent_Contig_558	1	596	1585	595	99.8322	382.149	36.3	59.9
dDocent_Contig_567	1	340	35	315	92.6471	14.6588	36.4	60
dDocent_Contig_570	1	476	50	282	59.2437	15.4559	36.4	60
dDocent_Contig_571	1	277	10	192	69.3141	5.10469	36.9	60
dDocent_Contig_574	1	263	80	262	99.6198	44.1255	36.2	60
dDocent_Contig_579	1	250	49	248	99.2	27.628	36	60
dDocent_Contig_580	1	567	97	557	98.2363	24.3951	36.5	60
dDocent_Contig_587	1	255	73	254	99.6078	40.9059	36.4	60
dDocent_Contig_589	1	501	50	423	84.4311	13.9601	36.6	60
dDocent_Contig_590	1	482	54	422	87.5519	15.8257	36.5	60
dDocent_Contig_591	1	413	46	331	80.1453	16.293	36.4	60
dDocent_Contig_597	1	528	11	247	46.7803	2.92424	36.2	60
dDocent_Contig_600	1	311	77	311	100	34.1222	36.3	60
dDocent_Contig_601	1	547	88	382	69.8355	22.4899	36.4	60
dDocent_Contig_602	1	215	340	215	100	164.237	35.4	47.6
dDocent_Contig_603	1	366	147	348	95.082	56.7732	36.2	60
dDocent_Contig_604	1	551	17	393	71.3249	4.3412	36.7	60
dDocent_Contig_606	1	291	30	289	99.3127	14.6426	36.5	60
dDocent_Contig_608	1	408	286	407	99.7549	100.417	36.3	59.8
dDocent_Contig_609	1	410	22	358	87.3171	6.73659	36.3	60
dDocent_Contig_612	1	310	53	308	99.3548	23.7516	36.3	60
dDocent_Contig_613	1	324	10	260	80.2469	4.10185	36.9	60
dDocent_Contig_614	1	316	736	316	100	325.807	36.4	59.9
dDocent_Contig_626	1	277	65	276	99.639	33.3032	36.3	60
dDocent_Contig_628	1	372	80	369	99.1935	30.9758	36.3	60
dDocent_Contig_629	1	444	133	368	82.8829	43.0856	35.8	60
dDocent_Contig_630	1	432	111	336	77.7778	35.4491	36	60
dDocent_Contig_631	1	393	210	392	99.7455	78.4835	36.4	60
dDocent_Contig_636	1	461	85	436	94.577	26.2646	36.6	60
dDocent_Contig_641	1	325	155	313	96.3077	68.5354	36.3	60
dDocent_Contig_645	1	490	106	377	76.9388	30.7388	36.6	60
dDocent_Contig_647	1	317	25	142	44.795	10.1041	35.5	60
dDocent_Contig_648	1	494	56	442	89.4737	15.8684	36.4	60
dDocent_Contig_652	1	437	73	406	92.9062	22.6613	35.1	60
dDocent_Contig_653	1	184	63	183	99.4565	43.4457	36.5	60
dDocent_Contig_654	1	328	126	328	100	55.8476	36.4	60
dDocent_Contig_657	1	467	22	287	61.4561	6.62741	35.9	60
dDocent_Contig_658	1	390	8	219	56.1538	2.74103	35.8	60
dDocent_Contig_659	1	282	400	280	99.2908	167.092	36.1	44.8
dDocent_Contig_660	1	525	37	430	81.9048	9.89714	36.3	60
dDocent_Contig_661	1	400	122	359	89.75	43.8525	36.4	60
dDocent_Contig_662	1	428	15	277	64.7196	4.93925	36.5	60
dDocent_Contig_663	1	410	77	408	99.5122	26.0098	36.4	60
dDocent_Contig_666	1	406	1324	375	92.3645	456.761	36.5	60
dDocent_Contig_668	1	571	104	374	65.4991	26.2644	36.3	60
dDocent_Contig_669	1	305	51	303	99.3443	24.0164	36	59.7
dDocent_Contig_670	1	432	3	322	74.537	1.02315	37	60
dDocent_Contig_673	1	334	3	269	80.5389	1.33533	36.8	60
dDocent_Contig_674	1	337	9	239	70.9199	3.67359	35.3	60
dDocent_Contig_679	1	239	54	238	99.5816	31.9205	36.5	60
dDocent_Contig_681	1	259	9	202	77.9923	4.90347	35.4	60
dDocent_Contig_682	1	569	278	538	94.5518	70.9824	36.3	60
dDocent_Contig_686	1	564	753	552	97.8723	193.691	36.3	59.8
dDocent_Contig_688	1	379	391	378	99.7361	149.757	36.2	59.1
dDocent_Contig_692	1	438	8	399	91.0959	2.46347	36.2	60
dDocent_Contig_693	1	330	20	270	81.8182	8.61818	35.9	60
dDocent_Contig_694	1	528	48	374	70.8333	13.2292	36.1	60
dDocent_Contig_695	1	392	27	286	72.9592	8.72704	36.2	60
dDocent_Contig_697	1	292	96	292	100	44.6473	36.4	48.5
dDocent_Contig_698	1	338	19	229	67.7515	7.92899	35.9	60
dDocent_Contig_699	1	332	61	330	99.3976	26.1596	36.3	60
dDocent_Contig_701	1	269	29	267	99.2565	14.6022	36	60
dDocent_Contig_705	1	583	203	506	86.7925	50.2899	36.3	58
dDocent_Contig_707	1	547	9	463	84.6435	2.35101	36.8	60
dDocent_Contig_710	1	263	77	261	99.2395	42.7262	36.4	60
dDocent_Contig_711	1	340	48	268	78.8235	20.6088	36.6	60
dDocent_Contig_712	1	465	128	455	97.8495	40	36.4	60
dDocent_Contig_716	1	374	20	366	97.861	7.40642	36.6	60
dDocent_Contig_718	1	326	16	279	85.5828	7.22086	36.6	60
dDocent_Contig_727	1	281	95	279	99.2883	49.1388	36.5	60
dDocent_Contig_728	1	360	99	349	96.9444	40.2528	36.5	60
dDocent_Contig_735	1	319	49	318	99.6865	21.7085	36.6	60
dDocent_Contig_742	1	346	54	325	93.9306	22.2399	36.4	60
dDocent_Contig_743	1	321	7	220	68.5358	3.22118	36.8	60
dDocent_Contig_747	1	393	106	391	99.4911	36.5725	35.7	60
dDocent_Contig_749	1	288	213	287	99.6528	105.597	36.1	60
dDocent_Contig_750	1	392	10	244	62.2449	3.80357	36.7	60
dDocent_Contig_751	1	494	105	432	87.4494	31.085	36.4	60
dDocent_Contig_753	1	340	59	291	85.5882	24.3471	36.3	60
dDocent_Contig_754	1	288	97	265	92.0139	48.3854	36.2	60
dDocent_Contig_755	1	423	244	344	81.3239	83.4894	36.2	60
dDocent_Contig_761	1	505	46	377	74.6535	13.0812	36.4	60
dDocent_Contig_762	1	406	152	405	99.7537	54.0542	36.3	60
dDocent_Contig_764	1	446	59	385	86.3229	18.8117	36.4	60
dDocent_Contig_765	1	455	32	359	78.9011	9.74945	36.3	60
dDocent_Contig_769	1	325	63	311	95.6923	27.8862	36.1	60
dDocent_Contig_770	1	314	13	312	99.3631	5.78025	36.5	60
dDocent_Contig_771	1	325	12	323	99.3846	4.60308	36	60
dDocent_Contig_772	1	474	39	415	87.5527	11.5485	36.2	60
dDocent_Contig_774	1	383	81	375	97.9112	30.1149	36.6	60
dDocent_Contig_775	1	408	59	257	62.9902	20.5515	36.6	60
dDocent_Contig_776	1	478	38	364	76.1506	11.3033	36.7	60
dDocent_Contig_782	1	317	31	315	99.3691	13.3754	36.1	60
dDocent_Contig_783	1	468	186	419	89.5299	56.8718	36.4	60
dDocent_Contig_784	1	371	9	214	57.6819	3.58221	35.7	60
dDocent_Contig_786	1	341	18	293	85.9238	7.52199	36.6	60
dDocent_Contig_790	1	232	38	232	100	22.375	36.7	60
dDocent_Contig_795	1	540	110	539	99.8148	28.9944	36.6	60
dDocent_Contig_800	1	404	26	371	91.8317	9.51238	36.6	60
dDocent_Contig_802	1	490	360	462	94.2857	105.027	36.5	60
dDocent_Contig_805	1	289	126	287	99.308	63.0934	36.4	59.2
dDocent_Contig_806	1	354	70	353	99.7175	27.5876	36.8	60
dDocent_Contig_808	1	323	128	323	100	57.2477	36.6	60
dDocent_Contig_809	1	409	55	371	90.709	19.2103	36.5	58.9
dDocent_Contig_812	1	549	282	523	95.2641	73.4481	36.6	60
dDocent_Contig_815	1	252	33	250	99.2063	18.246	36.4	60
dDocent_Contig_823	1	596	3885	595	99.8322	957.708	36.3	60
dDocent_Contig_828	1	457	28	368	80.5252	8.70241	36.4	60
dDocent_Contig_830	1	258	69	256	99.2248	36.9612	35.8	60
dDocent_Contig_833	1	411	55	324	78.8321	19.0195	36.6	60
dDocent_Contig_834	1	167	38	159	95.2096	30.9162	36.1	60
dDocent_Contig_836	1	297	73	296	99.6633	32.5926	36.3	50
dDocent_Contig_837	1	413	74	369	89.3462	25.6441	36.4	60
dDocent_Contig_838	1	366	74	366	100	28.8415	36.3	60
dDocent_Contig_843	1	280	44	268	95.7143	21.8214	35.3	60
dDocent_Contig_845	1	509	93	367	72.1022	26.2515	36.6	60
dDocent_Contig_851	1	497	52	385	77.4648	14.829	36.7	58.7
dDocent_Contig_854	1	440	11	359	81.5909	3.28182	35.1	60
dDocent_Contig_855	1	417	49	415	99.5204	17.0048	36.5	60
dDocent_Contig_859	1	388	139	387	99.7423	51.7088	36.4	60
dDocent_Contig_860	1	410	9	303	73.9024	3.16585	36.2	60
dDocent_Contig_865	1	273	165	273	100	87.7912	36.4	60
dDocent_Contig_866	1	454	130	453	99.7797	41.3899	36.3	60
dDocent_Contig_871	1	256	12	211	82.4219	6.82812	36.8	60
dDocent_Contig_873	1	491	71	408	83.0957	20.7088	36.3	60
dDocent_Contig_874	1	519	64	412	79.3834	17.6416	36.6	60
dDocent_Contig_877	1	202	14	200	99.0099	8.69307	36.4	60
dDocent_Contig_878	1	368	143	329	89.4022	55.4049	36.5	60
dDocent_Contig_879	1	329	47	288	87.538	20.4772	36.5	60
dDocent_Contig_882	1	294	23	292	99.3197	10.4252	36.2	60
dDocent_Contig_884	1	450	240	448	99.5556	73.7111	36.5	59.5
dDocent_Contig_885	1	264	73	263	99.6212	39.0795	36.2	60
dDocent_Contig_886	1	504	184	385	76.3889	52.9187	36.1	60
dDocent_Contig_888	1	261	82	260	99.6169	45.2644	36.3	60
dDocent_Contig_890	1	467	89	464	99.3576	27.2634	36.4	60
dDocent_Contig_896	1	253	53	250	98.8142	29.6126	36.5	60
dDocent_Contig_897	1	274	57	274	100	30.5182	36	60
dDocent_Contig_900	1	162	48	161	99.3827	41.7222	36.3	60
dDocent_Contig_901	1	429	44	312	72.7273	14.7203	36.6	60
dDocent_Contig_903	1	297	2	137	46.1279	0.922559	36.9	60
dDocent_Contig_904	1	458	285	451	98.4716	86.4782	36.4	60
dDocent_Contig_905	1	312	44	310	99.359	19.9487	36.3	60
dDocent_Contig_906	1	412	3	264	64.0777	1.00728	36.9	60
dDocent_Contig_908	1	565	98	565	100	23.8159	35.8	59.9
dDocent_Contig_912	1	452	214	445	98.4513	63.7832	36.2	56.3
dDocent_Contig_914	1	386	87	385	99.7409	32.171	36.6	60
dDocent_Contig_916	1	394	7	273	69.2893	2.36041	36.8	60
dDocent_Contig_918	1	229	48	226	98.69	30.1921	36.3	60
dDocent_Contig_955	1	649	624	643	99.0755	141.388	36.4	40.6
dDocent_Contig_960	1	479	11	286	59.7077	2.94363	36.6	60
dDocent_Contig_965	1	430	12	429	99.7674	3.74651	36.7	60
dDocent_Contig_967	1	326	89	315	96.6258	39.4571	36.5	60
dDocent_Contig_968	1	541	216	530	97.9667	56.9224	36.5	59.7
dDocent_Contig_972	1	332	66	317	95.4819	28.5241	36	60
dDocent_Contig_975	1	462	1365	461	99.7835	407.742	36.3	51.9
dDocent_Contig_976	1	448	2884	448	100	902.248	36.3	56.2
dDocent_Contig_987	1	429	684	428	99.7669	231.853	36.4	59.9
dDocent_Contig_993	1	497	48	272	54.7284	13.6237	36.1	60
dDocent_Contig_996	1	227	79	226	99.5595	49.5419	36.5	60
dDocent_Contig_998	1	480	33	255	53.125	9.46875	36.1	60
dDocent_Contig_1000	1	256	50	254	99.2188	26.8477	36.4	60
dDocent_Contig_1002	1	411	83	395	96.1071	27.7178	35.4	60
dDocent_Contig_1003	1	381	91	348	91.3386	34.8163	36.5	60
dDocent_Contig_1006	1	396	2	116	29.2929	0.585859	36.9	60
dDocent_Contig_1007	1	314	75	301	95.8599	33.6465	36.5	60
dDocent_Contig_1009	1	164	21	162	98.7805	17.7195	36.6	60
dDocent_Contig_1012	1	481	82	479	99.5842	20.4137	36.5	56.5
dDocent_Contig_1013	1	351	37	326	92.8775	15.1567	36.6	60
dDocent_Contig_1016	1	253	13	228	90.1186	7.53755	36.1	60
dDocent_Contig_1018	1	415	393	415	100	137.453	36.6	56.9
dDocent_Contig_1019	1	280	94	278	99.2857	48.7179	36.5	60
dDocent_Contig_1021	1	324	73	299	92.284	32.1975	36.6	60
dDocent_Contig_1023	1	395	18	312	78.9873	6.12152	36.7	60
dDocent_Contig_1025	1	266	10	197	74.0602	5.14286	36.8	60
dDocent_Contig_1027	1	454	13	273	60.1322	3.87225	36.9	60
dDocent_Contig_1028	1	493	41	423	85.8012	11.5558	36.5	60
dDocent_Contig_1030	1	565	6380	565	100	1401.67	36.3	58
dDocent_Contig_1031	1	476	2	128	26.8908	0.537815	36.8	60
dDocent_Contig_1033	1	528	140	527	99.8106	36.9602	36.5	60
dDocent_Contig_1034	1	442	69	365	82.5792	21.9887	36.3	60
dDocent_Contig_1035	1	422	28	416	98.5782	9.66588	36.4	60
dDocent_Contig_1036	1	429	28	275	64.1026	9.23776	36.1	60
dDocent_Contig_1038	1	363	12	222	61.157	4.82369	36.4	60
dDocent_Contig_1041	1	365	85	353	96.7123	32.9123	36.2	60
dDocent_Contig_1042	1	303	31	256	84.4884	14.4752	36.2	60
dDocent_Contig_1044	1	329	326	328	99.696	130.942	35.1	60
dDocent_Contig_1045	1	443	66	270	60.9481	21.526	36.3	60
dDocent_Contig_1047	1	402	27	345	85.8209	9.07711	35.9	60
dDocent_Contig_1051	1	412	8	382	92.7184	2.82039	36.5	60
dDocent_Contig_1052	1	341	10	329	96.4809	3.6129	35.5	60
dDocent_Contig_1053	1	279	8	240	86.0215	3.86022	36.7	60
dDocent_Contig_1054	1	369	5	170	46.0705	1.96748	36.8	60
dDocent_Contig_1055	1	575	9	309	53.7391	2.17043	35.6	60
dDocent_Contig_1056	1	232	8	225	96.9828	4.90086	36.9	60
dDocent_Contig_1059	1	370	45	255	68.9189	16.8432	36.6	60
dDocent_Contig_1062	1	498	63	495	99.3976	18.3635	36.3	59.7
dDocent_Contig_1063	1	448	18	374	83.4821	4.97098	35.8	60
dDocent_Contig_1069	1	216	61	214	99.0741	39.8981	36.5	60
dDocent_Contig_1071	1	573	18	326	56.8935	4.42234	36.6	60
dDocent_Contig_1072	1	486	84	484	99.5885	24.0514	35.7	60
dDocent_Contig_1074	1	424	403	401	94.5755	132.474	36.4	56.9
dDocent_Contig_1076	1	497	444	479	96.3783	128.386	36.4	60
dDocent_Contig_1077	1	368	112	295	80.163	42.9783	36.4	60
dDocent_Contig_1080	1	389	72	370	95.1157	27.0231	36.4	60
dDocent_Contig_1085	1	496	66	427	86.0887	19.4415	36.4	60
dDocent_Contig_1087	1	451	54	354	78.4922	17.3592	36.1	60
dDocent_Contig_1088	1	541	10	310	57.3013	2.57301	36.7	60
dDocent_Contig_1092	1	281	2	112	39.8577	0.797153	36	60
dDocent_Contig_1095	1	298	54	287	96.3087	25.9765	36.4	60
dDocent_Contig_1097	1	324	15	278	85.8025	5.89506	36.8	60
dDocent_Contig_1098	1	422	41	357	84.5972	13.654	36.1	60
dDocent_Contig_1099	1	332	16	219	65.9639	6.00301	36.3	57.6
dDocent_Contig_1100	1	300	11	298	99.3333	4.61667	36	60
dDocent_Contig_1101	1	253	90	252	99.6047	48.6245	36.4	60
dDocent_Contig_1102	1	402	2	150	37.3134	0.746269	37	60
dDocent_Contig_1103	1	379	6	263	69.3931	2.27968	36.5	60
dDocent_Contig_1104	1	247	48	201	81.3765	27.8502	36.5	60
dDocent_Contig_1106	1	536	497	532	99.2537	130.946	36.5	59.9
dDocent_Contig_1109	1	474	19	412	86.9198	5.36709	36	60
dDocent_Contig_1114	1	445	107	401	90.1124	34.6899	36.3	60
dDocent_Contig_1116	1	508	105	348	68.5039	29.7559	36.4	60
dDocent_Contig_1118	1	364	8	162	44.5055	2.56319	35.7	60
dDocent_Contig_1119	1	366	43	359	98.0874	16.7186	36.3	60
dDocent_Contig_1120	1	383	18	279	72.846	6.69191	36.4	60
dDocent_Contig_1122	1	513	19	365	71.1501	4.94347	36.1	60
dDocent_Contig_1127	1	576	34	346	60.0694	8.32812	36.1	60
dDocent_Contig_1128	1	487	65	396	81.3142	18.8932	36.6	60
dDocent_Contig_1129	1	270	6	209	77.4074	2.67407	36.2	60
dDocent_Contig_1130	1	474	26	434	91.5612	7.34599	36.4	51.8
dDocent_Contig_1134	1	392	43	266	67.8571	15.0434	36.5	60
dDocent_Contig_1135	1	513	105	461	89.8635	29.7992	36.4	60
dDocent_Contig_1139	1	267	7	206	77.1536	3.90637	36.8	60
dDocent_Contig_1141	1	243	33	242	99.5885	19.3086	36.7	60
dDocent_Contig_1143	1	395	64	393	99.4937	22.7772	36	60
dDocent_Contig_1144	1	408	43	365	89.4608	14.6201	36.7	60
dDocent_Contig_1145	1	410	57	397	96.8293	19.1683	36.4	60
dDocent_Contig_1146	1	447	29	359	80.3132	9.29754	36.5	60
dDocent_Contig_1150	1	483	89	468	96.8944	25.8841	36.4	59.9
dDocent_Contig_1151	1	452	20	290	64.1593	6.46239	36.3	60
dDocent_Contig_1153	1	265	21	261	98.4906	10.3962	36.2	60
dDocent_Contig_1156	1	397	89	395	99.4962	31.9093	36.2	60
dDocent_Contig_1158	1	413	94	383	92.7361	32.9492	36.5	60
dDocent_Contig_1160	1	395	22	372	94.1772	7.52405	36.3	57.8
dDocent_Contig_1161	1	389	17	258	66.3239	6.23393	36.5	60
dDocent_Contig_1167	1	451	28	447	99.1131	8.27051	36.6	59.9
dDocent_Contig_1169	1	484	17	375	77.4793	5.22934	36.5	60
dDocent_Contig_1170	1	354	21	292	82.4859	7.65254	36.2	60
dDocent_Contig_1172	1	395	101	350	88.6076	37.0152	36.4	60
dDocent_Contig_1174	1	392	2	117	29.8469	0.596939	36.9	60
dDocent_Contig_1176	1	561	146	412	73.4403	37.0553	36.5	60
dDocent_Contig_1177	1	275	34	245	89.0909	16.2909	35.8	60
dDocent_Contig_1181	1	322	2	123	38.1988	0.763975	36	60
dDocent_Contig_1183	1	357	277	355	99.4398	105.532	36.2	60
dDocent_Contig_1186	1	366	9	269	73.4973	3.53552	36.7	60
dDocent_Contig_1187	1	370	11	346	93.5135	3.72162	36.7	60
dDocent_Contig_1188	1	338	10	258	76.3314	3.73373	36.8	60
dDocent_Contig_1192	1	300	10	287	95.6667	4.63667	36.9	60
dDocent_Contig_1193	1	380	60	379	99.7368	22.4579	36.7	60
dDocent_Contig_1195	1	528	40	341	64.5833	10.8087	36.6	60
dDocent_Contig_1196	1	372	89	308	82.7957	33.8952	36.3	60
dDocent_Contig_1199	1	257	450	256	99.6109	252.397	36.3	60
dDocent_Contig_1200	1	376	18	288	76.5957	6.63032	35.7	60
dDocent_Contig_1201	1	282	106	280	99.2908	51.4858	35.7	60
dDocent_Contig_1203	1	309	43	300	97.0874	18.9806	36.6	60
dDocent_Contig_1218	1	612	1285	580	94.7712	301.621	36.3	60
dDocent_Contig_1222	1	309	51	270	87.3786	23.1262	36.8	60
dDocent_Contig_1223	1	334	7	259	77.5449	2.88024	36.8	60
dDocent_Contig_1225	1	291	11	275	94.5017	5.45704	36.9	60
dDocent_Contig_1226	1	421	14	272	64.6081	4.67458	36.7	60
dDocent_Contig_1227	1	494	229	494	100	66.7713	36.5	60
dDocent_Contig_1230	1	337	7	217	64.3917	2.89318	36.9	60
dDocent_Contig_1238	1	473	33	360	76.1099	9.87738	36.5	60
dDocent_Contig_1241	1	534	78	454	85.0187	21.309	36	60
dDocent_Contig_1242	1	411	62	410	99.7567	21.8491	36.4	60
dDocent_Contig_1244	1	606	171	605	99.835	39.7475	36.4	59.2
dDocent_Contig_1247	1	335	16	306	91.3433	6.55224	36.7	60
dDocent_Contig_1248	1	199	27	195	97.9899	19.0603	36.3	60
dDocent_Contig_1250	1	393	55	292	74.3003	19.9847	36.6	60
dDocent_Contig_1251	1	345	24	235	68.1159	10.1652	36.5	60
dDocent_Contig_1255	1	388	23	245	63.1443	8.79381	36.1	60
dDocent_Contig_1257	1	383	71	355	92.6893	26.624	36.7	60
dDocent_Contig_1264	1	496	38	464	93.5484	10.621	36.4	60
dDocent_Contig_1265	1	301	60	297	98.6711	27.9369	36.5	60
dDocent_Contig_1266	1	349	74	348	99.7135	30.0774	36.4	60
dDocent_Contig_1269	1	313	17	307	98.0831	7.80831	36.7	60
dDocent_Contig_1270	1	397	47	356	89.6725	17.0277	36.2	60
dDocent_Contig_1276	1	390	53	300	76.9231	19.3846	36.5	60
dDocent_Contig_1279	1	540	84	383	70.9259	22.3704	36.4	60
dDocent_Contig_1281	1	256	74	256	100	41.4102	36.3	60
dDocent_Contig_1282	1	250	8	202	80.8	4.328	36.8	60
dDocent_Contig_1284	1	306	31	189	61.7647	12.2614	36	58.9
dDocent_Contig_1290	1	275	156	273	99.2727	80.6982	36	60
dDocent_Contig_1291	1	414	36	265	64.0097	12.2029	36.4	60
dDocent_Contig_1292	1	393	43	306	77.8626	15.7048	35.9	60
dDocent_Contig_1294	1	215	62	214	99.5349	40.9163	36.3	60
dDocent_Contig_1295	1	543	497	543	100	131.565	36.6	59.9
dDocent_Contig_1298	1	482	76	347	71.9917	23.0373	36.2	60
dDocent_Contig_1301	1	232	91	232	100	55.8707	36.6	60
dDocent_Contig_1302	1	405	99	340	83.9506	35.5185	36.2	60
dDocent_Contig_1306	1	434	106	382	88.0184	35.8641	36.4	60
dDocent_Contig_1307	1	362	66	326	90.0552	25.4254	36.5	60
dDocent_Contig_1309	1	311	35	309	99.3569	16.0868	36.3	60
dDocent_Contig_1313	1	285	14	272	95.4386	7.07018	36.8	60
dDocent_Contig_1314	1	407	47	390	95.8231	16.6093	36.5	60
dDocent_Contig_1317	1	568	44	493	86.7958	11.1813	36.4	60
dDocent_Contig_1319	1	219	4	173	78.9954	2.20091	36.4	60
dDocent_Contig_1321	1	225	18	224	99.5556	11.5556	36.5	60
dDocent_Contig_1323	1	491	395	490	99.7963	109.994	36.2	59.3
dDocent_Contig_1324	1	489	42	488	99.7955	11.7996	36.3	60
dDocent_Contig_1327	1	417	81	387	92.8058	27.1271	36.6	60
dDocent_Contig_1328	1	255	33	254	99.6078	18.7059	36.3	60
dDocent_Contig_1329	1	555	728	554	99.8198	182.461	35.9	60
dDocent_Contig_1331	1	545	62	508	93.211	15.2917	36.5	59.6
dDocent_Contig_1334	1	351	8	234	66.6667	3.38462	36.9	60
dDocent_Contig_1340	1	621	2469	621	100	586.233	36.2	52.3
dDocent_Contig_1346	1	327	190	324	99.0826	84.1774	36.4	60
dDocent_Contig_1349	1	347	97	346	99.7118	39.2594	36	60
dDocent_Contig_1357	1	368	28	356	96.7391	10.1766	36.5	60
dDocent_Contig_1358	1	474	2	242	51.0549	0.510549	36.3	60
dDocent_Contig_1359	1	529	140	496	93.7618	38.4669	36.4	59.9
dDocent_Contig_1361	1	229	2	135	58.952	1.17904	36.8	60
dDocent_Contig_1364	1	306	14	168	54.902	6.04248	36	60
dDocent_Contig_1365	1	330	3	260	78.7879	1.12121	36.6	60
dDocent_Contig_1366	1	239	61	238	99.5816	35.6234	36.6	60
dDocent_Contig_1367	1	406	38	225	55.4187	12.0246	36.5	59.4
dDocent_Contig_1373	1	354	3	150	42.3729	0.99435	36.8	60
dDocent_Contig_1378	1	321	79	269	83.8006	34.0841	35.5	60
dDocent_Contig_1380	1	392	112	390	99.4898	41.2449	36.5	60
dDocent_Contig_1382	1	266	17	265	99.6241	8.61654	36.6	60
dDocent_Contig_1385	1	221	56	220	99.5475	35.4208	36.1	59.9
dDocent_Contig_1387	1	299	41	296	98.9967	19.2709	36	60
dDocent_Contig_1389	1	393	18	253	64.3766	6.19593	36.6	60
dDocent_Contig_1392	1	370	71	306	82.7027	27.2838	36.2	60
dDocent_Contig_1394	1	353	86	341	96.6006	34.8215	36.4	60
dDocent_Contig_1398	1	340	36	279	82.0588	15	36.3	60
dDocent_Contig_1402	1	399	83	385	96.4912	30.0201	36	60
dDocent_Contig_1403	1	285	1	121	42.4561	0.424561	36.4	58
dDocent_Contig_1405	1	370	13	290	78.3784	5.1027	36	60
dDocent_Contig_1406	1	416	126	380	91.3462	43.1082	36.6	60
dDocent_Contig_1409	1	220	3	162	73.6364	2.02727	36.3	60
dDocent_Contig_1412	1	343	18	294	85.7143	7.6035	36.3	60
dDocent_Contig_1419	1	186	52	186	100	37.629	36.2	60
dDocent_Contig_1420	1	474	14	461	97.2574	3.95148	36.1	60
dDocent_Contig_1421	1	411	21	405	98.5401	7.46229	36.3	60
dDocent_Contig_1423	1	354	11	350	98.8701	4.19774	36.4	60
dDocent_Contig_1425	1	319	2	168	52.6646	0.887147	36.4	60
dDocent_Contig_1426	1	450	110	449	99.7778	34.8756	36.4	60
dDocent_Contig_1427	1	407	87	357	87.715	30.7199	36.5	60
dDocent_Contig_1436	1	568	11	308	54.2254	2.33275	35.8	60
dDocent_Contig_1445	1	420	52	312	74.2857	17.2905	36.4	60
dDocent_Contig_1446	1	306	37	261	85.2941	16.549	36.2	60
dDocent_Contig_1449	1	492	12	444	90.2439	3.26829	35.9	60
dDocent_Contig_1451	1	269	16	269	100	8.3197	36.3	60
dDocent_Contig_1452	1	325	83	325	100	36.4708	36.6	60
dDocent_Contig_1453	1	312	4	134	42.9487	1.37179	36.5	60
dDocent_Contig_1454	1	449	15	373	83.0735	4.53007	36.7	60
dDocent_Contig_1455	1	316	66	294	93.038	29.3418	36.3	60
dDocent_Contig_1456	1	512	98	506	98.8281	26.8457	36.4	60
dDocent_Contig_1461	1	406	23	300	73.8916	8.14039	36.5	60
dDocent_Contig_1463	1	499	38	273	54.7094	10.7575	36.1	60
dDocent_Contig_1465	1	270	231	270	100	121.741	36.3	60
dDocent_Contig_1466	1	252	24	243	96.4286	13.1032	36.6	60
dDocent_Contig_1467	1	228	8	185	81.1404	4.87719	36.4	60
dDocent_Contig_1474	1	409	7	324	79.2176	2.43032	35.7	60
dDocent_Contig_1475	1	463	9	228	49.2441	2.68683	36.5	60
dDocent_Contig_1477	1	433	205	431	99.5381	64.9561	36.1	60
dDocent_Contig_1478	1	204	112	204	100	78.5343	36.2	60
dDocent_Contig_1479	1	401	79	401	100	26.4663	36.3	59.2
dDocent_Contig_1481	1	490	68	389	79.3878	19.9653	36.3	60
dDocent_Contig_1482	1	497	114	346	69.6177	33.3078	36.3	60
dDocent_Contig_1485	1	394	3	135	34.264	0.880711	36.9	60
dDocent_Contig_1486	1	204	81	203	99.5098	55.9118	36.6	60
dDocent_Contig_1490	1	306	35	298	97.3856	16.4706	36.3	60
dDocent_Contig_1492	1	398	9	206	51.7588	3.15829	36.6	60
dDocent_Contig_1493	1	338	18	241	71.3018	7.22781	36.6	60
dDocent_Contig_1496	1	403	9	225	55.8313	3.0794	36.2	60
dDocent_Contig_1497	1	465	137	412	88.6022	42.5269	36.3	60
dDocent_Contig_1501	1	340	3	270	79.4118	1.30294	32.8	60
dDocent_Contig_1503	1	421	42	334	79.3349	14.5463	36.6	60
dDocent_Contig_1504	1	385	19	267	69.3506	6.34286	36.5	60
dDocent_Contig_1506	1	374	14	363	97.0588	5.13102	36.8	60
dDocent_Contig_1507	1	450	3	141	31.3333	0.693333	36.3	60
dDocent_Contig_1509	1	262	30	244	93.1298	15.3359	36.4	60
dDocent_Contig_1510	1	442	330	438	99.095	106.638	36.5	59.8
dDocent_Contig_1513	1	549	1	132	24.0437	0.240437	36.6	60
dDocent_Contig_1516	1	385	52	379	98.4416	19.2727	36.6	60
dDocent_Contig_1518	1	450	73	407	90.4444	23.4444	36.3	60
dDocent_Contig_1520	1	342	33	302	88.3041	13.6959	36.8	60
dDocent_Contig_1522	1	364	76	337	92.5824	29.522	36.5	60
dDocent_Contig_1523	1	213	33	212	99.5305	21.9155	36.6	60
dDocent_Contig_1526	1	348	71	338	97.1264	28.954	36	60
dDocent_Contig_1527	1	546	126	363	66.4835	32.9762	36.4	60
dDocent_Contig_1531	1	291	8	232	79.7251	4.11684	36.5	60
dDocent_Contig_1534	1	346	2	107	30.9249	0.618497	36.9	60
dDocent_Contig_1536	1	282	22	224	79.4326	11.078	36.6	60
dDocent_Contig_1540	1	491	299	490	99.7963	80.6619	36.2	51.7
dDocent_Contig_1541	1	374	97	342	91.4439	36.8102	36.4	60
dDocent_Contig_1543	1	400	11	283	70.75	4.125	36.8	60
dDocent_Contig_1546	1	344	25	252	73.2558	9.99419	36.3	60
dDocent_Contig_1547	1	452	61	367	81.1947	18.4447	36.4	60
dDocent_Contig_1548	1	510	12	368	72.1569	3.00392	36.8	60
dDocent_Contig_1550	1	377	43	369	97.878	16.3554	36.5	58.8
dDocent_Contig_1551	1	401	287	401	100	101.628	36.4	55.3
dDocent_Contig_1553	1	329	103	321	97.5684	45.0608	36.2	60
dDocent_Contig_1555	1	342	6	335	97.9532	2.22222	36.4	60
dDocent_Contig_1557	1	294	9	270	91.8367	4.22449	36.3	60
dDocent_Contig_1558	1	368	23	356	96.7391	9.02717	36.1	60
dDocent_Contig_1563	1	237	59	236	99.5781	34.7848	36.4	60
dDocent_Contig_1565	1	364	92	362	99.4505	36.7912	36.2	60
dDocent_Contig_1566	1	536	375	515	96.0821	102.34	36.5	60
dDocent_Contig_1567	1	452	50	450	99.5575	15.1217	36.6	60
dDocent_Contig_1569	1	250	22	221	88.4	12.784	36.8	60
dDocent_Contig_1570	1	582	58	521	89.5189	13.8041	36.4	60
dDocent_Contig_1574	1	384	67	383	99.7396	24.6562	36.2	60
dDocent_Contig_1576	1	601	17	252	41.9301	3.94343	36.8	60
dDocent_Contig_1578	1	278	32	276	99.2806	16.4604	36.5	60
dDocent_Contig_1581	1	501	34	423	84.4311	9.67066	36.4	60
dDocent_Contig_1582	1	454	118	452	99.5595	37.5705	36.4	60
dDocent_Contig_1585	1	344	9	315	91.5698	3.87209	36.2	60
dDocent_Contig_1587	1	262	97	261	99.6183	53.3969	36.4	60
dDocent_Contig_1588	1	386	1	150	38.8601	0.388601	36.7	60
dDocent_Contig_1589	1	337	72	298	88.4273	31.0564	36.4	60
dDocent_Contig_1590	1	502	352	482	96.0159	101.273	36.4	60
dDocent_Contig_1594	1	285	2	225	78.9474	1.04912	33.3	60
dDocent_Contig_1598	1	209	75	208	99.5215	48.4545	35.5	60
dDocent_Contig_1599	1	503	130	499	99.2048	36.161	36.3	59.7
dDocent_Contig_1600	1	466	16	441	94.6352	5.07296	36.6	60
dDocent_Contig_1601	1	539	27	423	78.4787	7.14842	36.6	60
dDocent_Contig_1602	1	528	212	527	99.8106	57.6932	36.3	60
dDocent_Contig_1603	1	594	139	591	99.4949	33.8148	36.5	60
dDocent_Contig_1606	1	263	29	231	87.8327	16.2471	36.4	60
dDocent_Contig_1608	1	270	17	256	94.8148	9.07778	36.3	60
dDocent_Contig_1610	1	388	55	320	82.4742	19.9459	36.4	60
dDocent_Contig_1613	1	353	40	311	88.102	15.8414	36.7	60
dDocent_Contig_1614	1	377	82	345	91.5119	31.3236	36.4	60
dDocent_Contig_1615	1	428	49	426	99.5327	16.1402	36.1	60
dDocent_Contig_1618	1	360	79	354	98.3333	31.2556	36.1	60
dDocent_Contig_1620	1	369	30	351	95.122	11.9377	36.4	60
dDocent_Contig_1622	1	268	108	267	99.6269	51.5746	36.4	52.8
dDocent_Contig_1624	1	261	4	181	69.3487	1.92337	36.8	60
dDocent_Contig_1625	1	495	81	334	67.4747	23.7717	36.3	60
dDocent_Contig_1626	1	457	76	347	75.93	24.4026	36.2	60
dDocent_Contig_1627	1	283	83	282	99.6466	41.576	36.3	60
dDocent_Contig_1632	1	230	17	228	99.1304	10.3	36.5	60
dDocent_Contig_1634	1	290	1	150	51.7241	0.517241	36.5	60
dDocent_Contig_1635	1	363	57	359	98.8981	22.4463	36.6	60
dDocent_Contig_1637	1	398	46	397	99.7487	16.4673	36.5	60
dDocent_Contig_1638	1	308	54	256	83.1169	22.8149	36.2	60
dDocent_Contig_1639	1	197	27	194	98.4772	19.0863	36.7	60
dDocent_Contig_1642	1	419	54	369	88.0668	17.8329	36.1	60
dDocent_Contig_1643	1	367	57	366	99.7275	22.0627	36.8	60
dDocent_Contig_1651	1	341	82	335	98.2405	32.1437	36.6	54.9
dDocent_Contig_1653	1	459	23	322	70.1525	6.74728	36.2	60
dDocent_Contig_1654	1	468	27	218	46.5812	7.81624	36.2	60
dDocent_Contig_1655	1	436	89	432	99.0826	29.1239	36.4	60
dDocent_Contig_1657	1	167	17	165	98.8024	11.3952	36.6	60
dDocent_Contig_1659	1	220	53	220	100	33.8545	35.7	60
dDocent_Contig_1660	1	330	3	286	86.6667	1.30909	36.5	60
dDocent_Contig_1662	1	346	28	330	95.3757	11.6445	36.6	60
dDocent_Contig_1664	1	397	50	276	69.5214	18.0882	36.3	60
dDocent_Contig_1666	1	509	22	344	67.5835	5.97053	36.8	60
dDocent_Contig_1667	1	344	23	336	97.6744	9.72674	36.6	60
dDocent_Contig_1671	1	269	2	121	44.9814	0.899628	37	60
dDocent_Contig_1672	1	312	60	296	94.8718	28.0385	36.6	60
dDocent_Contig_1673	1	334	9	236	70.6587	3.82036	36.9	60
dDocent_Contig_1675	1	246	14	192	78.0488	7.96748	36.3	60
dDocent_Contig_1676	1	224	1	135	60.2679	0.602679	36.8	60
dDocent_Contig_1679	1	313	22	305	97.4441	10.1629	36	60
dDocent_Contig_1680	1	463	88	346	74.73	27.2527	36.3	60
dDocent_Contig_1683	1	243	25	240	98.7654	14.1975	36.8	60
dDocent_Contig_1687	1	315	34	234	74.2857	14.9365	36.8	60
dDocent_Contig_1692	1	345	32	344	99.7101	12.8319	36.4	57.5
dDocent_Contig_1693	1	372	15	358	96.2366	5.55108	36	60
dDocent_Contig_1695	1	513	2	182	35.4776	0.584795	36.9	60
dDocent_Contig_1696	1	493	5	402	81.5416	1.49696	36.7	60
dDocent_Contig_1697	1	512	117	478	93.3594	33.0352	36.3	60
dDocent_Contig_1699	1	555	58	524	94.4144	14.6126	36.4	58.9
dDocent_Contig_1703	1	588	178	586	99.6599	40.216	36.4	58.4
dDocent_Contig_1708	1	462	68	343	74.2424	20.9286	36.6	60
dDocent_Contig_1709	1	397	67	383	96.4736	24.0479	36.6	60
dDocent_Contig_1713	1	248	6	151	60.8871	2.67339	35.4	60
dDocent_Contig_1715	1	529	15	346	65.4064	3.91871	36.6	60
dDocent_Contig_1716	1	290	20	186	64.1379	8.37931	36.2	60
dDocent_Contig_1717	1	420	26	395	94.0476	8.77619	36.2	60
dDocent_Contig_1722	1	397	104	357	89.9244	37.1587	36.4	60
dDocent_Contig_1725	1	438	43	318	72.6027	14.1895	36	60
dDocent_Contig_1726	1	366	10	353	96.4481	3.31967	36.6	57.8
dDocent_Contig_1727	1	321	19	265	82.5545	8.5109	36.7	60
dDocent_Contig_1732	1	369	121	368	99.729	47.3225	36.6	60
dDocent_Contig_1733	1	458	81	399	87.1179	24.7991	36.7	60
dDocent_Contig_1734	1	527	248	525	99.6205	65.3017	36.3	59.3
dDocent_Contig_1736	1	284	49	261	91.9014	23.3415	36.1	60
dDocent_Contig_1738	1	577	17	364	63.0849	4.03813	36.8	60
dDocent_Contig_1739	1	263	29	250	95.057	15.6122	36.2	60
dDocent_Contig_1741	1	363	2	183	50.4132	0.826446	36.9	60
dDocent_Contig_1742	1	446	57	444	99.5516	18.3318	36.5	60
dDocent_Contig_1745	1	540	5	218	40.3704	1.26296	36.8	60
dDocent_Contig_1746	1	438	45	302	68.9498	14.7854	36.1	60
dDocent_Contig_1747	1	441	86	344	78.0045	27.9841	36.5	60
dDocent_Contig_1748	1	363	93	362	99.7245	35.7686	36.3	60
dDocent_Contig_1749	1	327	43	306	93.578	18.8104	36.4	60
dDocent_Contig_1750	1	244	39	244	100	20.2213	35.3	60
dDocent_Contig_1751	1	392	91	391	99.7449	32.1913	36.6	55.1
dDocent_Contig_1756	1	418	49	387	92.5837	16.7057	36.3	60
dDocent_Contig_1757	1	319	3	134	42.0063	1.19122	36.3	60
dDocent_Contig_1759	1	458	44	414	90.393	13.5721	36.2	60
dDocent_Contig_1761	1	294	27	292	99.3197	11.7245	36.1	60
dDocent_Contig_1762	1	501	6	275	54.8902	1.65868	36.7	60
dDocent_Contig_1764	1	413	71	337	81.5981	24.8208	36.3	60
dDocent_Contig_1766	1	502	242	473	94.2231	68.488	36.3	60
dDocent_Contig_1769	1	462	65	340	73.5931	20.4545	36.6	60
dDocent_Contig_1773	1	252	35	225	89.2857	16.877	35.4	47.2
dDocent_Contig_1777	1	344	71	325	94.4767	30.3227	36.2	60
dDocent_Contig_1778	1	335	146	326	97.3134	63.1313	36.7	60
dDocent_Contig_1785	1	268	26	252	94.0299	13.9739	36	60
dDocent_Contig_1786	1	277	41	263	94.9458	21.491	36.7	60
dDocent_Contig_1788	1	403	93	373	92.5558	33.2953	36.5	60
dDocent_Contig_1790	1	482	102	357	74.0664	28.9502	35.6	60
dDocent_Contig_1791	1	304	58	301	99.0132	27.4474	35.6	60
dDocent_Contig_1797	1	349	139	348	99.7135	55.8596	36.5	57.6
dDocent_Contig_1800	1	341	49	337	98.827	20.9413	36.3	60
dDocent_Contig_1805	1	359	37	281	78.273	15.1198	36.4	60
dDocent_Contig_1806	1	358	45	312	87.1508	18.4944	36.6	60
dDocent_Contig_1808	1	279	22	270	96.7742	11.1039	36.7	60
dDocent_Contig_1809	1	438	494	416	94.9772	164.393	36.1	60
dDocent_Contig_1812	1	452	23	304	67.2566	7.16593	36.4	60
dDocent_Contig_1814	1	414	1	119	28.744	0.28744	36.8	60
dDocent_Contig_1815	1	414	58	369	89.1304	19.7995	36.7	58.7
dDocent_Contig_1816	1	558	25	482	86.3799	6.05735	36.3	59.7
dDocent_Contig_1819	1	375	10	279	74.4	3.94933	36.4	60
dDocent_Contig_1822	1	275	21	274	99.6364	10.2691	36.5	60
dDocent_Contig_1823	1	404	7	303	75	2.33663	36.3	60
dDocent_Contig_1824	1	556	110	388	69.7842	27.768	36.5	60
dDocent_Contig_1825	1	325	85	321	98.7692	36.7569	36.3	58.1
dDocent_Contig_1826	1	366	2	184	50.2732	0.819672	36.3	60
dDocent_Contig_1827	1	496	83	356	71.7742	24.1492	36.5	60
dDocent_Contig_1828	1	264	50	263	99.6212	26.8485	36.7	60
dDocent_Contig_1830	1	360	48	358	99.4444	18.5528	35.7	60
dDocent_Contig_1832	1	439	67	221	50.3417	21.713	36.6	60
dDocent_Contig_1833	1	366	37	333	90.9836	14.6667	36.6	60
dDocent_Contig_1834	1	422	97	421	99.763	32.6896	36.3	60
dDocent_Contig_1836	1	376	213	376	100	81.2048	36.5	59.9
dDocent_Contig_1837	1	303	13	290	95.7096	6.11551	35.9	60
dDocent_Contig_1838	1	345	90	335	97.1014	37.3884	36.2	60
dDocent_Contig_1839	1	363	19	362	99.7245	7.14876	35.9	60
dDocent_Contig_1841	1	487	137	440	90.3491	40.7146	36.5	60
dDocent_Contig_1842	1	347	29	309	89.049	11.6686	36.5	60
dDocent_Contig_1844	1	427	88	425	99.5316	26.9578	36	57.8
dDocent_Contig_1846	1	339	68	321	94.6903	28.4779	36.4	60
dDocent_Contig_1847	1	339	55	284	83.7758	23.2537	36.1	59.1
dDocent_Contig_1848	1	349	89	331	94.8424	37.404	36.7	60
dDocent_Contig_1850	1	289	69	288	99.654	34.3529	36.4	60
dDocent_Contig_1851	1	333	70	314	94.2943	29.7628	36.4	60
dDocent_Contig_1852	1	204	35	204	100	24.6471	36.3	60
dDocent_Contig_1853	1	306	115	305	99.6732	54.598	36.3	60
dDocent_Contig_1854	1	457	103	381	83.3698	33.1554	36.6	60
dDocent_Contig_1855	1	277	27	271	97.8339	13.0614	36.4	60
dDocent_Contig_1857	1	341	56	319	93.5484	23.5161	36.1	60
dDocent_Contig_1858	1	326	28	311	95.3988	11.816	36.3	60
dDocent_Contig_1859	1	262	33	245	93.5115	17.1756	36.3	54.9
dDocent_Contig_1861	1	340	138	331	97.3529	58.6382	36	60
dDocent_Contig_1862	1	257	4	226	87.9377	2.24514	36.9	60
dDocent_Contig_1865	1	483	129	423	87.5776	38.6625	36.3	60
dDocent_Contig_1868	1	366	12	322	87.9781	4.43989	35.7	60
dDocent_Contig_1871	1	308	60	295	95.7792	27.9675	36.1	60
dDocent_Contig_1873	1	309	156	307	99.3528	72.5793	36.6	60
dDocent_Contig_1874	1	381	67	364	95.5381	24.769	36.2	60
dDocent_Contig_1875	1	425	134	367	86.3529	45.36	36.4	60
dDocent_Contig_1876	1	260	27	257	98.8462	14.8346	36.1	60
dDocent_Contig_1877	1	396	7	181	45.7071	2.36364	36.8	60
dDocent_Contig_1878	1	514	42	474	92.2179	11.5467	36.5	60
dDocent_Contig_1883	1	376	52	246	65.4255	19.9149	36.6	60
dDocent_Contig_1889	1	310	62	307	99.0323	27.9774	36.2	60
dDocent_Contig_1890	1	409	43	285	69.6822	14.9315	36.6	60
dDocent_Contig_1893	1	577	46	464	80.4159	11.0555	36.1	60
dDocent_Contig_1894	1	326	18	325	99.6933	7.71472	36.2	60
dDocent_Contig_1897	1	292	41	286	97.9452	19.0788	36.6	60
dDocent_Contig_1898	1	202	8	164	81.1881	5.19802	35.8	60
dDocent_Contig_1899	1	376	8	191	50.7979	2.82979	36.1	60
dDocent_Contig_1900	1	381	20	321	84.252	7.49869	36	60
dDocent_Contig_1905	1	417	131	416	99.7602	42.6978	36.4	55.8
dDocent_Contig_1907	1	571	30	551	96.4974	7.38354	36.6	60
dDocent_Contig_1909	1	268	131	267	99.6269	69.9627	36.3	60
dDocent_Contig_1911	1	457	421	426	93.2166	130.733	36.4	60
dDocent_Contig_1913	1	262	19	160	61.0687	9.71374	36.5	60
dDocent_Contig_1915	1	261	11	203	77.7778	5.75862	36.9	60
dDocent_Contig_1919	1	263	23	261	99.2395	12.2776	36.6	60
dDocent_Contig_1920	1	374	7	163	43.5829	2.33957	36.8	60
dDocent_Contig_1923	1	367	75	346	94.2779	29.2207	36	60
dDocent_Contig_1931	1	200	369	200	100	248.86	36.5	59.9
dDocent_Contig_1934	1	405	37	396	97.7778	13.1259	36.4	60
dDocent_Contig_1939	1	397	6	227	57.1788	2.01259	36.9	60
dDocent_Contig_1940	1	371	11	293	78.9757	4.40162	36.1	60
dDocent_Contig_1943	1	448	195	441	98.4375	61.6272	36.4	59.9
dDocent_Contig_1945	1	338	250	337	99.7041	106.024	36.4	60
dDocent_Contig_1951	1	331	79	326	98.4894	34.2477	36.2	60
dDocent_Contig_1954	1	328	56	298	90.8537	24.3079	36.6	60
dDocent_Contig_1957	1	505	148	430	85.1485	41.4832	36.4	60
dDocent_Contig_1959	1	443	88	424	95.7111	28.0135	36.2	60
dDocent_Contig_1961	1	498	104	477	95.7831	30.2229	36.4	60
dDocent_Contig_1962	1	256	28	219	85.5469	15.3086	36.4	60
dDocent_Contig_1963	1	378	105	358	94.709	39.5079	35.8	60
dDocent_Contig_1972	1	331	78	317	95.7704	33.0876	36.2	60
dDocent_Contig_1975	1	292	37	290	99.3151	17.0411	36.5	60
dDocent_Contig_1976	1	429	2	160	37.296	0.659674	36.3	60
dDocent_Contig_1978	1	424	31	338	79.717	10.7406	36.3	60
dDocent_Contig_1979	1	625	108	623	99.68	23.312	36.2	56.3
dDocent_Contig_1981	1	256	21	256	100	10.1211	35.3	60
dDocent_Contig_1982	1	429	12	228	53.1469	3.79953	36.5	60
dDocent_Contig_1983	1	242	6	240	99.1736	2.88843	36.9	60
dDocent_Contig_1984	1	409	19	391	95.599	6.51834	36.7	60
dDocent_Contig_1986	1	398	17	263	66.0804	6	36.6	60
dDocent_Contig_1988	1	402	181	349	86.8159	62.6269	35	60
dDocent_Contig_1989	1	507	2	185	36.4892	0.585799	37	60
dDocent_Contig_1990	1	561	86	543	96.7914	22.3743	36.4	60
dDocent_Contig_1991	1	269	53	265	98.513	28.2416	36.5	60
dDocent_Contig_1993	1	472	29	340	72.0339	8.48517	36.8	60
dDocent_Contig_1995	1	491	53	441	89.8167	14.8574	36.2	60
dDocent_Contig_1998	1	474	108	367	77.4262	32.8502	36.2	60
dDocent_Contig_2002	1	529	71	528	99.811	19.1531	36.3	60
dDocent_Contig_2021	1	275	19	259	94.1818	9.64364	36.4	60
dDocent_Contig_2022	1	363	4	199	54.8209	1.5978	36.6	60
dDocent_Contig_2027	1	412	80	236	57.2816	27.4466	36.4	60
dDocent_Contig_2028	1	262	51	262	100	26.7939	36.4	58.9
dDocent_Contig_2030	1	537	77	415	77.2812	20.7225	36.6	60
dDocent_Contig_2031	1	464	63	373	80.3879	19.4353	36.2	60
dDocent_Contig_2035	1	360	176	347	96.3889	70.175	36.4	60
dDocent_Contig_2036	1	274	229	274	100	122.726	36.5	60
dDocent_Contig_2039	1	375	37	298	79.4667	13.736	36.2	60
dDocent_Contig_2040	1	263	11	261	99.2395	6.07605	35.9	60
dDocent_Contig_2041	1	421	14	347	82.4228	4.15202	36.8	60
dDocent_Contig_2043	1	442	129	440	99.5475	42.0973	36.6	59.6
dDocent_Contig_2045	1	424	94	406	95.7547	32.4811	36.3	60
dDocent_Contig_2046	1	559	27	388	69.4097	6.87657	36.8	60
dDocent_Contig_2047	1	302	60	282	93.3775	28.8974	36.3	60
dDocent_Contig_2048	1	277	176	276	99.639	89.1083	36.4	60
dDocent_Contig_2053	1	361	33	348	96.3989	12.9557	36.5	60
dDocent_Contig_2055	1	286	106	275	96.1538	53.1888	36.4	60
dDocent_Contig_2056	1	412	65	298	72.3301	21.2282	36.3	55.5
dDocent_Contig_2057	1	297	27	217	73.064	12.8653	36.4	60
dDocent_Contig_2058	1	417	36	295	70.7434	12.0815	35.9	60
dDocent_Contig_2059	1	457	161	456	99.7812	50.2735	36.5	60
dDocent_Contig_2061	1	377	59	354	93.8992	22.0451	36.6	60
dDocent_Contig_2062	1	385	133	383	99.4805	49.4779	36.6	60
dDocent_Contig_2065	1	342	96	341	99.7076	40.5322	36.5	60
dDocent_Contig_2067	1	447	16	413	92.3937	4.93065	36.5	60
dDocent_Contig_2073	1	364	15	286	78.5714	5.72802	35.8	60
dDocent_Contig_2079	1	436	35	394	90.367	11.5092	36.7	60
dDocent_Contig_2081	1	189	6	164	86.7725	3.89418	36.7	35
dDocent_Contig_2083	1	193	54	193	100	40.3938	35.5	60
dDocent_Contig_2085	1	416	24	360	86.5385	8.42548	36.3	60
dDocent_Contig_2087	1	340	14	208	61.1765	5.66765	36.9	60
dDocent_Contig_2088	1	408	125	407	99.7549	44.4338	36.4	60
dDocent_Contig_2090	1	401	13	277	69.0773	4.31421	35.9	54.8
dDocent_Contig_2091	1	415	218	407	98.0723	67.5639	36.1	58.6
dDocent_Contig_2095	1	594	291	593	99.8316	68.5976	36.2	60
dDocent_Contig_2097	1	489	29	273	55.8282	8.43149	36.6	60
dDocent_Contig_2098	1	414	46	387	93.4783	15.6401	36.6	60
dDocent_Contig_2099	1	319	146	316	99.0596	63.6708	36.3	59.9
dDocent_Contig_2106	1	271	33	253	93.3579	16.9262	35.9	60
dDocent_Contig_2109	1	391	65	364	93.0946	23.5524	36.4	60
dDocent_Contig_2111	1	271	112	271	100	60.3506	36.5	60
dDocent_Contig_2112	1	338	133	320	94.6746	57.2811	36.6	60
dDocent_Contig_2115	1	354	58	350	98.8701	23.2288	36.3	60
dDocent_Contig_2116	1	346	89	345	99.711	37.4017	36.3	60
dDocent_Contig_2118	1	535	92	432	80.7477	24.3439	36.5	60
dDocent_Contig_2120	1	393	83	340	86.514	30.7176	36.6	60
dDocent_Contig_2121	1	266	5	196	73.6842	2.77068	35.9	60
dDocent_Contig_2122	1	337	34	317	94.0653	14.2552	36.6	60
dDocent_Contig_2123	1	282	31	261	92.5532	15.3121	36.3	60
dDocent_Contig_2126	1	198	77	197	99.4949	53.9646	36.2	60
dDocent_Contig_2127	1	328	97	319	97.2561	42.5396	36.3	60
dDocent_Contig_2129	1	343	5	203	59.1837	2.00583	36	60
dDocent_Contig_2135	1	297	75	295	99.3266	35.9798	36.3	60
dDocent_Contig_2136	1	320	45	256	80	19.7844	36.5	60
dDocent_Contig_2137	1	434	82	394	90.7834	27.288	36.5	60
dDocent_Contig_2138	1	430	30	263	61.1628	9.65581	36.8	60
dDocent_Contig_2139	1	438	68	350	79.9087	21.8059	36.5	60
dDocent_Contig_2140	1	419	92	336	80.1909	31.8115	36.4	60
dDocent_Contig_2141	1	453	61	421	92.936	19.415	36.4	60
dDocent_Contig_2143	1	312	177	312	100	82.75	36.3	60
dDocent_Contig_2146	1	277	107	276	99.639	55.4549	36.6	60
dDocent_Contig_2148	1	362	126	360	99.4475	50.7459	36.5	60
dDocent_Contig_2149	1	281	90	264	93.9502	44.6655	36.3	60
dDocent_Contig_2151	1	368	77	368	100	30.1984	36.7	60
dDocent_Contig_2152	1	427	67	366	85.7143	21.3677	36.6	60
dDocent_Contig_2157	1	442	6	250	56.5611	1.95475	36.9	60
dDocent_Contig_2166	1	296	47	291	98.3108	21.8378	36.2	60
dDocent_Contig_2168	1	470	13	241	51.2766	3.92128	36.3	60
dDocent_Contig_2171	1	329	84	315	95.7447	36.4438	36.2	60
dDocent_Contig_2173	1	570	52	319	55.9649	12.9667	36.2	60
dDocent_Contig_2178	1	513	35	361	70.3704	9.84405	36.6	60
dDocent_Contig_2179	1	435	19	387	88.9655	5.97241	36.6	60
dDocent_Contig_2183	1	517	226	485	93.8104	63.8066	36.3	60
dDocent_Contig_2187	1	281	168	280	99.6441	85.5872	36.3	60
dDocent_Contig_2189	1	386	9	223	57.772	3.11917	36.8	60
dDocent_Contig_2190	1	314	23	302	96.1783	9.6879	36.5	60
dDocent_Contig_2193	1	408	277	380	93.1373	89.5368	35.3	60
dDocent_Contig_2195	1	250	89	249	99.6	51.132	36.4	60
dDocent_Contig_2197	1	357	29	284	79.5518	11.7787	36.2	60
dDocent_Contig_2200	1	556	249	520	93.5252	64.8399	36.3	59.6
dDocent_Contig_2201	1	332	34	283	85.241	14.8102	36.5	60
dDocent_Contig_2202	1	152	30	151	99.3421	24.9605	36.1	60
dDocent_Contig_2203	1	428	50	355	82.9439	16.3154	36.4	60
dDocent_Contig_2206	1	395	25	312	78.9873	8.80253	36.6	60
dDocent_Contig_2211	1	276	65	274	99.2754	33.9565	36.6	60
dDocent_Contig_2212	1	551	49	452	82.0327	12.5354	36.1	60
dDocent_Contig_2213	1	453	55	388	85.6512	17.4923	36.3	60
dDocent_Contig_2215	1	412	80	339	82.2816	28	36.4	60
dDocent_Contig_2216	1	313	11	172	54.9521	4.57508	35.3	60
dDocent_Contig_2217	1	415	84	376	90.6024	29.2386	36.7	60
dDocent_Contig_2218	1	355	38	311	87.6056	15.6366	36.6	60
dDocent_Contig_2219	1	530	85	519	97.9245	22.2679	36.2	60
dDocent_Contig_2220	1	503	26	370	73.5586	7.44135	35.6	60
dDocent_Contig_2221	1	584	155	578	98.9726	36.0531	36	60
dDocent_Contig_2227	1	176	9	175	99.4318	7.30114	36.5	60
dDocent_Contig_2232	1	540	40	276	51.1111	10.4111	36.7	60
dDocent_Contig_2240	1	361	151	360	99.723	60.9474	36.2	60
dDocent_Contig_2241	1	267	33	266	99.6255	17.6629	35.9	60
dDocent_Contig_2243	1	446	28	350	78.4753	9.03587	36.2	60
dDocent_Contig_2244	1	420	49	323	76.9048	16.4167	36.7	60
dDocent_Contig_2246	1	290	32	254	87.5862	16.231	36.5	60
dDocent_Contig_2251	1	509	229	473	92.9273	64.332	36.3	60
dDocent_Contig_2252	1	279	592	275	98.5663	303.52	36.6	60
dDocent_Contig_2253	1	337	10	170	50.4451	3.96439	36.2	60
dDocent_Contig_2255	1	325	115	320	98.4615	50.7262	36.2	60
dDocent_Contig_2257	1	390	134	383	98.2051	48.7872	35.6	60
dDocent_Contig_2262	1	216	132	216	100	85.162	36.3	60
dDocent_Contig_2263	1	424	58	343	80.8962	19.7358	36.5	60
dDocent_Contig_2264	1	418	32	383	91.6268	10.8947	36.5	60
dDocent_Contig_2266	1	330	134	324	98.1818	58.0152	36.4	60
dDocent_Contig_2268	1	330	121	328	99.3939	51.8242	36.4	60
dDocent_Contig_2271	1	457	14	260	56.8928	3.66521	36	58.6
dDocent_Contig_2272	1	541	150	498	92.0518	38.8355	36.2	59.4
dDocent_Contig_2275	1	357	49	326	91.3165	19.5462	36.7	60
dDocent_Contig_2276	1	437	6	347	79.405	1.92449	36.5	60
dDocent_Contig_2277	1	270	26	217	80.3704	11.6778	36	60
dDocent_Contig_2280	1	386	2	147	38.0829	0.761658	36.9	60
dDocent_Contig_2282	1	379	21	245	64.6438	7.30079	36.3	60
dDocent_Contig_2283	1	254	6	205	80.7087	3.52362	35.7	60
dDocent_Contig_2284	1	429	6	338	78.7879	2.0676	36.4	60
dDocent_Contig_2285	1	433	65	422	97.4596	21.194	36.4	60
dDocent_Contig_2286	1	352	76	322	91.4773	30.3977	36.5	60
dDocent_Contig_2288	1	587	19	405	68.9949	4.68143	36.1	60
dDocent_Contig_2290	1	349	32	347	99.4269	13.0917	35.8	60
dDocent_Contig_2292	1	517	33	318	61.5087	9.01741	36.6	60
dDocent_Contig_2293	1	480	57	478	99.5833	17.3333	36.4	60
dDocent_Contig_2301	1	302	6	174	57.6159	2.79139	36.5	60
dDocent_Contig_2303	1	428	11	211	49.2991	3.44393	36.9	60
dDocent_Contig_2304	1	557	10	181	32.4955	2.41652	36.9	60
dDocent_Contig_2306	1	450	8	231	51.3333	2.39333	36.3	60
dDocent_Contig_2310	1	482	62	330	68.4647	18.3402	36.2	60
dDocent_Contig_2312	1	419	42	276	65.8711	14.2554	36.6	60
dDocent_Contig_2313	1	500	5	157	31.4	1.252	36.8	60
dDocent_Contig_2315	1	562	148	560	99.6441	37.9359	36.4	60
dDocent_Contig_2318	1	380	192	343	90.2632	72.8079	36.4	60
dDocent_Contig_2320	1	374	63	358	95.7219	24.6497	36.3	60
dDocent_Contig_2321	1	409	19	350	85.5746	6.54768	36.3	60
dDocent_Contig_2322	1	382	25	272	71.2042	9.33508	36.5	60
dDocent_Contig_2323	1	392	56	284	72.449	19.2602	36.6	60
dDocent_Contig_2326	1	192	37	190	98.9583	26.9323	36	60
dDocent_Contig_2327	1	542	20	379	69.9262	5.12546	36.7	60
dDocent_Contig_2328	1	428	6	302	70.5607	1.97196	36.7	60
dDocent_Contig_2329	1	492	96	402	81.7073	27.7703	36.5	60
dDocent_Contig_2330	1	430	62	316	73.4884	20.6628	36.2	60
dDocent_Contig_2332	1	383	72	359	93.7337	26.9217	36.7	60
dDocent_Contig_2334	1	441	72	342	77.551	23.2245	36.2	60
dDocent_Contig_2337	1	202	32	200	99.0099	22.0347	36.7	60
dDocent_Contig_2338	1	310	15	309	99.6774	7	36	60
dDocent_Contig_2339	1	378	42	358	94.709	15.7222	36.4	60
dDocent_Contig_2341	1	391	19	278	71.0997	6.78772	36.7	60
dDocent_Contig_2344	1	330	42	329	99.697	18.403	36.6	60
dDocent_Contig_2345	1	351	19	351	100	7.61538	36.7	60
dDocent_Contig_2350	1	386	144	386	100	54.3316	36.4	60
dDocent_Contig_2351	1	288	76	287	99.6528	36.6007	36.5	58.5
dDocent_Contig_2352	1	524	63	469	89.5038	16.8168	36.2	60
dDocent_Contig_2354	1	568	569	566	99.6479	142.25	36.3	60
dDocent_Contig_2359	1	535	70	401	74.9533	19.1234	36.5	60
dDocent_Contig_2362	1	257	33	256	99.6109	15.1401	36.4	34
dDocent_Contig_2363	1	283	35	252	89.0459	17.5194	36.1	60
dDocent_Contig_2366	1	340	86	339	99.7059	36.5824	36.5	60
dDocent_Contig_2367	1	317	19	317	100	8.13249	36.6	60
dDocent_Contig_2368	1	293	144	286	97.6109	70.9898	36.6	60
dDocent_Contig_2373	1	391	122	352	90.0256	45.3197	36.4	60
dDocent_Contig_2374	1	292	122	291	99.6575	58.9932	36	60
dDocent_Contig_2375	1	450	99	360	80	31.6733	36.4	60
dDocent_Contig_2376	1	324	10	268	82.716	4.24074	35.9	60
dDocent_Contig_2379	1	274	12	241	87.9562	5.91606	35.5	60
dDocent_Contig_2381	1	353	86	335	94.9008	34.2861	36.5	60
dDocent_Contig_2382	1	256	2	206	80.4688	1.15234	36.3	60
dDocent_Contig_2383	1	244	42	242	99.1803	24.5164	36.2	60
dDocent_Contig_2385	1	313	27	312	99.6805	12.7061	36.2	60
dDocent_Contig_2386	1	530	124	363	68.4906	33.4925	36.4	60
dDocent_Contig_2387	1	408	50	306	75	17.9975	36.5	60
dDocent_Contig_2388	1	520	14	282	54.2308	3.65385	35.7	60
dDocent_Contig_2391	1	482	47	387	80.2905	14.0664	36.6	60
dDocent_Contig_2393	1	414	24	334	80.6763	8.30676	36.7	60
dDocent_Contig_2394	1	426	89	347	81.4554	30.0235	36.3	60
dDocent_Contig_2396	1	390	111	389	99.7436	41.5205	36.6	60
dDocent_Contig_2402	1	366	100	365	99.7268	38.9973	36.1	60
dDocent_Contig_2403	1	295	34	294	99.661	16.4271	36.6	60
dDocent_Contig_2404	1	287	47	286	99.6516	20.9059	36.1	59.7
dDocent_Contig_2406	1	343	101	343	100	43.2886	36.4	60
dDocent_Contig_2408	1	444	89	348	78.3784	29.7658	36.6	60
dDocent_Contig_2409	1	439	267	358	81.549	78.1093	35.9	60
dDocent_Contig_2410	1	449	31	323	71.9376	9.27617	36.7	60
dDocent_Contig_2411	1	358	72	356	99.4413	29.1006	36.2	60
dDocent_Contig_2413	1	515	75	506	98.2524	21.4233	36.5	60
dDocent_Contig_2414	1	350	64	345	98.5714	25.1029	36.6	60
dDocent_Contig_2418	1	386	34	372	96.3731	12.3394	36.7	60
dDocent_Contig_2420	1	326	62	314	96.319	25.4847	36.4	60
dDocent_Contig_2424	1	246	49	245	99.5935	27.6301	35.8	60
dDocent_Contig_2426	1	544	48	496	91.1765	12.5625	36.6	60
dDocent_Contig_2427	1	214	2	106	49.5327	0.990654	36.8	22
dDocent_Contig_2428	1	510	68	466	91.3725	18.5706	36.5	49.9
dDocent_Contig_2429	1	288	69	287	99.6528	32.8993	36.2	60
dDocent_Contig_2430	1	232	14	230	99.1379	8.22414	36.7	60
dDocent_Contig_2432	1	505	364	504	99.802	99.1525	36.1	58.8
dDocent_Contig_2433	1	304	60	303	99.6711	28.5164	36.6	58.1
dDocent_Contig_2436	1	456	29	387	84.8684	8.75	36.4	60
dDocent_Contig_2437	1	444	100	356	80.1802	32.1892	36.7	60
dDocent_Contig_2438	1	263	27	237	90.1141	15.0038	36.6	60
dDocent_Contig_2441	1	200	29	199	99.5	19.81	36.4	60
dDocent_Contig_2444	1	296	150	295	99.6622	72.8818	36.3	60
dDocent_Contig_2445	1	283	27	279	98.5866	13.583	36.7	60
dDocent_Contig_2447	1	361	7	279	77.2853	2.19391	35.9	60
dDocent_Contig_2449	1	331	44	282	85.1964	19.1148	36.2	60
dDocent_Contig_2450	1	273	10	190	69.5971	5.28571	36.5	60
dDocent_Contig_2451	1	361	76	340	94.1828	30.3102	36.4	60
dDocent_Contig_2453	1	276	31	274	99.2754	15.5833	36.8	60
dDocent_Contig_2455	1	373	16	250	67.0241	5.82574	35.7	60
dDocent_Contig_2456	1	359	49	288	80.2228	19.3538	36.4	60
dDocent_Contig_2457	1	280	106	278	99.2857	54.5929	36.5	60
dDocent_Contig_2459	1	287	118	286	99.6516	60	36.3	60
dDocent_Contig_2461	1	567	299	526	92.769	75.6155	36.3	59.4
dDocent_Contig_2464	1	352	67	352	100	27.0682	36.5	60
dDocent_Contig_2465	1	402	38	387	96.2687	13.4876	36.3	60
dDocent_Contig_2468	1	368	118	298	80.9783	45.9429	36.4	60
dDocent_Contig_2470	1	440	124	439	99.7727	40.7114	36.1	60
dDocent_Contig_2473	1	333	24	292	87.6877	10.003	35.6	60
dDocent_Contig_2475	1	392	11	269	68.6224	3.90816	36.8	60
dDocent_Contig_2477	1	382	180	330	86.3874	67.0052	36.5	59.5
dDocent_Contig_2478	1	489	47	263	53.7832	13.4151	35.8	60
dDocent_Contig_2482	1	397	139	350	88.1612	51.5113	36.6	60
dDocent_Contig_2483	1	365	19	282	77.2603	7.55616	36.6	60
dDocent_Contig_2485	1	546	162	440	80.5861	42.5788	36.4	60
dDocent_Contig_2487	1	424	54	337	79.4811	17.0165	36.3	60
dDocent_Contig_2489	1	369	35	359	97.29	13.5908	36.6	60
dDocent_Contig_2490	1	364	18	220	60.4396	7.08242	35.5	60
dDocent_Contig_2491	1	365	79	329	90.137	31.1151	36.5	60
dDocent_Contig_2492	1	304	18	302	99.3421	8.32566	36.5	60
dDocent_Contig_2497	1	384	72	382	99.4792	27.1849	36.6	60
dDocent_Contig_2501	1	348	6	275	79.023	1.94828	36.6	60
dDocent_Contig_2503	1	251	69	251	100	39.2669	36.3	60
dDocent_Contig_2508	1	415	47	258	62.1687	15.759	36.6	60
dDocent_Contig_2509	1	547	68	345	63.0713	17.521	36.3	60
dDocent_Contig_2511	1	405	101	389	96.0494	36.079	36.3	60
dDocent_Contig_2513	1	313	41	264	84.345	18.6198	35.9	60
dDocent_Contig_2514	1	296	59	295	99.6622	29.0878	36.4	60
dDocent_Contig_2515	1	489	129	359	73.4151	37.3661	36.3	60
dDocent_Contig_2519	1	262	49	261	99.6183	26.2405	36.4	60
dDocent_Contig_2521	1	466	19	246	52.7897	5.54721	36.6	60
dDocent_Contig_2522	1	561	82	398	70.9447	21.0588	35.7	60
dDocent_Contig_2523	1	324	5	138	42.5926	2.03086	36.8	60
dDocent_Contig_2526	1	510	49	333	65.2941	13.602	36.5	60
dDocent_Contig_2527	1	356	39	318	89.3258	15.4747	36.1	60
dDocent_Contig_2530	1	474	25	442	93.2489	7.01266	36.1	60
dDocent_Contig_2532	1	511	60	438	85.7143	16.7926	36.5	60
dDocent_Contig_2535	1	433	47	414	95.612	15.6236	36.3	60
dDocent_Contig_2540	1	388	56	322	82.9897	19.9536	36.3	60
dDocent_Contig_2542	1	313	34	311	99.361	15.1949	36	59.8
dDocent_Contig_2544	1	356	82	355	99.7191	33.5337	36.4	60
dDocent_Contig_2545	1	395	62	393	99.4937	22.2101	36.3	60
dDocent_Contig_2547	1	338	126	215	63.6095	51.0917	36.4	60
dDocent_Contig_2548	1	288	39	287	99.6528	18.5938	36.3	60
dDocent_Contig_2550	1	214	15	176	82.243	8.64953	35.5	51.1
dDocent_Contig_2554	1	344	14	239	69.4767	5.89826	36.4	60
dDocent_Contig_2555	1	429	24	362	84.3823	7.63403	36.6	60
dDocent_Contig_2557	1	561	95	534	95.1872	23.8645	36.3	60
dDocent_Contig_2558	1	232	1	150	64.6552	0.646552	36.9	60
dDocent_Contig_2559	1	322	20	264	81.9876	8.82298	36.8	60
dDocent_Contig_2560	1	490	22	426	86.9388	6.48163	36.7	59
dDocent_Contig_2562	1	495	11	321	64.8485	2.71717	35.8	60
dDocent_Contig_2563	1	187	4	170	90.9091	3.1016	36.9	60
dDocent_Contig_2564	1	288	97	288	100	48.7951	36.4	60
dDocent_Contig_2567	1	538	6	315	58.5502	1.51487	36.7	60
dDocent_Contig_2568	1	331	79	329	99.3958	33.7946	36.1	60
dDocent_Contig_2570	1	453	50	322	71.0817	15.8079	36.5	60
dDocent_Contig_2571	1	556	22	543	97.6619	5.07194	36.6	59
dDocent_Contig_2572	1	351	20	315	89.7436	8.23077	36.6	60
dDocent_Contig_2573	1	266	14	165	62.0301	7.07143	36.8	60
dDocent_Contig_2574	1	270	10	255	94.4444	4.76667	35.8	60
dDocent_Contig_2576	1	309	74	307	99.3528	34.8091	36.2	60
dDocent_Contig_2580	1	458	117	444	96.9432	36.3668	35.5	60
dDocent_Contig_2583	1	250	1	130	52	0.52	37	60
dDocent_Contig_2585	1	329	241	328	99.696	105.55	35.7	60
dDocent_Contig_2586	1	517	54	348	67.3114	14.9691	36.3	60
dDocent_Contig_2587	1	387	149	376	97.1576	54.4186	35.2	60
dDocent_Contig_2591	1	304	54	217	71.3816	25.5263	36.6	60
dDocent_Contig_2592	1	584	383	528	90.411	94.1318	36.3	60
dDocent_Contig_2593	1	358	108	353	98.6034	43.9274	36.7	60
dDocent_Contig_2600	1	425	9	317	74.5882	2.72471	34.8	60
dDocent_Contig_2601	1	355	98	335	94.3662	39.0535	36.5	60
dDocent_Contig_2602	1	520	140	508	97.6923	37.9231	36.1	60
dDocent_Contig_2603	1	233	92	222	95.279	56.1159	36.6	60
dDocent_Contig_2605	1	532	39	451	84.7744	10.468	36.2	60
dDocent_Contig_2606	1	355	157	348	98.0282	64.1803	36.2	60
dDocent_Contig_2607	1	431	2	116	26.9142	0.538283	36.7	60
dDocent_Contig_2608	1	511	4	355	69.4716	1.06849	36.5	60
dDocent_Contig_2609	1	219	4	164	74.8858	2.15525	36.8	60
dDocent_Contig_2610	1	369	16	317	85.9079	5.66125	36.6	60
dDocent_Contig_2615	1	270	39	270	100	20.6778	36.3	60
dDocent_Contig_2616	1	592	31	356	60.1351	7.51689	36.7	60
dDocent_Contig_2620	1	399	87	365	91.4787	31.2857	36.3	60
dDocent_Contig_2621	1	371	61	340	91.6442	22.9003	36.3	60
dDocent_Contig_2622	1	373	2	267	71.5818	0.77748	36.9	60
dDocent_Contig_2627	1	318	22	251	78.9308	9.24214	36.7	60
dDocent_Contig_2628	1	437	12	208	47.5973	3.59497	36.8	60
dDocent_Contig_2630	1	226	13	225	99.5575	8.43363	35.3	60
dDocent_Contig_2631	1	321	13	232	72.2741	5.75389	35.9	60
dDocent_Contig_2632	1	339	50	336	99.115	21.5162	36.6	60
dDocent_Contig_2634	1	444	43	275	61.9369	13.7703	36.5	60
dDocent_Contig_2635	1	257	17	250	97.2763	8.94163	36.3	60
dDocent_Contig_2639	1	314	12	273	86.9427	5.7293	36.7	60
dDocent_Contig_2644	1	389	92	382	98.2005	33.2005	36.7	60
dDocent_Contig_2645	1	321	37	265	82.5545	16.1682	36.6	60
dDocent_Contig_2648	1	337	110	337	100	45.4243	36.3	60
dDocent_Contig_2654	1	276	9	182	65.942	4.26812	36.2	60
dDocent_Contig_2655	1	406	51	348	85.7143	17.9187	36.7	60
dDocent_Contig_2657	1	256	106	256	100	58.7344	36.5	60
dDocent_Contig_2658	1	451	6	350	77.6053	1.86696	36.6	60
dDocent_Contig_2660	1	474	63	460	97.0464	18.7405	36.4	60
dDocent_Contig_2663	1	263	14	192	73.0038	7.53612	36.1	60
dDocent_Contig_2664	1	467	55	325	69.5931	17.0964	36.6	60
dDocent_Contig_2667	1	390	43	323	82.8205	15.7923	36.5	60
dDocent_Contig_2668	1	478	97	396	82.8452	28.318	36.4	60
dDocent_Contig_2669	1	335	6	247	73.7313	2.52239	36.7	60
dDocent_Contig_2671	1	261	235	259	99.2337	122.471	36.3	56.9
dDocent_Contig_2677	1	233	116	233	100	70.7039	36.4	60
dDocent_Contig_2678	1	300	32	298	99.3333	15.0733	36.6	60
dDocent_Contig_2680	1	354	6	312	88.1356	2.5339	36.5	60
dDocent_Contig_2681	1	405	45	404	99.7531	15.242	36.7	60
dDocent_Contig_2683	1	331	81	330	99.6979	34.6526	36.5	60
dDocent_Contig_2685	1	430	9	350	81.3953	2.80698	35.8	60
dDocent_Contig_2686	1	476	130	324	68.0672	39.1555	36.2	60
dDocent_Contig_2687	1	251	62	247	98.4064	35.5219	36.6	60
dDocent_Contig_2694	1	510	222	476	93.3333	59.4686	36.5	55.4
dDocent_Contig_2696	1	432	162	413	95.6019	54.2431	36.4	60
dDocent_Contig_2698	1	241	38	219	90.8714	22.3485	36.7	60
dDocent_Contig_2699	1	448	61	401	89.5089	18.3103	36	59.4
dDocent_Contig_2700	1	400	2	203	50.75	0.75	35.3	60
dDocent_Contig_2701	1	282	103	281	99.6454	51.2092	36.5	60
dDocent_Contig_2702	1	363	46	353	97.2452	17.405	36.4	57.5
dDocent_Contig_2703	1	342	42	341	99.7076	15.8012	36.4	56.6
dDocent_Contig_2704	1	338	375	336	99.4083	152.497	36.3	58.6
dDocent_Contig_2705	1	249	20	246	98.7952	11.0803	36.1	60
dDocent_Contig_2713	1	507	95	339	66.8639	26.6351	36.3	60
dDocent_Contig_2714	1	361	29	337	93.3518	11.0803	36.7	60
dDocent_Contig_2716	1	393	165	391	99.4911	56.0941	35.3	60
dDocent_Contig_2719	1	261	32	260	99.6169	15.3985	36.2	59.3
dDocent_Contig_2723	1	372	204	359	96.5054	77.8575	36.5	60
dDocent_Contig_2725	1	353	2	133	37.6771	0.753541	37	60
dDocent_Contig_2727	1	501	87	499	99.6008	24.3074	36.6	58.7
dDocent_Contig_2730	1	369	6	208	56.3686	1.65312	36.8	60
dDocent_Contig_2731	1	467	83	402	86.0814	25.9636	36.7	60
dDocent_Contig_2736	1	581	4177	580	99.8279	944.002	35.2	60
dDocent_Contig_2740	1	534	9	358	67.0412	2.40449	36.6	60
dDocent_Contig_2744	1	359	37	354	98.6072	14.351	36.5	60
dDocent_Contig_2748	1	328	30	241	73.4756	12.3872	36.5	60
dDocent_Contig_2754	1	399	96	397	99.4987	32.4586	36.4	60
dDocent_Contig_2755	1	330	79	329	99.697	34.0576	36.2	60
dDocent_Contig_2756	1	376	29	294	78.1915	11.1356	36.5	60
dDocent_Contig_2758	1	344	87	332	96.5116	36.4738	36.5	60
dDocent_Contig_2762	1	331	40	310	93.6556	17.6284	36.5	60
dDocent_Contig_2763	1	234	72	234	100	40.9829	36.4	59.6
dDocent_Contig_2766	1	501	33	404	80.6387	9.5509	36.2	60
dDocent_Contig_2767	1	385	23	282	73.2468	8.44416	36.6	60
dDocent_Contig_2771	1	241	18	231	95.8506	10.083	35	60
dDocent_Contig_2772	1	397	72	328	82.6196	26.3577	36.3	60
dDocent_Contig_2774	1	330	21	323	97.8788	8.22424	36.1	60
dDocent_Contig_2775	1	237	72	237	100	43.4388	36.5	60
dDocent_Contig_2776	1	365	22	286	78.3562	8.51781	36.5	60
dDocent_Contig_2779	1	462	70	445	96.3203	21.6169	36.4	60
dDocent_Contig_2780	1	323	193	290	89.7833	86.5789	36.3	60
dDocent_Contig_2781	1	289	120	288	99.654	60.6713	36.3	60
dDocent_Contig_2783	1	455	68	378	83.0769	21.9429	36.6	60
dDocent_Contig_2788	1	348	60	336	96.5517	24.1839	36.2	60
dDocent_Contig_2792	1	275	7	205	74.5455	3.50182	36.2	60
dDocent_Contig_2801	1	266	8	249	93.609	4.39098	36.7	60
dDocent_Contig_2802	1	210	131	208	99.0476	89.4333	36.4	60
dDocent_Contig_2804	1	306	2	150	49.0196	0.980392	36.7	60
dDocent_Contig_2805	1	315	25	265	84.127	11.1238	36.8	60
dDocent_Contig_2818	1	585	62	370	63.2479	15.2615	36.4	60
dDocent_Contig_2819	1	384	20	343	89.3229	7.35938	36.8	60
dDocent_Contig_2820	1	237	37	237	100	21.1983	36.4	60
dDocent_Contig_2823	1	305	17	266	87.2131	7.21311	36.6	60
dDocent_Contig_2828	1	370	73	331	89.4595	27.6486	36.4	60
dDocent_Contig_2830	1	297	5	174	58.5859	2.10438	35.7	42.6
dDocent_Contig_2831	1	498	65	445	89.3574	18.5221	36.5	60
dDocent_Contig_2833	1	565	219	562	99.469	54.0053	36.1	60
dDocent_Contig_2836	1	265	13	226	85.283	7.35849	35.8	60
dDocent_Contig_2839	1	454	151	451	99.3392	48.1035	36.4	60
dDocent_Contig_2840	1	400	42	301	75.25	14.0075	36	60
dDocent_Contig_2843	1	312	22	255	81.7308	10.1218	36.5	60
dDocent_Contig_2844	1	364	69	348	95.6044	27.3407	36.7	60
dDocent_Contig_2845	1	171	18	170	99.4152	13.9649	36.7	60
dDocent_Contig_2846	1	433	31	390	90.0693	10.097	36.5	60
dDocent_Contig_2848	1	191	47	190	99.4764	34.2147	36.6	60
dDocent_Contig_2849	1	398	48	392	98.4925	17.1457	36.5	60
dDocent_Contig_2852	1	212	14	194	91.5094	9.08019	36.9	60
dDocent_Contig_2853	1	322	17	292	90.6832	7.42857	36.8	60
dDocent_Contig_2855	1	252	3	157	62.3016	1.60714	36.7	60
dDocent_Contig_2860	1	529	569	528	99.811	156.529	36.6	59.8
dDocent_Contig_2863	1	340	135	300	88.2353	58.4941	36.7	60
dDocent_Contig_2864	1	325	171	307	94.4615	74.8615	36.4	54.4
dDocent_Contig_2869	1	378	10	308	81.4815	3.59259	36.7	60
dDocent_Contig_2875	1	309	4	227	73.4628	1.74757	36.3	60
dDocent_Contig_2877	1	375	9	373	99.4667	3.136	35.5	60
dDocent_Contig_2878	1	337	2	130	38.5757	0.771513	36.5	60
dDocent_Contig_2879	1	328	22	327	99.6951	9.15549	36.4	60
dDocent_Contig_2883	1	314	9	162	51.5924	3.64968	36.7	60
dDocent_Contig_2885	1	353	92	352	99.7167	36.83	36.5	60
dDocent_Contig_2888	1	360	53	322	89.4444	21.1361	36.2	60
dDocent_Contig_2890	1	565	442	564	99.823	113.228	36.6	60
dDocent_Contig_2891	1	340	15	277	81.4706	5.79706	34.9	60
dDocent_Contig_2894	1	364	10	209	57.4176	3.98626	36.8	60
dDocent_Contig_2897	1	451	33	241	53.4368	10.4834	36.8	60
dDocent_Contig_2898	1	558	105	540	96.7742	27.0161	36.5	60
dDocent_Contig_2900	1	251	4	185	73.7052	2.21514	36.8	60
dDocent_Contig_2909	1	540	7	431	79.8148	1.81296	36.2	60
dDocent_Contig_2910	1	404	43	266	65.8416	15.0891	36.6	60
dDocent_Contig_2913	1	348	52	238	68.3908	20.7989	36.2	60
dDocent_Contig_2915	1	330	23	232	70.303	9.95152	36.8	60
dDocent_Contig_2916	1	348	46	312	89.6552	19.0374	36.2	60
dDocent_Contig_2917	1	386	108	358	92.7461	40.4301	36.4	60
dDocent_Contig_2921	1	356	2	116	32.5843	0.651685	37	60
dDocent_Contig_2923	1	263	1	133	50.5703	0.505703	35.4	60
dDocent_Contig_2926	1	474	239	351	74.0506	65.9873	36.4	57.8
dDocent_Contig_2927	1	560	2151	555	99.1071	522.718	36.4	45.3
dDocent_Contig_2928	1	223	19	219	98.2063	12.0045	35.5	59.9
dDocent_Contig_2931	1	342	79	340	99.4152	32.845	36.2	60
dDocent_Contig_2933	1	473	193	461	97.463	54.0761	36.3	57.1
dDocent_Contig_2936	1	409	32	263	64.3032	11.423	36.7	60
dDocent_Contig_2941	1	533	22	438	82.1764	5.8818	36.7	60
dDocent_Contig_2942	1	446	63	313	70.1794	20.574	36.2	60
dDocent_Contig_2943	1	353	13	210	59.4901	5.26912	36.7	60
dDocent_Contig_2947	1	351	33	327	93.1624	13.5897	36.7	60
dDocent_Contig_2950	1	443	58	405	91.4221	19.1242	36.2	60
dDocent_Contig_2954	1	302	56	291	96.3576	26.6258	36.3	60
dDocent_Contig_2955	1	438	52	332	75.7991	17.1895	36.5	60
dDocent_Contig_2960	1	498	13	384	77.1084	3.26305	36.4	60
dDocent_Contig_2962	1	241	40	241	100	20.0664	35.2	57.8
dDocent_Contig_2964	1	385	128	355	92.2078	47.639	36.3	60
dDocent_Contig_2965	1	387	58	327	84.4961	21.062	36.3	60
dDocent_Contig_2967	1	352	61	283	80.3977	24.1165	36.3	60
dDocent_Contig_2969	1	345	90	297	86.087	35.858	35.5	60
dDocent_Contig_2970	1	587	38	444	75.6388	9.22828	36.4	60
dDocent_Contig_2971	1	468	37	323	69.0171	11.4316	36.5	60
dDocent_Contig_2972	1	329	65	310	94.2249	27.997	36.6	60
dDocent_Contig_2974	1	291	2	277	95.189	0.986254	36.3	60
dDocent_Contig_2975	1	296	4	189	63.8514	1.67568	36.5	60
dDocent_Contig_2976	1	251	8	204	81.2749	4.24303	36	60
dDocent_Contig_2977	1	366	63	321	87.7049	24.888	36.5	60
dDocent_Contig_2983	1	206	51	205	99.5146	35.3544	36.2	60
dDocent_Contig_2984	1	320	31	270	84.375	13.9812	36.3	60
dDocent_Contig_2985	1	417	100	411	98.5612	33.8897	36.3	60
dDocent_Contig_2989	1	380	11	222	58.4211	2.62895	36	60
dDocent_Contig_2990	1	262	32	251	95.8015	17.6641	36.4	60
dDocent_Contig_2993	1	265	15	262	98.8679	7.68679	36.3	60
dDocent_Contig_2994	1	398	123	335	84.1709	45.6181	36.3	60
dDocent_Contig_3003	1	398	856	398	100	247.43	35.7	41.4
dDocent_Contig_3007	1	338	22	334	98.8166	9.51479	35.8	60
dDocent_Contig_3011	1	441	13	347	78.6848	4.18141	36.9	60
dDocent_Contig_3013	1	458	2	92	20.0873	0.401747	36.5	60
dDocent_Contig_3014	1	433	28	309	71.3626	9.25866	36.4	60
dDocent_Contig_3018	1	423	30	421	99.5272	10.1017	36	60
dDocent_Contig_3019	1	232	37	218	93.9655	21.9612	36.4	60
dDocent_Contig_3021	1	442	71	359	81.2217	23.0498	36.3	60
dDocent_Contig_3022	1	267	29	265	99.2509	15.367	36.3	60
dDocent_Contig_3026	1	419	7	317	75.6563	2.36993	36.8	60
dDocent_Contig_3027	1	406	43	324	79.803	14.9975	36.7	59.4
dDocent_Contig_3028	1	461	399	460	99.7831	100.92	36.2	59.7
dDocent_Contig_3029	1	265	18	218	82.2642	9.48302	36.3	60
dDocent_Contig_3031	1	309	35	308	99.6764	16.4175	36.5	60
dDocent_Contig_3032	1	247	6	221	89.4737	3.12955	36.6	60
dDocent_Contig_3034	1	278	45	270	97.1223	23.518	36.2	60
dDocent_Contig_3036	1	268	4	195	72.7612	2.16045	36.5	60
dDocent_Contig_3040	1	494	56	460	93.1174	16.1316	36.7	60
dDocent_Contig_3042	1	277	132	276	99.639	69.1011	36.3	60
dDocent_Contig_3046	1	302	34	301	99.6689	15.2053	36.3	60
dDocent_Contig_3048	1	403	62	356	88.3375	21.804	36.7	60
dDocent_Contig_3051	1	537	28	365	67.9702	7.42644	36.3	60
dDocent_Contig_3053	1	406	40	404	99.5074	13.9064	36.3	60
dDocent_Contig_3060	1	352	206	351	99.7159	82.2443	35.9	60
dDocent_Contig_3065	1	333	61	306	91.8919	26.012	36	60
dDocent_Contig_3066	1	367	36	244	66.485	13.4605	36.2	60
dDocent_Contig_3067	1	292	541	225	77.0548	266.647	36.5	60
dDocent_Contig_3069	1	398	18	363	91.206	6.49246	36.5	60
dDocent_Contig_3070	1	294	59	281	95.5782	28.2245	36.6	60
dDocent_Contig_3071	1	210	95	209	99.5238	64.381	36.6	60
dDocent_Contig_3072	1	422	77	307	72.7488	26.2014	36.3	60
dDocent_Contig_3074	1	432	11	208	48.1481	3.1713	35.6	60
dDocent_Contig_3075	1	450	86	421	93.5556	27.5111	36.5	60
dDocent_Contig_3078	1	317	50	317	100	23.2271	36.4	60
dDocent_Contig_3083	1	442	78	440	99.5475	24.9955	36.2	60
dDocent_Contig_3085	1	376	86	295	78.4574	32.8511	36.5	60
dDocent_Contig_3092	1	167	14	166	99.4012	10.6467	36.3	60
dDocent_Contig_3093	1	277	5	255	92.0578	2.3213	36.8	60
dDocent_Contig_3096	1	273	10	136	49.8168	3.98901	36.7	60
dDocent_Contig_3101	1	318	63	279	87.7358	28.0975	36.6	60
dDocent_Contig_3102	1	285	11	217	76.1404	5.32281	36.8	60
dDocent_Contig_3103	1	427	39	425	99.5316	13.4614	36.3	59.6
dDocent_Contig_3105	1	391	116	390	99.7442	42.2046	36.2	60
dDocent_Contig_3110	1	393	36	309	78.626	13.6158	36.7	60
dDocent_Contig_3113	1	323	43	285	88.2353	17.5232	36.3	60
dDocent_Contig_3115	1	537	20	535	99.6276	4.88268	36.7	59.5
dDocent_Contig_3117	1	267	48	264	98.8764	25.8876	36.5	60
dDocent_Contig_3118	1	266	40	260	97.7444	22.1917	36.6	60
dDocent_Contig_3119	1	467	65	408	87.3662	20.0664	36.2	60
dDocent_Contig_3132	1	577	208	577	100	48.9376	36.4	58.5
dDocent_Contig_3139	1	592	87	458	77.3649	21.0828	36.4	60
dDocent_Contig_3140	1	357	17	249	69.7479	6.90196	34.8	60
dDocent_Contig_3142	1	331	25	331	100	11.0544	36.6	60
dDocent_Contig_3143	1	262	132	260	99.2366	71.958	36.4	60
dDocent_Contig_3146	1	336	17	276	82.1429	6.69048	35.8	60
dDocent_Contig_3147	1	267	49	266	99.6255	23.1648	36.5	56.1
dDocent_Contig_3148	1	499	126	490	98.1964	36.1263	36.6	60
dDocent_Contig_3150	1	566	15	304	53.7102	3.73145	36.5	60
dDocent_Contig_3152	1	430	128	428	99.5349	42.1419	35.8	60
dDocent_Contig_3157	1	428	14	266	62.1495	4.67991	36.8	60
dDocent_Contig_3158	1	355	104	354	99.7183	42.3577	36.6	60
dDocent_Contig_3162	1	275	63	273	99.2727	32.2509	35.8	60
dDocent_Contig_3165	1	467	8	212	45.3961	2.46253	36.7	60
dDocent_Contig_3168	1	328	79	273	83.2317	33.6006	36.4	60
dDocent_Contig_3172	1	417	23	350	83.9329	7.90647	36.6	60
dDocent_Contig_3176	1	397	68	395	99.4962	24.4156	36.6	59.1
dDocent_Contig_3177	1	522	4	115	22.0307	0.881226	36.2	60
dDocent_Contig_3178	1	540	85	530	98.1481	22.1815	36.7	60
dDocent_Contig_3180	1	555	291	553	99.6396	75.3045	36.3	60
dDocent_Contig_3181	1	389	22	289	74.2931	7.96658	36.6	60
dDocent_Contig_3182	1	405	14	298	73.5802	4.59506	36.6	60
dDocent_Contig_3183	1	320	85	319	99.6875	38.0063	36	60
dDocent_Contig_3187	1	239	17	203	84.9372	10.2008	36.2	60
dDocent_Contig_3189	1	414	210	414	100	73.6377	36	60
dDocent_Contig_3190	1	265	63	264	99.6226	33.9623	36.6	60
dDocent_Contig_3194	1	493	440	492	99.7972	129.227	36.5	60
dDocent_Contig_3195	1	475	105	457	96.2105	31.4211	36.4	60
dDocent_Contig_3196	1	318	14	293	92.1384	6.47799	36.6	60
dDocent_Contig_3198	1	341	123	222	65.1026	52.0938	36.3	60
dDocent_Contig_3200	1	345	25	335	97.1014	9.82029	36.8	60
dDocent_Contig_3203	1	400	246	214	53.5	79.515	36.4	50.6
dDocent_Contig_3205	1	405	59	380	93.8272	20.2148	36.6	60
dDocent_Contig_3207	1	454	50	405	89.207	15.5242	36.3	60
dDocent_Contig_3208	1	403	25	401	99.5037	8.79653	36.5	60
dDocent_Contig_3211	1	515	68	377	73.2039	19.4078	36.4	60
dDocent_Contig_3213	1	293	319	293	100	154.334	36.4	60
dDocent_Contig_3214	1	256	53	256	100	26.6367	36.5	59.8
dDocent_Contig_3216	1	470	23	344	73.1915	6.88085	36.7	60
dDocent_Contig_3218	1	489	65	367	75.0511	18.7219	36.2	60
dDocent_Contig_3219	1	355	51	353	99.4366	20.938	36.4	60
dDocent_Contig_3224	1	342	63	336	98.2456	25.0731	36.6	59.9
dDocent_Contig_3230	1	356	13	345	96.9101	4.47472	36.4	60
dDocent_Contig_3235	1	316	13	206	65.1899	5.62975	36.5	60
dDocent_Contig_3236	1	467	23	399	85.439	7.00428	36.4	60
dDocent_Contig_3241	1	334	48	332	99.4012	20.4401	36.3	60
dDocent_Contig_3242	1	282	19	159	56.383	8.88652	36.3	60
dDocent_Contig_3243	1	489	2	147	30.0613	0.601227	36.9	60
dDocent_Contig_3244	1	515	65	514	99.8058	17.9961	36.2	60
dDocent_Contig_3246	1	453	385	452	99.7792	123.124	36.2	60
dDocent_Contig_3249	1	390	132	339	86.9231	48.4077	36.3	60
dDocent_Contig_3253	1	348	75	347	99.7126	31.1983	36.4	60
dDocent_Contig_3255	1	352	17	324	92.0455	6.22727	36.6	47.8
dDocent_Contig_3256	1	352	38	323	91.7614	15.2074	36.7	60
dDocent_Contig_3257	1	576	39	372	64.5833	9.63889	36.6	60
dDocent_Contig_3258	1	356	81	355	99.7191	33.618	36.4	60
dDocent_Contig_3259	1	332	57	259	78.012	24.2741	36.3	60
dDocent_Contig_3261	1	514	70	491	95.5253	19.7704	36.5	60
dDocent_Contig_3262	1	452	211	446	98.6726	67.3739	36.5	60
dDocent_Contig_3263	1	445	54	351	78.8764	17.2539	36.7	60
dDocent_Contig_3266	1	401	116	395	98.5037	41.7581	36.3	60
dDocent_Contig_3267	1	353	126	351	99.4334	52.0453	36.3	60
dDocent_Contig_3268	1	372	38	246	66.129	14.4785	36.3	60
dDocent_Contig_3271	1	447	61	335	74.9441	19.0045	36.3	60
dDocent_Contig_3273	1	400	843	386	96.5	299.38	36.3	60
dDocent_Contig_3276	1	594	39	490	82.4916	9.17677	35.8	60
dDocent_Contig_3277	1	277	39	277	100	19.8628	35.7	60
dDocent_Contig_3279	1	390	46	389	99.7436	16.7128	36.5	60
dDocent_Contig_3281	1	346	98	313	90.4624	40.9624	36.5	60
dDocent_Contig_3282	1	307	101	306	99.6743	46.4137	36.5	60
dDocent_Contig_3284	1	465	39	267	57.4194	12.1849	36.5	60
dDocent_Contig_3285	1	351	33	330	94.0171	13.4815	35.9	60
dDocent_Contig_3287	1	394	27	346	87.8173	9.86294	36.6	60
dDocent_Contig_3289	1	360	61	334	92.7778	24.3389	36	60
dDocent_Contig_3292	1	370	72	342	92.4324	27.3243	36.4	59
dDocent_Contig_3293	1	296	88	295	99.6622	43.1554	36.6	60
dDocent_Contig_3295	1	507	47	378	74.5562	13.3925	36.6	60
dDocent_Contig_3296	1	380	85	379	99.7368	31.5184	36.5	60
dDocent_Contig_3300	1	475	32	296	62.3158	9.79368	36.5	60
dDocent_Contig_3305	1	425	12	388	91.2941	3.96941	36.7	60
dDocent_Contig_3309	1	285	87	284	99.6491	42.6386	35.7	60
dDocent_Contig_3312	1	172	7	171	99.4186	5.82558	36.5	60
dDocent_Contig_3315	1	343	34	311	90.6706	13.793	36.5	60
dDocent_Contig_3316	1	402	86	381	94.7761	30.6119	36.3	60
dDocent_Contig_3318	1	239	51	236	98.7448	29.7155	36.2	60
dDocent_Contig_3319	1	254	3	159	62.5984	1.50787	36.7	60
dDocent_Contig_3323	1	396	44	387	97.7273	15.7601	36.7	60
dDocent_Contig_3325	1	425	38	387	91.0588	13.0494	36.4	60
dDocent_Contig_3327	1	312	68	312	100	30.5288	36.5	60
dDocent_Contig_3328	1	437	207	403	92.2197	63.1831	36.2	43.1
dDocent_Contig_3329	1	310	4	221	71.2903	1.83226	36.6	60
dDocent_Contig_3336	1	439	126	425	96.8109	41.5011	36.4	60
dDocent_Contig_3337	1	292	37	246	84.2466	17.7568	36.6	60
dDocent_Contig_3338	1	385	64	340	88.3117	24.0364	36.4	60
dDocent_Contig_3340	1	415	21	375	90.3614	7.03855	36.2	60
dDocent_Contig_3341	1	380	83	365	96.0526	30.5079	36.6	60
dDocent_Contig_3346	1	480	106	479	99.7917	30.7188	36	60
dDocent_Contig_3348	1	292	30	276	94.5205	14.6473	36.2	57.1
dDocent_Contig_3349	1	218	88	217	99.5413	56.6193	36.3	60
dDocent_Contig_3351	1	296	11	254	85.8108	5.57095	36.1	60
dDocent_Contig_3353	1	565	3	167	29.5575	0.700885	36.9	60
dDocent_Contig_3356	1	508	17	507	99.8031	4.95079	36.7	60
dDocent_Contig_3361	1	299	64	233	77.9264	30.5017	36.4	60
dDocent_Contig_3363	1	410	79	368	89.7561	27.3488	36.4	59.2
dDocent_Contig_3364	1	261	18	235	90.0383	9.3908	36.8	60
dDocent_Contig_3367	1	350	15	246	70.2857	6.04286	36.6	60
dDocent_Contig_3368	1	526	93	474	90.1141	25.2985	36.6	60
dDocent_Contig_3369	1	273	61	272	99.6337	32.2967	36.1	60
dDocent_Contig_3370	1	329	3	257	78.1155	1.10638	36.7	60
dDocent_Contig_3373	1	304	85	303	99.6711	40.1414	36.5	60
dDocent_Contig_3374	1	422	4	294	69.6682	1.39573	36.8	60
dDocent_Contig_3375	1	339	17	319	94.1003	7.33038	36.5	60
dDocent_Contig_3379	1	399	147	398	99.7494	52.1654	36.6	60
dDocent_Contig_3381	1	341	32	307	90.0293	13.6305	36.1	60
dDocent_Contig_3382	1	265	21	241	90.9434	10.9774	36.4	60
dDocent_Contig_3383	1	387	27	273	70.5426	9.70543	36.4	60
dDocent_Contig_3384	1	482	30	352	73.029	8.10788	36.3	60
dDocent_Contig_3385	1	327	29	326	99.6942	12.1682	36.7	60
dDocent_Contig_3387	1	309	13	209	67.6375	5.26214	35.9	50.8
dDocent_Contig_3388	1	529	610	529	100	166.758	36.3	59.7
dDocent_Contig_3389	1	363	24	327	90.0826	9.39669	36.7	60
dDocent_Contig_3392	1	329	27	302	91.7933	11.6717	36.8	60
dDocent_Contig_3394	1	336	23	320	95.2381	9.83036	36.6	60
dDocent_Contig_3395	1	264	81	263	99.6212	43.4697	36.4	60
dDocent_Contig_3398	1	449	133	448	99.7773	43.3385	36.4	60
dDocent_Contig_3400	1	310	28	309	99.6774	12.3806	36.6	60
dDocent_Contig_3401	1	247	12	247	100	6.53441	35.5	60
dDocent_Contig_3402	1	514	87	431	83.8521	24.3346	36.3	60
dDocent_Contig_3403	1	364	154	363	99.7253	61.294	36.4	60
dDocent_Contig_3404	1	235	16	189	80.4255	9.19149	35.4	60
dDocent_Contig_3405	1	255	23	253	99.2157	12.8353	35.9	60
dDocent_Contig_3408	1	434	5	180	41.4747	1.58756	36.9	60
dDocent_Contig_3412	1	340	21	316	92.9412	8.41471	36.1	60
dDocent_Contig_3416	1	301	2	105	34.8837	0.607973	35.3	34
dDocent_Contig_3417	1	525	34	305	58.0952	9.2781	36.5	60
dDocent_Contig_3419	1	230	30	230	100	18.9217	36.7	60
dDocent_Contig_3423	1	420	50	277	65.9524	16.8452	36	59.6
dDocent_Contig_3425	1	480	58	478	99.5833	17.0208	35.9	60
dDocent_Contig_3426	1	286	10	265	92.6573	5.08042	36.5	60
dDocent_Contig_3428	1	452	85	376	83.1858	27.4027	36.2	60
dDocent_Contig_3430	1	361	70	360	99.723	27.4404	36.5	60
dDocent_Contig_3431	1	376	48	375	99.734	18.4309	36.3	60
dDocent_Contig_3432	1	503	71	445	88.4692	20.3221	36.2	60
dDocent_Contig_3434	1	352	203	352	100	83.892	36.4	60
dDocent_Contig_3435	1	544	47	342	62.8676	12.2114	36.8	60
dDocent_Contig_3436	1	308	79	307	99.6753	36.5974	36.6	60
dDocent_Contig_3437	1	253	109	252	99.6047	61.8261	36.6	60
dDocent_Contig_3438	1	234	45	233	99.5726	27.2564	36.6	60
dDocent_Contig_3439	1	573	173	573	100	42.9756	36.5	60
dDocent_Contig_3442	1	418	15	272	65.0718	5.08852	36.7	60
dDocent_Contig_3443	1	381	86	366	96.063	32.4436	36.3	60
dDocent_Contig_3444	1	436	124	382	87.6147	40.133	36.3	60
dDocent_Contig_3446	1	254	87	247	97.2441	48.3071	36.5	60
dDocent_Contig_3447	1	488	128	412	84.4262	36.7992	36.7	60
dDocent_Contig_3448	1	515	9	361	70.0971	2.19029	35.8	60
dDocent_Contig_3452	1	293	16	291	99.3174	7.63481	36.6	60
dDocent_Contig_3454	1	342	1	118	34.5029	0.345029	36.9	33
dDocent_Contig_3456	1	379	127	377	99.4723	48.628	36.6	60
dDocent_Contig_3457	1	310	139	287	92.5806	64.6645	36.4	60
dDocent_Contig_3462	1	283	40	280	98.9399	19.7915	36.4	60
dDocent_Contig_3464	1	531	789	530	99.8117	216.418	36.5	59.9
dDocent_Contig_3468	1	541	93	461	85.2126	24.427	36.2	59.7
dDocent_Contig_3473	1	235	14	231	98.2979	8.09362	36.3	60
dDocent_Contig_3474	1	386	7	353	91.4508	2.39896	36.4	60
dDocent_Contig_3475	1	400	75	369	92.25	26.8525	36.3	60
dDocent_Contig_3477	1	411	26	291	70.8029	8.88808	36.6	60
dDocent_Contig_3478	1	320	36	242	75.625	15.975	36.7	60
dDocent_Contig_3479	1	432	5	244	56.4815	1.28472	36.4	60
dDocent_Contig_3480	1	425	20	355	83.5294	6.6	36.6	60
dDocent_Contig_3483	1	496	26	415	83.6694	7.24798	36.5	60
dDocent_Contig_3487	1	439	129	348	79.2711	42.4487	36.4	60
dDocent_Contig_3489	1	363	52	313	86.2259	20.8843	36.4	60
dDocent_Contig_3491	1	268	12	267	99.6269	4.97388	35.6	60
dDocent_Contig_3492	1	369	183	368	99.729	71.4526	36.7	60
dDocent_Contig_3493	1	266	15	255	95.8647	7.45865	36.4	58.9
dDocent_Contig_3495	1	404	107	391	96.7822	35.4109	35	59.9
dDocent_Contig_3496	1	259	28	236	91.1197	15.4402	36.6	60
dDocent_Contig_3500	1	459	29	432	94.1176	9.04139	36.6	60
dDocent_Contig_3501	1	398	66	358	89.9497	24.2487	36.6	60
dDocent_Contig_3505	1	527	33	300	56.926	8.50474	35.9	60
dDocent_Contig_3509	1	420	21	284	67.619	6.67143	36.1	60
dDocent_Contig_3515	1	242	73	242	100	42.4711	36.6	60
dDocent_Contig_3518	1	463	47	386	83.3693	13.6717	36	60
dDocent_Contig_3519	1	388	35	218	56.1856	12.5954	36	60
dDocent_Contig_3524	1	545	129	430	78.8991	34.8275	36.5	60
dDocent_Contig_3526	1	543	112	441	81.2155	29.2634	35.9	60
dDocent_Contig_3529	1	214	1	96	44.8598	0.448598	36.9	60
dDocent_Contig_3530	1	401	118	389	97.0075	42.2394	36.7	60
dDocent_Contig_3531	1	339	15	337	99.41	5.82596	36.3	60
dDocent_Contig_3532	1	204	35	204	100	25.0637	36.9	60
dDocent_Contig_3533	1	354	82	349	98.5876	32.5395	36.7	60
dDocent_Contig_3535	1	277	66	274	98.917	34.5343	35.9	60
dDocent_Contig_3536	1	504	59	474	94.0476	16.9444	36.4	60
dDocent_Contig_3538	1	263	39	263	100	21.7186	36.5	60
dDocent_Contig_3540	1	489	83	405	82.8221	24.7301	36.4	60
dDocent_Contig_3542	1	597	130	487	81.5745	31.1843	36.5	60
dDocent_Contig_3545	1	275	44	209	76	22.0436	36.5	60
dDocent_Contig_3551	1	502	7	268	53.3865	2.01793	36.8	60
dDocent_Contig_3556	1	265	39	263	99.2453	20.5094	36.7	60
dDocent_Contig_3557	1	309	43	299	96.7638	20.3236	36.7	60
dDocent_Contig_3558	1	367	2	160	43.5967	0.817439	36.9	60
dDocent_Contig_3559	1	438	6	209	47.7169	1.83562	36.8	60
dDocent_Contig_3567	1	406	54	297	73.1527	18.8719	36.4	60
dDocent_Contig_3569	1	465	60	408	87.7419	18.0538	36.5	59.2
dDocent_Contig_3571	1	531	21	284	53.484	5.71751	36	60
dDocent_Contig_3572	1	243	29	239	98.3539	16.9218	36.5	60
dDocent_Contig_3573	1	438	56	417	95.2055	18.5616	36.1	60
dDocent_Contig_3578	1	366	4	215	58.7432	1.38798	36.7	60
dDocent_Contig_3582	1	521	48	372	71.4012	13.4415	36.1	60
dDocent_Contig_3585	1	357	74	357	100	29.2549	36.1	60
dDocent_Contig_3586	1	389	168	383	98.4576	61.6864	36.5	60
dDocent_Contig_3587	1	274	29	240	87.5912	14.3358	36.5	60
dDocent_Contig_3589	1	382	83	361	94.5026	30.7016	36.3	60
dDocent_Contig_3591	1	450	24	446	99.1111	7.18444	35.8	60
dDocent_Contig_3593	1	391	16	273	69.821	5.03581	36.3	60
dDocent_Contig_3594	1	526	13	441	83.8403	3.4981	35.8	60
dDocent_Contig_3596	1	269	90	263	97.7695	46.8848	36.2	60
dDocent_Contig_3598	1	299	77	298	99.6656	36.4716	36.7	60
dDocent_Contig_3601	1	326	96	321	98.4663	41.9325	36.4	60
dDocent_Contig_3604	1	290	95	289	99.6552	47.3276	36.2	60
dDocent_Contig_3608	1	470	36	387	82.3404	11.0277	35.9	60
dDocent_Contig_3610	1	586	15	462	78.8396	3.68259	36.7	60
dDocent_Contig_3612	1	461	70	357	77.4403	21.9176	36.2	60
dDocent_Contig_3616	1	408	112	312	76.4706	39.2843	36.2	60
dDocent_Contig_3617	1	306	41	286	93.4641	18.598	36.6	60
dDocent_Contig_3619	1	316	38	252	79.7468	17.4873	36.3	60
dDocent_Contig_3624	1	307	11	239	77.8502	4.98697	36.5	60
dDocent_Contig_3631	1	451	29	317	70.2882	9.41463	36.1	60
dDocent_Contig_3632	1	424	73	393	92.6887	23.908	35.9	60
dDocent_Contig_3633	1	326	49	316	96.9325	21.0337	36.5	60
dDocent_Contig_3639	1	322	55	296	91.9255	24.0124	36.4	60
dDocent_Contig_3640	1	316	34	315	99.6835	15.5222	36.4	60
dDocent_Contig_3643	1	400	9	359	89.75	3.14	36	60
dDocent_Contig_3644	1	357	33	273	76.4706	12.902	36.4	60
dDocent_Contig_3645	1	416	50	314	75.4808	17.149	36.6	60
dDocent_Contig_3646	1	414	111	414	100	37.9758	36.6	60
dDocent_Contig_3654	1	520	31	290	55.7692	6.53269	35.6	60
dDocent_Contig_3657	1	302	45	294	97.351	21.202	36.6	60
dDocent_Contig_3659	1	365	32	269	73.6986	12.0247	36	60
dDocent_Contig_3660	1	411	23	401	97.5669	7.6618	36.6	60
dDocent_Contig_3661	1	478	63	284	59.4142	18.8828	36.5	60
dDocent_Contig_3665	1	379	10	378	99.7361	3.81794	36.7	60
dDocent_Contig_3666	1	267	1	150	56.1798	0.561798	36.7	60
dDocent_Contig_3668	1	282	41	280	99.2908	20.9184	36.2	60
dDocent_Contig_3669	1	236	23	236	100	13.9534	36.4	60
dDocent_Contig_3671	1	396	55	366	92.4242	19.8081	36.5	60
dDocent_Contig_3672	1	314	10	250	79.6178	4.45223	36.8	60
dDocent_Contig_3677	1	435	52	372	85.5172	16.9126	36.3	60
dDocent_Contig_3682	1	422	4380	360	85.3081	1452.04	36.2	59.5
dDocent_Contig_3685	1	541	451	537	99.2606	109.211	36.4	58.1
dDocent_Contig_3689	1	399	6	174	43.609	2.08521	36.5	60
dDocent_Contig_3693	1	258	56	257	99.6124	31.3992	36.4	60
dDocent_Contig_3694	1	359	11	284	79.1086	4.37883	36.8	60
dDocent_Contig_3698	1	251	30	249	99.2032	16.6892	35.8	60
dDocent_Contig_3704	1	421	80	377	89.5487	26.9762	36.3	60
dDocent_Contig_3708	1	346	14	345	99.711	5.46821	36.9	60
dDocent_Contig_3711	1	469	74	411	87.6333	22.9296	36.4	60
dDocent_Contig_3714	1	547	83	349	63.8026	21.6033	36.3	60
dDocent_Contig_3718	1	191	8	189	98.9529	4.49738	36.4	60
dDocent_Contig_3720	1	302	140	301	99.6689	66.6391	36.4	60
dDocent_Contig_3723	1	424	45	354	83.4906	15.309	36.6	60
dDocent_Contig_3726	1	353	2	296	83.8527	0.838527	36.7	60
dDocent_Contig_3728	1	396	2	188	47.4747	0.757576	36.9	60
dDocent_Contig_3730	1	353	685	249	70.5382	256.269	36.3	46.7
dDocent_Contig_3732	1	416	10	358	86.0577	3.17308	36.9	57.7
dDocent_Contig_3734	1	306	140	302	98.6928	66.7745	36.4	60
dDocent_Contig_3735	1	493	19	323	65.5172	5.16227	35.5	60
dDocent_Contig_3736	1	488	7	373	76.4344	2.10041	36.8	60
dDocent_Contig_3741	1	314	24	240	76.4331	10.4713	36.3	60
dDocent_Contig_3742	1	409	162	407	99.511	56.7066	36.6	60
dDocent_Contig_3745	1	515	177	473	91.8447	48.8233	36.2	60
dDocent_Contig_3746	1	200	10	199	99.5	6.13	36.9	60
dDocent_Contig_3749	1	482	4	325	67.4274	1.24481	36.8	60
dDocent_Contig_3751	1	371	19	365	98.3827	6.88949	36.5	60
dDocent_Contig_3754	1	346	165	344	99.422	69.8439	36.3	60
dDocent_Contig_3757	1	526	23	390	74.1445	6.20913	36.3	60
dDocent_Contig_3759	1	227	10	217	95.5947	5.61674	36.3	60
dDocent_Contig_3761	1	422	61	301	71.327	20.1777	36.3	60
dDocent_Contig_3762	1	309	31	309	100	13.9029	36.7	60
dDocent_Contig_3764	1	411	103	328	79.8054	30.781	35.2	60
dDocent_Contig_3766	1	279	69	278	99.6416	34.7204	36	60
dDocent_Contig_3769	1	234	66	232	99.1453	39.2821	36.1	60
dDocent_Contig_3774	1	593	35707	593	100	8316.81	36.2	54.7
dDocent_Contig_3775	1	460	37	293	63.6957	11.2674	36.6	60
dDocent_Contig_3780	1	329	4	168	51.0638	1.67477	36.4	60
dDocent_Contig_3782	1	592	3	255	43.0743	0.608108	36.9	60
dDocent_Contig_3784	1	312	41	311	99.6795	18.6506	35.7	60
dDocent_Contig_3785	1	395	67	311	78.7342	24.3975	36.6	60
dDocent_Contig_3786	1	469	130	444	94.6695	39.7484	36	60
dDocent_Contig_3787	1	422	47	276	65.4028	15.7559	36.6	60
dDocent_Contig_3792	1	230	21	228	99.1304	13.0261	36.5	60
dDocent_Contig_3793	1	249	16	248	99.5984	7.97992	36.4	60
dDocent_Contig_3807	1	412	19	294	71.3592	6.41019	36.8	60
dDocent_Contig_3808	1	269	117	265	98.513	62.9071	36.3	60
dDocent_Contig_3811	1	359	104	358	99.7214	41.9164	36.4	60
dDocent_Contig_3812	1	394	66	348	88.3249	24.0406	35.8	60
dDocent_Contig_3814	1	404	123	388	96.0396	43.9208	36.2	60
dDocent_Contig_3817	1	461	38	335	72.6681	11.82	36.6	60
dDocent_Contig_3819	1	444	22	356	80.1802	6.32658	36.7	60
dDocent_Contig_3820	1	305	8	276	90.4918	3.51803	36.6	60
dDocent_Contig_3821	1	388	69	387	99.7423	25.7062	36.5	60
dDocent_Contig_3823	1	270	38	269	99.6296	20.4296	36.3	60
dDocent_Contig_3827	1	361	71	332	91.9668	27.5651	36.7	59.2
dDocent_Contig_3830	1	375	27	364	97.0667	10.4613	35.9	60
dDocent_Contig_3831	1	405	15	306	75.5556	5.4642	36.8	60
dDocent_Contig_3835	1	342	40	262	76.6082	15.9064	35.9	60
dDocent_Contig_3836	1	179	19	177	98.8827	13.8156	36	60
dDocent_Contig_3837	1	318	40	318	100	17.9465	36.3	60
dDocent_Contig_3841	1	300	20	293	97.6667	9.49	36.6	60
dDocent_Contig_3842	1	447	82	345	77.1812	26.4698	36.6	60
dDocent_Contig_3843	1	259	3	186	71.8147	1.38996	35.4	60
dDocent_Contig_3844	1	395	129	389	98.481	47.5038	36	60
dDocent_Contig_3847	1	411	7	269	65.4501	2.38443	36.7	60
dDocent_Contig_3851	1	254	61	254	100	33.2087	36	60
dDocent_Contig_3860	1	391	2	128	32.7366	0.654731	36.9	60
dDocent_Contig_3862	1	252	70	250	99.2063	39.2341	36.7	60
dDocent_Contig_3866	1	494	166	329	66.5992	48.4474	36.3	60
dDocent_Contig_3869	1	413	19	330	79.9031	5.85472	36.2	60
dDocent_Contig_3870	1	345	16	284	82.3188	6.71304	36.3	60
dDocent_Contig_3871	1	428	94	400	93.4579	31.3061	36.1	60
dDocent_Contig_3872	1	369	7	355	96.206	2.68564	35.9	60
dDocent_Contig_3873	1	353	15	352	99.7167	6.13881	36.3	60
dDocent_Contig_3876	1	382	27	258	67.5393	8.19634	36.3	53
dDocent_Contig_3879	1	483	71	482	99.793	20.5135	36.4	59.6
dDocent_Contig_3880	1	368	89	367	99.7283	34.7364	36.2	60
dDocent_Contig_3881	1	392	32	343	87.5	11.398	36.6	60
dDocent_Contig_3884	1	343	45	341	99.4169	18.1224	36.7	58.2
dDocent_Contig_3889	1	399	31	348	87.218	10.8722	36.5	60
dDocent_Contig_3890	1	264	96	262	99.2424	51.8068	36.5	60
dDocent_Contig_3892	1	268	27	167	62.3134	14.1754	36.1	60
dDocent_Contig_3896	1	389	300	386	99.2288	103.452	36.4	57.6
dDocent_Contig_3899	1	412	38	386	93.6893	12.9005	36.6	60
dDocent_Contig_3902	1	375	79	374	99.7333	30.1227	36.4	60
dDocent_Contig_3903	1	500	39	411	82.2	10.868	36.6	60
dDocent_Contig_3904	1	444	35	378	85.1351	11.0946	36.5	60
dDocent_Contig_3907	1	319	53	318	99.6865	23.7398	36.4	60
dDocent_Contig_3909	1	456	162	455	99.7807	48.2917	36.5	50.6
dDocent_Contig_3911	1	413	67	372	90.0726	22.5303	36	60
dDocent_Contig_3914	1	434	38	355	81.7972	12.5553	36.6	60
dDocent_Contig_3918	1	266	31	266	100	16.2932	36.5	59.1
dDocent_Contig_3919	1	266	42	247	92.8571	21.4135	36.3	60
dDocent_Contig_3921	1	241	61	240	99.5851	36.2075	36.4	60
dDocent_Contig_3923	1	304	46	287	94.4079	22.2533	36.3	60
dDocent_Contig_3924	1	380	42	376	98.9474	15.6684	36.6	60
dDocent_Contig_3925	1	434	116	434	100	38.6406	36.5	60
dDocent_Contig_3926	1	353	86	278	78.7535	34.2408	36.4	60
dDocent_Contig_3930	1	349	33	347	99.4269	12.0057	36.3	50
dDocent_Contig_3933	1	423	172	395	93.3806	57.617	36.4	60
dDocent_Contig_3934	1	285	70	219	76.8421	34.4351	36.3	60
dDocent_Contig_3935	1	560	63	412	73.5714	16	36.4	60
dDocent_Contig_3942	1	275	54	275	100	28.4764	36.3	60
dDocent_Contig_3945	1	485	9	262	54.0206	2.52784	36.5	60
dDocent_Contig_3947	1	181	14	180	99.4475	9.61326	36.4	60
dDocent_Contig_3949	1	331	2	141	42.5982	0.851964	36.7	60
dDocent_Contig_3953	1	361	119	357	98.892	44.169	36.4	54.7
dDocent_Contig_3955	1	243	15	228	93.8272	8.35802	36.4	60
dDocent_Contig_3958	1	453	57	387	85.4305	17.8234	36.5	60
dDocent_Contig_3959	1	348	33	336	96.5517	13.4943	36.6	60
dDocent_Contig_3960	1	345	92	343	99.4203	38.4493	36.4	60
dDocent_Contig_3961	1	256	26	255	99.6094	14.6484	36.4	60
dDocent_Contig_3962	1	579	53	354	61.1399	12.8031	36.5	60
dDocent_Contig_3963	1	303	49	287	94.7195	22.2706	36	59.8
dDocent_Contig_3964	1	490	33	205	41.8367	8.83265	36.5	60
dDocent_Contig_3966	1	336	3	165	49.1071	1.26786	36.6	60
dDocent_Contig_3967	1	428	23	363	84.8131	7.6472	36.8	60
dDocent_Contig_3968	1	411	96	402	97.8102	33.4915	36.3	60
dDocent_Contig_3973	1	567	49	393	69.3122	12.4233	36.4	60
dDocent_Contig_3974	1	364	90	352	96.7033	35.2445	36.2	60
dDocent_Contig_3975	1	542	16	451	83.2103	4.30627	36.6	60
dDocent_Contig_3979	1	293	25	233	79.5222	11.5154	36.4	60
dDocent_Contig_3982	1	274	92	274	100	48.3212	36.5	60
dDocent_Contig_3984	1	493	93	278	56.3895	26.6268	36.3	60
dDocent_Contig_3985	1	550	43	302	54.9091	10.7891	36.6	60
dDocent_Contig_3989	1	550	35	390	70.9091	8.77636	35.9	60
dDocent_Contig_3990	1	391	2	168	42.9668	0.767263	36.4	60
dDocent_Contig_3992	1	308	8	271	87.987	3.72727	36	60
dDocent_Contig_3995	1	551	24	497	90.1996	6.13067	36.2	60
dDocent_Contig_3997	1	412	29	326	79.1262	10.2767	36.7	60
dDocent_Contig_3998	1	474	42	447	94.3038	12.4283	36.5	60
dDocent_Contig_4001	1	526	39	298	56.654	10.6825	35.8	60
dDocent_Contig_4005	1	358	30	326	91.0615	11.8128	36	60
dDocent_Contig_4007	1	492	147	491	99.7967	42.3232	36.2	60
dDocent_Contig_4010	1	215	1	36	16.7442	0.167442	35.6	48
dDocent_Contig_4013	1	439	10	413	94.0774	2.58542	36.6	55.1
dDocent_Contig_4016	1	282	135	279	98.9362	68.1241	36.2	60
dDocent_Contig_4018	1	357	67	355	99.4398	26.9776	36.6	60
dDocent_Contig_4022	1	238	27	236	99.1597	16.2437	36.8	60
dDocent_Contig_4029	1	332	164	332	100	70.8193	36.5	60
dDocent_Contig_4030	1	173	16	172	99.422	12.5838	36.7	60
dDocent_Contig_4031	1	583	44	364	62.4357	10.8628	36.6	60
dDocent_Contig_4032	1	473	101	454	95.9831	29.6385	36.4	53.6
dDocent_Contig_4033	1	289	92	289	100	45.3737	36.5	60
dDocent_Contig_4036	1	247	22	236	95.5466	10.7692	35.2	60
dDocent_Contig_4039	1	590	69	535	90.678	16.1729	36.5	60
dDocent_Contig_4040	1	393	7	257	65.3944	2.52417	36.8	60
dDocent_Contig_4043	1	368	10	312	84.7826	3.77717	36.4	60
dDocent_Contig_4045	1	411	14	282	68.6131	4.89538	36.7	60
dDocent_Contig_4046	1	549	100	495	90.1639	26.3643	36.3	60
dDocent_Contig_4047	1	304	98	236	77.6316	46.1349	36.2	60
dDocent_Contig_4048	1	321	13	302	94.081	5.94393	35.7	60
dDocent_Contig_4051	1	482	9	397	82.3651	2.24066	35.1	60
dDocent_Contig_4052	1	408	14	249	61.0294	4.51961	36.5	53.1
dDocent_Contig_4056	1	365	20	345	94.5205	7.56438	36.5	60
dDocent_Contig_4057	1	356	6	166	46.6292	2.16573	36.7	60
dDocent_Contig_4062	1	317	7	187	58.9905	3.0347	35.5	60
dDocent_Contig_4063	1	438	7	177	40.411	2.3653	36.5	60
dDocent_Contig_4066	1	424	127	423	99.7642	43.5259	36.5	60
dDocent_Contig_4067	1	573	34	468	81.6754	8.57243	36.7	60
dDocent_Contig_4070	1	507	6	443	87.3767	1.67456	34.1	60
dDocent_Contig_4072	1	340	10	230	67.6471	4.2	36.5	60
dDocent_Contig_4073	1	260	6	229	88.0769	3.10385	34.6	60
dDocent_Contig_4075	1	327	33	209	63.9144	13.0306	36.2	60
dDocent_Contig_4077	1	282	34	261	92.5532	17.305	36.5	60
dDocent_Contig_4079	1	343	35	286	83.3819	13.898	36.8	60
dDocent_Contig_4081	1	586	59	543	92.6621	13.0119	36.3	55.4
dDocent_Contig_4083	1	529	21	339	64.0832	4.9225	36.7	58.1
dDocent_Contig_4084	1	302	212	301	99.6689	102.159	36.4	60
dDocent_Contig_4085	1	239	26	235	98.3264	15.41	36.8	60
dDocent_Contig_4087	1	272	143	271	99.6324	75.2059	36.5	60
dDocent_Contig_4088	1	450	81	425	94.4444	26.5222	36.4	60
dDocent_Contig_4093	1	428	14	238	55.6075	4.27804	36.9	60
dDocent_Contig_4095	1	268	19	198	73.8806	10.0037	36.5	60
dDocent_Contig_4097	1	482	46	324	67.2199	13.6245	36.4	60
dDocent_Contig_4101	1	272	59	272	100	30.5515	36.5	60
dDocent_Contig_4102	1	282	185	281	99.6454	89.2234	35.9	60
dDocent_Contig_4103	1	359	85	329	91.6435	34.4791	36.6	60
dDocent_Contig_4108	1	426	26	385	90.3756	8.42254	36.7	58.6
dDocent_Contig_4110	1	335	38	333	99.403	16.4209	36.6	60
dDocent_Contig_4111	1	336	900	334	99.4048	340.917	35.6	56.4
dDocent_Contig_4113	1	456	36	380	83.3333	11.0285	36.3	60
dDocent_Contig_4115	1	365	102	363	99.4521	40.6493	36.3	60
dDocent_Contig_4119	1	312	46	288	92.3077	20.8109	36.6	60
dDocent_Contig_4120	1	410	55	365	89.0244	18.6976	36.5	60
dDocent_Contig_4121	1	403	59	353	87.5931	20.9553	36.5	60
dDocent_Contig_4122	1	391	63	377	96.4194	22.3529	36.6	60
dDocent_Contig_4123	1	410	9	321	78.2927	2.81707	36.5	60
dDocent_Contig_4124	1	264	7	166	62.8788	3.94318	36.3	60
dDocent_Contig_4126	1	458	32	357	77.9476	9.44978	36.8	60
dDocent_Contig_4127	1	175	20	174	99.4286	15.5771	36.5	60
dDocent_Contig_4128	1	260	73	259	99.6154	40.3269	36.5	60
dDocent_Contig_4129	1	512	34	348	67.9688	9.21289	36.7	60
dDocent_Contig_4130	1	475	56	343	72.2105	16.7389	36.4	60
dDocent_Contig_4131	1	360	56	359	99.7222	22.4417	36.5	60
dDocent_Contig_4136	1	395	47	385	97.4684	16.8582	36.6	60
dDocent_Contig_4137	1	385	68	363	94.2857	25.2234	36.5	60
dDocent_Contig_4138	1	549	4632	549	100	1232.44	36.1	60
dDocent_Contig_4140	1	551	40	295	53.539	9.75318	36.5	60
dDocent_Contig_4145	1	361	28	189	52.3546	10.6039	36.4	60
dDocent_Contig_4146	1	541	204	539	99.6303	54.6007	36.4	60
dDocent_Contig_4147	1	492	244	353	71.748	62.376	36.2	59.9
dDocent_Contig_4149	1	246	55	245	99.5935	31.9268	36.6	60
dDocent_Contig_4150	1	533	9	496	93.0582	2.50094	36.4	60
dDocent_Contig_4153	1	456	60	251	55.0439	19.0746	36.4	60
dDocent_Contig_4154	1	335	72	333	99.403	30.0657	35.7	60
dDocent_Contig_4157	1	479	133	407	84.9687	40.4551	36.5	60
dDocent_Contig_4158	1	283	2	137	48.4099	0.964664	36.4	60
dDocent_Contig_4162	1	421	270	417	99.0499	82.4679	35.7	59.9
dDocent_Contig_4165	1	398	86	374	93.9698	31.3266	36.5	60
dDocent_Contig_4166	1	358	127	346	96.648	50.9441	36.4	60
dDocent_Contig_4167	1	507	40	444	87.574	11.2032	36.2	58.8
dDocent_Contig_4169	1	524	88	488	93.1298	24.3187	36.4	60
dDocent_Contig_4170	1	470	88	382	81.2766	23.534	36.1	60
dDocent_Contig_4173	1	271	27	191	70.4797	12.7638	36	60
dDocent_Contig_4174	1	354	2	154	43.5028	0.847458	34.4	60
dDocent_Contig_4175	1	380	13	237	62.3684	4.95	35.9	60
dDocent_Contig_4179	1	339	62	333	98.2301	24.8643	36.3	59.7
dDocent_Contig_4181	1	410	68	311	75.8537	23.0634	36.4	60
dDocent_Contig_4182	1	374	41	361	96.5241	15.6979	36.4	60
dDocent_Contig_4183	1	312	25	270	86.5385	11.1154	36.7	60
dDocent_Contig_4184	1	328	63	298	90.8537	27.0244	36.2	60
dDocent_Contig_4186	1	290	44	289	99.6552	20.6897	36.7	60
dDocent_Contig_4187	1	462	70	419	90.6926	22.1126	36.6	60
dDocent_Contig_4191	1	408	20	295	72.3039	6.91912	36.5	60
dDocent_Contig_4192	1	313	25	286	91.3738	11.2716	35.5	60
dDocent_Contig_4194	1	358	4	349	97.486	1.58659	36	60
dDocent_Contig_4197	1	262	54	261	99.6183	29.7405	35.9	60
dDocent_Contig_4198	1	388	26	378	97.4227	9.31443	36.2	60
dDocent_Contig_4201	1	508	75	420	82.6772	21.1831	36.5	60
dDocent_Contig_4202	1	285	4	251	88.0702	2.03158	36	60
dDocent_Contig_4203	1	509	7	194	38.1139	1.86051	36.9	60
dDocent_Contig_4204	1	489	21	266	54.3967	5.84458	36.2	60
dDocent_Contig_4205	1	447	90	371	82.9978	28.5481	35.7	60
dDocent_Contig_4208	1	303	401	302	99.67	192.792	36.4	60
dDocent_Contig_4209	1	432	19	394	91.2037	6.46759	36.7	60
dDocent_Contig_4210	1	299	33	234	78.2609	14.6054	36.4	60
dDocent_Contig_4212	1	248	24	239	96.371	13.9879	36.7	60
dDocent_Contig_4215	1	332	2	173	52.1084	0.903614	36.9	60
dDocent_Contig_4217	1	271	28	269	99.262	14.4576	36.6	60
dDocent_Contig_4218	1	370	37	336	90.8108	14.4919	36.5	60
dDocent_Contig_4219	1	445	205	444	99.7753	65.7461	36.3	59.4
dDocent_Contig_4222	1	410	14	315	76.8293	5.05366	36.3	60
dDocent_Contig_4223	1	363	5	338	93.1129	1.73554	36.6	60
dDocent_Contig_4225	1	404	42	400	99.0099	15.104	36.3	60
dDocent_Contig_4227	1	304	14	153	50.3289	5.82895	36.2	60
dDocent_Contig_4229	1	343	279	343	100	97.1399	35.9	56.7
dDocent_Contig_4233	1	421	33	368	87.4109	10.9311	36.7	60
dDocent_Contig_4235	1	383	45	381	99.4778	16.3185	36.4	60
dDocent_Contig_4237	1	536	1010	535	99.8134	274.427	36.5	60
dDocent_Contig_4239	1	452	1	150	33.1858	0.331858	36.9	60
dDocent_Contig_4246	1	323	159	249	77.0898	59.4923	36.4	57.9
dDocent_Contig_4248	1	553	45	362	65.4611	10.575	36.6	58.9
dDocent_Contig_4250	1	323	62	321	99.3808	26.6594	35.9	60
dDocent_Contig_4252	1	367	79	330	89.9183	30.267	36.7	59.5
dDocent_Contig_4255	1	489	550	486	99.3865	160.074	36.4	59.1
dDocent_Contig_4257	1	578	732	578	100	171.123	36.4	55.5
dDocent_Contig_4258	1	307	50	287	93.4853	23.1336	36.6	60
dDocent_Contig_4261	1	461	676	441	95.6616	189.002	36.4	59.8
dDocent_Contig_4263	1	280	7	194	69.2857	3.59286	36.6	60
dDocent_Contig_4264	1	465	85	434	93.3333	25.3419	36.4	57
dDocent_Contig_4267	1	504	39	330	65.4762	11.0873	36.2	60
dDocent_Contig_4269	1	325	115	316	97.2308	51.3631	36.4	60
dDocent_Contig_4270	1	582	150	374	64.2612	37.1976	36.5	60
dDocent_Contig_4271	1	411	19	321	78.1022	6.44039	36.7	60
dDocent_Contig_4272	1	276	63	274	99.2754	28.5978	35	60
dDocent_Contig_4273	1	353	46	334	94.6176	18.4476	36.4	60
dDocent_Contig_4276	1	430	24	357	83.0233	7.77209	36.5	60
dDocent_Contig_4277	1	397	48	311	78.3375	17.1511	36.6	60
dDocent_Contig_4278	1	358	35	265	74.0223	13.6592	35.7	60
dDocent_Contig_4283	1	499	213	462	92.5852	60.4529	36.3	59.1
dDocent_Contig_4285	1	229	42	228	99.5633	26.0568	36.5	60
dDocent_Contig_4287	1	327	82	326	99.6942	35.8532	36.5	60
dDocent_Contig_4291	1	418	59	418	100	19.7392	36.4	60
dDocent_Contig_4292	1	269	41	268	99.6283	22.0892	36.3	60
dDocent_Contig_4293	1	482	21	298	61.8257	6.24896	36.6	60
dDocent_Contig_4295	1	342	196	342	100	83.2047	36.3	60
dDocent_Contig_4297	1	556	299	553	99.4604	77.4317	36.3	60
dDocent_Contig_4300	1	406	70	300	73.8916	24.4606	36.4	60
dDocent_Contig_4307	1	495	77	389	78.5859	22.5172	36.6	60
dDocent_Contig_4311	1	501	9	220	43.9122	2.49102	36.4	60
dDocent_Contig_4313	1	252	54	251	99.6032	30.1786	36.4	60
dDocent_Contig_4316	1	452	82	375	82.9646	25.3562	36.3	60
dDocent_Contig_4317	1	505	28	260	51.4851	7.4495	36.6	60
dDocent_Contig_4319	1	378	81	364	96.2963	30.2381	36.1	60
dDocent_Contig_4320	1	290	70	285	98.2759	34.7655	36.3	60
dDocent_Contig_4321	1	371	36	251	67.655	13.0889	36.6	60
dDocent_Contig_4323	1	500	83	486	97.2	23.728	36.3	60
dDocent_Contig_4324	1	385	162	384	99.7403	60.8597	36.5	60
dDocent_Contig_4326	1	441	117	392	88.8889	37.4172	36	60
dDocent_Contig_4328	1	353	95	353	100	37.3938	36.5	60
dDocent_Contig_4329	1	294	24	284	96.5986	11.3912	36.7	60
dDocent_Contig_4331	1	334	98	333	99.7006	41.8623	36.8	60
dDocent_Contig_4332	1	384	41	276	71.875	14.7448	36.6	60
dDocent_Contig_4333	1	308	13	289	93.8312	5.66883	36.3	60
dDocent_Contig_4335	1	507	56	460	90.7298	15.3432	35.9	60
dDocent_Contig_4339	1	488	139	428	87.7049	40.6701	36.4	59.9
dDocent_Contig_4340	1	328	110	326	99.3902	48.3262	36.4	60
dDocent_Contig_4341	1	470	48	469	99.7872	13.8489	36.4	58.5
dDocent_Contig_4347	1	383	3	201	52.4804	1.13055	36.3	60
dDocent_Contig_4348	1	456	89	289	63.3772	27.6075	36.4	60
dDocent_Contig_4351	1	603	975	602	99.8342	232.852	36.3	59.9
dDocent_Contig_4354	1	415	5	228	54.9398	1.61687	36.8	60
dDocent_Contig_4355	1	583	101	399	68.4391	25.1818	36.1	60
dDocent_Contig_4357	1	361	17	210	58.1717	6.32687	36.9	60
dDocent_Contig_4360	1	413	182	362	87.6513	64.0291	36.3	60
dDocent_Contig_4362	1	283	34	275	97.1731	17.0495	36.3	60
dDocent_Contig_4364	1	549	410	457	83.2423	106.76	36.5	60
dDocent_Contig_4367	1	285	10	225	78.9474	5.16491	35.4	60
dDocent_Contig_4368	1	266	34	251	94.3609	17.0301	36	57.5
dDocent_Contig_4370	1	373	105	365	97.8552	40.5442	36.5	60
dDocent_Contig_4371	1	417	54	351	84.1727	18.295	36.9	60
dDocent_Contig_4372	1	178	4	169	94.9438	2.65169	36.1	60
dDocent_Contig_4373	1	398	445	397	99.7487	150.344	36	59.5
dDocent_Contig_4378	1	465	6	452	97.2043	1.67742	36.7	60
dDocent_Contig_4380	1	394	32	367	93.1472	11.5051	36.4	60
dDocent_Contig_4383	1	215	40	214	99.5349	27.1209	36.5	60
dDocent_Contig_4384	1	458	64	295	64.4105	20.31	36.4	60
dDocent_Contig_4390	1	266	61	264	99.2481	32.7519	36.8	60
dDocent_Contig_4391	1	469	16	351	74.8401	5.06183	36.7	60
dDocent_Contig_4392	1	236	98	235	99.5763	59.7669	36.4	60
dDocent_Contig_4393	1	395	118	388	98.2278	42.6076	36.2	60
dDocent_Contig_4395	1	392	32	390	99.4898	11.1658	36.4	60
dDocent_Contig_4397	1	253	9	209	82.6087	5.15415	36.9	60
dDocent_Contig_4402	1	329	32	286	86.9301	13.535	36.1	60
dDocent_Contig_4403	1	336	17	234	69.6429	6.91369	36.6	60
dDocent_Contig_4404	1	470	63	440	93.617	16.5638	35.4	60
dDocent_Contig_4409	1	562	23	477	84.8754	5.76335	36.7	60
dDocent_Contig_4411	1	387	25	337	87.0801	9.1447	36.5	60
dDocent_Contig_4412	1	564	238	564	100	60.8706	36.6	60
dDocent_Contig_4413	1	402	49	299	74.3781	16.5871	35.8	60
dDocent_Contig_4416	1	393	14	300	76.3359	4.64885	36.7	60
dDocent_Contig_4420	1	427	126	403	94.3794	42.9883	36.4	60
dDocent_Contig_4422	1	396	58	328	82.8283	20.5833	36.3	60
dDocent_Contig_4428	1	438	46	306	69.863	14.3904	36.7	60
dDocent_Contig_4429	1	557	925	557	100	237.045	36.4	59
dDocent_Contig_4438	1	275	49	273	99.2727	21.8582	36.3	53.5
dDocent_Contig_4441	1	414	41	288	69.5652	14.314	36.3	60
dDocent_Contig_4442	1	540	13	389	72.037	3.2463	36.6	60
dDocent_Contig_4447	1	533	26	281	52.7205	7.06754	36.7	60
dDocent_Contig_4448	1	468	98	334	71.3675	30.1346	36.5	60
dDocent_Contig_4451	1	477	61	404	84.696	18.0021	36	60
dDocent_Contig_4456	1	294	127	293	99.6599	61.7891	36.5	60
dDocent_Contig_4459	1	534	12	439	82.2097	3.22472	36.3	60
dDocent_Contig_4460	1	573	193	367	64.0489	48.5515	36.4	60
dDocent_Contig_4461	1	337	74	335	99.4065	31.454	36.1	60
dDocent_Contig_4465	1	343	26	322	93.8776	10.449	36.7	60
dDocent_Contig_4466	1	515	28	471	91.4563	7.56505	36.4	60
dDocent_Contig_4468	1	280	31	279	99.6429	15.3679	34.7	60
dDocent_Contig_4470	1	406	205	405	99.7537	72.8645	36.3	60
dDocent_Contig_4475	1	463	7	288	62.203	2.07343	35	55.3
dDocent_Contig_4478	1	411	74	389	94.6472	25.1144	36.5	60
dDocent_Contig_4480	1	356	14	268	75.2809	5.20225	35.3	60
dDocent_Contig_4484	1	254	27	250	98.4252	14.189	36.7	55.8
dDocent_Contig_4487	1	228	66	227	99.5614	40.7939	35.9	60
dDocent_Contig_4488	1	381	187	377	98.9501	70.2625	36.4	60
dDocent_Contig_4489	1	391	69	276	70.5882	25.1995	36.4	60
dDocent_Contig_4492	1	431	221	413	95.8237	72.8329	36.3	60
dDocent_Contig_4494	1	365	14	185	50.6849	5.67671	36.9	60
dDocent_Contig_4496	1	472	512	471	99.7881	157.669	36.5	60
dDocent_Contig_4501	1	369	68	367	99.458	26.6775	36.3	60
dDocent_Contig_4502	1	263	41	262	99.6198	21.5703	35.7	60
dDocent_Contig_4506	1	508	76	426	83.8583	21.7717	36.1	60
dDocent_Contig_4509	1	344	169	333	96.8023	70.9622	36.4	60
dDocent_Contig_4511	1	417	43	351	84.1727	14.4916	36.7	60
dDocent_Contig_4517	1	213	114	212	99.5305	68.2441	35.4	60
dDocent_Contig_4520	1	439	31	306	69.7039	10.3144	36.5	60
dDocent_Contig_4522	1	408	46	396	97.0588	16.25	36.2	60
dDocent_Contig_4523	1	333	22	207	62.1622	8.25526	36.1	60
dDocent_Contig_4524	1	436	70	322	73.8532	22.7592	36.4	60
dDocent_Contig_4525	1	411	10	231	56.2044	3.3601	36.3	60
dDocent_Contig_4530	1	388	87	385	99.2268	31.7706	36.6	59.9
dDocent_Contig_4534	1	484	21	318	65.7025	6.17562	36.4	60
dDocent_Contig_4535	1	395	188	390	98.7342	68.5165	36.2	60
dDocent_Contig_4536	1	450	35	392	87.1111	11.1556	36.4	60
dDocent_Contig_4537	1	386	14	342	88.601	5.13212	36.7	60
dDocent_Contig_4538	1	253	13	204	80.6324	6.49012	36.3	60
dDocent_Contig_4541	1	252	22	246	97.619	11.6151	36.3	60
dDocent_Contig_4543	1	443	11	305	68.8488	3.05869	36.5	60
dDocent_Contig_4545	1	461	92	342	74.1866	28.9306	36.3	60
dDocent_Contig_4546	1	213	49	213	100	29.9765	35.2	59.6
dDocent_Contig_4547	1	265	44	265	100	23.3434	35.9	60
dDocent_Contig_4549	1	273	226	272	99.6337	119	36.4	60
dDocent_Contig_4552	1	355	41	304	85.6338	16.5211	36.4	60
dDocent_Contig_4556	1	575	45	392	68.1739	10.3617	36.3	60
dDocent_Contig_4559	1	250	8	190	76	4.272	36.8	60
dDocent_Contig_4560	1	504	190	408	80.9524	54.8552	36.4	60
dDocent_Contig_4562	1	333	30	294	88.2883	12.6066	36.5	60
dDocent_Contig_4563	1	377	102	372	98.6737	39.0637	36.4	60
dDocent_Contig_4564	1	370	40	351	94.8649	15.9459	36.1	60
dDocent_Contig_4569	1	330	173	322	97.5758	74.8697	36.2	60
dDocent_Contig_4570	1	440	14	334	75.9091	4.13864	36.7	60
dDocent_Contig_4571	1	322	29	304	94.4099	11.3354	36.2	57.8
dDocent_Contig_4572	1	365	137	351	96.1644	53.8055	35.9	59.9
dDocent_Contig_4573	1	402	73	351	87.3134	26.3109	36.6	60
dDocent_Contig_4574	1	343	15	237	69.0962	5.38192	36.3	60
dDocent_Contig_4576	1	438	2	146	33.3333	0.643836	37	60
dDocent_Contig_4578	1	422	10	276	65.4028	2.67773	36.3	60
dDocent_Contig_4579	1	349	69	323	92.5501	28.7507	36.3	60
dDocent_Contig_4583	1	463	195	381	82.2894	61.3153	36.6	60
dDocent_Contig_4584	1	265	15	261	98.4906	7.69811	36.3	60
dDocent_Contig_4586	1	563	59	499	88.6323	15.2824	36.5	60
dDocent_Contig_4588	1	440	6	341	77.5	1.83636	36.8	60
dDocent_Contig_4590	1	367	38	366	99.7275	14.5041	36.3	60
dDocent_Contig_4592	1	245	291	213	86.9388	166.959	35.9	60
dDocent_Contig_4593	1	458	41	368	80.3493	12.5873	36.6	60
dDocent_Contig_4598	1	496	2	166	33.4677	0.604839	36.8	60
dDocent_Contig_4604	1	393	138	361	91.8575	48.9949	36.4	60
dDocent_Contig_4607	1	420	94	341	81.1905	32.65	36.4	60
dDocent_Contig_4609	1	441	15	439	99.5465	4.74603	36	60
dDocent_Contig_4610	1	259	19	258	99.6139	10.5405	36.5	60
dDocent_Contig_4611	1	328	26	309	94.2073	11.0396	36.3	60
dDocent_Contig_4615	1	466	16	377	80.9013	4.28326	35.8	60
dDocent_Contig_4616	1	517	21	334	64.6035	5.34043	36.5	60
dDocent_Contig_4617	1	320	29	261	81.5625	12.3469	36.2	60
dDocent_Contig_4620	1	422	219	406	96.2085	74.9479	36.5	60
dDocent_Contig_4621	1	242	6	231	95.4545	3.71901	36.7	60
dDocent_Contig_4622	1	421	8	284	67.4584	2.82185	36.9	60
dDocent_Contig_4624	1	208	16	207	99.5192	9.80288	36.1	60
dDocent_Contig_4626	1	376	48	312	82.9787	18.0931	36.2	60
dDocent_Contig_4627	1	232	72	229	98.7069	43.6164	36.4	60
dDocent_Contig_4628	1	445	106	318	71.4607	33.8966	36.3	59.4
dDocent_Contig_4629	1	400	216	370	92.5	75.56	36.5	60
dDocent_Contig_4631	1	545	125	532	97.6147	32.2972	36.3	60
dDocent_Contig_4632	1	503	29	308	61.2326	8.08549	36.5	60
dDocent_Contig_4633	1	331	16	236	71.2991	6.51964	36.7	60
dDocent_Contig_4636	1	300	14	246	82	6.62667	36.7	60
dDocent_Contig_4640	1	437	21	285	65.2174	6.63616	36.2	60
dDocent_Contig_4641	1	246	15	245	99.5935	8.45528	36.2	60
dDocent_Contig_4643	1	281	108	279	99.2883	54.7758	36.5	60
dDocent_Contig_4645	1	552	51	304	55.0725	13.0562	36.5	60
dDocent_Contig_4648	1	251	7	156	62.1514	4.04781	36.8	60
dDocent_Contig_4650	1	393	51	274	69.7201	18.4758	36.5	60
dDocent_Contig_4655	1	415	41	367	88.4337	13.7759	36.5	60
dDocent_Contig_4657	1	564	82	532	94.3262	20.7216	36.2	60
dDocent_Contig_4659	1	500	19	336	67.2	5.176	36.5	60
dDocent_Contig_4662	1	274	28	272	99.2701	14.4416	36.4	60
dDocent_Contig_4664	1	393	66	306	77.8626	23.9084	36.5	60
dDocent_Contig_4666	1	397	122	395	99.4962	44.6625	36.2	60
dDocent_Contig_4670	1	350	147	349	99.7143	61.0829	36.5	60
dDocent_Contig_4671	1	552	74	528	95.6522	19.0797	36.5	60
dDocent_Contig_4672	1	271	24	207	76.3838	11.7786	36.7	60
dDocent_Contig_4675	1	322	16	270	83.8509	6.79814	36.3	60
dDocent_Contig_4678	1	363	190	363	100	74.8182	36.4	60
dDocent_Contig_4679	1	252	12	221	87.6984	6.79365	36.3	60
dDocent_Contig_4680	1	426	48	310	72.77	15.7465	36.3	60
dDocent_Contig_4685	1	389	69	382	98.2005	25.9152	36.5	60
dDocent_Contig_4687	1	369	36	235	63.6856	13.7778	36.6	60
dDocent_Contig_4694	1	435	46	404	92.8736	14.4851	35.8	59.2
dDocent_Contig_4695	1	429	24	312	72.7273	7.9627	36.7	60
dDocent_Contig_4696	1	477	162	476	99.7904	48.0818	36.3	59.2
dDocent_Contig_4702	1	346	11	279	80.6358	4.69364	36.9	60
dDocent_Contig_4706	1	461	460	460	99.7831	140.57	36.4	59.9
dDocent_Contig_4707	1	297	10	242	81.4815	4.67003	36.3	60
dDocent_Contig_4708	1	272	14	268	98.5294	7.39338	36.8	60
dDocent_Contig_4710	1	264	26	256	96.9697	14.3485	36	60
dDocent_Contig_4712	1	474	16	446	94.0928	4.47468	36.6	60
dDocent_Contig_4714	1	396	12	270	68.1818	4.30303	35.8	60
dDocent_Contig_4716	1	484	56	431	89.0496	16.8244	36.4	60
dDocent_Contig_4719	1	536	21	504	94.0299	5.60261	36.1	60
dDocent_Contig_4720	1	403	42	365	90.5707	14.8362	36.7	60
dDocent_Contig_4721	1	283	5	178	62.8975	2.15194	35.5	60
dDocent_Contig_4724	1	412	39	410	99.5146	13.6141	36.7	60
dDocent_Contig_4725	1	416	16	354	85.0962	5.59375	36.7	60
dDocent_Contig_4727	1	517	33	328	63.4429	9.07157	36.7	60
dDocent_Contig_4731	1	530	273	526	99.2453	70.2566	36.5	58.9
dDocent_Contig_4735	1	393	16	349	88.8041	5.37659	36.8	60
dDocent_Contig_4736	1	338	8	119	35.2071	2.40237	36.9	60
dDocent_Contig_4747	1	320	108	313	97.8125	48.8031	36.4	60
dDocent_Contig_4751	1	350	42	336	96	17.1686	36.6	60
dDocent_Contig_4757	1	394	26	278	70.5584	9.13706	36.4	60
dDocent_Contig_4758	1	378	178	377	99.7354	68.4365	36.5	60
dDocent_Contig_4763	1	307	80	306	99.6743	37.0065	36.3	60
dDocent_Contig_4765	1	363	20	354	97.5207	7.69146	36.2	60
dDocent_Contig_4769	1	424	117	378	89.1509	39.2193	36.2	60
dDocent_Contig_4770	1	407	66	370	90.9091	23.0147	36.5	60
dDocent_Contig_4773	1	357	177	351	98.3193	71.6779	36.4	60
dDocent_Contig_4774	1	200	2	101	50.5	1.01	36.7	60
dDocent_Contig_4775	1	461	16	445	96.5293	4.75922	36.7	60
dDocent_Contig_4777	1	539	21	318	58.9981	5.58813	36.5	60
dDocent_Contig_4783	1	360	32	317	88.0556	12.3944	36.1	60
dDocent_Contig_4784	1	383	111	369	96.3446	41.0261	36.1	60
dDocent_Contig_4785	1	466	43	279	59.8712	12.9657	36.3	60
dDocent_Contig_4786	1	358	60	357	99.7207	23.5363	36.3	60
dDocent_Contig_4788	1	633	102	304	48.0253	22.5561	36.4	60
dDocent_Contig_4792	1	304	27	302	99.3421	12.1118	35.1	60
dDocent_Contig_4793	1	472	9	240	50.8475	2.81356	36.5	60
dDocent_Contig_4794	1	274	21	266	97.0803	11.1715	36.7	60
dDocent_Contig_4795	1	519	70	406	78.2274	19.1252	36.3	60
dDocent_Contig_4799	1	394	65	374	94.9239	23.7817	36.3	60
dDocent_Contig_4800	1	542	139	540	99.631	35.941	36.1	59.7
dDocent_Contig_4803	1	294	289	293	99.6599	135.837	36.5	59.7
dDocent_Contig_4805	1	445	5	198	44.4944	1.61348	36.2	60
dDocent_Contig_4807	1	339	72	338	99.705	30.0295	36.4	60
dDocent_Contig_4808	1	472	280	471	99.7881	84.9894	36.3	60
dDocent_Contig_4811	1	277	35	268	96.7509	16.1841	36.8	60
dDocent_Contig_4815	1	545	134	438	80.367	35.8202	36.3	60
dDocent_Contig_4817	1	361	76	360	99.723	30.2244	36.6	60
dDocent_Contig_4819	1	458	21	340	74.2358	6.30131	36.5	60
dDocent_Contig_4823	1	368	57	320	86.9565	21.7989	35.9	60
dDocent_Contig_4826	1	222	2	179	80.6306	1.35135	36.6	60
dDocent_Contig_4827	1	465	34	335	72.043	10.1935	36.4	60
dDocent_Contig_4828	1	306	73	305	99.6732	34.0033	36.6	60
dDocent_Contig_4829	1	255	61	255	100	32.9843	36.3	60
dDocent_Contig_4831	1	340	51	339	99.7059	20.9235	35.1	60
dDocent_Contig_4832	1	377	53	362	96.0212	19.5703	36.2	60
dDocent_Contig_4833	1	303	103	302	99.67	49.7888	36.5	60
dDocent_Contig_4834	1	491	313	483	98.3707	89.6823	36.4	60
dDocent_Contig_4838	1	408	52	407	99.7549	18.1593	36.3	58.9
dDocent_Contig_4839	1	384	42	296	77.0833	15.7005	36.6	60
dDocent_Contig_4840	1	414	143	373	90.0966	49.5676	36.5	60
dDocent_Contig_4841	1	284	4	134	47.1831	1.5669	36.6	60
dDocent_Contig_4843	1	423	36	219	51.773	12.2317	36.4	60
dDocent_Contig_4845	1	589	94	567	96.2649	22.6587	36.5	60
dDocent_Contig_4848	1	571	107	571	100	25.1173	36.4	59.4
dDocent_Contig_4849	1	281	28	263	93.5943	13.7189	36.1	60
dDocent_Contig_4850	1	381	49	312	81.8898	18.4357	36.6	60
dDocent_Contig_4851	1	562	167	547	97.331	42.4253	36.6	60
dDocent_Contig_4855	1	501	270	499	99.6008	74.5409	36	57.6
dDocent_Contig_4857	1	493	88	380	77.0791	26.0183	36.5	60
dDocent_Contig_4860	1	356	3	171	48.0337	1.18258	36.8	60
dDocent_Contig_4862	1	338	158	337	99.7041	67.9911	36.3	60
dDocent_Contig_4865	1	416	113	414	99.5192	39.7091	36.3	59.7
dDocent_Contig_4868	1	263	6	263	100	3.1635	36.7	60
dDocent_Contig_4873	1	428	40	377	88.0841	13.535	36.3	60
dDocent_Contig_4874	1	322	12	300	93.1677	5.35404	35.6	60
dDocent_Contig_4875	1	347	11	263	75.7925	4.07781	36.6	60
dDocent_Contig_4880	1	296	25	270	91.2162	11.875	35.9	60
dDocent_Contig_4881	1	255	1	150	58.8235	0.588235	36.8	60
dDocent_Contig_4883	1	160	9	160	100	6.58125	35.4	60
dDocent_Contig_4889	1	439	15	342	77.9043	5.06606	36.7	60
dDocent_Contig_4891	1	572	250	571	99.8252	61.8234	36.3	59.7
dDocent_Contig_4892	1	390	70	379	97.1795	25.6	36.1	60
dDocent_Contig_4898	1	165	14	163	98.7879	11.2	35.5	45.7
dDocent_Contig_4902	1	445	34	419	94.1573	10.9843	36.3	60
dDocent_Contig_4905	1	408	60	383	93.8725	20.826	36.1	60
dDocent_Contig_4906	1	491	48	408	83.0957	13.2546	35.5	60
dDocent_Contig_4908	1	438	54	349	79.6804	17.8128	36	60
dDocent_Contig_4915	1	262	51	186	70.9924	29.1527	36.5	36.6
dDocent_Contig_4918	1	326	5	187	57.362	2.00613	36.6	60
dDocent_Contig_4920	1	504	134	441	87.5	36.3075	35.5	60
dDocent_Contig_4921	1	336	5	169	50.2976	1.61905	36.5	60
dDocent_Contig_4924	1	545	32	508	93.211	7.7578	36.3	60
dDocent_Contig_4925	1	292	43	290	99.3151	20.1336	36.2	60
dDocent_Contig_4926	1	487	32	450	92.4025	9.44559	36.8	60
dDocent_Contig_4927	1	324	56	323	99.6914	25.1883	36.3	60
dDocent_Contig_4928	1	162	39	161	99.3827	30.7963	35.2	60
dDocent_Contig_4932	1	399	17	398	99.7494	5.96241	36.7	55
dDocent_Contig_4933	1	515	56	309	60	15.5592	36.7	60
dDocent_Contig_4934	1	260	50	258	99.2308	27.4808	36.2	60
dDocent_Contig_4936	1	351	40	350	99.7151	16.6553	36.5	60
dDocent_Contig_4937	1	403	23	307	76.1787	8.21588	36.5	60
dDocent_Contig_4939	1	346	160	302	87.2832	66.8902	36.5	60
dDocent_Contig_4941	1	289	94	239	82.699	45.8547	36.4	60
dDocent_Contig_4942	1	396	15	246	62.1212	4.79293	36.9	60
dDocent_Contig_4944	1	311	1	131	42.1222	0.421222	36.3	60
dDocent_Contig_4946	1	168	45	168	100	37.8036	36.4	60
dDocent_Contig_4947	1	410	24	346	84.3902	7.3122	35.9	55.7
dDocent_Contig_4949	1	315	20	313	99.3651	8.98413	36.6	60
dDocent_Contig_4950	1	291	33	258	88.6598	16.055	36.5	60
dDocent_Contig_4951	1	503	515	428	85.0895	141.905	36.4	58.7
dDocent_Contig_4952	1	414	44	393	94.9275	14.7536	36.5	60
dDocent_Contig_4953	1	300	65	292	97.3333	30.95	36.2	60
dDocent_Contig_4956	1	394	134	263	66.7513	49.1599	36.4	60
dDocent_Contig_4963	1	595	62	519	87.2269	14.5412	36.8	60
dDocent_Contig_4964	1	387	51	359	92.7649	17.8966	36.5	60
dDocent_Contig_4966	1	376	31	327	86.9681	11.5824	36.6	60
dDocent_Contig_4968	1	284	67	283	99.6479	33.8697	36.7	60
dDocent_Contig_4972	1	349	12	271	77.6504	4.62751	36.7	60
dDocent_Contig_4974	1	287	62	285	99.3031	30.439	36.1	60
dDocent_Contig_4975	1	557	899	557	100	232.19	36.1	60
dDocent_Contig_4977	1	314	795	314	100	359.503	36.3	60
dDocent_Contig_4980	1	232	23	231	99.569	14.4698	36.7	60
dDocent_Contig_4981	1	222	32	220	99.0991	20.2523	36.5	60
dDocent_Contig_4982	1	324	44	323	99.6914	19.0617	36.2	60
dDocent_Contig_4985	1	319	46	318	99.6865	17.2351	36.2	57.3
dDocent_Contig_4987	1	404	36	402	99.505	12.6931	36.1	59.4
dDocent_Contig_4990	1	388	19	288	74.2268	6.88918	35.6	60
dDocent_Contig_4991	1	289	24	178	61.5917	11.2422	36.4	60
dDocent_Contig_4992	1	186	6	184	98.9247	3.93011	35.6	60
dDocent_Contig_4993	1	266	92	265	99.6241	50.0376	36.4	60
dDocent_Contig_4995	1	597	161	588	98.4925	37.8559	36.5	60
dDocent_Contig_4997	1	415	119	414	99.759	40.5904	36.4	60
dDocent_Contig_4999	1	433	125	392	90.5312	41.4619	36.1	60
dDocent_Contig_5000	1	530	102	298	56.2264	27.9189	36.3	60
dDocent_Contig_5003	1	318	20	316	99.3711	8.3805	36.3	60
dDocent_Contig_5005	1	334	2	166	49.7006	0.805389	33.9	60
dDocent_Contig_5007	1	514	100	339	65.9533	28.2568	36.4	60
dDocent_Contig_5008	1	397	34	332	83.6272	11.9219	36.3	60
dDocent_Contig_5010	1	533	1039	532	99.8124	284.79	36.5	60
dDocent_Contig_5013	1	362	16	319	88.1215	5.95028	36.3	60
dDocent_Contig_5017	1	563	5	292	51.865	1.10302	36.6	60
dDocent_Contig_5018	1	395	96	324	82.0253	34.9848	36.5	60
dDocent_Contig_5022	1	260	18	241	92.6923	8.82692	36.4	60
dDocent_Contig_5027	1	416	32	242	58.1731	11.1034	36.5	60
dDocent_Contig_5031	1	424	21	322	75.9434	6.46226	36.6	60
dDocent_Contig_5036	1	515	77	390	75.7282	21.7437	36.5	38.6
dDocent_Contig_5037	1	338	8	152	44.9704	2.86982	35.6	57.6
dDocent_Contig_5039	1	430	28	315	73.2558	9.29767	36.4	51.2
dDocent_Contig_5053	1	391	31	370	94.6292	10.9207	36.1	60
dDocent_Contig_5054	1	473	85	456	96.4059	25.5053	36.3	60
dDocent_Contig_5055	1	249	91	247	99.1968	52.6064	36.4	60
dDocent_Contig_5056	1	265	20	238	89.8113	10.4377	36.2	60
dDocent_Contig_5059	1	225	22	224	99.5556	14.0667	36.7	60
dDocent_Contig_5061	1	188	25	184	97.8723	18.7074	36.4	60
dDocent_Contig_5062	1	245	39	244	99.5918	23.0735	36.5	60
dDocent_Contig_5064	1	364	17	344	94.5055	6.47253	36.8	60
dDocent_Contig_5067	1	410	211	407	99.2683	64.122	35.7	39.2
dDocent_Contig_5068	1	262	73	260	99.2366	40.5725	36.4	60
dDocent_Contig_5072	1	421	6	187	44.4181	1.93824	36.1	60
dDocent_Contig_5073	1	322	32	313	97.205	13.7081	36.7	60
dDocent_Contig_5075	1	286	22	241	84.2657	10.7273	36.1	59.4
dDocent_Contig_5076	1	282	28	249	88.2979	11.766	36	60
dDocent_Contig_5078	1	576	15	504	87.5	3.52083	35.7	60
dDocent_Contig_5079	1	342	146	341	99.7076	62.0848	36.5	60
dDocent_Contig_5080	1	473	9	405	85.6237	2.68076	35.4	60
dDocent_Contig_5085	1	577	128	348	60.312	29.8284	36.5	57.2
dDocent_Contig_5088	1	253	12	247	97.6285	6.96838	36.3	60
dDocent_Contig_5089	1	262	2	127	48.4733	0.969466	36.8	60
dDocent_Contig_5090	1	396	13	358	90.404	4.7197	36.4	60
dDocent_Contig_5092	1	537	225	501	93.2961	53.2551	35.9	60
dDocent_Contig_5098	1	365	25	323	88.4932	9.70685	36.4	60
dDocent_Contig_5102	1	351	47	318	90.5983	19.2792	36.1	60
dDocent_Contig_5103	1	277	71	276	99.639	36.5343	36.4	60
dDocent_Contig_5107	1	417	26	284	68.1055	8.79376	36.6	60
dDocent_Contig_5111	1	358	23	267	74.581	8.65363	36.6	60
dDocent_Contig_5113	1	279	31	274	98.2079	16.0502	36.5	51.1
dDocent_Contig_5116	1	214	33	212	99.0654	20.2243	36.5	60
dDocent_Contig_5118	1	234	17	228	97.4359	10.1154	36.5	60
dDocent_Contig_5120	1	468	145	447	95.5128	44.1026	36.4	60
dDocent_Contig_5121	1	575	1626	574	99.8261	409.421	36.2	60
dDocent_Contig_5124	1	592	5	380	64.1892	1.24662	36.7	60
dDocent_Contig_5126	1	328	168	327	99.6951	67.5854	34.9	60
dDocent_Contig_5127	1	366	22	274	74.8634	8.28142	36.7	60
dDocent_Contig_5128	1	460	254	459	99.7826	80.7543	36.2	60
dDocent_Contig_5131	1	397	50	381	95.9698	18.4408	36.5	60
dDocent_Contig_5132	1	331	17	322	97.281	7.06949	36.8	60
dDocent_Contig_5134	1	523	23	316	60.4207	6.21415	36.7	60
dDocent_Contig_5137	1	238	49	190	79.8319	29.2521	36.6	60
dDocent_Contig_5138	1	346	107	335	96.8208	43.2197	36.3	43.2
dDocent_Contig_5139	1	293	52	287	97.9522	25.4403	36.6	60
dDocent_Contig_5141	1	355	12	295	83.0986	4.87887	36.3	60
dDocent_Contig_5142	1	255	5	217	85.098	2.90196	36.5	60
dDocent_Contig_5143	1	364	15	360	98.9011	5.52747	36.7	60
dDocent_Contig_5145	1	566	5	426	75.265	1.21908	36.8	60
dDocent_Contig_5146	1	272	71	267	98.1618	36.4338	36.3	60
dDocent_Contig_5147	1	507	31	476	93.8856	8.71203	36.8	60
dDocent_Contig_5149	1	345	10	345	100	4.08986	36.8	60
dDocent_Contig_5153	1	278	53	277	99.6403	27.4388	36.3	60
dDocent_Contig_5159	1	398	9	203	51.005	3.30151	35.8	60
dDocent_Contig_5160	1	490	2	129	26.3265	0.526531	37	60
dDocent_Contig_5163	1	253	50	252	99.6047	28.0198	36.5	60
dDocent_Contig_5165	1	426	23	278	65.2582	7.76291	36.4	60
dDocent_Contig_5170	1	482	666	359	74.4813	202.983	36.5	48.1
dDocent_Contig_5178	1	446	24	360	80.7175	6.85202	36.1	45.3
dDocent_Contig_5181	1	351	27	291	82.906	9.66667	35.8	53.4
dDocent_Contig_5182	1	282	79	280	99.2908	40.5851	36.5	60
dDocent_Contig_5183	1	353	148	304	86.119	59.8414	36.5	60
dDocent_Contig_5185	1	401	561	401	100	201.384	36.6	60
dDocent_Contig_5187	1	412	42	316	76.699	14.4806	36.4	60
dDocent_Contig_5188	1	406	2	93	22.9064	0.458128	36.5	60
dDocent_Contig_5190	1	377	34	374	99.2042	10.8939	36.3	49.7
dDocent_Contig_5192	1	334	42	234	70.0599	17.9222	36.7	60
dDocent_Contig_5193	1	269	108	269	100	57.3532	36.4	60
dDocent_Contig_5194	1	235	45	233	99.1489	27.9191	36.3	60
dDocent_Contig_5198	1	386	67	358	92.7461	24.9326	36.5	60
dDocent_Contig_5200	1	410	4	199	48.5366	1.46341	36.9	60
dDocent_Contig_5203	1	220	149	218	99.0909	90.5727	36.5	59.9
dDocent_Contig_5204	1	467	69	361	77.3019	21.167	36.3	60
dDocent_Contig_5209	1	204	29	203	99.5098	20.2451	36.6	60
dDocent_Contig_5210	1	351	22	291	82.906	8.37037	36.9	60
dDocent_Contig_5211	1	241	10	240	99.5851	5.87137	36.6	60
dDocent_Contig_5213	1	384	191	383	99.7396	72.1536	36.3	60
dDocent_Contig_5215	1	309	10	308	99.6764	4.24595	36.5	60
dDocent_Contig_5216	1	386	8	216	55.9585	2.99741	36.5	60
dDocent_Contig_5219	1	550	16	389	70.7273	4.14364	36.7	60
dDocent_Contig_5220	1	493	5	154	31.2373	1.4645	36.9	60
dDocent_Contig_5225	1	339	57	310	91.4454	24.41	36.4	60
dDocent_Contig_5234	1	354	9	241	68.0791	3.70621	36.4	60
dDocent_Contig_5235	1	402	64	400	99.5025	21.1567	36	60
dDocent_Contig_5239	1	350	7	269	76.8571	2.95714	36.9	60
dDocent_Contig_5240	1	279	9	260	93.19	4.3871	36.5	60
dDocent_Contig_5241	1	323	18	310	95.9752	8.05573	36.8	60
dDocent_Contig_5244	1	406	18	288	70.936	5.87438	35.7	60
dDocent_Contig_5245	1	338	31	335	99.1124	12.5178	36.4	60
dDocent_Contig_5247	1	466	598	459	98.4979	186.122	36.2	60
dDocent_Contig_5249	1	320	60	285	89.0625	25.9531	36.5	60
dDocent_Contig_5250	1	228	109	227	99.5614	67.0877	36.6	60
dDocent_Contig_5253	1	484	121	367	75.8264	34.0744	36.1	60
dDocent_Contig_5258	1	432	25	330	76.3889	8.01157	36.3	60
dDocent_Contig_5259	1	437	120	387	88.5584	39.968	36.4	60
dDocent_Contig_5260	1	510	8	300	58.8235	1.9549	36.4	60
dDocent_Contig_5261	1	577	4	279	48.3536	1.00347	36.8	60
dDocent_Contig_5262	1	328	71	311	94.8171	29.9634	36.5	60
dDocent_Contig_5264	1	362	126	326	90.0552	49.2293	36.2	60
dDocent_Contig_5266	1	253	18	235	92.8854	10.3518	36.7	60
dDocent_Contig_5268	1	207	38	207	100	25.3527	36.7	60
dDocent_Contig_5271	1	489	37	332	67.8937	10.3988	36.7	60
dDocent_Contig_5272	1	280	12	263	93.9286	6.14643	35.4	60
dDocent_Contig_5274	1	317	41	316	99.6845	18.0599	36	60
dDocent_Contig_5276	1	331	98	307	92.7492	42.8429	36.7	60
dDocent_Contig_5282	1	252	57	252	100	31.3571	36.6	60
dDocent_Contig_5285	1	346	435	303	87.5723	175.066	36.6	56.4
dDocent_Contig_5287	1	587	13	348	59.2845	3.17036	36.6	60
dDocent_Contig_5289	1	323	131	321	99.3808	58.3251	36.5	60
dDocent_Contig_5292	1	475	47	460	96.8421	13.4189	36.5	60
dDocent_Contig_5294	1	248	52	247	99.5968	29.8266	36.6	60
dDocent_Contig_5296	1	569	2160	569	100	538.077	36.2	58.4
dDocent_Contig_5298	1	270	36	231	85.5556	18.5741	36.5	60
dDocent_Contig_5302	1	415	36	270	65.0602	12.7084	36.4	60
dDocent_Contig_5303	1	240	1	104	43.3333	0.433333	37	60
dDocent_Contig_5304	1	349	115	336	96.2751	46.1175	36.4	60
dDocent_Contig_5305	1	317	17	303	95.5836	7.74763	36.2	60
dDocent_Contig_5307	1	415	8	205	49.3976	2.5253	36.8	60
dDocent_Contig_5308	1	239	20	140	58.5774	10.3556	36.4	60
dDocent_Contig_5313	1	370	62	361	97.5676	23.5243	36.3	60
dDocent_Contig_5314	1	338	28	337	99.7041	11.5651	35.9	60
dDocent_Contig_5318	1	385	21	299	77.6623	7.64416	36.5	60
dDocent_Contig_5322	1	457	48	321	70.2407	14.709	36.2	60
dDocent_Contig_5323	1	484	24	325	67.1488	6.72727	36.3	60
dDocent_Contig_5324	1	320	6	270	84.375	2.75937	36.5	60
dDocent_Contig_5326	1	445	5	188	42.2472	1.5191	36.3	58
dDocent_Contig_5332	1	277	68	273	98.556	35.9567	36.6	60
dDocent_Contig_5335	1	351	67	339	96.5812	27.1852	36.6	60
dDocent_Contig_5336	1	245	60	244	99.5918	33.8694	36.7	60
dDocent_Contig_5337	1	405	26	339	83.7037	8.66914	35.9	60
dDocent_Contig_5341	1	329	310	328	99.696	122.906	36.1	52.5
dDocent_Contig_5342	1	394	19	322	81.7259	4.47208	35.8	58.6
dDocent_Contig_5343	1	485	20	277	57.1134	5.66804	36.6	60
dDocent_Contig_5344	1	269	17	260	96.6543	8.69145	36.8	60
dDocent_Contig_5348	1	352	37	350	99.4318	14.6023	36.5	60
dDocent_Contig_5349	1	426	158	425	99.7653	53.9413	36.4	60
dDocent_Contig_5355	1	270	58	261	96.6667	30.6148	36.3	60
dDocent_Contig_5358	1	403	16	296	73.4491	5.79901	35.9	60
dDocent_Contig_5361	1	306	46	292	95.4248	21.049	36.3	60
dDocent_Contig_5366	1	363	62	342	94.2149	24.7686	36.7	60
dDocent_Contig_5368	1	394	96	371	94.1624	35.698	36.3	60
dDocent_Contig_5369	1	390	62	338	86.6667	23.1769	36.5	60
dDocent_Contig_5371	1	408	10	333	81.6176	3.39706	36.6	60
dDocent_Contig_5372	1	364	212	363	99.7253	75.7637	36.2	52.3
dDocent_Contig_5378	1	557	1029	503	90.3052	268.639	36.4	46.9
dDocent_Contig_5382	1	634	161	323	50.9464	35.8849	36.4	42.2
dDocent_Contig_5386	1	426	72	363	85.2113	23.2277	36.7	59
dDocent_Contig_5389	1	342	40	243	71.0526	16.3099	36.4	46.9
dDocent_Contig_5390	1	527	149	526	99.8102	39.63	36.4	60
dDocent_Contig_5395	1	468	2196	468	100	679.87	36.4	47.2
dDocent_Contig_5396	1	375	20	333	88.8	7.10133	36.6	56.4
dDocent_Contig_5398	1	325	76	317	97.5385	33.6954	36.7	60
dDocent_Contig_5399	1	570	88	384	67.3684	21.8035	36.4	60
dDocent_Contig_5401	1	377	36	372	98.6737	13.5411	36.7	60
dDocent_Contig_5403	1	365	186	319	87.3973	73.2548	36.4	60
dDocent_Contig_5404	1	498	88	363	72.8916	25.8976	36.5	60
dDocent_Contig_5407	1	439	128	426	97.0387	41.492	36.5	60
dDocent_Contig_5408	1	398	58	342	85.9296	21.191	36.1	60
dDocent_Contig_5409	1	346	73	344	99.422	30.5549	36.4	60
dDocent_Contig_5410	1	476	13	313	65.7563	3.55462	36.7	60
dDocent_Contig_5412	1	435	705	435	100	222.795	35.2	60
dDocent_Contig_5413	1	520	21	397	76.3462	5.79615	36	56.3
dDocent_Contig_5415	1	478	71	435	91.0042	21.4017	36.7	60
dDocent_Contig_5419	1	455	105	301	66.1538	32.8923	36.4	60
dDocent_Contig_5421	1	393	36	324	82.4427	13.4402	36.2	60
dDocent_Contig_5423	1	289	27	284	98.2699	12.9654	36.5	58
dDocent_Contig_5426	1	540	406	540	100	107.713	36.5	60
dDocent_Contig_5428	1	269	76	268	99.6283	40.197	36.6	60
dDocent_Contig_5433	1	216	60	215	99.537	40.1296	36.4	60
dDocent_Contig_5439	1	431	25	422	97.9118	8.52668	36.2	60
dDocent_Contig_5440	1	414	122	389	93.9614	41.0531	36.5	60
dDocent_Contig_5441	1	437	26477	437	100	8674.18	36.3	59.9
dDocent_Contig_5446	1	411	239	411	100	82.9027	36	60
dDocent_Contig_5447	1	465	117	464	99.7849	35.6839	36.4	60
dDocent_Contig_5450	1	262	19	239	91.2214	9.47328	36.3	60
dDocent_Contig_5454	1	273	119	271	99.2674	61.7729	36.6	60
dDocent_Contig_5455	1	543	8	397	73.1123	2.04972	36.2	60
dDocent_Contig_5457	1	226	13	224	99.115	8.24336	36.7	60
dDocent_Contig_5458	1	160	13	159	99.375	10.5625	36.6	60
dDocent_Contig_5459	1	532	91	399	75	24.6053	36.7	60
dDocent_Contig_5460	1	402	13	283	70.398	4.699	36.7	60
dDocent_Contig_5465	1	244	19	143	58.6066	9.80738	36.2	60
dDocent_Contig_5467	1	326	1	137	42.0245	0.420245	36.9	60
dDocent_Contig_5477	1	373	1703	356	95.4424	662.96	36.5	57.9
dDocent_Contig_5478	1	245	1178	245	100	687.539	36.5	45.9
dDocent_Contig_5480	1	570	7	352	61.7544	1.81754	36.1	60
dDocent_Contig_5481	1	498	58	290	58.2329	16.7088	36.5	60
dDocent_Contig_5482	1	255	239	254	99.6078	136.804	36.6	60
dDocent_Contig_5484	1	485	265	370	76.2887	78.6351	36.3	60
dDocent_Contig_5487	1	192	25	192	100	16.7917	35.7	60
dDocent_Contig_5492	1	584	204	453	77.5685	50.5942	36.4	60
dDocent_Contig_5493	1	422	117	422	100	40.3246	36	60
dDocent_Contig_5494	1	430	48	429	99.7674	16.1302	36.5	60
dDocent_Contig_5495	1	480	41	310	64.5833	12.0771	36.6	60
dDocent_Contig_5496	1	363	8	224	61.708	2.53719	36.9	60
dDocent_Contig_5497	1	437	55	435	99.5423	17.5812	36.2	60
dDocent_Contig_5498	1	492	145	409	83.1301	41.7602	36.4	60
dDocent_Contig_5505	1	342	614	342	100	229.775	35.7	43.4
dDocent_Contig_5506	1	388	2	239	61.5979	0.695876	36.8	60
dDocent_Contig_5508	1	474	19	398	83.9662	5.04852	35.6	60
dDocent_Contig_5510	1	433	39	315	72.7483	12.5335	36.7	60
dDocent_Contig_5511	1	395	14	392	99.2405	5.03291	36.9	60
dDocent_Contig_5513	1	389	33	358	92.0308	11.5553	36.8	57.8
dDocent_Contig_5516	1	304	60	304	100	28.7204	36.4	60
dDocent_Contig_5521	1	237	26	235	99.1561	14.7637	36.5	60
dDocent_Contig_5524	1	408	16	295	72.3039	5.35784	36.8	60
dDocent_Contig_5530	1	415	72	411	99.0361	25.3759	36.4	60
dDocent_Contig_5534	1	194	2	70	36.0825	0.721649	36.9	60
dDocent_Contig_5535	1	390	10	389	99.7436	3.38974	36.8	60
dDocent_Contig_5536	1	421	2	169	40.1425	0.712589	37	60
dDocent_Contig_5541	1	282	31	231	81.9149	15.5674	36.5	60
dDocent_Contig_5542	1	560	3884	559	99.8214	964.939	36.3	59.8
dDocent_Contig_5549	1	406	107	282	69.4581	37.7365	36.3	60
dDocent_Contig_5550	1	471	115	443	94.0552	34.5817	36.4	60
dDocent_Contig_5551	1	443	118	371	83.7472	38.3657	36.4	60
dDocent_Contig_5555	1	269	3	267	99.2565	1.58736	36.7	60
dDocent_Contig_5564	1	264	43	263	99.6212	22.4659	36.4	60
dDocent_Contig_5566	1	265	14	233	87.9245	7.30566	36.3	60
dDocent_Contig_5568	1	439	11	323	73.5763	3.59681	35.5	60
dDocent_Contig_5569	1	544	138	440	80.8824	36.3107	36.5	59.8
dDocent_Contig_5570	1	471	66	333	70.7006	18.2718	36.4	60
dDocent_Contig_5572	1	369	484	368	99.729	186.125	36.1	59.8
dDocent_Contig_5582	1	326	154	325	99.6933	67.135	36.5	60
dDocent_Contig_5583	1	289	66	280	96.8858	32.6367	36.6	60
dDocent_Contig_5584	1	268	50	243	90.6716	26.459	35.7	60
dDocent_Contig_5585	1	370	17	331	89.4595	6.55676	35.9	60
dDocent_Contig_5586	1	332	73	327	98.494	30.7169	35.4	60
dDocent_Contig_5587	1	325	135	323	99.3846	59.8308	36.3	60
dDocent_Contig_5588	1	389	40	332	85.347	14.599	36.1	60
dDocent_Contig_5589	1	369	23	281	76.1518	8.47425	36.6	60
dDocent_Contig_529	1	332	0	0	0	0	0	0
dDocent_Contig_575	1	403	0	0	0	0	0	0
dDocent_Contig_794	1	415	0	0	0	0	0	0
dDocent_Contig_797	1	332	0	0	0	0	0	0
dDocent_Contig_883	1	429	0	0	0	0	0	0
dDocent_Contig_1060	1	412	0	0	0	0	0	0
dDocent_Contig_1084	1	462	0	0	0	0	0	0
dDocent_Contig_1124	1	406	0	0	0	0	0	0
dDocent_Contig_1137	1	442	0	0	0	0	0	0
dDocent_Contig_1190	1	504	0	0	0	0	0	0
dDocent_Contig_1234	1	418	0	0	0	0	0	0
dDocent_Contig_1280	1	549	0	0	0	0	0	0
dDocent_Contig_1283	1	441	0	0	0	0	0	0
dDocent_Contig_1308	1	447	0	0	0	0	0	0
dDocent_Contig_1330	1	424	0	0	0	0	0	0
dDocent_Contig_1415	1	466	0	0	0	0	0	0
dDocent_Contig_1437	1	367	0	0	0	0	0	0
dDocent_Contig_1464	1	507	0	0	0	0	0	0
dDocent_Contig_1471	1	354	0	0	0	0	0	0
dDocent_Contig_1484	1	332	0	0	0	0	0	0
dDocent_Contig_1494	1	478	0	0	0	0	0	0
dDocent_Contig_1561	1	398	0	0	0	0	0	0
dDocent_Contig_1678	1	502	0	0	0	0	0	0
dDocent_Contig_1702	1	512	0	0	0	0	0	0
dDocent_Contig_1729	1	332	0	0	0	0	0	0
dDocent_Contig_1768	1	534	0	0	0	0	0	0
dDocent_Contig_1810	1	481	0	0	0	0	0	0
dDocent_Contig_1884	1	332	0	0	0	0	0	0
dDocent_Contig_1888	1	460	0	0	0	0	0	0
dDocent_Contig_1895	1	439	0	0	0	0	0	0
dDocent_Contig_1973	1	392	0	0	0	0	0	0
dDocent_Contig_2107	1	509	0	0	0	0	0	0
dDocent_Contig_2207	1	401	0	0	0	0	0	0
dDocent_Contig_2294	1	340	0	0	0	0	0	0
dDocent_Contig_2377	1	401	0	0	0	0	0	0
dDocent_Contig_2416	1	350	0	0	0	0	0	0
dDocent_Contig_2442	1	485	0	0	0	0	0	0
dDocent_Contig_2463	1	345	0	0	0	0	0	0
dDocent_Contig_2480	1	358	0	0	0	0	0	0
dDocent_Contig_2484	1	384	0	0	0	0	0	0
dDocent_Contig_2495	1	332	0	0	0	0	0	0
dDocent_Contig_2496	1	543	0	0	0	0	0	0
dDocent_Contig_2536	1	521	0	0	0	0	0	0
dDocent_Contig_2582	1	413	0	0	0	0	0	0
dDocent_Contig_2799	1	335	0	0	0	0	0	0
dDocent_Contig_2902	1	344	0	0	0	0	0	0
dDocent_Contig_2904	1	451	0	0	0	0	0	0
dDocent_Contig_2935	1	332	0	0	0	0	0	0
dDocent_Contig_3064	1	527	0	0	0	0	0	0
dDocent_Contig_3086	1	516	0	0	0	0	0	0
dDocent_Contig_3160	1	539	0	0	0	0	0	0
dDocent_Contig_3171	1	464	0	0	0	0	0	0
dDocent_Contig_3223	1	434	0	0	0	0	0	0
dDocent_Contig_3233	1	453	0	0	0	0	0	0
dDocent_Contig_3378	1	377	0	0	0	0	0	0
dDocent_Contig_3637	1	336	0	0	0	0	0	0
dDocent_Contig_3647	1	467	0	0	0	0	0	0
dDocent_Contig_3908	1	503	0	0	0	0	0	0
dDocent_Contig_3916	1	390	0	0	0	0	0	0
dDocent_Contig_3939	1	343	0	0	0	0	0	0
dDocent_Contig_3943	1	595	0	0	0	0	0	0
dDocent_Contig_3944	1	413	0	0	0	0	0	0
dDocent_Contig_3977	1	353	0	0	0	0	0	0
dDocent_Contig_3991	1	363	0	0	0	0	0	0
dDocent_Contig_4180	1	421	0	0	0	0	0	0
dDocent_Contig_4309	1	332	0	0	0	0	0	0
dDocent_Contig_4374	1	430	0	0	0	0	0	0
dDocent_Contig_4396	1	507	0	0	0	0	0	0
dDocent_Contig_4608	1	348	0	0	0	0	0	0
dDocent_Contig_4682	1	343	0	0	0	0	0	0
dDocent_Contig_4748	1	448	0	0	0	0	0	0
dDocent_Contig_4903	1	464	0	0	0	0	0	0
dDocent_Contig_5066	1	426	0	0	0	0	0	0
dDocent_Contig_5135	1	433	0	0	0	0	0	0
dDocent_Contig_5154	1	446	0	0	0	0	0	0
dDocent_Contig_5197	1	484	0	0	0	0	0	0
dDocent_Contig_5218	1	520	0	0	0	0	0	0
dDocent_Contig_5270	1	404	0	0	0	0	0	0
dDocent_Contig_5346	1	378	0	0	0	0	0	0
dDocent_Contig_5466	1	360	0	0	0	0	0	0
dDocent_Contig_5471	1	412	0	0	0	0	0	0
dDocent_Contig_5538	1	338	0	0	0	0	0	0
dDocent_Contig_5554	1	348	0	0	0	0	0	0
dDocent_Contig_1468	1	505	0	0	0	0	0	0
dDocent_Contig_4021	1	310	0	0	0	0	0	0
dDocent_Contig_4550	1	329	0	0	0	0	0	0
dDocent_Contig_277	1	232	0	0	0	0	0	0
dDocent_Contig_594	1	361	0	0	0	0	0	0
dDocent_Contig_619	1	229	0	0	0	0	0	0
dDocent_Contig_672	1	290	0	0	0	0	0	0
dDocent_Contig_730	1	235	0	0	0	0	0	0
dDocent_Contig_982	1	242	0	0	0	0	0	0
dDocent_Contig_1029	1	372	0	0	0	0	0	0
dDocent_Contig_1032	1	475	0	0	0	0	0	0
dDocent_Contig_1131	1	396	0	0	0	0	0	0
dDocent_Contig_1253	1	497	0	0	0	0	0	0
dDocent_Contig_1320	1	320	0	0	0	0	0	0
dDocent_Contig_1422	1	191	0	0	0	0	0	0
dDocent_Contig_1462	1	361	0	0	0	0	0	0
dDocent_Contig_1694	1	378	0	0	0	0	0	0
dDocent_Contig_1701	1	261	0	0	0	0	0	0
dDocent_Contig_1718	1	391	0	0	0	0	0	0
dDocent_Contig_1793	1	270	0	0	0	0	0	0
dDocent_Contig_1802	1	276	0	0	0	0	0	0
dDocent_Contig_1856	1	340	0	0	0	0	0	0
dDocent_Contig_1994	1	351	0	0	0	0	0	0
dDocent_Contig_2054	1	343	0	0	0	0	0	0
dDocent_Contig_2142	1	319	0	0	0	0	0	0
dDocent_Contig_2358	1	318	0	0	0	0	0	0
dDocent_Contig_2512	1	269	0	0	0	0	0	0
dDocent_Contig_2537	1	543	0	0	0	0	0	0
dDocent_Contig_2589	1	306	0	0	0	0	0	0
dDocent_Contig_2604	1	371	0	0	0	0	0	0
dDocent_Contig_2611	1	433	0	0	0	0	0	0
dDocent_Contig_2640	1	579	0	0	0	0	0	0
dDocent_Contig_2718	1	300	0	0	0	0	0	0
dDocent_Contig_2746	1	328	0	0	0	0	0	0
dDocent_Contig_2812	1	441	0	0	0	0	0	0
dDocent_Contig_2827	1	539	0	0	0	0	0	0
dDocent_Contig_2832	1	271	0	0	0	0	0	0
dDocent_Contig_2835	1	333	0	0	0	0	0	0
dDocent_Contig_2952	1	408	0	0	0	0	0	0
dDocent_Contig_3334	1	526	0	0	0	0	0	0
dDocent_Contig_3450	1	469	0	0	0	0	0	0
dDocent_Contig_3451	1	222	0	0	0	0	0	0
dDocent_Contig_3488	1	373	0	0	0	0	0	0
dDocent_Contig_3490	1	353	0	0	0	0	0	0
dDocent_Contig_3497	1	347	0	0	0	0	0	0
dDocent_Contig_3513	1	402	0	0	0	0	0	0
dDocent_Contig_3528	1	362	0	0	0	0	0	0
dDocent_Contig_3563	1	368	0	0	0	0	0	0
dDocent_Contig_3713	1	329	0	0	0	0	0	0
dDocent_Contig_3717	1	492	0	0	0	0	0	0
dDocent_Contig_3758	1	288	0	0	0	0	0	0
dDocent_Contig_3779	1	388	0	0	0	0	0	0
dDocent_Contig_3853	1	281	0	0	0	0	0	0
dDocent_Contig_3854	1	224	0	0	0	0	0	0
dDocent_Contig_3895	1	450	0	0	0	0	0	0
dDocent_Contig_3922	1	403	0	0	0	0	0	0
dDocent_Contig_4011	1	234	0	0	0	0	0	0
dDocent_Contig_4050	1	204	0	0	0	0	0	0
dDocent_Contig_4196	1	441	0	0	0	0	0	0
dDocent_Contig_4639	1	280	0	0	0	0	0	0
dDocent_Contig_4884	1	385	0	0	0	0	0	0
dDocent_Contig_4887	1	353	0	0	0	0	0	0
dDocent_Contig_4970	1	255	0	0	0	0	0	0
dDocent_Contig_5094	1	321	0	0	0	0	0	0
dDocent_Contig_5353	1	304	0	0	0	0	0	0
