#rname	startpos	endpos	numreads	covbases	coverage	meandepth	meanbaseq	meanmapq
dDocent_Contig_469	1	379	37	335	88.3905	10.942	36.7	55.5
dDocent_Contig_1426	1	384	1	129	33.5938	0.335938	36.6	60
dDocent_Contig_1428	1	402	1	57	14.1791	0.141791	36.8	58
dDocent_Contig_1536	1	373	4	90	24.1287	0.965147	34.8	60
dDocent_Contig_1813	1	363	2	85	23.416	0.46832	36.8	60
dDocent_Contig_1972	1	398	2	173	43.4673	0.572864	36.7	60
dDocent_Contig_2221	1	248	30	240	96.7742	11.5121	36.7	52.9
dDocent_Contig_2510	1	488	3	125	25.6148	0.768443	36.3	60
dDocent_Contig_2643	1	401	11	222	55.3616	3.27182	35.7	60
dDocent_Contig_3094	1	445	5	123	27.6404	1.05393	36.5	60
dDocent_Contig_3467	1	322	1	127	39.441	0.39441	36.6	60
dDocent_Contig_3481	1	397	4	126	31.738	0.926952	36.7	60
dDocent_Contig_3518	1	335	1	107	31.9403	0.319403	36.6	60
dDocent_Contig_3763	1	343	2	173	50.4373	0.58309	36.6	55
dDocent_Contig_3808	1	399	18	318	79.6992	4.97744	36.7	60
dDocent_Contig_4059	1	317	13	165	52.0505	4.67192	36.4	60
dDocent_Contig_4302	1	351	20	209	59.5442	5.64387	36.2	60
dDocent_Contig_4496	1	394	4	115	29.1878	1	36.9	60
dDocent_Contig_4678	1	417	8	113	27.0983	1.94724	35.8	60
dDocent_Contig_4795	1	504	10	140	27.7778	2.09921	36.5	60
dDocent_Contig_4841	1	434	29	276	63.5945	8.17512	35.9	60
dDocent_Contig_4870	1	346	17	286	82.659	4.60116	35.6	57.5
dDocent_Contig_4893	1	390	871	271	69.4872	246.715	36.1	47.9
dDocent_Contig_4896	1	478	13	350	73.2218	3.19874	36.5	60
dDocent_Contig_4915	1	490	20	181	36.9388	4.57143	36.7	60
dDocent_Contig_4954	1	448	11	180	40.1786	2.33036	36.7	58.8
dDocent_Contig_5112	1	465	4	83	17.8495	0.675269	35.4	32.5
dDocent_Contig_5374	1	339	3	131	38.6431	0.79351	36.8	60
dDocent_Contig_5379	1	416	1	89	21.3942	0.213942	35.1	60
dDocent_Contig_5466	1	378	7	285	75.3968	1.81217	36.6	60
dDocent_Contig_5529	1	391	2	95	24.2967	0.485934	36.2	60
dDocent_Contig_5536	1	385	5	287	74.5455	1.38701	36.6	60
dDocent_Contig_5701	1	399	2	90	22.5564	0.451128	35.5	60
dDocent_Contig_5745	1	350	16	258	73.7143	5.22571	36.5	60
dDocent_Contig_5793	1	491	26	192	39.1039	7.4664	35.4	60
dDocent_Contig_5885	1	411	2	96	23.3577	0.467153	37	60
dDocent_Contig_5916	1	488	4	289	59.2213	1.12295	36.9	60
dDocent_Contig_5919	1	389	25	210	53.9846	6.79177	35.3	60
dDocent_Contig_5973	1	398	2	147	36.9347	0.738693	34.9	60
dDocent_Contig_6116	1	443	2	67	15.1242	0.302483	36.9	60
dDocent_Contig_6364	1	384	13	169	44.0104	3.59896	36.1	60
dDocent_Contig_6503	1	490	10	268	54.6939	2.41633	35.8	60
dDocent_Contig_6641	1	379	10	242	63.8522	2.60422	36.1	60
dDocent_Contig_6659	1	367	35	366	99.7275	10.9646	35.9	33.4
dDocent_Contig_6742	1	413	1	139	33.6562	0.336562	36.6	60
dDocent_Contig_6765	1	403	22	263	65.2605	7.01489	35.7	59.9
dDocent_Contig_6883	1	387	2	93	24.031	0.48062	36.7	60
dDocent_Contig_7234	1	472	14	256	54.2373	3.31144	35.2	60
dDocent_Contig_7358	1	381	13	135	35.4331	3.32808	36.8	60
dDocent_Contig_7458	1	407	5	115	28.2555	1.07617	36.8	60
dDocent_Contig_7519	1	512	16	220	42.9688	3.96094	36	60
dDocent_Contig_7746	1	400	3	102	25.5	0.765	35.8	60
dDocent_Contig_7891	1	492	2	150	30.4878	0.605691	36.7	60
dDocent_Contig_7900	1	435	4	160	36.7816	0.855172	33.9	60
dDocent_Contig_8025	1	423	2	90	21.2766	0.425532	36.9	60
dDocent_Contig_8139	1	382	5	66	17.2775	0.790576	32.8	60
dDocent_Contig_8379	1	403	357	284	70.4715	96.7717	36.3	57.1
dDocent_Contig_8407	1	391	48	253	64.7059	13.2737	35.5	60
dDocent_Contig_8530	1	364	7	166	45.6044	2.30769	36.8	60
dDocent_Contig_8565	1	379	303	364	96.0422	76.1293	36	28.9
dDocent_Contig_8741	1	430	35	140	32.5581	6.70698	36.2	41.3
dDocent_Contig_8860	1	444	5	141	31.7568	1.01126	36.9	60
dDocent_Contig_8977	1	408	9	209	51.2255	2.33578	35	60
dDocent_Contig_8980	1	418	16	160	38.2775	4.27033	36.1	60
dDocent_Contig_9527	1	378	4	125	33.0688	1.32275	35.7	60
dDocent_Contig_9674	1	437	3	122	27.9176	0.668192	36.4	60
dDocent_Contig_10010	1	372	62	263	70.6989	16.5591	35.9	60
dDocent_Contig_10040	1	509	2	96	18.8605	0.37721	36.8	29
dDocent_Contig_10081	1	392	7	107	27.2959	1.67092	36.1	60
dDocent_Contig_10223	1	421	7	143	33.9667	1.59145	36.4	60
dDocent_Contig_10246	1	383	11	165	43.0809	3.15666	36	59.6
dDocent_Contig_10283	1	462	12	143	30.9524	2.34632	36.3	60
dDocent_Contig_10521	1	327	5	142	43.4251	1.89602	35.8	60
dDocent_Contig_10528	1	358	9	169	47.2067	2.65642	36.7	60
dDocent_Contig_10735	1	355	4	126	35.493	1.00282	36.8	60
dDocent_Contig_11013	1	448	14	331	73.8839	2.95089	36	55.6
dDocent_Contig_11016	1	369	1	77	20.8672	0.208672	36.8	60
dDocent_Contig_11040	1	438	8	172	39.2694	2.06849	36.9	60
dDocent_Contig_11104	1	379	12	183	48.285	3.35884	36.8	60
dDocent_Contig_11121	1	371	20	185	49.8652	5.87062	36.5	60
dDocent_Contig_11206	1	397	2	103	25.9446	0.518892	36.9	60
dDocent_Contig_11227	1	393	21	163	41.4758	5.59542	36.1	60
dDocent_Contig_11306	1	329	2	96	29.1793	0.583587	36.9	60
dDocent_Contig_11328	1	340	1	123	36.1765	0.361765	37	60
dDocent_Contig_11503	1	383	1	55	14.3603	0.143603	30.1	58
dDocent_Contig_11809	1	369	23	165	44.7154	6.28455	35.7	60
dDocent_Contig_11825	1	443	5	116	26.1851	1.06998	36.8	60
dDocent_Contig_11884	1	404	2	87	21.5347	0.430693	36.9	60
dDocent_Contig_12066	1	516	8	138	26.7442	1.47287	36.6	60
dDocent_Contig_12114	1	398	2	91	22.8643	0.457286	34.1	60
dDocent_Contig_12441	1	390	5	97	24.8718	1.17436	36.8	60
dDocent_Contig_12477	1	499	21	189	37.8758	5.11423	36.6	60
dDocent_Contig_12539	1	470	23	178	37.8723	5.01277	35.7	60
dDocent_Contig_12650	1	438	10	419	95.6621	2.71689	36.3	58.6
dDocent_Contig_12688	1	403	1	101	25.062	0.25062	36.9	60
dDocent_Contig_12696	1	413	4	141	34.1404	1.30024	36.7	60
dDocent_Contig_12794	1	399	7	246	61.6541	1.52882	36.7	60
dDocent_Contig_12960	1	453	1	81	17.8808	0.178808	37	60
dDocent_Contig_13087	1	371	30	152	40.9704	9.36927	35.4	60
dDocent_Contig_13133	1	358	368	352	98.324	106.366	36.4	51.3
dDocent_Contig_13319	1	497	42	161	32.3944	9.95171	35.9	60
dDocent_Contig_13325	1	471	10	175	37.155	2.16773	36.3	60
dDocent_Contig_13335	1	393	1	111	28.2443	0.282443	36.9	60
dDocent_Contig_13631	1	350	6	173	49.4286	1.81143	34.5	60
dDocent_Contig_13704	1	509	17	240	47.1513	3.20825	36.6	52.1
dDocent_Contig_13714	1	320	23	318	99.375	8.19063	36.1	60
dDocent_Contig_13802	1	386	21	179	46.3731	5.26943	36.2	60
dDocent_Contig_13814	1	441	19	178	40.3628	4.58277	35.4	60
dDocent_Contig_13926	1	385	359	384	99.7403	109.312	36.1	46.3
dDocent_Contig_14040	1	412	19	246	59.7087	6.01699	35.7	60
dDocent_Contig_14127	1	505	20	404	80	3.27921	36.7	52.9
dDocent_Contig_14188	1	381	3	145	38.0577	1.13911	36.8	60
dDocent_Contig_14332	1	445	625	387	86.9663	149.715	36.3	59.1
dDocent_Contig_14341	1	437	26	204	46.6819	6.52632	36.2	60
dDocent_Contig_14387	1	376	23	362	96.2766	7.00266	36.4	57
dDocent_Contig_14401	1	499	4	113	22.6453	0.905812	36.7	60
dDocent_Contig_14458	1	389	14	286	73.5219	4.28535	36.1	60
dDocent_Contig_14471	1	381	14	318	83.4646	4.36745	35.7	60
dDocent_Contig_14496	1	390	10	144	36.9231	3.00256	36.2	60
dDocent_Contig_14696	1	399	8	110	27.5689	1.65915	35.1	59.8
dDocent_Contig_14857	1	507	49	301	59.3688	9.73373	36.1	59.4
dDocent_Contig_14945	1	384	17	319	83.0729	4.3776	36.8	60
dDocent_Contig_15303	1	463	6	278	60.0432	1.42549	35.4	60
dDocent_Contig_15347	1	374	4	82	21.9251	0.877005	36.9	60
dDocent_Contig_15394	1	383	14	200	52.2193	3.84073	35.7	60
dDocent_Contig_15443	1	336	19	189	56.25	6.11905	35.7	60
dDocent_Contig_15798	1	345	8	218	63.1884	2.43188	36.2	60
dDocent_Contig_16416	1	339	20	249	73.4513	6.18879	36.7	60
dDocent_Contig_16644	1	379	391	373	98.4169	96.7863	34.2	34.5
dDocent_Contig_16841	1	375	2	119	31.7333	0.634667	33	60
dDocent_Contig_16876	1	407	19	194	47.6658	5.20639	35.6	60
dDocent_Contig_16951	1	485	1	97	20	0.2	37	60
dDocent_Contig_17025	1	364	27	191	52.4725	9.13462	35.5	60
dDocent_Contig_17172	1	417	13	256	61.3909	3.14868	36	60
dDocent_Contig_17263	1	344	2024	340	98.8372	671.98	35.6	54
dDocent_Contig_17281	1	338	13	187	55.3254	4.38757	36.9	60
dDocent_Contig_17506	1	283	851	255	90.106	305.329	35.5	46.5
dDocent_Contig_17552	1	383	2	107	27.9373	0.558747	36.8	60
dDocent_Contig_17828	1	433	2	118	27.2517	0.545035	36.5	60
dDocent_Contig_17961	1	493	1	84	17.0385	0.170385	36.9	60
dDocent_Contig_17966	1	427	7	220	51.5222	1.43326	35.2	60
dDocent_Contig_18067	1	417	2	144	34.5324	0.661871	36.9	60
dDocent_Contig_18078	1	421	9	89	21.1401	1.63895	36.4	51.3
dDocent_Contig_18263	1	320	32	175	54.6875	11.8938	35.9	55.7
dDocent_Contig_18530	1	383	26	339	88.5117	7.53786	36.5	60
dDocent_Contig_18645	1	325	190	309	95.0769	60.1631	36.4	59
dDocent_Contig_18820	1	389	10	184	47.3008	2.82262	36.8	60
dDocent_Contig_18984	1	387	4	109	28.1654	1.12661	34	60
dDocent_Contig_19079	1	369	2	91	24.6612	0.493225	36.8	60
dDocent_Contig_19265	1	446	2	183	41.0314	0.641256	36	60
dDocent_Contig_19275	1	466	6	196	42.0601	1.29614	35.2	60
dDocent_Contig_19438	1	398	4	108	27.1357	0.949749	36.7	60
dDocent_Contig_19450	1	413	6	195	47.2155	1.49637	36.9	60
dDocent_Contig_19596	1	387	8	261	67.4419	2.59432	36.7	60
dDocent_Contig_19601	1	407	14	168	41.2776	3.58968	36.4	60
dDocent_Contig_19667	1	459	58	270	58.8235	14.6797	36.1	60
dDocent_Contig_19729	1	417	71	321	76.9784	16.9089	36.1	51.2
dDocent_Contig_19785	1	452	2	127	28.0973	0.561947	36	60
dDocent_Contig_19789	1	421	8	134	31.829	1.86223	36.8	52
dDocent_Contig_19841	1	341	9	137	40.176	1.99413	35.5	56.4
dDocent_Contig_19852	1	390	141	269	68.9744	35.9487	36.2	44.2
dDocent_Contig_19951	1	481	7	168	34.9272	1.83784	35.4	60
dDocent_Contig_19961	1	405	11	151	37.284	2.86173	36.1	60
dDocent_Contig_20075	1	513	5	139	27.0955	1.16179	36.2	60
dDocent_Contig_20137	1	400	45	262	65.5	13.26	35	60
dDocent_Contig_20312	1	305	29	233	76.3934	11.0787	36.5	60
dDocent_Contig_20384	1	417	8	185	44.3645	1.99041	36.9	60
dDocent_Contig_20470	1	363	8	141	38.843	2.35262	34.9	59.9
dDocent_Contig_20541	1	394	8	248	62.9442	2.05076	36.8	60
dDocent_Contig_20628	1	398	6	237	59.5477	2.03266	35.1	59.7
dDocent_Contig_20805	1	446	92	259	58.0717	25.0605	36	60
dDocent_Contig_20811	1	353	5	192	54.3909	1.3796	36.4	60
dDocent_Contig_20878	1	441	12	136	30.839	2.52608	36.7	60
dDocent_Contig_20914	1	382	2	32	8.37696	0.167539	36.2	60
dDocent_Contig_20919	1	513	2	97	18.9084	0.378168	36.9	60
dDocent_Contig_20993	1	441	2	90	20.4082	0.408163	37	60
dDocent_Contig_21026	1	291	8	182	62.543	3.64261	36.7	60
dDocent_Contig_21304	1	354	28	264	74.5763	9.90678	36.1	59.7
dDocent_Contig_21534	1	309	2	114	36.8932	0.737864	36.8	52
dDocent_Contig_21546	1	415	5	173	41.6867	1.15663	36.8	59.6
dDocent_Contig_21613	1	468	2	103	22.0085	0.440171	36.5	60
dDocent_Contig_21972	1	384	18	209	54.4271	4.39583	36.8	56.2
dDocent_Contig_22078	1	421	1	123	29.2162	0.292162	37	60
dDocent_Contig_22307	1	403	238	170	42.1836	65.0521	36.1	52.2
dDocent_Contig_22324	1	446	14	147	32.9596	2.64126	36.6	33.9
dDocent_Contig_22345	1	419	6	136	32.4582	1.37232	36.8	60
dDocent_Contig_22445	1	380	2	79	20.7895	0.415789	36.8	60
dDocent_Contig_22513	1	359	10	132	36.7688	2.3454	36.9	52.8
dDocent_Contig_22655	1	426	2	49	11.5023	0.230047	37	60
dDocent_Contig_22739	1	337	2	115	34.1246	0.682493	36.9	60
dDocent_Contig_22810	1	364	6	138	37.9121	2.27473	36.2	60
dDocent_Contig_22852	1	422	10	186	44.0758	2.53791	36.2	60
dDocent_Contig_22969	1	387	6	132	34.1085	1.71576	36.7	60
dDocent_Contig_22974	1	418	46	206	49.2823	13.6292	35.5	60
dDocent_Contig_23013	1	408	2	72	17.6471	0.352941	36.9	60
dDocent_Contig_23082	1	339	18	188	55.4572	6.79351	35.3	60
dDocent_Contig_23105	1	357	46	230	64.4258	14.2745	35.5	60
dDocent_Contig_23271	1	371	3	180	48.5175	0.814016	36.8	50.7
dDocent_Contig_23718	1	457	2	113	24.7265	0.49453	36.8	60
dDocent_Contig_23822	1	404	1	93	23.0198	0.230198	36.6	60
dDocent_Contig_24209	1	339	68	256	75.5162	19.4513	35.9	57.4
dDocent_Contig_24300	1	402	446	222	55.2239	126.109	35.9	30.5
dDocent_Contig_24326	1	366	7	110	30.0546	1.69945	36.9	60
dDocent_Contig_24509	1	391	57	241	61.6368	16.5703	35.7	59.6
dDocent_Contig_24631	1	441	1	114	25.8503	0.258503	36.2	60
dDocent_Contig_24768	1	496	5	286	57.6613	1.33468	36.9	60
dDocent_Contig_24890	1	345	22	148	42.8986	6.06087	36.3	33.5
dDocent_Contig_24942	1	431	3	120	27.8422	0.835267	36.8	52
dDocent_Contig_25303	1	364	18	219	60.1648	6.51923	35.9	59.1
dDocent_Contig_25362	1	430	9	203	47.2093	2.46744	35	60
dDocent_Contig_25525	1	348	11	200	57.4713	2.99713	36.5	60
dDocent_Contig_25528	1	376	5	107	28.4574	1.15426	34.8	60
dDocent_Contig_25719	1	415	13	169	40.7229	3.18072	35.6	60
dDocent_Contig_25734	1	337	4	195	57.8635	1.5905	36.4	60
dDocent_Contig_25860	1	461	1	103	22.3427	0.223427	36.6	60
dDocent_Contig_25896	1	393	1	105	26.7176	0.267176	37	60
dDocent_Contig_26001	1	384	4	137	35.6771	1.42708	34.1	60
dDocent_Contig_26214	1	368	1	74	20.1087	0.201087	32.8	60
dDocent_Contig_26341	1	444	10	307	69.1441	2.60811	36.1	60
dDocent_Contig_26480	1	421	9	125	29.6912	1.962	36.9	60
dDocent_Contig_26506	1	400	4	115	28.75	1.15	36.5	60
dDocent_Contig_26705	1	461	24	198	42.9501	6.46638	36	60
dDocent_Contig_26735	1	393	4	214	54.4529	1.08906	36.9	60
dDocent_Contig_26794	1	356	17	266	74.7191	5.10112	36.6	60
dDocent_Contig_26833	1	400	3	95	23.75	0.7125	35.4	44
dDocent_Contig_26860	1	394	47	280	71.066	13.7716	36	60
dDocent_Contig_26932	1	258	53	197	76.3566	23.1008	35.1	58.9
dDocent_Contig_27088	1	385	5	124	32.2078	1.11688	36.9	60
dDocent_Contig_27151	1	347	32	197	56.7723	11.1297	35.5	60
dDocent_Contig_27303	1	378	6	207	54.7619	1.70899	36.3	60
dDocent_Contig_27334	1	348	26	197	56.6092	7.62069	35.7	42.3
dDocent_Contig_27382	1	387	5	146	37.7261	1.18346	35.3	60
dDocent_Contig_27425	1	360	6	217	60.2778	1.91944	36.8	60
dDocent_Contig_27478	1	459	14	253	55.1198	3.90414	36.1	60
dDocent_Contig_27500	1	396	27	160	40.404	5.21465	35.4	60
dDocent_Contig_27714	1	470	13	119	25.3191	2.65319	35.8	60
dDocent_Contig_27757	1	391	16	138	35.2941	4.27877	35.9	60
dDocent_Contig_27791	1	475	8	150	31.5789	1.86316	35.9	60
dDocent_Contig_27963	1	379	17	194	51.1873	5.11873	35.5	60
dDocent_Contig_28454	1	399	5	154	38.5965	1.02757	36.7	60
dDocent_Contig_28529	1	406	56	206	50.7389	16.7463	36	58.7
dDocent_Contig_28554	1	330	17	236	71.5152	7.21818	35.3	60
dDocent_Contig_28643	1	365	4	147	40.274	1.4411	36.6	60
dDocent_Contig_28704	1	347	45	217	62.536	13.3314	36.2	54.8
dDocent_Contig_28723	1	276	4	183	66.3043	1.84783	36.5	60
dDocent_Contig_28759	1	388	39	208	53.6082	12.0412	36.1	60
dDocent_Contig_28983	1	302	198	183	60.596	56.3377	36	56.2
dDocent_Contig_29187	1	412	9	162	39.3204	1.95388	36.6	56.8
dDocent_Contig_29239	1	466	2	88	18.8841	0.377682	37	60
dDocent_Contig_29337	1	430	24	189	43.9535	6.25814	36.5	60
dDocent_Contig_29359	1	344	12	294	85.4651	3.92442	36.9	60
dDocent_Contig_29718	1	364	31	295	81.044	9.92582	36.1	60
dDocent_Contig_29719	1	372	22	192	51.6129	6.5	36.1	60
dDocent_Contig_30057	1	507	13	238	46.9428	2.56607	34.7	51.9
dDocent_Contig_30094	1	502	10	235	46.8127	2.03984	36.8	60
dDocent_Contig_30299	1	433	6	199	45.9584	1.72748	36.1	60
dDocent_Contig_30382	1	446	2	190	42.6009	0.53139	36.4	60
dDocent_Contig_30390	1	301	6	58	19.2691	1.0299	36.1	60
dDocent_Contig_30444	1	357	21	213	59.6639	5.89076	36.2	52.7
dDocent_Contig_30498	1	421	6	267	63.4204	1.38005	35	59.2
dDocent_Contig_30535	1	386	4	172	44.5596	0.891192	36.9	60
dDocent_Contig_30573	1	400	6	184	46	1.6875	36.6	60
dDocent_Contig_30891	1	394	2	68	17.2589	0.345178	36.9	60
dDocent_Contig_31127	1	403	44	233	57.8164	9.21092	36.4	37
dDocent_Contig_31164	1	354	2	96	27.1186	0.542373	36.7	60
dDocent_Contig_31290	1	365	5	114	31.2329	1.47945	36.9	60
dDocent_Contig_31438	1	426	8	135	31.6901	1.90376	35.1	60
dDocent_Contig_31551	1	325	15	197	60.6154	5.64	36	60
dDocent_Contig_31599	1	401	15	176	43.8903	4.58354	35.4	60
dDocent_Contig_31644	1	400	2	151	37.75	0.75	36.7	60
dDocent_Contig_31843	1	381	20	190	49.8688	5.4357	35.8	60
dDocent_Contig_31962	1	426	1	106	24.8826	0.248826	35.6	27
dDocent_Contig_32237	1	398	6	167	41.9598	1.44221	36.8	60
dDocent_Contig_32242	1	298	4	253	84.8993	1.57047	36.1	54
dDocent_Contig_32538	1	442	19	311	70.362	4.20136	36.8	42.2
dDocent_Contig_32553	1	337	14	222	65.8754	5.75668	36.7	59.3
dDocent_Contig_32556	1	374	7	154	41.1765	1.96257	36.9	60
dDocent_Contig_32581	1	458	650	431	94.1048	163.908	35.5	31.2
dDocent_Contig_32628	1	404	2	60	14.8515	0.29703	37	60
dDocent_Contig_32642	1	399	13	158	39.599	3.25313	36.4	60
dDocent_Contig_32650	1	406	11	206	50.7389	2.94828	36.1	60
dDocent_Contig_32658	1	400	9	253	63.25	2.7725	34.8	60
dDocent_Contig_32684	1	418	19	242	57.8947	5.4378	36.1	60
dDocent_Contig_32685	1	453	1	95	20.9713	0.209713	36.9	60
dDocent_Contig_32849	1	364	16	284	78.022	6.10165	36	60
dDocent_Contig_32933	1	371	5	124	33.4232	1.39892	36.8	60
dDocent_Contig_33056	1	479	2	42	8.76827	0.175365	37	60
dDocent_Contig_33224	1	363	4	158	43.5262	0.870523	36.1	50.5
dDocent_Contig_33311	1	493	7	151	30.6288	1.88641	36.9	52
dDocent_Contig_33441	1	388	19	386	99.4845	5.26289	35.7	60
dDocent_Contig_33601	1	399	3	119	29.8246	0.892231	35.8	60
dDocent_Contig_33639	1	375	7	183	48.8	1.76267	36.8	60
dDocent_Contig_33689	1	356	2	86	24.1573	0.483146	35.2	38
dDocent_Contig_33863	1	452	10	182	40.2655	1.95575	36.1	60
dDocent_Contig_33873	1	440	3	95	21.5909	0.647727	35.1	37.3
dDocent_Contig_33920	1	360	8	254	70.5556	2.33056	35.5	60
dDocent_Contig_33948	1	421	2	53	12.5891	0.251781	37	60
dDocent_Contig_34098	1	339	13	175	51.6224	4.29794	36.7	60
dDocent_Contig_34176	1	488	20	293	60.041	4.4959	35.7	60
dDocent_Contig_34252	1	375	12	249	66.4	4.22133	36.2	59.5
dDocent_Contig_34267	1	417	28	228	54.6763	7.91847	36.6	60
dDocent_Contig_34319	1	397	7	173	43.5768	1.87154	35.2	60
dDocent_Contig_34458	1	319	19	190	59.5611	5.95611	36.5	60
dDocent_Contig_34474	1	341	3	150	43.9883	0.982405	36	60
dDocent_Contig_34668	1	348	13	227	65.2299	3.9454	36.2	60
dDocent_Contig_34685	1	317	3	123	38.8013	0.895899	37	60
dDocent_Contig_34862	1	499	20	446	89.3788	4.61323	36.4	57.6
dDocent_Contig_35098	1	323	2	92	28.483	0.569659	36.9	60
dDocent_Contig_35248	1	338	119	300	88.7574	38.5207	35.8	34.9
dDocent_Contig_35451	1	353	2	121	34.2776	0.685552	36.6	60
dDocent_Contig_35500	1	376	4	134	35.6383	1.42553	36.7	60
dDocent_Contig_35857	1	406	11	200	49.2611	2.95074	35.6	60
dDocent_Contig_36016	1	330	14	196	59.3939	4.33636	36.3	60
dDocent_Contig_81	1	407	13	367	90.172	3.32924	36.8	43.3
dDocent_Contig_82	1	391	265	342	87.468	77.5934	36.2	50
dDocent_Contig_184	1	466	24	325	69.7425	4.67597	36.5	60
dDocent_Contig_227	1	398	14	250	62.8141	3.79899	35.8	48.9
dDocent_Contig_231	1	419	5	130	31.0263	1.17661	36.5	58.2
dDocent_Contig_243	1	407	2	69	16.9533	0.339066	37	60
dDocent_Contig_444	1	384	8	308	80.2083	2.26823	36.7	47.4
dDocent_Contig_445	1	487	340	485	99.5893	78.2731	36	51
dDocent_Contig_470	1	494	20	180	36.4372	4.55668	36.3	60
dDocent_Contig_498	1	434	24	409	94.2396	5.85945	36.6	55.5
dDocent_Contig_499	1	433	103	265	61.2009	26.4711	36.2	58.2
dDocent_Contig_501	1	472	23	150	31.7797	5.35593	36.5	36
dDocent_Contig_533	1	431	49	416	96.5197	12.0928	36.3	58.8
dDocent_Contig_569	1	452	2	137	30.3097	0.606195	36.6	60
dDocent_Contig_828	1	504	2	99	19.6429	0.392857	36.9	60
dDocent_Contig_1270	1	401	1	122	30.4239	0.304239	36.8	60
dDocent_Contig_1273	1	358	2	77	21.5084	0.430168	36.4	60
dDocent_Contig_1286	1	344	53	261	75.8721	12.5233	36.1	51.1
dDocent_Contig_1288	1	336	4	209	62.2024	1.66071	36.7	60
dDocent_Contig_1292	1	399	10	204	51.1278	3.25564	36.1	60
dDocent_Contig_1297	1	409	5	210	51.3447	1.14914	36.9	60
dDocent_Contig_1313	1	451	2	100	22.1729	0.443459	36.5	60
dDocent_Contig_1323	1	424	4	243	57.3113	1.14623	37	60
dDocent_Contig_1333	1	397	1	150	37.7834	0.377834	36.9	60
dDocent_Contig_1334	1	434	157	431	99.3088	41.2281	36.4	59.9
dDocent_Contig_1338	1	345	2	120	34.7826	0.695652	36.8	60
dDocent_Contig_1381	1	308	2	65	21.1039	0.383117	34.7	36.5
dDocent_Contig_1390	1	397	142	327	82.3678	41.7481	36.3	45.6
dDocent_Contig_1391	1	326	25	222	68.0982	8.60123	35.6	58.8
dDocent_Contig_1393	1	291	116	290	99.6564	42.9725	36	51.1
dDocent_Contig_1396	1	391	4	148	37.8517	0.757033	36.5	60
dDocent_Contig_1397	1	375	213	342	91.2	63.976	36	59.2
dDocent_Contig_1398	1	317	6	115	36.2776	1.77287	36.7	60
dDocent_Contig_1400	1	337	2	106	31.454	0.62908	36.7	60
dDocent_Contig_1404	1	397	109	347	87.4055	28.4055	35.9	51.9
dDocent_Contig_1431	1	386	12	187	48.4456	2.98446	36.3	52.7
dDocent_Contig_1433	1	335	7	104	31.0448	1.7791	36.6	43.6
dDocent_Contig_1439	1	432	6	169	39.1204	1.77778	35.4	60
dDocent_Contig_1465	1	291	34	289	99.3127	11.5292	36.2	52
dDocent_Contig_1469	1	380	10	156	41.0526	3.00789	36.4	60
dDocent_Contig_1478	1	379	4	131	34.5646	0.994723	34.2	60
dDocent_Contig_1484	1	388	6	137	35.3093	1.35567	36.4	60
dDocent_Contig_1499	1	483	7	307	63.5611	1.92754	36.8	60
dDocent_Contig_1505	1	277	1	56	20.2166	0.202166	36.1	60
dDocent_Contig_1509	1	400	4	82	20.5	0.82	36.7	52
dDocent_Contig_1512	1	396	14	235	59.3434	2.96212	36.8	43.1
dDocent_Contig_1513	1	379	68	105	27.7045	15.4802	36.4	57.6
dDocent_Contig_1516	1	346	10	196	56.6474	2.7052	36.5	60
dDocent_Contig_1517	1	315	124	182	57.7778	39.7905	36.3	59.9
dDocent_Contig_1528	1	276	6	139	50.3623	2.17029	35.2	49.3
dDocent_Contig_1540	1	332	8	158	47.5904	2.43373	36.5	35
dDocent_Contig_1544	1	361	2	99	27.4238	0.548476	36.8	60
dDocent_Contig_1547	1	414	5	134	32.3671	1.20531	37	60
dDocent_Contig_1550	1	397	3	108	27.204	0.816121	36.2	60
dDocent_Contig_1563	1	425	4	273	64.2353	1.25647	36.4	60
dDocent_Contig_1565	1	437	43	313	71.6247	11.6087	35.4	60
dDocent_Contig_1573	1	376	2	97	25.7979	0.515957	36.8	60
dDocent_Contig_1594	1	325	2	50	15.3846	0.307692	37	60
dDocent_Contig_1611	1	459	8	146	31.8083	1.69063	35.9	60
dDocent_Contig_1625	1	377	10	156	41.3793	2.86472	36.9	60
dDocent_Contig_1627	1	367	17	197	53.6785	4.83379	35.5	60
dDocent_Contig_1630	1	275	2	105	38.1818	0.763636	36.7	60
dDocent_Contig_1638	1	317	16	214	67.5079	6.49527	36.3	60
dDocent_Contig_1643	1	308	6	171	55.5195	2.31169	36.2	60
dDocent_Contig_1649	1	308	73	246	79.8701	21.9416	36.3	48.3
dDocent_Contig_1650	1	385	2	98	25.4545	0.509091	36.9	60
dDocent_Contig_1652	1	353	2	63	17.847	0.356941	37	60
dDocent_Contig_1654	1	390	2	104	26.6667	0.533333	35.7	60
dDocent_Contig_1673	1	387	3	184	47.5452	0.723514	36.6	60
dDocent_Contig_1676	1	297	47	214	72.0539	19.4276	36.3	60
dDocent_Contig_1681	1	393	223	392	99.7455	71.4529	36	59.9
dDocent_Contig_1691	1	353	1	62	17.5637	0.175637	36.8	30
dDocent_Contig_1714	1	325	2	46	14.1538	0.283077	37	60
dDocent_Contig_1718	1	441	1	79	17.9138	0.179138	36.4	60
dDocent_Contig_1739	1	404	2	51	12.6238	0.252475	36.6	60
dDocent_Contig_1752	1	273	4	110	40.293	1.61172	36.8	60
dDocent_Contig_1759	1	361	2	89	24.6537	0.493075	37	60
dDocent_Contig_1760	1	387	11	253	65.3747	3.06718	36.4	60
dDocent_Contig_1763	1	366	3	210	57.377	0.945355	36.6	60
dDocent_Contig_1770	1	367	2	73	19.891	0.39782	36.5	60
dDocent_Contig_1774	1	409	2	72	17.6039	0.352078	36.9	60
dDocent_Contig_1775	1	371	3	135	36.3881	1.09164	36.7	60
dDocent_Contig_1785	1	399	1	145	36.3409	0.363409	36.9	60
dDocent_Contig_1786	1	372	3	185	49.7312	0.844086	36.8	60
dDocent_Contig_1793	1	383	2	104	27.154	0.543081	37	60
dDocent_Contig_1794	1	390	22	277	71.0256	6.8641	36.6	60
dDocent_Contig_1797	1	471	2	93	19.7452	0.394904	37	60
dDocent_Contig_1803	1	275	1	150	54.5455	0.545455	36.9	60
dDocent_Contig_1808	1	325	350	321	98.7692	112.311	36.5	57.3
dDocent_Contig_1809	1	400	31	137	34.25	6.7075	36.4	58.8
dDocent_Contig_1820	1	345	2	143	41.4493	0.828986	36.7	60
dDocent_Contig_1826	1	343	2	115	33.5277	0.670554	36.8	60
dDocent_Contig_1844	1	434	19	269	61.9816	4.46083	36.4	49.8
dDocent_Contig_1845	1	406	5	110	27.0936	1.05911	36.6	60
dDocent_Contig_1852	1	359	1887	320	89.1365	622.721	36.1	44.6
dDocent_Contig_1858	1	383	2	123	32.1149	0.642298	36.6	60
dDocent_Contig_1865	1	399	48	299	74.9373	13.8972	36	60
dDocent_Contig_1883	1	334	67	333	99.7006	22.9281	36.1	59.5
dDocent_Contig_1884	1	345	4	217	62.8986	1.25797	36.1	60
dDocent_Contig_1888	1	385	2	136	35.3247	0.706494	36.9	60
dDocent_Contig_1892	1	361	2	68	18.8366	0.376731	36.8	60
dDocent_Contig_1893	1	291	6	102	35.0515	1.84192	36.8	40.3
dDocent_Contig_1894	1	307	2	86	28.013	0.560261	36.2	60
dDocent_Contig_1904	1	330	4	205	62.1212	1.00303	36.9	60
dDocent_Contig_1906	1	369	14	237	64.2276	3.27371	36.3	48.1
dDocent_Contig_1907	1	398	1504	348	87.4372	451.497	36.1	41.5
dDocent_Contig_1909	1	386	43	250	64.7668	11.0181	36	39.3
dDocent_Contig_1921	1	285	578	232	81.4035	227.558	36.2	59.7
dDocent_Contig_1922	1	363	2	104	28.6501	0.573003	36.4	60
dDocent_Contig_1927	1	376	2	86	22.8723	0.457447	35.9	60
dDocent_Contig_1930	1	418	1657	378	90.4306	457.254	35.9	48.3
dDocent_Contig_1933	1	359	6	153	42.6184	2.05014	36.7	60
dDocent_Contig_1936	1	254	2	116	45.6693	0.913386	36.9	60
dDocent_Contig_1946	1	362	2	120	33.1492	0.662983	36.9	60
dDocent_Contig_1947	1	370	2	123	33.2432	0.664865	32	60
dDocent_Contig_1961	1	430	2	100	23.2558	0.465116	36.6	60
dDocent_Contig_1969	1	365	2	88	24.1096	0.482192	36.6	60
dDocent_Contig_1971	1	371	11	202	54.4474	2.97844	36.5	60
dDocent_Contig_1979	1	298	2	103	34.5638	0.691275	37	60
dDocent_Contig_1980	1	340	3	118	34.7059	0.702941	36.8	60
dDocent_Contig_1999	1	335	2	118	35.2239	0.704478	36.7	60
dDocent_Contig_2001	1	359	20	216	60.1671	7.00557	36.4	60
dDocent_Contig_2002	1	340	10	192	56.4706	3.27059	36.5	60
dDocent_Contig_2010	1	356	2	90	25.2809	0.505618	36.9	60
dDocent_Contig_2014	1	369	1	88	23.8482	0.238482	37	60
dDocent_Contig_2016	1	282	4	130	46.0993	1.50355	36.7	41
dDocent_Contig_2025	1	380	27	348	91.5789	6.79737	36.2	60
dDocent_Contig_2029	1	376	5	209	55.5851	1.45213	36.1	60
dDocent_Contig_2030	1	374	3	109	29.1444	0.874332	36	60
dDocent_Contig_2032	1	333	2	95	28.5285	0.570571	36.7	60
dDocent_Contig_2034	1	382	9	226	59.1623	2.08639	36.3	53.6
dDocent_Contig_2053	1	340	2	99	29.1176	0.582353	37	60
dDocent_Contig_2065	1	411	1	81	19.708	0.19708	35	60
dDocent_Contig_2068	1	307	1	135	43.9739	0.439739	37	60
dDocent_Contig_2074	1	286	6	189	66.0839	1.83916	36.7	60
dDocent_Contig_2076	1	255	2	94	36.8627	0.737255	36.7	60
dDocent_Contig_2082	1	346	11	152	43.9306	4.1763	36.6	60
dDocent_Contig_2085	1	474	10	174	36.7089	2.62447	36	60
dDocent_Contig_2087	1	312	2	75	24.0385	0.480769	36.7	60
dDocent_Contig_2089	1	392	10	211	53.8265	3.45663	36.1	60
dDocent_Contig_2100	1	326	13	187	57.362	4.58589	36.7	60
dDocent_Contig_2102	1	387	8	146	37.7261	2.79587	36.5	60
dDocent_Contig_2104	1	396	21	284	71.7172	6.59848	36.1	60
dDocent_Contig_2106	1	359	4	147	40.9471	1.63788	35.8	60
dDocent_Contig_2110	1	358	31	327	91.3408	8.89944	36.4	50.4
dDocent_Contig_2111	1	468	14	186	39.7436	3.97863	36.5	60
dDocent_Contig_2158	1	257	2	85	33.0739	0.661479	36.8	60
dDocent_Contig_2160	1	385	23	192	49.8701	7.01818	36.4	60
dDocent_Contig_2161	1	408	2	62	15.1961	0.303922	36.9	60
dDocent_Contig_2163	1	382	11	143	37.4346	2.26178	36.3	32.5
dDocent_Contig_2183	1	353	1	138	39.0935	0.390935	36.6	60
dDocent_Contig_2189	1	375	20	226	60.2667	6.72533	35.7	60
dDocent_Contig_2192	1	360	21	198	55	6.52778	36.6	60
dDocent_Contig_2193	1	322	2	110	34.1615	0.68323	36.9	60
dDocent_Contig_2195	1	389	13	187	48.072	4.11054	36.3	60
dDocent_Contig_2203	1	408	214	407	99.7549	59.9118	36.2	51
dDocent_Contig_2211	1	317	5	146	46.0568	2.29968	35.2	60
dDocent_Contig_2219	1	431	10	239	55.4524	2.51044	36.8	59
dDocent_Contig_2220	1	360	21	266	73.8889	6.34167	35.6	51.8
dDocent_Contig_2232	1	508	3	146	28.7402	0.862205	36.5	60
dDocent_Contig_2239	1	433	156	409	94.4573	37.0947	36.1	57
dDocent_Contig_2258	1	403	1	97	24.0695	0.240695	28.1	60
dDocent_Contig_2266	1	407	3	94	23.0958	0.692875	36	60
dDocent_Contig_2275	1	399	18	230	57.6441	5.98747	36.6	60
dDocent_Contig_2282	1	454	3	237	52.2026	0.713656	36	60
dDocent_Contig_2285	1	388	3	260	67.0103	1.04124	36.7	60
dDocent_Contig_2286	1	343	5	162	47.2303	1.40816	36.4	60
dDocent_Contig_2291	1	321	2	89	27.7259	0.554517	36.9	60
dDocent_Contig_2301	1	378	2	66	17.4603	0.349206	37	60
dDocent_Contig_2302	1	378	8	161	42.5926	1.81481	36.2	60
dDocent_Contig_2322	1	417	2	120	28.777	0.57554	36.8	60
dDocent_Contig_2325	1	354	3	92	25.9887	0.745763	36.1	60
dDocent_Contig_2332	1	413	35	199	48.184	9.64891	35.8	60
dDocent_Contig_2338	1	370	4	147	39.7297	1.57568	33.9	60
dDocent_Contig_2340	1	409	7	240	58.6797	1.74328	36.7	60
dDocent_Contig_2343	1	448	4	125	27.9018	1.11607	36.9	60
dDocent_Contig_2351	1	401	2	124	30.9227	0.618454	35.2	60
dDocent_Contig_2355	1	404	1	95	23.5149	0.235149	37	60
dDocent_Contig_2356	1	458	1	93	20.3057	0.203057	37	60
dDocent_Contig_2358	1	431	3	246	57.0766	0.793503	36.8	60
dDocent_Contig_2363	1	276	2	88	31.8841	0.637681	36.8	22
dDocent_Contig_2396	1	332	1	116	34.9398	0.349398	36.6	20
dDocent_Contig_2400	1	385	2	88	22.8571	0.457143	36	60
dDocent_Contig_2432	1	390	2	99	25.3846	0.507692	36.9	60
dDocent_Contig_2438	1	401	880	358	89.2768	244.823	36	59.2
dDocent_Contig_2455	1	279	2	77	27.5986	0.551971	36.7	60
dDocent_Contig_2457	1	378	17	269	71.164	4.33069	35.7	58.5
dDocent_Contig_2495	1	501	3	136	27.1457	0.810379	34.9	60
dDocent_Contig_2508	1	460	1	89	19.3478	0.193478	36.9	60
dDocent_Contig_2512	1	330	2	37	11.2121	0.224242	36.8	60
dDocent_Contig_2519	1	465	4	92	19.7849	0.791398	36.6	60
dDocent_Contig_2530	1	316	1	115	36.3924	0.363924	36.6	60
dDocent_Contig_2533	1	396	2	38	9.59596	0.191919	36.7	60
dDocent_Contig_2581	1	402	39	333	82.8358	12.8134	35.7	60
dDocent_Contig_2583	1	383	368	373	97.389	87.2272	36.1	45.3
dDocent_Contig_2590	1	363	54	346	95.3168	15.427	36.3	55.3
dDocent_Contig_2596	1	369	2	93	25.2033	0.504065	36	60
dDocent_Contig_2601	1	413	2	107	25.908	0.51816	36.8	60
dDocent_Contig_2603	1	333	18	190	57.0571	5.40841	36.2	60
dDocent_Contig_2610	1	396	2	114	28.7879	0.575758	36.9	60
dDocent_Contig_2613	1	483	4	123	25.4658	1.01863	33.9	60
dDocent_Contig_2614	1	444	1	81	18.2432	0.182432	36.9	27
dDocent_Contig_2615	1	341	2	70	20.5279	0.410557	36.3	60
dDocent_Contig_2625	1	376	3	176	46.8085	0.784574	36.9	60
dDocent_Contig_2651	1	383	5	136	35.5091	1.61619	35.9	60
dDocent_Contig_2661	1	516	2	145	28.1008	0.562016	36.8	60
dDocent_Contig_2666	1	415	23	307	73.9759	6.89398	35.1	60
dDocent_Contig_2676	1	386	2	48	12.4352	0.248705	36	60
dDocent_Contig_2694	1	353	36	208	58.9235	13.5467	36.6	60
dDocent_Contig_2703	1	383	2	160	41.7755	0.78329	37	60
dDocent_Contig_2704	1	326	6	208	63.8037	1.97853	35.6	55.2
dDocent_Contig_2733	1	240	212	224	93.3333	98.8958	36	55.5
dDocent_Contig_2735	1	438	81	404	92.2374	21.0457	36.2	60
dDocent_Contig_2743	1	427	8	81	18.9696	0.93911	35.9	34
dDocent_Contig_2768	1	303	4	106	34.9835	1.39934	36.1	60
dDocent_Contig_2786	1	419	25	251	59.9045	7.73986	35.4	60
dDocent_Contig_2796	1	295	4	145	49.1525	1.31525	36.9	60
dDocent_Contig_2801	1	405	19	168	41.4815	5.86914	35.1	60
dDocent_Contig_2812	1	316	28	273	86.3924	10.2627	36.6	60
dDocent_Contig_2818	1	381	14	164	43.0446	3.87402	36.2	60
dDocent_Contig_2823	1	341	6	198	58.0645	1.73607	35.1	60
dDocent_Contig_2825	1	392	3	161	41.0714	1.14796	35.7	60
dDocent_Contig_2829	1	375	7	206	54.9333	2.14133	36.3	60
dDocent_Contig_2839	1	376	12	231	61.4362	3.5	36.2	60
dDocent_Contig_2840	1	492	4	121	24.5935	0.817073	36.9	60
dDocent_Contig_2853	1	365	12	224	61.3699	3.33973	36.8	60
dDocent_Contig_2869	1	476	1	93	19.5378	0.195378	28.3	60
dDocent_Contig_2871	1	375	1	88	23.4667	0.234667	36.7	60
dDocent_Contig_2883	1	359	1	111	30.9192	0.309192	36.3	60
dDocent_Contig_2887	1	477	4	205	42.9769	1.01887	36.8	60
dDocent_Contig_2892	1	430	1	103	23.9535	0.239535	36.9	60
dDocent_Contig_2896	1	394	30	309	78.4264	7.72081	35.9	49.3
dDocent_Contig_2901	1	402	37	264	65.6716	9.9403	35.9	59.2
dDocent_Contig_2916	1	357	2	142	39.7759	0.795518	36.8	60
dDocent_Contig_2920	1	353	5	152	43.0595	2.11898	35.9	60
dDocent_Contig_2921	1	427	2	138	32.3185	0.64637	36.6	60
dDocent_Contig_2924	1	371	4	250	67.3854	1.16442	36.8	46.2
dDocent_Contig_2933	1	361	18	214	59.2798	5.01108	35.9	60
dDocent_Contig_2936	1	445	2	166	37.3034	0.373034	37	46
dDocent_Contig_2938	1	438	1	101	23.0594	0.230594	37	60
dDocent_Contig_2963	1	333	2	95	28.5285	0.570571	36.9	60
dDocent_Contig_2964	1	402	1	131	32.5871	0.325871	36.8	60
dDocent_Contig_2974	1	325	1	118	36.3077	0.363077	36.8	60
dDocent_Contig_2975	1	411	4	108	26.2774	1.05109	36.9	60
dDocent_Contig_2983	1	293	94	192	65.529	32.3003	36.1	58.8
dDocent_Contig_2984	1	246	2	138	56.0976	1.12195	36.9	60
dDocent_Contig_2992	1	284	1	108	38.0282	0.380282	36.2	60
dDocent_Contig_3005	1	372	1	32	8.60215	0.0860215	36.2	54
dDocent_Contig_3009	1	421	5	178	42.2803	1.19715	36.8	60
dDocent_Contig_3014	1	377	4	150	39.7878	0.992042	36.8	42.8
dDocent_Contig_3017	1	387	6	211	54.522	1.39535	36.8	60
dDocent_Contig_3020	1	421	5	187	44.4181	1.47031	36.7	46.8
dDocent_Contig_3045	1	344	2	98	28.4884	0.569767	36.7	60
dDocent_Contig_3069	1	353	2	95	26.9122	0.538244	36.8	60
dDocent_Contig_3074	1	465	1	150	32.2581	0.322581	36.1	60
dDocent_Contig_3081	1	357	2	95	26.6106	0.532213	36.5	60
dDocent_Contig_3086	1	395	1	92	23.2911	0.232911	36.2	60
dDocent_Contig_3092	1	456	1	104	22.807	0.22807	37	60
dDocent_Contig_3099	1	381	4	162	42.5197	0.866142	36.8	60
dDocent_Contig_3105	1	373	4	120	32.1716	0.927614	36.9	60
dDocent_Contig_3106	1	449	2	117	26.0579	0.521158	36.5	60
dDocent_Contig_3109	1	381	2	129	33.8583	0.677165	37	60
dDocent_Contig_3116	1	400	5	115	28.75	1.4375	36.6	60
dDocent_Contig_3120	1	394	3	183	46.4467	1.00254	36.8	60
dDocent_Contig_3121	1	392	21	291	74.2347	5.75	36.7	55
dDocent_Contig_3125	1	366	1	127	34.6995	0.346995	36.4	60
dDocent_Contig_3150	1	428	2	44	10.2804	0.205607	37	60
dDocent_Contig_3153	1	374	1	107	28.6096	0.286096	36.5	60
dDocent_Contig_3154	1	408	2	90	22.0588	0.441176	36.6	60
dDocent_Contig_3158	1	403	2	84	20.8437	0.416873	36.8	60
dDocent_Contig_3173	1	390	2	110	28.2051	0.564103	36.9	60
dDocent_Contig_3190	1	288	25	224	77.7778	9.13889	36.2	60
dDocent_Contig_3221	1	370	11	233	62.973	2.61351	36.7	60
dDocent_Contig_3222	1	496	6	233	46.9758	1.49194	36.8	60
dDocent_Contig_3226	1	374	5	208	55.615	1.09893	36.7	60
dDocent_Contig_3230	1	289	4	208	71.9723	1.43599	35.8	60
dDocent_Contig_3267	1	423	74	205	48.4634	16.9645	36.1	50.8
dDocent_Contig_3272	1	441	95	434	98.4127	22.2336	36.4	59.4
dDocent_Contig_3294	1	379	17	172	45.3826	5.08707	36.5	60
dDocent_Contig_3295	1	448	4	220	49.1071	0.982143	36.9	60
dDocent_Contig_3299	1	350	1	107	30.5714	0.305714	35.6	60
dDocent_Contig_3319	1	382	2	105	27.4869	0.549738	36.9	60
dDocent_Contig_3332	1	489	2	105	21.4724	0.429448	36.9	60
dDocent_Contig_3334	1	461	3	99	21.4751	0.644252	36.8	60
dDocent_Contig_3338	1	442	2	74	16.7421	0.334842	36.9	60
dDocent_Contig_3339	1	467	3	115	24.6253	0.738758	35.2	60
dDocent_Contig_3341	1	341	3	176	51.6129	1.24927	36.5	60
dDocent_Contig_3355	1	396	7	264	66.6667	2.12374	35.6	60
dDocent_Contig_3361	1	377	2	82	21.7507	0.435013	37	60
dDocent_Contig_3363	1	373	5	157	42.0912	0.841823	36.7	60
dDocent_Contig_3364	1	383	5	213	55.6136	1.45431	36.5	60
dDocent_Contig_3375	1	471	45	157	33.3333	10.0722	36.5	47.7
dDocent_Contig_3377	1	270	2	125	46.2963	0.925926	36.8	60
dDocent_Contig_3378	1	498	5	232	46.5863	1.00201	37	60
dDocent_Contig_3380	1	313	48	244	77.9553	18.5495	36.3	31.7
dDocent_Contig_3385	1	467	2	102	21.8415	0.436831	37	60
dDocent_Contig_3390	1	340	4	229	67.3529	1.64706	35.8	60
dDocent_Contig_3391	1	365	4	163	44.6575	1.39178	36.6	60
dDocent_Contig_3398	1	351	12	188	53.5613	3.07692	35.8	60
dDocent_Contig_3401	1	423	34	196	46.3357	10.0757	35.7	60
dDocent_Contig_3402	1	434	12	176	40.553	3.21889	36.2	60
dDocent_Contig_3405	1	356	11	145	40.7303	3.23876	36.9	60
dDocent_Contig_3436	1	449	8	313	69.7105	2.10913	36.8	47.6
dDocent_Contig_3438	1	486	48	373	76.749	8.57613	36.6	55.8
dDocent_Contig_3439	1	376	3	259	68.883	0.978723	36.6	60
dDocent_Contig_3444	1	388	2	94	24.2268	0.484536	36.8	60
dDocent_Contig_3449	1	384	1	85	22.1354	0.221354	36.6	60
dDocent_Contig_3454	1	332	26	202	60.8434	8.58133	35.9	57.3
dDocent_Contig_3463	1	273	315	160	58.6081	124.641	36.1	56.6
dDocent_Contig_3472	1	389	13	201	51.671	4.05913	35.4	60
dDocent_Contig_3476	1	387	2	75	19.3798	0.387597	37	60
dDocent_Contig_3482	1	241	1	92	38.1743	0.381743	36.9	60
dDocent_Contig_3489	1	407	4	78	19.1646	0.766585	36.9	60
dDocent_Contig_3492	1	338	6	324	95.858	1.7071	36.8	53.8
dDocent_Contig_3497	1	297	3	134	45.1178	1.35354	36.8	60
dDocent_Contig_3523	1	342	18	207	60.5263	6.64327	36	60
dDocent_Contig_3527	1	349	2	148	42.4069	0.830946	36.3	60
dDocent_Contig_3529	1	275	4	101	36.7273	1.46909	36.5	60
dDocent_Contig_3530	1	383	2	92	24.0209	0.480418	36.9	60
dDocent_Contig_3534	1	262	2	95	36.2595	0.725191	36.1	60
dDocent_Contig_3544	1	419	4	241	57.5179	1.1074	36.9	60
dDocent_Contig_3548	1	459	2	80	17.4292	0.348584	36.8	60
dDocent_Contig_3554	1	371	2	74	19.9461	0.398922	37	60
dDocent_Contig_3555	1	413	5	171	41.4044	1.02906	36.9	60
dDocent_Contig_3580	1	479	1	141	29.4363	0.294363	36.6	60
dDocent_Contig_3686	1	360	26	217	60.2778	8.21944	36.1	60
dDocent_Contig_3697	1	390	30	175	44.8718	8.09744	36.2	49.9
dDocent_Contig_3699	1	303	2	77	25.4125	0.508251	36.9	60
dDocent_Contig_3705	1	371	1	108	29.1105	0.291105	37	60
dDocent_Contig_3706	1	391	7	190	48.5934	2.25575	36.4	60
dDocent_Contig_3708	1	451	9	190	42.1286	2.34146	36.7	60
dDocent_Contig_3709	1	398	6	130	32.6633	1.25126	36.7	60
dDocent_Contig_3711	1	327	453	210	64.2202	126.26	36	57.2
dDocent_Contig_3719	1	405	34	181	44.6914	9.93827	35.3	60
dDocent_Contig_3722	1	341	8	160	46.9208	2.54545	35.9	60
dDocent_Contig_3723	1	390	27	203	52.0513	8.11795	35.6	60
dDocent_Contig_3725	1	382	16	248	64.9215	4.45812	36.3	60
dDocent_Contig_3728	1	363	12	139	38.292	3.47658	36.8	60
dDocent_Contig_3729	1	298	18	192	64.4295	5.95638	36.4	60
dDocent_Contig_3730	1	455	17	263	57.8022	4.32527	35.9	60
dDocent_Contig_3731	1	396	1	70	17.6768	0.176768	36.8	60
dDocent_Contig_3733	1	437	20	248	56.7506	5.46453	36.4	57.2
dDocent_Contig_3740	1	335	2	144	42.9851	0.859701	35.4	60
dDocent_Contig_3741	1	355	12	318	89.5775	3.57746	36.4	60
dDocent_Contig_3746	1	420	12	171	40.7143	3.47381	36.8	60
dDocent_Contig_3748	1	326	4	178	54.6012	1.39877	37	60
dDocent_Contig_3752	1	362	21	191	52.7624	6.5221	36.5	60
dDocent_Contig_3754	1	405	3	208	51.358	0.903704	36.7	60
dDocent_Contig_3758	1	394	17	301	76.3959	5.33249	36.2	60
dDocent_Contig_3759	1	306	11	134	43.7908	3.31699	36.9	60
dDocent_Contig_3762	1	327	141	323	98.7768	49.2569	36	42.8
dDocent_Contig_3769	1	375	29	216	57.6	9.46133	36.6	60
dDocent_Contig_3772	1	394	33	264	67.0051	9.12437	35.8	60
dDocent_Contig_3775	1	403	42	287	71.2159	11.6799	35.6	60
dDocent_Contig_3777	1	347	4	173	49.8559	1.32565	36.9	60
dDocent_Contig_3784	1	374	6	254	67.9144	1.48396	36.6	38.3
dDocent_Contig_3796	1	309	52	309	100	22.288	35.9	60
dDocent_Contig_3797	1	440	6	152	34.5455	1.45909	35.6	60
dDocent_Contig_3803	1	346	25	165	47.6879	8.77457	35.5	60
dDocent_Contig_3804	1	381	5	142	37.2703	1.1916	35.2	60
dDocent_Contig_3806	1	307	19	186	60.5863	6.3127	36.8	60
dDocent_Contig_3813	1	323	996	322	99.6904	351.755	36	53.1
dDocent_Contig_3817	1	392	13	187	47.7041	3.67347	36.9	60
dDocent_Contig_3818	1	303	16	180	59.4059	5.43564	35.5	60
dDocent_Contig_3819	1	472	58	354	75	14.6716	36.6	60
dDocent_Contig_3820	1	411	13	162	39.4161	3.45742	35.7	60
dDocent_Contig_3823	1	350	50	197	56.2857	16.9286	36.3	60
dDocent_Contig_3824	1	388	20	164	42.268	6.14175	36.2	60
dDocent_Contig_3827	1	395	14	170	43.038	3.82278	36.6	60
dDocent_Contig_3833	1	370	6	193	52.1622	1.56216	36.9	60
dDocent_Contig_3834	1	285	15	206	72.2807	6.62105	36.4	60
dDocent_Contig_3835	1	393	74	350	89.0585	19.5293	36.2	38.3
dDocent_Contig_3843	1	469	48	347	73.9872	10.9851	36.2	60
dDocent_Contig_3856	1	359	9	228	63.5097	2.63231	36.8	60
dDocent_Contig_3858	1	440	12	158	35.9091	2.80682	36.8	60
dDocent_Contig_3862	1	312	80	233	74.6795	32.5962	35.9	60
dDocent_Contig_3866	1	389	20	315	80.9769	5.52442	36.7	60
dDocent_Contig_3886	1	336	21	217	64.5833	6.76786	35.9	60
dDocent_Contig_3890	1	292	3	199	68.1507	1.53767	33	60
dDocent_Contig_3894	1	317	4	184	58.0442	1.21136	36.7	60
dDocent_Contig_3895	1	350	225	338	96.5714	66.9086	36	55.2
dDocent_Contig_3896	1	313	30	204	65.1757	12.7604	35.9	60
dDocent_Contig_3899	1	304	7	190	62.5	3.03289	36.4	60
dDocent_Contig_3900	1	314	4	158	50.3185	1.19745	36.7	60
dDocent_Contig_3906	1	397	6	168	42.3174	2.05542	35	60
dDocent_Contig_3914	1	387	11	179	46.2532	3.07235	36.5	60
dDocent_Contig_3915	1	253	8	252	99.6047	4.65613	35.9	60
dDocent_Contig_3922	1	427	19	168	39.3443	4.32319	36.4	60
dDocent_Contig_3924	1	344	9	191	55.5233	3.57267	36.3	60
dDocent_Contig_3928	1	336	9	150	44.6429	3.44643	35.9	60
dDocent_Contig_3930	1	504	3	156	30.9524	0.892857	36.4	60
dDocent_Contig_3932	1	375	10	238	63.4667	2.79733	36	60
dDocent_Contig_3934	1	384	45	184	47.9167	13.4115	36.1	60
dDocent_Contig_3935	1	315	1	91	28.8889	0.288889	36.2	60
dDocent_Contig_3938	1	323	11	197	60.9907	3.36223	36.9	60
dDocent_Contig_3939	1	405	28	204	50.3704	7.66667	35.9	60
dDocent_Contig_3940	1	411	43	302	73.4793	12.3163	36	60
dDocent_Contig_3953	1	429	1	114	26.5734	0.265734	36.8	60
dDocent_Contig_3956	1	399	8	127	31.8296	1.92982	36.3	60
dDocent_Contig_3957	1	372	11	209	56.1828	3.42204	36.7	60
dDocent_Contig_3959	1	325	15	194	59.6923	5.53846	36.2	60
dDocent_Contig_3966	1	415	6	105	25.3012	1.39277	36.9	60
dDocent_Contig_3970	1	415	9	214	51.5663	2.69157	36.1	60
dDocent_Contig_3972	1	358	18	189	52.7933	5.19553	36.8	60
dDocent_Contig_3973	1	333	41	188	56.4565	13.8769	35.9	60
dDocent_Contig_3980	1	393	2	116	29.5165	0.590331	37	60
dDocent_Contig_3982	1	388	1	48	12.3711	0.123711	37	60
dDocent_Contig_3983	1	396	6	269	67.9293	1.67677	36.7	60
dDocent_Contig_3987	1	274	8	196	71.5328	3.60584	36	60
dDocent_Contig_3988	1	380	24	190	50	7.33421	35.5	60
dDocent_Contig_3989	1	269	10	216	80.2974	3.95911	36.7	60
dDocent_Contig_3990	1	429	10	162	37.7622	2.8345	36.9	60
dDocent_Contig_3994	1	349	12	202	57.8797	4.08023	36.3	60
dDocent_Contig_3997	1	319	11	176	55.1724	4.48589	36.6	60
dDocent_Contig_4002	1	353	8	175	49.5751	2.83853	34.9	58.6
dDocent_Contig_4003	1	438	20	164	37.4429	5.41324	35.9	60
dDocent_Contig_4004	1	302	21	224	74.1722	8	35.2	60
dDocent_Contig_4005	1	359	129	336	93.5933	40.9805	36.1	57.2
dDocent_Contig_4006	1	359	6	139	38.7187	2.17827	35.7	60
dDocent_Contig_4011	1	390	29	316	81.0256	7.67692	36	58.8
dDocent_Contig_4014	1	333	4	144	43.2432	1.23724	36.8	60
dDocent_Contig_4017	1	311	103	277	89.0675	35.463	36.1	40.8
dDocent_Contig_4019	1	425	4	95	22.3529	0.894118	36.7	60
dDocent_Contig_4020	1	384	2	112	29.1667	0.583333	36.8	60
dDocent_Contig_4023	1	348	11	147	42.2414	3.31897	36.6	60
dDocent_Contig_4030	1	397	2	120	30.2267	0.604534	36.8	60
dDocent_Contig_4032	1	396	2	103	26.0101	0.520202	36.7	60
dDocent_Contig_4035	1	385	7	188	48.8312	1.96883	36.9	60
dDocent_Contig_4038	1	396	8	150	37.8788	2.34596	36.2	60
dDocent_Contig_4043	1	403	428	370	91.8114	112.583	36.3	55
dDocent_Contig_4049	1	385	2	146	37.9221	0.758442	36.6	60
dDocent_Contig_4050	1	437	11	144	32.9519	2.5286	36.7	60
dDocent_Contig_4053	1	323	2	113	34.9845	0.69969	36.9	60
dDocent_Contig_4055	1	349	9	238	68.1948	3.20057	35.4	60
dDocent_Contig_4056	1	396	59	184	46.4646	18.9192	34.8	60
dDocent_Contig_4057	1	380	23	212	55.7895	6.61053	36.4	53.3
dDocent_Contig_4061	1	373	20	177	47.4531	5.90885	35.9	60
dDocent_Contig_4063	1	395	18	309	78.2278	5.99241	36.4	58.1
dDocent_Contig_4065	1	388	388	383	98.7113	116.688	36.1	59.9
dDocent_Contig_4066	1	329	31	284	86.3222	11.2249	36.4	47.2
dDocent_Contig_4068	1	340	9	156	45.8824	2.60294	36.9	34.1
dDocent_Contig_4069	1	332	8	168	50.6024	3.44578	36.7	60
dDocent_Contig_4086	1	391	21	202	51.6624	5.41944	36.6	60
dDocent_Contig_4091	1	301	6	147	48.8372	1.48837	36.6	60
dDocent_Contig_4092	1	357	1	94	26.3305	0.263305	36.9	60
dDocent_Contig_4094	1	389	10	194	49.8715	3.45501	36.8	60
dDocent_Contig_4100	1	292	4	109	37.3288	1.14384	36.2	53.5
dDocent_Contig_4103	1	352	1	108	30.6818	0.306818	36.8	60
dDocent_Contig_4104	1	395	5	196	49.6203	1.62278	35.6	60
dDocent_Contig_4106	1	370	3	159	42.973	1.02162	36.8	60
dDocent_Contig_4107	1	458	138	456	99.5633	27.262	36	34.7
dDocent_Contig_4119	1	406	2	84	20.6897	0.413793	36.8	60
dDocent_Contig_4122	1	394	6	189	47.9695	2.0533	36.9	60
dDocent_Contig_4123	1	264	6	99	37.5	2.25	35.3	60
dDocent_Contig_4127	1	324	11	134	41.358	3.2716	36.5	60
dDocent_Contig_4131	1	391	33	190	48.5934	8.85166	36.1	60
dDocent_Contig_4143	1	309	20	295	95.4693	7.92557	35.9	60
dDocent_Contig_4148	1	319	59	318	99.6865	19.1881	36.2	45.1
dDocent_Contig_4151	1	390	24	199	51.0256	6.79744	36.7	60
dDocent_Contig_4152	1	378	53	357	94.4444	16.2143	36.2	59.8
dDocent_Contig_4157	1	271	16	153	56.4576	6.25092	36.3	60
dDocent_Contig_4160	1	324	6	199	61.4198	2.09259	36.7	60
dDocent_Contig_4163	1	339	14	183	53.9823	4.64012	36.7	60
dDocent_Contig_4164	1	280	14	125	44.6429	5.06429	36.2	60
dDocent_Contig_4169	1	355	7	164	46.1972	2.23944	35.4	60
dDocent_Contig_4170	1	367	193	261	71.1172	59.6076	35.4	60
dDocent_Contig_4171	1	375	111	368	98.1333	34.048	36.1	53.8
dDocent_Contig_4173	1	466	58	312	66.9528	14.4571	35.2	60
dDocent_Contig_4180	1	432	13	202	46.7593	3.60185	35.9	59.9
dDocent_Contig_4181	1	386	35	222	57.513	10.487	36	60
dDocent_Contig_4182	1	381	7	211	55.3806	2.28609	36.8	60
dDocent_Contig_4187	1	291	8	173	59.4502	2.5945	35.8	60
dDocent_Contig_4189	1	453	3	160	35.3201	0.993377	36.3	60
dDocent_Contig_4191	1	367	20	233	63.4877	6.15259	36	60
dDocent_Contig_4192	1	395	4	86	21.7722	0.718987	36.4	60
dDocent_Contig_4193	1	374	9	175	46.7914	3.0107	35.1	60
dDocent_Contig_4196	1	421	28	325	77.1971	8.32304	36.7	59.9
dDocent_Contig_4200	1	245	23	144	58.7755	10.298	36.2	60
dDocent_Contig_4204	1	327	5	154	47.0948	1.59021	36.1	60
dDocent_Contig_4208	1	334	13	214	64.0719	5.20359	35.1	60
dDocent_Contig_4217	1	391	23	196	50.1279	6.91304	35.5	60
dDocent_Contig_4221	1	412	9	164	39.8058	2.31311	35.4	60
dDocent_Contig_4222	1	373	2	76	20.3753	0.407507	36.9	60
dDocent_Contig_4251	1	288	26	230	79.8611	9.94097	35.6	60
dDocent_Contig_4258	1	372	14	185	49.7312	3.60753	36.5	60
dDocent_Contig_4261	1	403	14	252	62.531	4.6402	36	60
dDocent_Contig_4263	1	319	8	156	48.9028	2.98433	36.8	60
dDocent_Contig_4266	1	320	11	240	75	4.5	36.8	60
dDocent_Contig_4268	1	348	7	169	48.5632	2.41092	35.7	60
dDocent_Contig_4270	1	315	14	168	53.3333	4.67302	36.9	60
dDocent_Contig_4272	1	383	28	258	67.3629	8.31593	36.4	60
dDocent_Contig_4283	1	318	8	210	66.0377	2.70755	36	60
dDocent_Contig_4284	1	381	6	264	69.2913	1.79528	36.8	60
dDocent_Contig_4288	1	349	8	131	37.5358	2.10602	36.8	60
dDocent_Contig_4290	1	395	27	383	96.962	8.71139	36.4	60
dDocent_Contig_4294	1	362	18	269	74.3094	5.40055	35.9	60
dDocent_Contig_4296	1	344	42	163	47.3837	12.5436	36.2	59.7
dDocent_Contig_4298	1	353	14	274	77.6204	4.94051	36.7	60
dDocent_Contig_4300	1	401	32	242	60.3491	9.37905	35.8	60
dDocent_Contig_4306	1	379	3	101	26.6491	0.799472	34.3	60
dDocent_Contig_4310	1	373	87	320	85.7909	21.437	35.9	39.6
dDocent_Contig_4313	1	370	22	238	64.3243	5.6973	36	60
dDocent_Contig_4320	1	412	6	290	70.3883	1.60194	36.7	60
dDocent_Contig_4321	1	402	15	124	30.8458	4.12935	35.9	25.4
dDocent_Contig_4325	1	352	4	200	56.8182	1.13636	35.3	60
dDocent_Contig_4326	1	279	11	200	71.6846	4.62724	36.7	60
dDocent_Contig_4339	1	421	2	157	37.2922	0.712589	36.7	60
dDocent_Contig_4344	1	320	10	218	68.125	2.9875	36.3	60
dDocent_Contig_4351	1	320	44	275	85.9375	16.6469	35.6	60
dDocent_Contig_4352	1	322	2	104	32.2981	0.645963	36.9	60
dDocent_Contig_4360	1	498	4	150	30.1205	1.20482	36.3	60
dDocent_Contig_4362	1	468	21	205	43.8034	4.26068	36.6	60
dDocent_Contig_4364	1	326	99	310	95.092	33.1411	36.5	57
dDocent_Contig_4367	1	344	25	237	68.8953	8.875	35	60
dDocent_Contig_4378	1	388	7	169	43.5567	2.46134	33.5	60
dDocent_Contig_4380	1	360	18	315	87.5	6.08333	35.7	60
dDocent_Contig_4401	1	402	99	388	96.5174	26.9353	36.1	57.9
dDocent_Contig_4402	1	364	6	143	39.2857	1.86538	36.5	60
dDocent_Contig_4408	1	333	32	289	86.7868	11.8258	36.2	60
dDocent_Contig_4409	1	425	22	355	83.5294	6.59529	36.2	60
dDocent_Contig_4410	1	413	7	200	48.4262	1.6368	36.8	60
dDocent_Contig_4412	1	378	21	276	73.0159	7.43386	36.1	59.3
dDocent_Contig_4416	1	265	1	65	24.5283	0.245283	35.1	60
dDocent_Contig_4418	1	369	17	191	51.7615	6.18699	36.2	60
dDocent_Contig_4420	1	227	20	165	72.6872	9.65198	36.3	60
dDocent_Contig_4425	1	386	65	286	74.0933	20.1839	35.8	60
dDocent_Contig_4427	1	353	19	243	68.8385	6.01133	36.8	60
dDocent_Contig_4436	1	349	10	129	36.9628	2.41834	36.9	60
dDocent_Contig_4442	1	315	31	180	57.1429	11.181	35.2	60
dDocent_Contig_4443	1	453	18	196	43.2671	4.11038	36.3	60
dDocent_Contig_4446	1	330	6	127	38.4848	1.54545	33.8	60
dDocent_Contig_4451	1	345	63	343	99.4203	18.1971	36	59.8
dDocent_Contig_4456	1	367	14	158	43.0518	4.297	36.8	60
dDocent_Contig_4458	1	381	20	210	55.1181	5.93963	36.1	60
dDocent_Contig_4483	1	374	6	123	32.8877	1.49198	36.3	60
dDocent_Contig_4484	1	356	8	130	36.5169	2.47191	35	60
dDocent_Contig_4486	1	379	7	210	55.409	2.70712	36.8	60
dDocent_Contig_4489	1	300	1098	289	96.3333	408.523	36	51.8
dDocent_Contig_4490	1	381	11	162	42.5197	2.56693	36.1	60
dDocent_Contig_4491	1	499	2	86	17.2345	0.344689	36.9	60
dDocent_Contig_4497	1	398	4	175	43.9698	0.894472	36.9	60
dDocent_Contig_4498	1	516	2	152	29.4574	0.581395	36.5	60
dDocent_Contig_4501	1	400	1	114	28.5	0.285	36.8	60
dDocent_Contig_4511	1	347	18	195	56.196	5.82421	35.7	60
dDocent_Contig_4512	1	463	35	146	31.5335	5.25486	34.8	58.4
dDocent_Contig_4513	1	405	22	185	45.679	5.86914	36.2	56.6
dDocent_Contig_4517	1	246	20	199	80.8943	9.90244	36	60
dDocent_Contig_4518	1	414	6	149	35.9903	1.4686	36.7	60
dDocent_Contig_4519	1	423	13	252	59.5745	3.08983	36.7	60
dDocent_Contig_4521	1	457	5	367	80.3063	1.40044	36.5	60
dDocent_Contig_4532	1	407	26	197	48.4029	7.56265	36.2	60
dDocent_Contig_4534	1	388	110	372	95.8763	32.8763	36	60
dDocent_Contig_4536	1	397	25	252	63.4761	7.6272	35.7	60
dDocent_Contig_4537	1	421	17	147	34.9169	4.6247	35.3	60
dDocent_Contig_4542	1	403	44	177	43.9206	11.3201	35.5	60
dDocent_Contig_4544	1	268	30	213	79.4776	13.9515	34.9	60
dDocent_Contig_4545	1	428	32	214	50	7.95561	36.6	56.8
dDocent_Contig_4546	1	433	4	118	27.2517	1.09007	36.9	60
dDocent_Contig_4559	1	363	23	287	79.0634	6.41873	36.8	60
dDocent_Contig_4573	1	382	4	189	49.4764	0.989529	36.8	60
dDocent_Contig_4574	1	480	3	223	46.4583	0.7	36.6	60
dDocent_Contig_4579	1	367	14	159	43.3243	3.92643	36.4	60
dDocent_Contig_4580	1	430	23	200	46.5116	6.68605	36.4	60
dDocent_Contig_4584	1	358	2041	328	91.6201	639.668	36.1	56.7
dDocent_Contig_4589	1	454	10	212	46.696	2.7511	36.9	60
dDocent_Contig_4590	1	439	47	330	75.1708	11.303	36.2	57
dDocent_Contig_4592	1	430	2	92	21.3953	0.425581	36	60
dDocent_Contig_4608	1	279	25	206	73.8351	9.51971	36.2	60
dDocent_Contig_4610	1	300	7	176	58.6667	2.99333	36.5	60
dDocent_Contig_4623	1	380	29	228	60	9.37105	36.3	60
dDocent_Contig_4624	1	415	1	133	32.0482	0.320482	36.5	60
dDocent_Contig_4627	1	370	9	174	47.027	2.59189	36	60
dDocent_Contig_4636	1	396	14	196	49.4949	4.2399	36.6	60
dDocent_Contig_4639	1	306	17	195	63.7255	7.06536	36.4	60
dDocent_Contig_4641	1	375	11	146	38.9333	3.56533	35.7	60
dDocent_Contig_4643	1	330	8	219	66.3636	3.17879	35.1	60
dDocent_Contig_4644	1	389	2	111	28.5347	0.570694	35.1	60
dDocent_Contig_4645	1	360	8	171	47.5	2.56667	36.7	60
dDocent_Contig_4646	1	286	1	106	37.0629	0.370629	36	60
dDocent_Contig_4651	1	362	6	227	62.7072	2.19061	36.7	60
dDocent_Contig_4652	1	395	17	156	39.4937	4.33924	36.4	60
dDocent_Contig_4656	1	248	31	208	83.871	13.2177	35.9	60
dDocent_Contig_4657	1	400	13	167	41.75	4.3225	35.9	60
dDocent_Contig_4658	1	374	11	165	44.1176	3.5	34.9	60
dDocent_Contig_4663	1	406	8	247	60.8374	2.06404	35.9	60
dDocent_Contig_4664	1	390	2	111	28.4615	0.569231	36.9	60
dDocent_Contig_4665	1	365	49	232	63.5616	16.789	36.2	60
dDocent_Contig_4670	1	319	8	177	55.4859	2.94044	36	60
dDocent_Contig_4671	1	367	11	136	37.0572	3.3079	36.4	60
dDocent_Contig_4672	1	319	25	178	55.7994	8.68966	35.6	60
dDocent_Contig_4673	1	301	26	278	92.3588	8.72757	35.7	52.4
dDocent_Contig_4677	1	331	6	205	61.9335	2.25076	36.4	60
dDocent_Contig_4682	1	302	29	301	99.6689	12.7351	35.2	60
dDocent_Contig_4683	1	487	19	181	37.1663	4.59138	36.7	60
dDocent_Contig_4685	1	396	19	184	46.4646	5.4899	36.5	60
dDocent_Contig_4699	1	337	10	221	65.5786	2.89318	35.7	43
dDocent_Contig_4708	1	411	22	182	44.2822	6.10706	35.3	60
dDocent_Contig_4710	1	405	24	333	82.2222	7.43951	35.7	60
dDocent_Contig_4715	1	402	15	224	55.7214	4.49254	35.8	60
dDocent_Contig_4718	1	365	18	158	43.2877	5.37808	35.4	60
dDocent_Contig_4736	1	373	8	203	54.4236	2.46113	36.7	60
dDocent_Contig_4742	1	288	18	221	76.7361	8.0625	35.5	60
dDocent_Contig_4744	1	363	1	53	14.6006	0.146006	36.8	29
dDocent_Contig_4774	1	472	5	157	33.2627	1.23729	35.1	60
dDocent_Contig_4786	1	364	21	200	54.9451	7.67033	35.9	60
dDocent_Contig_4790	1	469	17	136	28.9979	3.40512	36.2	53.1
dDocent_Contig_4792	1	352	35	224	63.6364	13.6733	34.8	60
dDocent_Contig_4807	1	467	20	227	48.6081	4.70236	35.2	60
dDocent_Contig_4810	1	373	22	298	79.8928	7.87668	35.2	60
dDocent_Contig_4813	1	403	467	401	99.5037	129.814	36	57.9
dDocent_Contig_4814	1	445	16	175	39.3258	3.45393	36.9	31.8
dDocent_Contig_4821	1	289	4	118	40.8304	1.63322	36.1	60
dDocent_Contig_4835	1	419	36	248	59.1885	10.7112	35.4	60
dDocent_Contig_4837	1	350	53	175	50	15.8514	35.7	52.1
dDocent_Contig_4844	1	327	11	187	57.1865	4.13761	36.1	60
dDocent_Contig_4849	1	500	68	410	82	14.996	35.8	52.3
dDocent_Contig_4869	1	373	7	237	63.5389	1.7748	36.9	53.7
dDocent_Contig_4872	1	423	87	329	77.7778	22.6525	36.2	48.8
dDocent_Contig_4874	1	334	50	204	61.0778	19.8293	35.7	60
dDocent_Contig_4878	1	307	3	211	68.7296	0.990228	36	60
dDocent_Contig_4879	1	427	12	342	80.0937	3.48712	36.3	60
dDocent_Contig_4880	1	345	119	342	99.1304	34.1507	36	59.1
dDocent_Contig_4881	1	370	13	287	77.5676	3.67568	36.7	60
dDocent_Contig_4883	1	397	3	97	24.4332	0.695214	35.8	60
dDocent_Contig_4886	1	466	14	228	48.927	3.19528	36.8	60
dDocent_Contig_4888	1	286	16	159	55.5944	5.74476	36.6	60
dDocent_Contig_4889	1	349	17	218	62.4642	4.61032	36.4	60
dDocent_Contig_4914	1	304	52	238	78.2895	22.125	35.3	60
dDocent_Contig_4923	1	449	3	192	42.7617	0.770601	36.4	60
dDocent_Contig_4926	1	395	56	274	69.3671	17.5013	35.6	60
dDocent_Contig_4935	1	393	15	224	56.9975	4.82443	35.1	42.6
dDocent_Contig_4936	1	318	104	316	99.3711	37.673	36	54.3
dDocent_Contig_4939	1	430	16	205	47.6744	3.82791	36.4	60
dDocent_Contig_4941	1	378	9	223	58.9947	1.7672	36.9	58.7
dDocent_Contig_4947	1	343	1	88	25.656	0.25656	36.3	60
dDocent_Contig_4948	1	397	32	377	94.9622	10.1008	35.9	60
dDocent_Contig_4953	1	307	15	210	68.4039	5.55049	36.1	60
dDocent_Contig_4955	1	369	2	45	12.1951	0.243902	37	60
dDocent_Contig_4956	1	406	1851	406	100	561.345	35.9	59.9
dDocent_Contig_4961	1	435	3	145	33.3333	0.891954	36.8	60
dDocent_Contig_4962	1	373	98	365	97.8552	30.5818	36.1	54
dDocent_Contig_4966	1	251	8	160	63.745	3.65339	36.7	60
dDocent_Contig_4971	1	429	4	160	37.296	0.904429	36.9	60
dDocent_Contig_4975	1	350	17	238	68	5.57714	36.5	60
dDocent_Contig_4976	1	361	5	113	31.3019	1.44044	36.1	60
dDocent_Contig_4981	1	393	2	56	14.2494	0.284987	36.2	60
dDocent_Contig_4983	1	370	9	178	48.1081	2.58378	35.5	60
dDocent_Contig_4984	1	369	2	130	35.2304	0.701897	34.8	60
dDocent_Contig_4985	1	291	2	89	30.5842	0.611684	36.6	60
dDocent_Contig_4986	1	381	41	189	49.6063	12.6194	36	60
dDocent_Contig_4987	1	373	9	163	43.6997	2.92761	35.8	60
dDocent_Contig_4988	1	378	20	276	73.0159	5.20899	36.5	60
dDocent_Contig_4991	1	372	124	321	86.2903	26.1075	36.4	50.1
dDocent_Contig_4993	1	434	2	135	31.106	0.62212	36.6	60
dDocent_Contig_4994	1	307	164	300	97.7199	52.2313	36.2	58.5
dDocent_Contig_5001	1	370	51	315	85.1351	17.5541	35.7	60
dDocent_Contig_5013	1	368	15	243	66.0326	4.5163	36.3	60
dDocent_Contig_5020	1	350	1	105	30	0.3	36.8	60
dDocent_Contig_5021	1	361	22	322	89.1967	7.34072	36.2	60
dDocent_Contig_5022	1	329	2	82	24.924	0.49848	36.9	60
dDocent_Contig_5044	1	416	10	130	31.25	2.55048	34.5	60
dDocent_Contig_5046	1	364	28	235	64.5604	9.67033	35.8	60
dDocent_Contig_5048	1	399	2	92	23.0576	0.461153	36.6	60
dDocent_Contig_5055	1	392	2	127	32.398	0.647959	34.4	60
dDocent_Contig_5061	1	384	17	214	55.7292	4.5599	36	60
dDocent_Contig_5062	1	430	15	164	38.1395	3.74419	36.8	55.7
dDocent_Contig_5065	1	402	1	93	23.1343	0.231343	36.9	60
dDocent_Contig_5067	1	383	12	166	43.342	3.80418	35.2	60
dDocent_Contig_5068	1	363	6	239	65.8402	1.99725	35.7	60
dDocent_Contig_5069	1	463	4	126	27.2138	0.704104	36.8	60
dDocent_Contig_5085	1	306	16	276	90.1961	4.80392	36	60
dDocent_Contig_5089	1	377	21	205	54.3767	6.50663	36.7	60
dDocent_Contig_5090	1	295	4	94	31.8644	1.27458	35.6	60
dDocent_Contig_5104	1	319	15	155	48.5893	5.40125	35.8	60
dDocent_Contig_5108	1	347	3	119	34.2939	0.772334	36.9	60
dDocent_Contig_5110	1	318	9	140	44.0252	2.75786	36.8	60
dDocent_Contig_5111	1	374	4	122	32.6203	1.07487	36.9	60
dDocent_Contig_5114	1	271	12	172	63.4686	5.01107	36.5	60
dDocent_Contig_5117	1	475	15	342	72	3.57895	36	55
dDocent_Contig_5118	1	488	33	245	50.2049	7.94057	34.9	60
dDocent_Contig_5119	1	306	8	149	48.6928	2.88562	35.9	60
dDocent_Contig_5123	1	427	15	251	58.7822	4.17799	36.3	59.7
dDocent_Contig_5125	1	347	4	230	66.2824	1.32565	36.8	60
dDocent_Contig_5127	1	375	19	139	37.0667	5.70933	34.8	60
dDocent_Contig_5129	1	429	101	409	95.338	25.3986	36.4	41.8
dDocent_Contig_5132	1	374	12	177	47.3262	2.93316	36.7	60
dDocent_Contig_5133	1	419	103	194	46.3007	27.1265	35.9	60
dDocent_Contig_5134	1	493	20	227	46.0446	4.39757	35.9	60
dDocent_Contig_5135	1	378	13	194	51.3228	2.91799	36.5	60
dDocent_Contig_5142	1	348	26	195	56.0345	8.3908	36.4	60
dDocent_Contig_5154	1	360	2	113	31.3889	0.627778	36.5	60
dDocent_Contig_5159	1	350	14	175	50	4.36571	36.7	60
dDocent_Contig_5160	1	374	9	178	47.5936	2.91711	36	60
dDocent_Contig_5173	1	329	7	151	45.8967	2.30395	36.2	60
dDocent_Contig_5181	1	410	6	171	41.7073	2.12683	36.7	60
dDocent_Contig_5184	1	383	9	187	48.8251	2.6188	36.6	60
dDocent_Contig_5189	1	395	2	118	29.8734	0.597468	36.8	60
dDocent_Contig_5190	1	282	3	136	48.227	1.37589	36.6	60
dDocent_Contig_5197	1	422	11	178	42.1801	2.32227	36.8	60
dDocent_Contig_5205	1	338	35	206	60.9467	12.0976	36.1	60
dDocent_Contig_5208	1	439	11	312	71.0706	3.27563	36.4	60
dDocent_Contig_5210	1	377	13	145	38.4615	4.12467	36	60
dDocent_Contig_5218	1	384	20	181	47.1354	6.3724	36	60
dDocent_Contig_5226	1	489	1044	483	98.773	221.861	35.9	56.5
dDocent_Contig_5228	1	306	75	256	83.6601	27.4608	35.8	60
dDocent_Contig_5233	1	393	16	341	86.7684	4.91603	36.7	60
dDocent_Contig_5234	1	319	61	173	54.232	21.7962	34.8	60
dDocent_Contig_5238	1	397	16	275	69.2695	4.20403	36	60
dDocent_Contig_5255	1	454	26	200	44.0529	5.0859	36	57.9
dDocent_Contig_5263	1	413	10	174	42.1308	3.19128	36.2	60
dDocent_Contig_5264	1	321	25	208	64.7975	8.44237	36.5	60
dDocent_Contig_5270	1	362	37	271	74.8619	12.7735	36.2	56.8
dDocent_Contig_5271	1	411	170	286	69.5864	46.7713	36.1	59.1
dDocent_Contig_5283	1	313	6	171	54.6326	2.46645	36.7	60
dDocent_Contig_5286	1	427	1	44	10.3044	0.103044	36.7	60
dDocent_Contig_5297	1	393	14	228	58.0153	3.73537	33.9	60
dDocent_Contig_5298	1	447	53	439	98.2103	12.3848	36.4	60
dDocent_Contig_5317	1	352	15	193	54.8295	4.85795	36.3	60
dDocent_Contig_5328	1	357	5	163	45.6583	1.68908	35.7	60
dDocent_Contig_5329	1	447	10	126	28.1879	1.64206	36.7	60
dDocent_Contig_5330	1	402	6	206	51.2438	1.9204	35.9	60
dDocent_Contig_5333	1	274	3	80	29.1971	0.733577	33.6	60
dDocent_Contig_5341	1	346	2	162	46.8208	0.867052	37	60
dDocent_Contig_5359	1	342	48	224	65.4971	17.5234	35.2	59.2
dDocent_Contig_5364	1	293	32	202	68.942	12.6689	35.8	60
dDocent_Contig_5365	1	365	13	213	58.3562	4.10411	36.7	60
dDocent_Contig_5368	1	400	23	209	52.25	5.65	35.4	60
dDocent_Contig_5369	1	456	6	132	28.9474	1.20175	36.4	60
dDocent_Contig_5375	1	466	1	89	19.0987	0.190987	36.7	60
dDocent_Contig_5397	1	237	21	178	75.1055	10.7004	34.7	60
dDocent_Contig_5406	1	337	10	163	48.368	3.28487	36.4	60
dDocent_Contig_5409	1	352	739	351	99.7159	247.96	36	56.5
dDocent_Contig_5421	1	315	11	182	57.7778	3.71429	36.5	60
dDocent_Contig_5426	1	385	70	370	96.1039	19.361	36.3	55.2
dDocent_Contig_5427	1	401	8	132	32.9177	1.64589	36.6	60
dDocent_Contig_5428	1	362	24	181	50	7.48343	35.8	60
dDocent_Contig_5430	1	475	8	214	45.0526	1.35579	36.9	38.2
dDocent_Contig_5432	1	423	13	363	85.8156	3.37352	36.8	60
dDocent_Contig_5437	1	383	46	222	57.9634	15.2324	35.6	60
dDocent_Contig_5440	1	414	3	106	25.6039	0.700483	36.6	60
dDocent_Contig_5443	1	324	16	236	72.8395	5.60802	36	55.2
dDocent_Contig_5450	1	364	119	312	85.7143	40.7308	35.9	59.8
dDocent_Contig_5453	1	337	7	180	53.4125	2.21958	36.8	60
dDocent_Contig_5455	1	388	12	167	43.0412	2.79897	36.9	60
dDocent_Contig_5459	1	305	85	175	57.377	26.6033	36.4	40.8
dDocent_Contig_5463	1	446	4	114	25.5605	1.02242	36.9	60
dDocent_Contig_5476	1	405	13	264	65.1852	3.81235	35.7	60
dDocent_Contig_5477	1	334	21	205	61.3772	7.44311	36.2	60
dDocent_Contig_5478	1	349	4	91	26.0745	0.968481	36.7	60
dDocent_Contig_5479	1	252	28	178	70.6349	13.2302	35.8	60
dDocent_Contig_5482	1	347	17	154	44.3804	6.2853	36	60
dDocent_Contig_5485	1	440	2	123	27.9545	0.559091	36.9	60
dDocent_Contig_5489	1	398	4	204	51.2563	1.02513	36.9	49.5
dDocent_Contig_5491	1	406	2	74	18.2266	0.364532	37	60
dDocent_Contig_5495	1	290	11	232	80	4.73448	36	60
dDocent_Contig_5496	1	346	19	224	64.7399	7.17919	35.2	60
dDocent_Contig_5499	1	400	42	188	47	11.8725	35.6	60
dDocent_Contig_5501	1	318	37	255	80.1887	15.044	35.8	60
dDocent_Contig_5502	1	389	11	147	37.7892	3.21851	36.9	60
dDocent_Contig_5503	1	355	13	164	46.1972	3.76338	36.6	60
dDocent_Contig_5509	1	430	28	218	50.6977	7.15814	36.4	60
dDocent_Contig_5514	1	408	10	192	47.0588	2.52696	36.2	60
dDocent_Contig_5515	1	414	37	236	57.0048	11.3986	35.5	60
dDocent_Contig_5523	1	324	33	186	57.4074	11.3148	35.4	60
dDocent_Contig_5524	1	384	2	82	21.3542	0.427083	36.6	60
dDocent_Contig_5526	1	323	2	106	32.8173	0.656347	37	60
dDocent_Contig_5533	1	245	16	197	80.4082	7.25306	36.2	60
dDocent_Contig_5534	1	451	13	121	26.8293	2.74723	36.5	60
dDocent_Contig_5535	1	266	13	172	64.6617	5.44361	36.5	60
dDocent_Contig_5539	1	443	6	131	29.5711	1.67043	36.8	60
dDocent_Contig_5540	1	255	30	200	78.4314	13.2824	36.3	52.1
dDocent_Contig_5541	1	420	2	115	27.381	0.547619	36.9	60
dDocent_Contig_5543	1	386	11	210	54.4041	3.27979	35.9	60
dDocent_Contig_5546	1	342	6	165	48.2456	1.41228	35.9	60
dDocent_Contig_5552	1	333	2	79	23.7237	0.474474	36.9	60
dDocent_Contig_5554	1	374	2	85	22.7273	0.454545	36.9	60
dDocent_Contig_5560	1	274	6	161	58.7591	2.50365	36.4	60
dDocent_Contig_5561	1	363	42	362	99.7245	11.9532	36.6	48.4
dDocent_Contig_5562	1	294	75	293	99.6599	28.3741	36.6	59.9
dDocent_Contig_5575	1	477	2	75	15.7233	0.314465	36.8	60
dDocent_Contig_5576	1	363	3	173	47.6584	1.13499	36.9	60
dDocent_Contig_5577	1	390	6	190	48.7179	1.77436	36.7	60
dDocent_Contig_5592	1	326	5	176	53.9877	1.80061	36.8	60
dDocent_Contig_5602	1	361	5	158	43.7673	1.51247	36.7	60
dDocent_Contig_5606	1	338	6	335	99.1124	2.05325	36.3	60
dDocent_Contig_5609	1	406	18	313	77.0936	5.55172	35.7	60
dDocent_Contig_5612	1	385	2	115	29.8701	0.597403	36.9	60
dDocent_Contig_5613	1	465	43	211	45.3763	10.6387	36.2	60
dDocent_Contig_5616	1	437	1	136	31.1213	0.311213	36.5	60
dDocent_Contig_5617	1	362	16	221	61.0497	5.62983	36.2	60
dDocent_Contig_5618	1	238	10	203	85.2941	4.84454	35.9	60
dDocent_Contig_5620	1	408	11	222	54.4118	3.61029	36.3	60
dDocent_Contig_5621	1	441	15	213	48.2993	4.68027	36.4	60
dDocent_Contig_5639	1	447	9	161	36.0179	1.99776	36.3	60
dDocent_Contig_5644	1	420	7	107	25.4762	1.16429	36.9	55
dDocent_Contig_5647	1	395	9	209	52.9114	2.52658	36.2	60
dDocent_Contig_5648	1	335	14	164	48.9552	4.94328	36.1	60
dDocent_Contig_5653	1	467	2	100	21.4133	0.428266	36.9	60
dDocent_Contig_5655	1	378	1	65	17.1958	0.171958	36.8	60
dDocent_Contig_5656	1	366	9	224	61.2022	2.6776	36.7	60
dDocent_Contig_5658	1	343	19	197	57.4344	7.03499	36.4	60
dDocent_Contig_5661	1	365	19	212	58.0822	6.25205	36.6	60
dDocent_Contig_5662	1	366	4	112	30.6011	0.994536	36.7	60
dDocent_Contig_5665	1	345	9	133	38.5507	2.97971	35.8	60
dDocent_Contig_5670	1	298	20	220	73.8255	6.81879	36.6	60
dDocent_Contig_5673	1	307	28	190	61.8893	11.3648	36.1	60
dDocent_Contig_5674	1	357	5	141	39.4958	1.66667	35.6	60
dDocent_Contig_5675	1	331	2	100	30.2115	0.60423	37	60
dDocent_Contig_5676	1	365	18	218	59.726	5.39178	36.1	60
dDocent_Contig_5679	1	401	4	172	42.8928	1.39152	36.4	60
dDocent_Contig_5685	1	375	17	318	84.8	4.768	36.3	60
dDocent_Contig_5686	1	481	3	131	27.2349	0.390852	36.9	60
dDocent_Contig_5688	1	402	21	295	73.3831	5.33333	36.7	47.5
dDocent_Contig_5695	1	397	17	177	44.5844	5.20907	36.3	60
dDocent_Contig_5696	1	373	38	291	78.0161	11.6756	35.8	60
dDocent_Contig_5697	1	325	19	236	72.6154	6.41538	36.6	60
dDocent_Contig_5698	1	349	46	311	89.1117	14.3381	36.1	58.9
dDocent_Contig_5702	1	391	14	305	78.0051	3.30946	36.8	60
dDocent_Contig_5703	1	467	7	196	41.97	1.75161	35.9	60
dDocent_Contig_5704	1	355	10	157	44.2254	3.58873	36	60
dDocent_Contig_5718	1	482	2	104	21.5768	0.431535	36.8	60
dDocent_Contig_5719	1	405	2	66	16.2963	0.325926	37	60
dDocent_Contig_5732	1	395	4	259	65.5696	1.25063	36.4	60
dDocent_Contig_5735	1	470	2	83	17.6596	0.353191	36.9	60
dDocent_Contig_5739	1	398	6	212	53.2663	1.8191	36.1	60
dDocent_Contig_5746	1	393	8	210	53.4351	2.48855	36.7	60
dDocent_Contig_5748	1	289	3	118	40.8304	1.22491	35.6	60
dDocent_Contig_5749	1	361	12	205	56.7867	4.0554	36.4	60
dDocent_Contig_5750	1	333	14	142	42.6426	3.85886	35.6	57
dDocent_Contig_5751	1	379	8	176	46.438	2.01583	36.6	60
dDocent_Contig_5752	1	355	7	157	44.2254	2.50141	36.5	60
dDocent_Contig_5754	1	409	10	251	61.3692	2.49633	36.7	60
dDocent_Contig_5755	1	406	4	122	30.0493	1.04926	36.9	60
dDocent_Contig_5758	1	326	19	242	74.2331	7.41718	35.6	60
dDocent_Contig_5759	1	308	8	155	50.3247	2.45455	36.9	60
dDocent_Contig_5760	1	429	28	225	52.4476	7.49417	35.8	60
dDocent_Contig_5761	1	363	7	164	45.1791	2.32507	36.7	60
dDocent_Contig_5763	1	425	6	165	38.8235	1.90824	35.7	60
dDocent_Contig_5768	1	347	8	221	63.6888	2.97695	36.8	60
dDocent_Contig_5769	1	376	17	221	58.7766	5.18617	35.5	60
dDocent_Contig_5777	1	396	24	379	95.7071	6.7298	36	60
dDocent_Contig_5779	1	309	4	124	40.1294	1.59547	34.1	60
dDocent_Contig_5783	1	411	6	150	36.4964	2.18978	36.7	60
dDocent_Contig_5784	1	355	14	249	70.1408	5.16901	35.8	60
dDocent_Contig_5789	1	381	20	321	84.252	5.80577	35.7	60
dDocent_Contig_5790	1	341	4	168	49.2669	1.3783	36.4	60
dDocent_Contig_5791	1	487	51	239	49.076	11.6016	35.1	60
dDocent_Contig_5803	1	467	4	103	22.0557	0.809422	35.3	60
dDocent_Contig_5806	1	284	13	173	60.9155	4.44014	35.9	60
dDocent_Contig_5812	1	316	6	153	48.4177	2.47468	36	60
dDocent_Contig_5820	1	414	10	170	41.0628	2.06522	36.8	60
dDocent_Contig_5823	1	347	6	149	42.9395	2.14986	35.4	60
dDocent_Contig_5832	1	419	12	192	45.8234	2.97852	36.9	60
dDocent_Contig_5834	1	371	1	150	40.4313	0.404313	36.9	60
dDocent_Contig_5836	1	471	4	130	27.6008	1.09554	36.7	60
dDocent_Contig_5840	1	325	7	221	68	2.25538	35.3	60
dDocent_Contig_5860	1	426	67	389	91.3146	19.9554	35.9	56.8
dDocent_Contig_5862	1	279	6	160	57.3477	2.29749	36.1	60
dDocent_Contig_5873	1	353	14	152	43.0595	4.4051	36	60
dDocent_Contig_5877	1	229	9	147	64.1921	3.94323	35.5	60
dDocent_Contig_5886	1	238	47	207	86.9748	23.9118	35.8	60
dDocent_Contig_5895	1	335	14	308	91.9403	4.76716	36.8	60
dDocent_Contig_5896	1	371	49	181	48.7871	11.2156	36.2	31
dDocent_Contig_5898	1	385	40	190	49.3506	12.2727	35.8	60
dDocent_Contig_5899	1	435	15	194	44.5977	4.06667	36.3	60
dDocent_Contig_5900	1	425	17	186	43.7647	3.99059	36.7	60
dDocent_Contig_5901	1	392	7	105	26.7857	1.6301	36.6	60
dDocent_Contig_5902	1	385	7	171	44.4156	2.27013	35.6	60
dDocent_Contig_5913	1	477	21	193	40.4612	4.66247	36.5	60
dDocent_Contig_5914	1	350	25	187	53.4286	8.41714	36.2	60
dDocent_Contig_5922	1	357	76	198	55.4622	26.2073	35.7	60
dDocent_Contig_5923	1	351	13	125	35.6125	3.91453	36.7	60
dDocent_Contig_5931	1	285	6	149	52.2807	2.56842	36.3	60
dDocent_Contig_5935	1	338	13	184	54.4379	4.31065	35.6	60
dDocent_Contig_5936	1	376	5	109	28.9894	1.41223	34.7	60
dDocent_Contig_5938	1	420	3	246	58.5714	0.897619	36.5	60
dDocent_Contig_5939	1	357	5	174	48.7395	1.95238	35	60
dDocent_Contig_5940	1	366	17	155	42.3497	6.19672	36.5	60
dDocent_Contig_5941	1	359	35	305	84.9582	10.624	35.6	44.1
dDocent_Contig_5948	1	299	22	158	52.8428	8.07692	36.3	60
dDocent_Contig_5949	1	404	31	327	80.9406	7.91584	36	44.9
dDocent_Contig_5953	1	399	2	142	35.589	0.711779	37	60
dDocent_Contig_5956	1	407	21	196	48.1572	5.66339	36.7	60
dDocent_Contig_5958	1	275	15	200	72.7273	6.28727	35.8	60
dDocent_Contig_5963	1	375	22	167	44.5333	6.68	35.4	60
dDocent_Contig_5964	1	332	8	290	87.3494	3.28313	35.7	60
dDocent_Contig_5965	1	394	10	136	34.5178	2.51015	36.1	60
dDocent_Contig_5966	1	284	1	150	52.8169	0.528169	36.9	60
dDocent_Contig_5967	1	398	16	175	43.9698	4.00503	36.9	60
dDocent_Contig_5968	1	420	39	202	48.0952	12.1929	36.1	60
dDocent_Contig_5969	1	416	16	189	45.4327	4.63462	35.9	60
dDocent_Contig_5972	1	341	10	291	85.3372	3.59824	35.9	60
dDocent_Contig_5975	1	272	7	109	40.0735	1.97426	35.9	60
dDocent_Contig_5980	1	268	281	265	98.8806	120.612	36.2	58.2
dDocent_Contig_5983	1	291	17	257	88.3162	7.1134	36.1	60
dDocent_Contig_5986	1	405	1	116	28.642	0.28642	35.8	60
dDocent_Contig_5988	1	242	13	238	98.3471	6.45868	36.7	60
dDocent_Contig_6003	1	333	9	219	65.7658	3.24625	36.8	60
dDocent_Contig_6004	1	417	10	227	54.4365	2.35252	36.9	57.1
dDocent_Contig_6023	1	422	23	307	72.7488	6.08294	36.2	36
dDocent_Contig_6025	1	318	9	177	55.6604	2.77673	36.2	60
dDocent_Contig_6027	1	270	1	87	32.2222	0.322222	36.4	60
dDocent_Contig_6030	1	429	10	261	60.8392	2.35664	36.9	60
dDocent_Contig_6033	1	364	2	98	26.9231	0.538462	36.8	60
dDocent_Contig_6039	1	414	2	96	23.1884	0.463768	36.7	60
dDocent_Contig_6048	1	395	6	172	43.5443	1.84304	37	60
dDocent_Contig_6051	1	391	21	188	48.0818	6.25064	36	60
dDocent_Contig_6052	1	355	6	101	28.4507	1.5831	36.6	60
dDocent_Contig_6053	1	362	2	104	28.7293	0.574586	36.7	60
dDocent_Contig_6062	1	464	9	198	42.6724	2.625	36.2	60
dDocent_Contig_6063	1	275	19	195	70.9091	7.81818	36.5	60
dDocent_Contig_6065	1	432	23	321	74.3056	6.44444	35.1	60
dDocent_Contig_6068	1	454	15	211	46.4758	3.18722	36.4	60
dDocent_Contig_6076	1	465	4	222	47.7419	1.2129	36.5	60
dDocent_Contig_6080	1	314	2	100	31.8471	0.636943	36.8	60
dDocent_Contig_6085	1	336	4	147	43.75	1.18452	36.6	60
dDocent_Contig_6089	1	368	16	192	52.1739	5.12772	35.4	60
dDocent_Contig_6095	1	262	58	215	82.0611	23.3053	36.2	51.9
dDocent_Contig_6096	1	396	2	103	26.0101	0.520202	36.3	60
dDocent_Contig_6098	1	393	8	199	50.6361	1.83969	36.5	60
dDocent_Contig_6110	1	352	5	99	28.125	1.40625	35.4	60
dDocent_Contig_6112	1	327	2	92	28.1346	0.562691	36.8	60
dDocent_Contig_6113	1	290	1	89	30.6897	0.306897	36.7	60
dDocent_Contig_6114	1	392	72	275	70.1531	22.0944	35.9	59.8
dDocent_Contig_6115	1	483	34	237	49.0683	8.70393	35.4	60
dDocent_Contig_6120	1	422	7	109	25.8294	1.36256	34.3	60
dDocent_Contig_6126	1	249	120	244	97.992	44.6867	35.9	50.1
dDocent_Contig_6127	1	377	1	69	18.3024	0.183024	36.7	60
dDocent_Contig_6135	1	375	8	172	45.8667	2.35733	36.7	60
dDocent_Contig_6141	1	451	1	116	25.7206	0.257206	36.9	60
dDocent_Contig_6144	1	304	3	131	43.0921	1.10197	33.8	60
dDocent_Contig_6150	1	289	8	153	52.9412	2.68512	36.7	60
dDocent_Contig_6151	1	391	8	181	46.2916	2.22251	36.8	60
dDocent_Contig_6154	1	325	17	210	64.6154	6.78769	36	60
dDocent_Contig_6155	1	383	26	234	61.0966	8.32376	36.3	60
dDocent_Contig_6158	1	358	20	184	51.3966	6.98883	35.9	60
dDocent_Contig_6160	1	334	1	35	10.479	0.10479	24.9	60
dDocent_Contig_6166	1	416	2	102	24.5192	0.490385	36.9	60
dDocent_Contig_6170	1	408	2	125	30.6373	0.612745	37	60
dDocent_Contig_6175	1	373	22	208	55.7641	5.93566	36.6	60
dDocent_Contig_6176	1	324	8	264	81.4815	2.9321	36	60
dDocent_Contig_6178	1	411	9	167	40.6326	2.42822	36.5	53.8
dDocent_Contig_6181	1	391	1	113	28.9003	0.289003	33.7	60
dDocent_Contig_6186	1	301	17	183	60.7973	6.29236	36.3	60
dDocent_Contig_6189	1	322	10	151	46.8944	3.05901	36.5	60
dDocent_Contig_6190	1	400	23	176	44	7.1875	35.4	60
dDocent_Contig_6191	1	396	3	149	37.6263	0.840909	35.2	60
dDocent_Contig_6198	1	384	4	77	20.0521	0.802083	35.9	60
dDocent_Contig_6199	1	333	11	146	43.8438	3.61261	36.7	60
dDocent_Contig_6206	1	417	2	88	21.1031	0.422062	36.7	60
dDocent_Contig_6219	1	396	2	124	31.3131	0.626263	36.5	60
dDocent_Contig_6224	1	279	10	179	64.1577	4.40502	36.3	60
dDocent_Contig_6225	1	363	11	215	59.2287	3.82645	35.1	60
dDocent_Contig_6231	1	312	22	206	66.0256	7.79808	36.3	60
dDocent_Contig_6244	1	433	6	168	38.7991	1.42494	35	60
dDocent_Contig_6245	1	295	37	196	66.4407	15.6068	36.1	60
dDocent_Contig_6248	1	390	10	165	42.3077	3.53333	35.3	60
dDocent_Contig_6253	1	260	28	154	59.2308	12.0577	35.4	60
dDocent_Contig_6254	1	372	12	339	91.129	4.21505	36.6	60
dDocent_Contig_6255	1	363	16	208	57.3003	3.94766	36.7	49.6
dDocent_Contig_6258	1	363	2	125	34.4353	0.688705	36.8	60
dDocent_Contig_6259	1	372	26	262	70.4301	8.3629	36.2	60
dDocent_Contig_6261	1	492	11	320	65.0407	2.3252	36.3	60
dDocent_Contig_6263	1	398	2	215	54.0201	0.605528	36.8	60
dDocent_Contig_6269	1	309	7	205	66.343	2.87379	36.9	60
dDocent_Contig_6273	1	356	2	109	30.618	0.61236	36.8	60
dDocent_Contig_6278	1	395	10	206	52.1519	2.98481	36.3	60
dDocent_Contig_6285	1	490	84	334	68.1633	20.851	35.9	60
dDocent_Contig_6300	1	458	2	93	20.3057	0.40393	33	60
dDocent_Contig_6303	1	451	9	166	36.8071	1.87361	35	50.6
dDocent_Contig_6307	1	320	2	96	30	0.6	36.9	60
dDocent_Contig_6312	1	340	33	218	64.1176	10.6	35.5	60
dDocent_Contig_6314	1	443	9	229	51.693	2.39278	36.6	60
dDocent_Contig_6316	1	339	14	181	53.3923	5.71386	36.7	60
dDocent_Contig_6329	1	319	13	180	56.4263	4.72414	36.8	60
dDocent_Contig_6333	1	330	5	237	71.8182	2.13939	36.5	60
dDocent_Contig_6335	1	305	10	185	60.6557	3.71803	36.8	60
dDocent_Contig_6336	1	368	10	162	44.0217	2.72826	36.4	60
dDocent_Contig_6337	1	333	2	130	39.039	0.780781	36.6	60
dDocent_Contig_6338	1	339	20	292	86.1357	6.40118	35.8	60
dDocent_Contig_6339	1	412	19	273	66.2621	5.72816	35.8	60
dDocent_Contig_6340	1	234	24	167	71.3675	12.235	35.4	59
dDocent_Contig_6343	1	393	169	392	99.7455	43.3893	36.1	51.5
dDocent_Contig_6350	1	408	4	155	37.9902	1.47059	34.8	60
dDocent_Contig_6353	1	432	26	190	43.9815	7.84259	35.6	60
dDocent_Contig_6360	1	329	37	216	65.6535	14.6505	35.9	60
dDocent_Contig_6362	1	315	2	121	38.4127	0.768254	36.9	60
dDocent_Contig_6363	1	363	27	213	58.6777	7.67493	35.7	60
dDocent_Contig_6383	1	429	7	152	35.4312	1.89044	36.8	60
dDocent_Contig_6384	1	445	2	55	12.3596	0.247191	37	52
dDocent_Contig_6394	1	396	2	93	23.4848	0.469697	36.9	60
dDocent_Contig_6405	1	363	6	245	67.4931	1.69421	36.8	60
dDocent_Contig_6409	1	355	4	179	50.4225	1.00845	36.8	60
dDocent_Contig_6415	1	376	7	200	53.1915	1.98138	36.8	60
dDocent_Contig_6420	1	389	33	185	47.5578	10	35.5	60
dDocent_Contig_6422	1	390	23	272	69.7436	7.57179	36.3	60
dDocent_Contig_6424	1	372	13	277	74.4624	3.89785	36.7	60
dDocent_Contig_6428	1	420	11	194	46.1905	2.55952	36.3	60
dDocent_Contig_6430	1	363	12	196	53.9945	4.30303	36.4	60
dDocent_Contig_6431	1	395	24	175	44.3038	6.19747	36.5	60
dDocent_Contig_6432	1	369	3	126	34.1463	0.905149	36.6	60
dDocent_Contig_6434	1	321	7	154	47.9751	2.37383	36	57.4
dDocent_Contig_6439	1	444	5	110	24.7748	1.02703	36.6	60
dDocent_Contig_6444	1	351	12	342	97.4359	4.4302	36.6	60
dDocent_Contig_6445	1	365	23	293	80.274	7.17808	36.2	60
dDocent_Contig_6446	1	281	56	226	80.427	25.2064	35.2	60
dDocent_Contig_6448	1	403	3	91	22.5806	0.677419	36.9	60
dDocent_Contig_6450	1	439	32	200	45.5581	9.01595	35.8	60
dDocent_Contig_6453	1	400	6	171	42.75	1.61	36.9	60
dDocent_Contig_6455	1	421	2	83	19.715	0.394299	36.9	60
dDocent_Contig_6456	1	371	5	204	54.9865	1.18598	36.9	60
dDocent_Contig_6464	1	392	2	76	19.3878	0.387755	36.9	60
dDocent_Contig_6465	1	367	6	168	45.7766	1.34605	36.7	55.3
dDocent_Contig_6466	1	322	120	258	80.1242	41.2298	35.4	60
dDocent_Contig_6468	1	297	1	128	43.0976	0.430976	36.8	60
dDocent_Contig_6474	1	510	26	181	35.4902	5.27647	36	60
dDocent_Contig_6480	1	358	12	163	45.5307	3.50279	36.2	60
dDocent_Contig_6487	1	367	2	145	39.5095	0.790191	36.7	60
dDocent_Contig_6488	1	378	23	194	51.3228	8.43386	35.3	60
dDocent_Contig_6491	1	390	3	180	46.1538	0.7	36.9	60
dDocent_Contig_6500	1	406	9	185	45.5665	2.72906	36.6	60
dDocent_Contig_6502	1	384	5	118	30.7292	1.10677	37	60
dDocent_Contig_6505	1	400	7	173	43.25	1.465	36.7	60
dDocent_Contig_6506	1	437	147	375	85.8124	41.7712	36	46.9
dDocent_Contig_6507	1	399	4	144	36.0902	0.907268	36.8	60
dDocent_Contig_6515	1	320	25	188	58.75	7.94062	35.4	59.7
dDocent_Contig_6523	1	462	9	111	24.026	2.06277	34.7	60
dDocent_Contig_6527	1	424	3	119	28.066	0.841981	36.1	60
dDocent_Contig_6530	1	466	3	171	36.6953	0.560086	36.4	60
dDocent_Contig_6536	1	395	11	216	54.6835	3.51899	36.8	60
dDocent_Contig_6538	1	343	15	169	49.2711	4.36443	36.9	60
dDocent_Contig_6542	1	395	5	178	45.0633	1.1443	34.5	30
dDocent_Contig_6551	1	403	6	147	36.4764	1.35484	36.9	60
dDocent_Contig_6553	1	390	35	175	44.8718	10.9103	35.9	60
dDocent_Contig_6554	1	337	25	336	99.7033	7.03858	35.3	56.1
dDocent_Contig_6565	1	379	8	144	37.9947	2.27968	36.8	60
dDocent_Contig_6568	1	335	27	185	55.2239	8.91642	35.4	60
dDocent_Contig_6569	1	404	26	215	53.2178	7.22772	35.7	60
dDocent_Contig_6573	1	342	30	217	63.4503	10.1023	36.2	60
dDocent_Contig_6574	1	424	19	284	66.9811	5.35613	35.9	60
dDocent_Contig_6577	1	490	10	164	33.4694	2.56735	35.5	60
dDocent_Contig_6579	1	389	25	183	47.0437	6.63753	36.1	60
dDocent_Contig_6580	1	380	2	111	29.2105	0.584211	36.6	60
dDocent_Contig_6582	1	325	2	52	16	0.32	36.8	60
dDocent_Contig_6583	1	465	10	241	51.828	2.52903	35.7	60
dDocent_Contig_6585	1	444	17	184	41.4414	4.13063	35.2	60
dDocent_Contig_6593	1	460	4	193	41.9565	1.01739	36.8	60
dDocent_Contig_6599	1	338	2	120	35.503	0.710059	37	60
dDocent_Contig_6600	1	394	10	159	40.3553	2.46701	36.2	60
dDocent_Contig_6609	1	299	4	94	31.4381	1.01672	36.7	60
dDocent_Contig_6613	1	439	13	205	46.697	3.85194	36.1	60
dDocent_Contig_6618	1	414	139	177	42.7536	32.6159	36.4	52.3
dDocent_Contig_6622	1	379	13	238	62.7968	4.66491	36.7	60
dDocent_Contig_6623	1	397	8	131	32.9975	2.43829	36.7	60
dDocent_Contig_6637	1	362	44	341	94.1989	14.9309	35.8	60
dDocent_Contig_6638	1	340	15	174	51.1765	5.28529	35.7	59.7
dDocent_Contig_6642	1	346	10	207	59.8266	3.78613	36.8	60
dDocent_Contig_6647	1	368	1	150	40.7609	0.407609	34.1	60
dDocent_Contig_6648	1	394	42	320	81.2183	13.3426	36	60
dDocent_Contig_6649	1	380	27	269	70.7895	8.82895	36.5	60
dDocent_Contig_6650	1	352	28	293	83.2386	8.80966	36.3	60
dDocent_Contig_6656	1	387	108	366	94.5736	29.5556	36.3	33.1
dDocent_Contig_6670	1	344	9	161	46.8023	2.72674	36.5	60
dDocent_Contig_6678	1	382	1	113	29.5812	0.295812	36.3	60
dDocent_Contig_6686	1	291	21	231	79.3814	8.43986	36.7	60
dDocent_Contig_6688	1	301	11	203	67.4419	3.66777	36.3	60
dDocent_Contig_6693	1	293	55	205	69.9659	21.5358	35.5	59.4
dDocent_Contig_6694	1	379	2	62	16.3588	0.327177	36.7	60
dDocent_Contig_6695	1	461	12	376	81.5618	2.94143	35.9	60
dDocent_Contig_6702	1	417	2	104	24.94	0.498801	36.9	60
dDocent_Contig_6705	1	284	9	186	65.493	3.54225	35.5	60
dDocent_Contig_6709	1	498	2	195	39.1566	0.60241	36.9	60
dDocent_Contig_6711	1	399	7	192	48.1203	1.62907	36.8	60
dDocent_Contig_6718	1	375	2	146	38.9333	0.650667	36.9	60
dDocent_Contig_6723	1	446	2	222	49.7758	0.553812	36.8	60
dDocent_Contig_6726	1	448	249	447	99.7768	63.4397	36.1	45.5
dDocent_Contig_6729	1	457	8	299	65.4267	2.2407	36.4	60
dDocent_Contig_6738	1	408	6	137	33.5784	1.47794	36.1	60
dDocent_Contig_6739	1	379	13	136	35.8839	2.80739	35.9	60
dDocent_Contig_6744	1	271	22	262	96.679	9.27306	36.5	60
dDocent_Contig_6746	1	382	15	176	46.0733	4.5733	36.1	60
dDocent_Contig_6749	1	399	1	60	15.0376	0.150376	36.8	36
dDocent_Contig_6753	1	328	5	224	68.2927	1.52134	36.5	48.2
dDocent_Contig_6756	1	372	26	205	55.1075	8.22581	36	60
dDocent_Contig_6769	1	430	4	212	49.3023	1.17209	36.3	60
dDocent_Contig_6771	1	423	28	271	64.0662	5.43735	36.4	39.1
dDocent_Contig_6772	1	375	18	202	53.8667	5.15467	36.4	60
dDocent_Contig_6776	1	370	335	363	98.1081	97.8162	36.1	58.5
dDocent_Contig_6778	1	307	4	230	74.9186	1.43974	34.2	32.2
dDocent_Contig_6781	1	365	14	160	43.8356	2.59726	36.2	33.1
dDocent_Contig_6786	1	381	24	225	59.0551	8.02362	34.8	60
dDocent_Contig_6787	1	418	28	214	51.1962	7.14833	36.4	60
dDocent_Contig_6788	1	338	6	142	42.0118	1.71006	36	60
dDocent_Contig_6796	1	296	12	167	56.4189	3.80743	36.6	60
dDocent_Contig_6797	1	428	20	279	65.1869	5.28505	36.6	60
dDocent_Contig_6803	1	453	28	209	46.1369	6.72185	35.6	60
dDocent_Contig_6806	1	297	13	133	44.7811	4.49495	36.6	60
dDocent_Contig_6807	1	308	259	306	99.3506	96.4968	36.2	53
dDocent_Contig_6808	1	394	7	103	26.1421	1.6802	36.8	60
dDocent_Contig_6810	1	399	6	144	36.0902	1.54386	36.2	60
dDocent_Contig_6812	1	270	13	255	94.4444	5.78519	36.8	60
dDocent_Contig_6813	1	366	17	229	62.5683	5.6776	36.7	60
dDocent_Contig_6814	1	390	11	185	47.4359	3.84103	36.6	60
dDocent_Contig_6820	1	402	48	362	90.0498	14.8781	36.2	60
dDocent_Contig_6821	1	437	4	168	38.4439	0.864989	36.9	60
dDocent_Contig_6824	1	412	8	197	47.8155	2.30583	36.6	60
dDocent_Contig_6825	1	356	14	199	55.8989	4.02247	36.3	60
dDocent_Contig_6826	1	409	2	117	28.6064	0.572127	36.8	60
dDocent_Contig_6829	1	317	11	209	65.9306	3.347	36.2	60
dDocent_Contig_6830	1	327	2	139	42.5076	0.847095	34.3	60
dDocent_Contig_6846	1	470	12	189	40.2128	2.39574	36.7	60
dDocent_Contig_6848	1	456	20	232	50.8772	4.90789	36.1	60
dDocent_Contig_6851	1	387	15	152	39.2765	4.1938	36.3	60
dDocent_Contig_6852	1	326	7	174	53.3742	2.88037	33.5	60
dDocent_Contig_6853	1	389	13	171	43.9589	4.13882	35.4	60
dDocent_Contig_6854	1	396	13	174	43.9394	3.75253	35.8	60
dDocent_Contig_6858	1	366	16	187	51.0929	4.9918	36	60
dDocent_Contig_6859	1	370	2	68	18.3784	0.367568	36.8	60
dDocent_Contig_6864	1	243	13	184	75.7202	5.63374	36.6	60
dDocent_Contig_6868	1	246	19	176	71.5447	9.85366	36.1	60
dDocent_Contig_6874	1	422	7	152	36.019	2.109	36.3	60
dDocent_Contig_6879	1	251	14	163	64.9402	6.31474	36.5	60
dDocent_Contig_6880	1	358	57	211	58.9385	15.8101	35.3	59.3
dDocent_Contig_6884	1	437	12	213	48.7414	2.77803	36.8	60
dDocent_Contig_6888	1	384	8	183	47.6562	2.13021	36.9	60
dDocent_Contig_6898	1	447	4	127	28.4116	1.13647	36.8	60
dDocent_Contig_6912	1	425	60	393	92.4706	15.9435	36.3	60
dDocent_Contig_6917	1	416	3	133	31.9712	0.805288	36.9	60
dDocent_Contig_6918	1	379	3	135	35.6201	0.69657	34.6	60
dDocent_Contig_6921	1	344	19	208	60.4651	4.75	36.4	43.7
dDocent_Contig_6923	1	344	18	188	54.6512	6.48837	36.7	60
dDocent_Contig_6924	1	276	17	197	71.3768	7.90217	35.9	60
dDocent_Contig_6925	1	373	6	160	42.8954	1.81501	36.8	60
dDocent_Contig_6926	1	372	3	137	36.828	0.830645	36.7	60
dDocent_Contig_6933	1	389	8	168	43.1877	1.90746	35.2	60
dDocent_Contig_6934	1	274	4	159	58.0292	1.26277	35.8	60
dDocent_Contig_6941	1	395	6	139	35.1899	1.34177	36.8	60
dDocent_Contig_6942	1	335	8	227	67.7612	2.70746	35.1	60
dDocent_Contig_6959	1	356	16	119	33.427	4.98596	35.1	60
dDocent_Contig_6962	1	339	5	125	36.8732	1.48083	36.4	60
dDocent_Contig_6963	1	268	6	178	66.4179	3.10075	36	60
dDocent_Contig_6966	1	369	12	191	51.7615	3.39566	36.3	60
dDocent_Contig_6973	1	330	1	150	45.4545	0.454545	36.9	60
dDocent_Contig_6976	1	359	11	266	74.0947	3.38719	36.6	60
dDocent_Contig_6977	1	335	1	141	42.0896	0.420896	37	60
dDocent_Contig_6995	1	378	17	182	48.1481	4.96561	36.7	60
dDocent_Contig_7005	1	267	148	223	83.5206	58.5581	36.4	57.6
dDocent_Contig_7006	1	345	54	343	99.4203	17.8638	36	56.1
dDocent_Contig_7018	1	414	21	279	67.3913	5.71256	36	60
dDocent_Contig_7029	1	356	1	70	19.6629	0.196629	28.5	60
dDocent_Contig_7031	1	402	5	157	39.0547	1.58706	36.7	60
dDocent_Contig_7038	1	237	16	164	69.1983	7.97046	36.1	60
dDocent_Contig_7039	1	385	19	172	44.6753	4.62078	36.7	60
dDocent_Contig_7040	1	428	13	204	47.6636	3.22664	36	60
dDocent_Contig_7041	1	357	18	228	63.8655	6.21569	36.5	60
dDocent_Contig_7044	1	391	17	189	48.3376	5.52685	36.3	60
dDocent_Contig_7045	1	398	1	88	22.1106	0.221106	36.6	60
dDocent_Contig_7048	1	442	51	56	12.6697	5.40271	32.2	48.2
dDocent_Contig_7051	1	420	2	97	23.0952	0.461905	36.9	60
dDocent_Contig_7056	1	360	18	300	83.3333	5.91944	35.7	60
dDocent_Contig_7059	1	380	2	96	25.2632	0.505263	37	60
dDocent_Contig_7060	1	364	2634	340	93.4066	937.901	35.1	35.1
dDocent_Contig_7062	1	330	21	176	53.3333	6.78788	36.1	60
dDocent_Contig_7070	1	444	33	287	64.6396	9.1982	36.1	59.1
dDocent_Contig_7072	1	411	23	185	45.0122	5.66423	36.4	60
dDocent_Contig_7089	1	334	7	139	41.6168	1.96707	33.7	49.9
dDocent_Contig_7090	1	443	60	363	81.9413	13.4989	36.1	45
dDocent_Contig_7109	1	408	1	138	33.8235	0.338235	36.6	60
dDocent_Contig_7115	1	351	5	159	45.2991	1.40171	36.9	57.4
dDocent_Contig_7120	1	374	19	230	61.4973	5.44385	35.9	58.6
dDocent_Contig_7122	1	417	3	118	28.2974	0.848921	36.9	60
dDocent_Contig_7130	1	348	18	251	72.1264	5.3908	35.9	60
dDocent_Contig_7131	1	494	1	119	24.0891	0.240891	36.9	60
dDocent_Contig_7132	1	420	2	72	17.1429	0.342857	36.9	60
dDocent_Contig_7146	1	467	4	158	33.833	0.963597	36.9	60
dDocent_Contig_7149	1	345	1	95	27.5362	0.275362	37	60
dDocent_Contig_7166	1	227	10	226	99.5595	5.3348	36.6	60
dDocent_Contig_7171	1	368	2	106	28.8043	0.576087	36.9	60
dDocent_Contig_7174	1	366	10	218	59.5628	2.48634	36.4	60
dDocent_Contig_7175	1	359	4	225	62.6741	1.15599	36.9	60
dDocent_Contig_7181	1	353	21	206	58.3569	7.36544	36.4	60
dDocent_Contig_7183	1	364	2	134	36.8132	0.736264	36.9	60
dDocent_Contig_7185	1	337	10	182	54.0059	3.50148	35.3	60
dDocent_Contig_7196	1	462	3	111	24.026	0.720779	36.6	60
dDocent_Contig_7198	1	483	2	88	18.2195	0.364389	36.2	60
dDocent_Contig_7201	1	414	1	42	10.1449	0.101449	36.7	60
dDocent_Contig_7202	1	326	2	58	17.7914	0.355828	36.9	60
dDocent_Contig_7207	1	342	24	202	59.0643	7.74269	36.8	60
dDocent_Contig_7216	1	445	14	149	33.4831	3.24719	35.8	60
dDocent_Contig_7221	1	336	13	230	68.4524	4.61905	36.9	60
dDocent_Contig_7228	1	354	80	288	81.3559	26.3362	35.5	60
dDocent_Contig_7233	1	402	10	145	36.0697	2.64179	36.5	60
dDocent_Contig_7235	1	431	2	123	28.5383	0.570766	36.9	60
dDocent_Contig_7239	1	506	2	57	11.2648	0.225296	37	60
dDocent_Contig_7242	1	508	5	220	43.3071	1.06299	36.9	60
dDocent_Contig_7243	1	414	11	150	36.2319	2.92512	36.7	60
dDocent_Contig_7244	1	397	2	112	28.2116	0.564232	36.7	60
dDocent_Contig_7253	1	322	4	158	49.0683	1.27329	36.7	60
dDocent_Contig_7257	1	363	36	238	65.5647	10.3416	36.5	58.8
dDocent_Contig_7264	1	413	7	160	38.7409	1.8184	36.6	60
dDocent_Contig_7266	1	386	17	166	43.0052	5.22021	36.1	60
dDocent_Contig_7269	1	357	3	264	73.9496	1.19328	34.4	60
dDocent_Contig_7270	1	420	6	156	37.1429	1.71429	36.8	60
dDocent_Contig_7281	1	401	58	254	63.3416	14.9002	36.3	41.8
dDocent_Contig_7283	1	429	14	150	34.965	3.02331	36.6	60
dDocent_Contig_7284	1	334	4	98	29.3413	1.09581	37	60
dDocent_Contig_7294	1	313	3	147	46.9649	1.36741	36.8	60
dDocent_Contig_7297	1	300	5	187	62.3333	1.86333	36.8	60
dDocent_Contig_7298	1	395	28	216	54.6835	8.95949	35.9	60
dDocent_Contig_7305	1	280	2	104	37.1429	0.739286	36.9	60
dDocent_Contig_7308	1	289	6	192	66.436	2.14879	36.2	60
dDocent_Contig_7310	1	314	1	144	45.8599	0.458599	36.9	60
dDocent_Contig_7311	1	401	7	116	28.9277	2.02494	35.1	60
dDocent_Contig_7314	1	335	6	161	48.0597	1.95224	36.9	60
dDocent_Contig_7330	1	453	29	166	36.6446	6.58499	35.9	60
dDocent_Contig_7336	1	381	1	59	15.4856	0.154856	37	60
dDocent_Contig_7339	1	380	18	302	79.4737	5.23158	36.2	60
dDocent_Contig_7340	1	400	2	86	21.5	0.43	35.8	60
dDocent_Contig_7345	1	308	31	246	79.8701	11.5162	35.5	60
dDocent_Contig_7346	1	370	1	150	40.5405	0.405405	35.3	60
dDocent_Contig_7348	1	327	16	189	57.7982	4.25382	36.8	60
dDocent_Contig_7349	1	368	2	87	23.6413	0.472826	35.7	60
dDocent_Contig_7356	1	371	5	126	33.9623	1.31806	36.3	60
dDocent_Contig_7368	1	366	11	186	50.8197	3.44809	36.3	60
dDocent_Contig_7371	1	417	2	129	30.9353	0.618705	36.7	60
dDocent_Contig_7379	1	404	37	256	63.3663	8.87624	36.4	49.2
dDocent_Contig_7380	1	231	9	169	73.1602	4.15152	36.7	60
dDocent_Contig_7382	1	398	4	165	41.4573	1.34171	36.9	60
dDocent_Contig_7389	1	324	25	165	50.9259	8.89815	36	56.9
dDocent_Contig_7392	1	358	13	163	45.5307	3.94972	36.4	60
dDocent_Contig_7393	1	390	26	179	45.8974	7.07179	35.8	60
dDocent_Contig_7394	1	483	24	188	38.9234	5.66046	36.3	60
dDocent_Contig_7412	1	360	21	181	50.2778	6.81111	36.1	60
dDocent_Contig_7414	1	376	25	203	53.9894	7.80585	35.9	60
dDocent_Contig_7415	1	432	2	137	31.713	0.49537	36.7	60
dDocent_Contig_7422	1	342	15	140	40.9357	5.24269	35.8	60
dDocent_Contig_7423	1	334	1	94	28.1437	0.281437	35	60
dDocent_Contig_7428	1	396	2	89	22.4747	0.449495	36.2	60
dDocent_Contig_7430	1	431	1	114	26.4501	0.264501	36.9	60
dDocent_Contig_7431	1	450	3	177	39.3333	0.695556	36.5	60
dDocent_Contig_7434	1	373	2	99	26.5416	0.514745	36.9	60
dDocent_Contig_7436	1	420	15	230	54.7619	4.2881	36	60
dDocent_Contig_7437	1	310	22	199	64.1935	9.03871	35	60
dDocent_Contig_7439	1	309	20	201	65.0485	8.55987	36.1	60
dDocent_Contig_7450	1	224	52	223	99.5536	29.6429	35.9	60
dDocent_Contig_7451	1	275	1	82	29.8182	0.298182	36.2	60
dDocent_Contig_7452	1	362	12	274	75.6906	2.89779	36.4	50.3
dDocent_Contig_7455	1	375	24	191	50.9333	6.56267	35.5	60
dDocent_Contig_7456	1	519	2	96	18.4971	0.369942	36.4	60
dDocent_Contig_7459	1	346	8	201	58.0925	2.60116	36.9	60
dDocent_Contig_7460	1	381	6	236	61.9423	1.98163	35.8	60
dDocent_Contig_7467	1	386	26	258	66.8394	7.2513	34.8	60
dDocent_Contig_7474	1	364	37	262	71.978	11.6319	35.7	60
dDocent_Contig_7475	1	351	11	233	66.3818	2.71795	35.8	56.8
dDocent_Contig_7482	1	389	8	233	59.8972	2.34447	36.9	60
dDocent_Contig_7483	1	417	5	138	33.0935	1.25899	36.9	60
dDocent_Contig_7485	1	402	3	130	32.3383	0.669154	36.8	60
dDocent_Contig_7489	1	290	10	211	72.7586	4.12069	36.7	60
dDocent_Contig_7503	1	382	354	286	74.8691	102.825	36.2	30.6
dDocent_Contig_7508	1	354	4	109	30.791	1.23164	34.3	60
dDocent_Contig_7509	1	373	6	131	35.1206	1.77212	36.7	60
dDocent_Contig_7512	1	370	6	275	74.3243	1.9027	36.9	60
dDocent_Contig_7516	1	447	2	105	23.4899	0.469799	36.8	60
dDocent_Contig_7520	1	406	2	96	23.6453	0.472906	36.6	60
dDocent_Contig_7521	1	256	2	73	28.5156	0.566406	36.9	60
dDocent_Contig_7528	1	476	1	48	10.084	0.10084	36.5	60
dDocent_Contig_7542	1	379	13	211	55.6728	3.7124	36.5	60
dDocent_Contig_7548	1	379	17	205	54.0897	5.72823	36.1	60
dDocent_Contig_7549	1	408	2	136	33.3333	0.666667	36.9	60
dDocent_Contig_7557	1	275	18	151	54.9091	7.28	36.9	60
dDocent_Contig_7561	1	454	21	182	40.0881	4.68722	36.8	60
dDocent_Contig_7563	1	390	11	229	58.7179	3.54615	36.4	60
dDocent_Contig_7564	1	355	13	183	51.5493	4.89296	35.3	60
dDocent_Contig_7565	1	446	28	199	44.6188	6.92601	36.5	60
dDocent_Contig_7572	1	353	25	261	73.9377	7.97734	36.5	60
dDocent_Contig_7576	1	357	4	169	47.3389	1.09804	35.7	60
dDocent_Contig_7577	1	314	1	150	47.7707	0.477707	37	60
dDocent_Contig_7578	1	405	2	74	18.2716	0.365432	36.7	60
dDocent_Contig_7579	1	395	3	204	51.6456	0.951899	36.9	60
dDocent_Contig_7580	1	360	16	162	45	5.35556	35.4	60
dDocent_Contig_7590	1	346	10	166	47.9769	3.2659	35.9	60
dDocent_Contig_7591	1	235	9	200	85.1064	4.27234	36.5	60
dDocent_Contig_7596	1	366	5	139	37.9781	0.956284	35.3	55.6
dDocent_Contig_7604	1	412	8	261	63.3495	2.06796	36.7	60
dDocent_Contig_7617	1	360	7	135	37.5	1.89722	36.8	60
dDocent_Contig_7619	1	389	22	224	57.5835	6.9563	35.7	60
dDocent_Contig_7623	1	414	2	98	23.6715	0.47343	36.9	60
dDocent_Contig_7632	1	356	17	177	49.7191	5.48876	35.7	60
dDocent_Contig_7639	1	387	35	308	79.5866	10.0439	36.1	60
dDocent_Contig_7640	1	423	24	189	44.6809	6.72813	35.4	60
dDocent_Contig_7662	1	393	6	240	61.0687	1.69211	36.7	60
dDocent_Contig_7669	1	387	13	192	49.6124	3.73902	36.6	60
dDocent_Contig_7670	1	359	22	358	99.7214	6.46797	36.5	57.2
dDocent_Contig_7687	1	277	39	188	67.87	14.0578	36.5	60
dDocent_Contig_7688	1	426	9	177	41.5493	2.29577	35.7	60
dDocent_Contig_7693	1	363	24	235	64.7383	7.7989	35.9	60
dDocent_Contig_7696	1	363	16	230	63.3609	5.09642	36.5	60
dDocent_Contig_7697	1	434	1	87	20.0461	0.200461	36.7	60
dDocent_Contig_7711	1	394	26	194	49.2386	7.52538	36.1	40.9
dDocent_Contig_7715	1	390	11	263	67.4359	2.38974	36.4	56.4
dDocent_Contig_7720	1	374	23	207	55.3476	6.40374	36.6	60
dDocent_Contig_7721	1	352	22	217	61.6477	6.61648	36	60
dDocent_Contig_7722	1	378	11	209	55.291	3.27513	36.8	60
dDocent_Contig_7724	1	469	2	104	22.1748	0.443497	36.9	60
dDocent_Contig_7728	1	355	24	262	73.8028	9.32113	35.9	60
dDocent_Contig_7730	1	416	12	206	49.5192	3.33894	35.8	60
dDocent_Contig_7738	1	393	10	275	69.9746	2.81679	36.8	60
dDocent_Contig_7739	1	471	2	78	16.5605	0.33121	36.8	60
dDocent_Contig_7749	1	383	14	186	48.564	3.62141	36.1	60
dDocent_Contig_7750	1	327	9	185	56.5749	3.15291	35.5	60
dDocent_Contig_7753	1	394	16	305	77.4112	5.0533	36.5	53.5
dDocent_Contig_7761	1	417	30	262	62.8297	8.60192	35.5	60
dDocent_Contig_7763	1	371	9	233	62.8032	2.50404	35.8	60
dDocent_Contig_7767	1	406	7	150	36.9458	1.74138	36.9	60
dDocent_Contig_7768	1	283	1	82	28.9753	0.289753	36.9	60
dDocent_Contig_7772	1	419	2	86	20.5251	0.410501	36.3	60
dDocent_Contig_7774	1	428	3	104	24.2991	0.728972	34.7	60
dDocent_Contig_7777	1	319	8	185	57.9937	3.39185	34.6	60
dDocent_Contig_7778	1	312	34	311	99.6795	12.8141	36.2	57.8
dDocent_Contig_7780	1	363	644	363	100	209.358	36.1	59.6
dDocent_Contig_7783	1	378	18	292	77.2487	4.70635	36.6	60
dDocent_Contig_7786	1	348	6	200	57.4713	2.21264	34.2	60
dDocent_Contig_7787	1	375	3	200	53.3333	0.88	36.8	60
dDocent_Contig_7792	1	335	15	320	95.5224	4.38209	36.5	60
dDocent_Contig_7796	1	442	18	223	50.4525	5.0181	36.6	60
dDocent_Contig_7797	1	386	12	157	40.6736	3.82642	36.6	60
dDocent_Contig_7807	1	370	4	175	47.2973	1.27027	36.8	60
dDocent_Contig_7814	1	462	1	126	27.2727	0.272727	36.6	60
dDocent_Contig_7819	1	366	419	366	100	123.158	36.3	59.7
dDocent_Contig_7820	1	332	13	224	67.4699	4.44277	36.9	54.2
dDocent_Contig_7832	1	237	26	217	91.5612	12.7004	36.2	60
dDocent_Contig_7837	1	369	15	150	40.6504	4.76423	36.5	60
dDocent_Contig_7838	1	281	16	210	74.7331	5.40925	36	60
dDocent_Contig_7839	1	270	13	180	66.6667	5.54074	36.4	60
dDocent_Contig_7843	1	365	25	326	89.3151	6.2137	36.3	57.2
dDocent_Contig_7844	1	333	17	193	57.958	5.81381	35.9	60
dDocent_Contig_7853	1	385	30	243	63.1169	10.1403	36.3	60
dDocent_Contig_7859	1	398	12	161	40.4523	3.01508	36.7	60
dDocent_Contig_7864	1	340	14	179	52.6471	4.02941	35.5	60
dDocent_Contig_7865	1	345	9	170	49.2754	2.83478	36.6	60
dDocent_Contig_7868	1	315	8	197	62.5397	3.35238	34.8	60
dDocent_Contig_7878	1	305	10	216	70.8197	3.87541	36.8	60
dDocent_Contig_7879	1	343	3	124	36.1516	0.862974	36.4	60
dDocent_Contig_7882	1	404	3	171	42.3267	0.633663	36.4	60
dDocent_Contig_7884	1	392	23	224	57.1429	6.89031	36.8	60
dDocent_Contig_7892	1	295	7	137	46.4407	2.5322	34.7	60
dDocent_Contig_7893	1	389	47	366	94.0874	13.8869	36	60
dDocent_Contig_7894	1	378	2	104	27.5132	0.550265	36.9	60
dDocent_Contig_7898	1	328	118	122	37.1951	32.9756	36.1	45.8
dDocent_Contig_7905	1	344	11	136	39.5349	2.875	36	48.2
dDocent_Contig_7906	1	493	2	95	19.2698	0.385396	37	60
dDocent_Contig_7918	1	419	23	257	61.3365	6.25298	35.6	49.7
dDocent_Contig_7924	1	493	18	212	43.002	3.8357	36.7	60
dDocent_Contig_7925	1	395	8	124	31.3924	2.19241	36.2	60
dDocent_Contig_7941	1	480	3	215	44.7917	0.7875	36.5	60
dDocent_Contig_7944	1	379	2	100	26.3852	0.527704	36.9	60
dDocent_Contig_7946	1	461	2	102	22.1258	0.442516	36.9	60
dDocent_Contig_7950	1	381	1	150	39.3701	0.393701	36.7	60
dDocent_Contig_7951	1	302	2	152	50.3311	0.993377	36.5	60
dDocent_Contig_7952	1	286	11	222	77.6224	4.32168	36.2	60
dDocent_Contig_7963	1	462	11	187	40.4762	2.75325	35.5	55.1
dDocent_Contig_7966	1	371	14	281	75.7412	4.84097	36	59.1
dDocent_Contig_7970	1	407	27	206	50.6143	8	36.1	60
dDocent_Contig_7973	1	399	6	138	34.5865	1.56391	35.3	60
dDocent_Contig_7982	1	440	44	295	67.0455	13.9932	35.9	57.6
dDocent_Contig_7984	1	352	18	211	59.9432	6.12784	36.5	57.1
dDocent_Contig_7992	1	226	11	158	69.9115	5.0708	35.7	60
dDocent_Contig_7994	1	396	10	219	55.303	3.28535	36.4	60
dDocent_Contig_8007	1	354	1	118	33.3333	0.333333	36.7	60
dDocent_Contig_8018	1	376	55	203	53.9894	18.1197	35.7	60
dDocent_Contig_8019	1	358	34	233	65.0838	11.2737	35.6	60
dDocent_Contig_8033	1	410	19	203	49.5122	4.74878	35.3	60
dDocent_Contig_8035	1	398	2	97	24.3719	0.487437	36.9	54
dDocent_Contig_8036	1	513	2	99	19.2982	0.385965	37	60
dDocent_Contig_8040	1	400	6	213	53.25	1.37	36.8	60
dDocent_Contig_8045	1	414	11	224	54.1063	3.31884	36.8	60
dDocent_Contig_8051	1	333	14	259	77.7778	5.48348	35.7	59.1
dDocent_Contig_8052	1	369	15	184	49.8645	3.84553	35.1	60
dDocent_Contig_8053	1	393	25	190	48.3461	7.34351	35.4	60
dDocent_Contig_8055	1	297	13	221	74.4108	5.69697	36.7	60
dDocent_Contig_8059	1	419	15	180	42.9594	4.84726	36.8	60
dDocent_Contig_8060	1	504	2	91	18.0556	0.361111	36.5	60
dDocent_Contig_8063	1	408	12	217	53.1863	3.17892	36.6	60
dDocent_Contig_8064	1	293	6	176	60.0683	2.34812	36.8	60
dDocent_Contig_8065	1	408	7	204	50	1.74755	36.7	60
dDocent_Contig_8077	1	413	12	149	36.0775	2.6707	36.7	60
dDocent_Contig_8084	1	292	1	58	19.863	0.19863	36.8	60
dDocent_Contig_8085	1	261	4	137	52.4904	1.57088	36.9	60
dDocent_Contig_8086	1	476	2	84	17.6471	0.352941	36.6	60
dDocent_Contig_8087	1	359	50	264	73.5376	15.8245	35.5	60
dDocent_Contig_8100	1	365	6	298	81.6438	1.92329	36.4	60
dDocent_Contig_8101	1	339	13	177	52.2124	4.63127	35.6	60
dDocent_Contig_8102	1	466	4	198	42.4893	0.849785	36.1	60
dDocent_Contig_8109	1	396	2	47	11.8687	0.237374	37	27
dDocent_Contig_8114	1	381	44	246	64.5669	14.2205	35.8	60
dDocent_Contig_8115	1	422	16	185	43.8389	4.01896	36.5	60
dDocent_Contig_8118	1	398	16	183	45.9799	3.98241	36.5	60
dDocent_Contig_8131	1	315	7	158	50.1587	2.39048	36.7	60
dDocent_Contig_8135	1	360	12	175	48.6111	3.30556	36.5	45.7
dDocent_Contig_8136	1	357	9	161	45.098	2.91597	35.9	60
dDocent_Contig_8137	1	351	2	61	17.3789	0.347578	36.9	60
dDocent_Contig_8146	1	473	49	237	50.1057	12.2706	36	60
dDocent_Contig_8154	1	401	2	104	25.9352	0.518703	36.9	60
dDocent_Contig_8162	1	336	7	132	39.2857	2.07738	36.9	60
dDocent_Contig_8166	1	454	2	96	21.1454	0.422907	36.8	60
dDocent_Contig_8175	1	432	10	217	50.2315	2.93519	36.1	60
dDocent_Contig_8185	1	272	23	184	67.6471	11.0221	34.7	60
dDocent_Contig_8188	1	385	11	201	52.2078	2.72468	36.7	60
dDocent_Contig_8189	1	352	59	327	92.8977	17.0909	35.5	39.5
dDocent_Contig_8190	1	376	9	260	69.1489	2.30585	36.8	60
dDocent_Contig_8193	1	401	22	240	59.8504	7.14464	36.1	60
dDocent_Contig_8213	1	399	23	261	65.4135	6.11278	35.9	57.8
dDocent_Contig_8220	1	403	4	125	31.0174	1.24069	36.8	60
dDocent_Contig_8244	1	470	48	236	50.2128	10.3979	36.3	60
dDocent_Contig_8251	1	377	14	255	67.6393	5.06631	36.2	60
dDocent_Contig_8255	1	361	3	206	57.0637	0.855956	36.9	60
dDocent_Contig_8259	1	416	3	140	33.6538	0.432692	37	60
dDocent_Contig_8263	1	408	16	249	61.0294	3.84314	36.6	60
dDocent_Contig_8265	1	415	2	113	27.2289	0.544578	37	60
dDocent_Contig_8267	1	393	199	278	70.7379	51.7964	36.1	40.2
dDocent_Contig_8268	1	364	1532	356	97.8022	520.907	36.3	40.5
dDocent_Contig_8278	1	348	3	128	36.7816	0.816092	35	60
dDocent_Contig_8285	1	390	4	188	48.2051	1.22051	36.8	60
dDocent_Contig_8289	1	453	12	191	42.1634	2.98455	36.6	60
dDocent_Contig_8296	1	474	24	410	86.4979	5.50422	35.4	60
dDocent_Contig_8299	1	365	2	89	24.3836	0.487671	36.6	60
dDocent_Contig_8304	1	375	13	300	80	3.392	35.7	44.2
dDocent_Contig_8305	1	332	4	107	32.2289	1.04217	36.7	60
dDocent_Contig_8308	1	353	8	235	66.5722	2.84986	36.5	60
dDocent_Contig_8313	1	272	55	271	99.6324	19.7353	36.4	57.4
dDocent_Contig_8315	1	460	3	112	24.3478	0.730435	36.8	60
dDocent_Contig_8321	1	267	2	87	32.5843	0.651685	37	60
dDocent_Contig_8323	1	312	11	174	55.7692	4.76923	36	60
dDocent_Contig_8325	1	399	82	394	98.7469	22.4536	36.3	60
dDocent_Contig_8327	1	396	40	180	45.4545	12.298	35	59.4
dDocent_Contig_8330	1	355	36	198	55.7746	13.2563	35.8	60
dDocent_Contig_8331	1	394	2	86	21.8274	0.436548	37	60
dDocent_Contig_8335	1	381	5	131	34.3832	1.10499	36.9	60
dDocent_Contig_8337	1	444	26	210	47.2973	7.20721	36.2	60
dDocent_Contig_8344	1	516	2	100	19.3798	0.387597	36.9	60
dDocent_Contig_8346	1	339	22	191	56.3422	8.66372	35.6	60
dDocent_Contig_8348	1	405	1	34	8.39506	0.0839506	25.3	60
dDocent_Contig_8358	1	417	34	219	52.518	10.0312	35.3	60
dDocent_Contig_8359	1	406	2	108	26.601	0.53202	36.9	60
dDocent_Contig_8360	1	291	7	148	50.8591	2.2268	36.2	60
dDocent_Contig_8362	1	411	15	223	54.2579	4.17518	36.8	60
dDocent_Contig_8371	1	313	23	211	67.4121	8.5016	36.1	60
dDocent_Contig_8373	1	401	2	81	20.1995	0.40399	36.5	60
dDocent_Contig_8374	1	403	8	143	35.4839	1.92804	36.8	60
dDocent_Contig_8375	1	430	1	124	28.8372	0.288372	36.9	60
dDocent_Contig_8376	1	364	2	83	22.8022	0.456044	37	60
dDocent_Contig_8383	1	416	6	296	71.1538	1.42308	36.9	60
dDocent_Contig_8384	1	393	1	131	33.3333	0.333333	36.9	60
dDocent_Contig_8386	1	397	6	170	42.8212	1.43577	36.9	60
dDocent_Contig_8391	1	396	1	99	25	0.25	37	59
dDocent_Contig_8398	1	395	21	299	75.6962	6.27342	36.1	60
dDocent_Contig_8399	1	387	13	148	38.2429	3.43411	36.4	60
dDocent_Contig_8409	1	375	13	342	91.2	4.44267	36.5	60
dDocent_Contig_8413	1	340	23	248	72.9412	8.17647	36.1	60
dDocent_Contig_8423	1	407	9	186	45.7002	2.51597	36.7	60
dDocent_Contig_8424	1	362	2	90	24.8619	0.469613	36.8	24
dDocent_Contig_8430	1	307	31	220	71.6612	11.4886	36.1	60
dDocent_Contig_8433	1	230	22	206	89.5652	10.6783	36.1	60
dDocent_Contig_8434	1	341	3	199	58.3578	0.973607	36.9	60
dDocent_Contig_8436	1	364	14	143	39.2857	4.54945	36.3	60
dDocent_Contig_8440	1	374	18	173	46.2567	5.47059	36.7	60
dDocent_Contig_8443	1	377	18	322	85.4111	6.07427	36.1	60
dDocent_Contig_8445	1	487	5	168	34.4969	1.2731	36.6	60
dDocent_Contig_8456	1	381	8	177	46.4567	2.43045	36.5	60
dDocent_Contig_8460	1	326	26	205	62.8834	8.43558	35.8	60
dDocent_Contig_8466	1	299	17	178	59.5318	6.74582	36.7	60
dDocent_Contig_8470	1	470	2	108	22.9787	0.459574	36.8	60
dDocent_Contig_8471	1	342	16	289	84.5029	5.11111	34.8	60
dDocent_Contig_8473	1	332	10	279	84.0361	3.15361	35.7	60
dDocent_Contig_8474	1	388	12	177	45.6186	4.21134	36	60
dDocent_Contig_8480	1	347	14	210	60.5187	4.16715	36	60
dDocent_Contig_8481	1	458	29	185	40.393	7.39956	36.3	58.4
dDocent_Contig_8485	1	313	33	245	78.2748	12.7476	35.4	60
dDocent_Contig_8489	1	418	23	207	49.5215	6.40909	36.8	60
dDocent_Contig_8492	1	409	8	211	51.5892	2.82641	35.4	60
dDocent_Contig_8493	1	392	7	179	45.6633	2.48214	36.8	60
dDocent_Contig_8497	1	420	2	57	13.5714	0.271429	37	60
dDocent_Contig_8498	1	382	9	314	82.199	2.71728	36.6	60
dDocent_Contig_8505	1	348	410	346	99.4253	135.029	35.9	37.8
dDocent_Contig_8512	1	472	8	287	60.8051	1.80085	36.6	60
dDocent_Contig_8515	1	383	542	314	81.9843	143.598	36.2	51.2
dDocent_Contig_8516	1	310	30	174	56.129	11.4226	36	60
dDocent_Contig_8517	1	368	2	70	19.0217	0.380435	37	32
dDocent_Contig_8520	1	368	23	302	82.0652	7.55435	36.5	60
dDocent_Contig_8527	1	385	2	132	34.2857	0.685714	36.3	60
dDocent_Contig_8528	1	401	15	229	57.1072	4.60848	35.6	60
dDocent_Contig_8531	1	390	34	378	96.9231	9.98462	36.4	60
dDocent_Contig_8534	1	397	20	205	51.6373	7.00756	35.7	60
dDocent_Contig_8536	1	452	12	189	41.8142	3.06416	36.7	60
dDocent_Contig_8537	1	271	28	201	74.1697	12.1292	36.5	54.8
dDocent_Contig_8541	1	312	1	76	24.359	0.24359	35.9	60
dDocent_Contig_8542	1	326	11	185	56.7485	3.82515	36.4	60
dDocent_Contig_8545	1	383	11	226	59.0078	3.12272	36.4	60
dDocent_Contig_8546	1	379	18	287	75.7256	5.40897	36	58.7
dDocent_Contig_8557	1	404	11	200	49.505	2.7203	36.6	60
dDocent_Contig_8562	1	303	21	216	71.2871	8.85809	35.4	60
dDocent_Contig_8566	1	377	25	298	79.0451	7.79045	36	60
dDocent_Contig_8567	1	402	2	141	35.0746	0.49005	36.8	60
dDocent_Contig_8570	1	338	41	246	72.7811	13.9852	35.7	60
dDocent_Contig_8571	1	382	7	182	47.644	1.58639	36	60
dDocent_Contig_8573	1	337	1	90	26.7062	0.267062	36.7	60
dDocent_Contig_8584	1	347	25	254	73.1988	8.88184	35.9	60
dDocent_Contig_8589	1	313	67	312	99.6805	16.9489	36.2	49.4
dDocent_Contig_8590	1	348	17	241	69.2529	5.97701	36.4	60
dDocent_Contig_8591	1	354	6	127	35.8757	1.37006	36.3	60
dDocent_Contig_8592	1	378	7	158	41.7989	2.10317	35.8	60
dDocent_Contig_8598	1	405	518	335	82.716	144.501	35.8	50.5
dDocent_Contig_8605	1	384	12	200	52.0833	4.14583	36.1	60
dDocent_Contig_8606	1	303	2	111	36.6337	0.729373	34.9	60
dDocent_Contig_8609	1	391	4	117	29.9233	1.13555	36.9	60
dDocent_Contig_8610	1	378	3	104	27.5132	0.634921	36.9	60
dDocent_Contig_8611	1	277	9	163	58.8448	3.72202	34.8	60
dDocent_Contig_8612	1	339	33	235	69.3215	10.2006	35.6	60
dDocent_Contig_8613	1	456	18	271	59.4298	3.47588	35.7	60
dDocent_Contig_8614	1	362	14	321	88.674	4.06906	36.7	57.9
dDocent_Contig_8619	1	348	4	131	37.6437	1.33908	36.8	60
dDocent_Contig_8620	1	270	15	221	81.8519	6.41852	36	60
dDocent_Contig_8621	1	370	2	83	22.4324	0.448649	37	60
dDocent_Contig_8632	1	366	4	176	48.0874	0.961749	36.8	60
dDocent_Contig_8639	1	333	29	186	55.8559	9.68769	36.4	60
dDocent_Contig_8640	1	435	10	123	28.2759	1.90805	36.9	60
dDocent_Contig_8645	1	343	8	195	56.8513	2.24781	36.5	60
dDocent_Contig_8646	1	505	15	287	56.8317	3.81782	35.9	60
dDocent_Contig_8649	1	342	33	176	51.462	10.8187	36.1	60
dDocent_Contig_8663	1	368	4	116	31.5217	1	36.8	60
dDocent_Contig_8669	1	448	2	132	29.4643	0.589286	37	60
dDocent_Contig_8676	1	404	57	388	96.0396	14.604	36.1	53
dDocent_Contig_8684	1	426	27	276	64.7887	7.98122	36	60
dDocent_Contig_8686	1	410	8	187	45.6098	2.38537	36.8	60
dDocent_Contig_8687	1	328	19	239	72.8659	6.02439	36.3	60
dDocent_Contig_8688	1	361	172	361	100	52.6399	36.4	59.7
dDocent_Contig_8692	1	372	22	213	57.2581	6.02419	35.5	60
dDocent_Contig_8697	1	412	24	212	51.4563	6.55825	36.6	60
dDocent_Contig_8703	1	331	14	229	69.1843	4.571	36.8	60
dDocent_Contig_8704	1	327	20	208	63.6086	7.34251	35.1	60
dDocent_Contig_8709	1	387	3	111	28.6822	0.860465	35.6	60
dDocent_Contig_8711	1	346	12	302	87.2832	3.68786	36.7	60
dDocent_Contig_8717	1	489	2	129	26.3804	0.527607	36.5	60
dDocent_Contig_8731	1	397	3	148	37.2796	1.11839	36.1	60
dDocent_Contig_8743	1	281	29	183	65.1246	11.7473	36	59.8
dDocent_Contig_8746	1	420	11	231	55	2.76429	36.5	60
dDocent_Contig_8749	1	293	7	186	63.4812	3.14676	36.7	60
dDocent_Contig_8750	1	284	9	183	64.4366	3.32042	36.6	60
dDocent_Contig_8753	1	265	5	133	50.1887	1.44906	36.1	60
dDocent_Contig_8755	1	399	16	329	82.4561	4.52381	36	60
dDocent_Contig_8756	1	384	20	178	46.3542	6.70312	35.4	60
dDocent_Contig_8757	1	320	8	184	57.5	2.60625	34.8	60
dDocent_Contig_8758	1	375	17	326	86.9333	6.03733	36.5	60
dDocent_Contig_8766	1	469	11	153	32.6226	2.35394	35.5	60
dDocent_Contig_8768	1	414	14	238	57.4879	4.1256	35.7	60
dDocent_Contig_8772	1	437	4	157	35.9268	0.95881	36.8	60
dDocent_Contig_8782	1	340	8	178	52.3529	2.99706	36	60
dDocent_Contig_8791	1	360	1150	352	97.7778	341.75	36.1	56.2
dDocent_Contig_8797	1	372	8	306	82.2581	2.23118	36.7	60
dDocent_Contig_8798	1	507	22	286	56.4103	4.5858	36.5	60
dDocent_Contig_8801	1	356	10	156	43.8202	2.92978	36.4	60
dDocent_Contig_8803	1	395	12	278	70.3797	3.97468	36.6	60
dDocent_Contig_8804	1	368	12	167	45.3804	3.44293	36.8	60
dDocent_Contig_8809	1	379	6	143	37.7309	1.91821	36.8	60
dDocent_Contig_8816	1	460	11	254	55.2174	2.27826	36.7	60
dDocent_Contig_8817	1	365	11	190	52.0548	3.50137	35.8	60
dDocent_Contig_8821	1	403	2	74	18.3623	0.367246	37	60
dDocent_Contig_8840	1	330	13	187	56.6667	4.58788	36	60
dDocent_Contig_8841	1	459	12	305	66.4488	2.93246	35.2	60
dDocent_Contig_8845	1	441	20	225	51.0204	5.56916	36.3	59.6
dDocent_Contig_8854	1	377	18	342	90.7162	5.83554	36.5	58.6
dDocent_Contig_8855	1	419	4	114	27.2076	0.973747	34	60
dDocent_Contig_8869	1	309	121	305	98.7055	45.0162	36.2	59.5
dDocent_Contig_8875	1	469	6	198	42.2175	1.11727	36.9	60
dDocent_Contig_8876	1	310	20	208	67.0968	8.06774	35.5	60
dDocent_Contig_8880	1	249	2	108	43.3735	0.86747	36.9	60
dDocent_Contig_8888	1	392	19	191	48.7245	5.56122	36.4	60
dDocent_Contig_8893	1	321	8	166	51.7134	2.39564	35	60
dDocent_Contig_8894	1	410	15	216	52.6829	4.90976	35.7	60
dDocent_Contig_8897	1	363	103	350	96.4187	28.4077	36.3	46.2
dDocent_Contig_8900	1	379	20	232	61.2137	6.97625	35.7	60
dDocent_Contig_8901	1	362	14	234	64.6409	4.51381	36.8	60
dDocent_Contig_8902	1	370	11	157	42.4324	2.97568	36.2	60
dDocent_Contig_8903	1	400	2668	400	100	812.515	35.7	59.7
dDocent_Contig_8933	1	384	2	184	47.9167	0.479167	36.9	60
dDocent_Contig_8934	1	402	2	85	21.1443	0.422886	36.8	60
dDocent_Contig_8935	1	391	4	110	28.133	0.930946	36.4	60
dDocent_Contig_8936	1	431	6	177	41.0673	0.865429	36.8	60
dDocent_Contig_8955	1	339	86	329	97.0501	21.3038	36	45
dDocent_Contig_8967	1	386	1	113	29.2746	0.292746	35.9	60
dDocent_Contig_8969	1	312	9	140	44.8718	2.85897	36.7	60
dDocent_Contig_8970	1	259	5	212	81.8533	2.72201	36.6	60
dDocent_Contig_8976	1	334	43	225	67.3653	15.1407	36.3	60
dDocent_Contig_8978	1	321	373	138	42.9907	101.514	35.9	60
dDocent_Contig_8983	1	299	2	142	47.4916	0.919732	36.7	60
dDocent_Contig_8990	1	413	31	283	68.523	8.16707	36	59.4
dDocent_Contig_8991	1	438	1	102	23.2877	0.232877	36.9	60
dDocent_Contig_8992	1	376	11	290	77.1277	3.58777	36.5	60
dDocent_Contig_9002	1	438	2	99	22.6027	0.452055	36.9	60
dDocent_Contig_9005	1	317	21	277	87.3817	8.26498	36	60
dDocent_Contig_9010	1	352	810	328	93.1818	258.034	36.2	57.4
dDocent_Contig_9013	1	359	13	158	44.0111	4.08357	34.8	60
dDocent_Contig_9020	1	394	1	76	19.2893	0.192893	35.2	60
dDocent_Contig_9022	1	394	2	62	15.736	0.314721	35.5	60
dDocent_Contig_9023	1	391	39	266	68.0307	11.6982	36.1	60
dDocent_Contig_9028	1	250	24	249	99.6	12.58	36.1	60
dDocent_Contig_9030	1	376	267	189	50.266	70.4495	36.1	51.6
dDocent_Contig_9040	1	422	8	273	64.6919	2.28199	36.5	60
dDocent_Contig_9041	1	504	58	325	64.4841	12.8671	36.2	60
dDocent_Contig_9047	1	433	4	95	21.94	0.725173	36.9	60
dDocent_Contig_9052	1	305	168	304	99.6721	58.7475	36.4	57.7
dDocent_Contig_9055	1	330	14	163	49.3939	5.2697	35.5	60
dDocent_Contig_9057	1	310	19	193	62.2581	7.9	36	60
dDocent_Contig_9058	1	333	28	214	64.2643	10.3994	36	60
dDocent_Contig_9063	1	399	8	193	48.3709	2.20802	35.9	60
dDocent_Contig_9070	1	393	10	148	37.659	2.50127	35.9	60
dDocent_Contig_9073	1	342	13	324	94.7368	4.28947	36.5	60
dDocent_Contig_9075	1	352	2	108	30.6818	0.613636	36.9	60
dDocent_Contig_9076	1	395	17	143	36.2025	3.81013	36.4	58.1
dDocent_Contig_9079	1	270	8	172	63.7037	3.51111	36.8	60
dDocent_Contig_9080	1	419	2	55	13.1265	0.26253	37	60
dDocent_Contig_9082	1	474	3	113	23.8397	0.506329	36.5	60
dDocent_Contig_9083	1	366	3	166	45.3552	0.86612	35.4	60
dDocent_Contig_9115	1	433	3	207	47.806	0.706697	36.5	56
dDocent_Contig_9126	1	328	4	107	32.622	1.30488	36.3	60
dDocent_Contig_9129	1	400	1	141	35.25	0.3525	36.8	60
dDocent_Contig_9133	1	342	12	205	59.9415	4.0614	35	55.2
dDocent_Contig_9137	1	393	7	162	41.2214	1.1883	36.1	49.7
dDocent_Contig_9140	1	266	2	140	52.6316	1.05263	36.8	60
dDocent_Contig_9159	1	386	9	348	90.1554	2.5829	36.9	52.9
dDocent_Contig_9166	1	458	2	104	22.7074	0.454148	36.7	60
dDocent_Contig_9170	1	439	2	95	21.6401	0.432802	36.9	60
dDocent_Contig_9181	1	427	3	103	24.1218	0.723653	34.7	60
dDocent_Contig_9187	1	417	1	107	25.6595	0.256595	37	60
dDocent_Contig_9188	1	292	9	162	55.4795	3.04452	35.5	60
dDocent_Contig_9189	1	408	1	96	23.5294	0.235294	35.9	60
dDocent_Contig_9194	1	379	2	81	21.372	0.427441	36.7	60
dDocent_Contig_9198	1	395	4	117	29.6203	0.767089	34.8	60
dDocent_Contig_9199	1	300	2	152	50.6667	0.993333	33.8	60
dDocent_Contig_9203	1	312	185	283	90.7051	63.3301	36	59
dDocent_Contig_9207	1	382	2	116	30.3665	0.60733	36.8	60
dDocent_Contig_9214	1	406	45	287	70.6897	11.9212	36.1	52.7
dDocent_Contig_9215	1	376	2	87	23.1383	0.462766	36.5	60
dDocent_Contig_9217	1	330	2	62	18.7879	0.375758	36.3	60
dDocent_Contig_9229	1	375	3	180	48	1.04	36.1	60
dDocent_Contig_9236	1	365	2	104	28.4932	0.569863	36.9	60
dDocent_Contig_9243	1	334	197	328	98.2036	66.0868	36.2	55.4
dDocent_Contig_9259	1	390	2	135	34.6154	0.692308	36.7	60
dDocent_Contig_9266	1	292	2	97	33.2192	0.664384	37	60
dDocent_Contig_9269	1	397	4	217	54.6599	1.0932	37	60
dDocent_Contig_9270	1	407	2	166	40.7862	0.737101	36.5	60
dDocent_Contig_9281	1	396	2	146	36.8687	0.737374	36.7	60
dDocent_Contig_9289	1	392	5	214	54.5918	1.35714	35.7	60
dDocent_Contig_9297	1	492	2	78	15.8537	0.317073	36.5	60
dDocent_Contig_9302	1	342	6	188	54.9708	1.83041	36.8	60
dDocent_Contig_9306	1	371	2	145	39.0836	0.781671	35.1	60
dDocent_Contig_9310	1	377	2	166	44.0318	0.795756	36.5	60
dDocent_Contig_9323	1	384	22	154	40.1042	5.73438	35.6	59.3
dDocent_Contig_9324	1	304	2	104	34.2105	0.684211	34.1	60
dDocent_Contig_9333	1	311	2	92	29.582	0.59164	36.9	60
dDocent_Contig_9335	1	255	2	112	43.9216	0.878431	36.9	60
dDocent_Contig_9336	1	377	2	79	20.9549	0.419098	36.7	60
dDocent_Contig_9338	1	269	31	258	95.9108	12.8587	36.2	60
dDocent_Contig_9349	1	384	2	100	26.0417	0.520833	36.6	60
dDocent_Contig_9370	1	416	2	117	28.125	0.5625	36.9	60
dDocent_Contig_9371	1	305	1	63	20.6557	0.206557	36.6	60
dDocent_Contig_9374	1	452	3	192	42.4779	0.663717	35.8	50.3
dDocent_Contig_9378	1	277	130	274	98.917	48.2419	36.4	55.8
dDocent_Contig_9379	1	389	2	162	41.6452	0.771208	36.6	60
dDocent_Contig_9380	1	370	2	97	26.2162	0.462162	36.8	60
dDocent_Contig_9383	1	238	2	109	45.7983	0.915966	37	60
dDocent_Contig_9390	1	401	1	66	16.4589	0.164589	37	54
dDocent_Contig_9391	1	373	3	104	27.882	0.836461	34.9	60
dDocent_Contig_9393	1	354	1	106	29.9435	0.299435	37	60
dDocent_Contig_9396	1	395	14	166	42.0253	3.72658	36.5	43.5
dDocent_Contig_9419	1	457	2	74	16.1926	0.323851	37	60
dDocent_Contig_9423	1	396	2	106	26.7677	0.535354	36.9	60
dDocent_Contig_9438	1	312	6	108	34.6154	2.07692	36.3	60
dDocent_Contig_9439	1	439	2	100	22.779	0.455581	36.9	60
dDocent_Contig_9449	1	381	2	93	24.4094	0.488189	36.9	60
dDocent_Contig_9451	1	445	3	172	38.6517	0.534831	36.7	60
dDocent_Contig_9457	1	378	1	91	24.0741	0.240741	37	60
dDocent_Contig_9461	1	353	2	113	32.0113	0.640227	36.5	60
dDocent_Contig_9468	1	391	144	341	87.2123	37.4987	36.5	55
dDocent_Contig_9470	1	338	58	232	68.6391	19.1095	36	59.9
dDocent_Contig_9471	1	390	4	120	30.7692	0.615385	36.4	52
dDocent_Contig_9472	1	325	2	88	27.0769	0.541538	36.9	60
dDocent_Contig_9474	1	290	22047	238	82.069	9365.08	35.8	50.5
dDocent_Contig_9475	1	443	5	88	19.8646	0.884876	35.4	35.2
dDocent_Contig_9477	1	338	773	295	87.2781	288.855	36	40.5
dDocent_Contig_9478	1	332	40	312	93.9759	11.6355	36.5	50
dDocent_Contig_9497	1	352	3	156	44.3182	0.767045	36.8	60
dDocent_Contig_9504	1	380	3	151	39.7368	0.563158	36.9	60
dDocent_Contig_9508	1	366	3	142	38.7978	0.819672	36.6	60
dDocent_Contig_9514	1	407	2	98	24.0786	0.481572	36.8	60
dDocent_Contig_9519	1	306	107	272	88.8889	36.683	36.4	57.2
dDocent_Contig_9525	1	327	2	98	29.9694	0.599388	36.7	60
dDocent_Contig_9530	1	290	4	99	34.1379	1.22759	36.8	60
dDocent_Contig_9531	1	475	3	108	22.7368	0.555789	36.4	28
dDocent_Contig_9549	1	339	1	109	32.1534	0.321534	36.9	60
dDocent_Contig_9550	1	370	1	55	14.8649	0.148649	36.8	60
dDocent_Contig_9558	1	335	4	115	34.3284	1.37313	36.6	60
dDocent_Contig_9560	1	513	2	103	20.078	0.401559	36.8	60
dDocent_Contig_9564	1	341	2	144	42.2287	0.844575	36.9	60
dDocent_Contig_9607	1	399	4	117	29.3233	1.06015	36.5	60
dDocent_Contig_9616	1	398	2	92	23.1156	0.462312	36.2	60
dDocent_Contig_9620	1	484	71	426	88.0165	15.1178	36.4	60
dDocent_Contig_9621	1	420	296	367	87.381	73.469	36.2	46.4
dDocent_Contig_9625	1	268	42	252	94.0299	16.5261	36.4	59.4
dDocent_Contig_9627	1	470	8	210	44.6809	1.91702	36.5	60
dDocent_Contig_9631	1	371	1	128	34.5013	0.345013	36.6	60
dDocent_Contig_9632	1	336	1	60	17.8571	0.178571	36.8	60
dDocent_Contig_9635	1	387	18	173	44.7028	4.67442	36.8	57.4
dDocent_Contig_9637	1	343	2	95	27.6968	0.553936	37	60
dDocent_Contig_9641	1	373	5	203	54.4236	1.75067	34.8	60
dDocent_Contig_9644	1	349	3	119	34.0974	1.02292	34.7	60
dDocent_Contig_9651	1	400	2	150	37.5	0.74	36.4	60
dDocent_Contig_9663	1	398	3	178	44.7236	0.773869	36.4	60
dDocent_Contig_9666	1	255	20	127	49.8039	7.01961	36.7	51.5
dDocent_Contig_9669	1	385	33	297	77.1429	10.2338	36.4	29.3
dDocent_Contig_9672	1	398	5	330	82.9146	1.45226	36.7	60
dDocent_Contig_9682	1	473	2	84	17.759	0.35518	36.9	60
dDocent_Contig_9696	1	487	1	150	30.8008	0.308008	37	60
dDocent_Contig_9699	1	379	2	133	35.0923	0.701847	36.5	46
dDocent_Contig_9709	1	423	4	263	62.1749	0.841608	36.9	60
dDocent_Contig_9725	1	418	2	56	13.3971	0.267943	36.4	60
dDocent_Contig_9730	1	404	8	153	37.8713	2.55941	36.1	60
dDocent_Contig_9749	1	383	1	127	33.1593	0.331593	36.8	60
dDocent_Contig_9751	1	347	4	152	43.804	1.22767	36.9	60
dDocent_Contig_9763	1	365	4	185	50.6849	1.11233	36	60
dDocent_Contig_9768	1	389	2	154	39.5887	0.771208	36.8	60
dDocent_Contig_9771	1	403	1	119	29.5285	0.295285	36.6	60
dDocent_Contig_9800	1	384	201	383	99.7396	56.8594	36.4	59.2
dDocent_Contig_9801	1	373	91	330	88.4718	24.3727	36.5	58.1
dDocent_Contig_9802	1	387	50	289	74.677	11.9742	36.5	54.9
dDocent_Contig_9828	1	327	3	114	34.8624	1.04281	35.5	60
dDocent_Contig_9840	1	326	2	243	74.5399	0.745399	35.6	60
dDocent_Contig_9851	1	318	2	88	27.673	0.553459	36.9	60
dDocent_Contig_9852	1	440	4	113	25.6818	0.836364	36.6	60
dDocent_Contig_9859	1	365	1	116	31.7808	0.317808	36.3	60
dDocent_Contig_9876	1	393	2	96	24.4275	0.48855	36.9	60
dDocent_Contig_9891	1	392	5	203	51.7857	1.49235	36.8	60
dDocent_Contig_9892	1	368	2	74	20.1087	0.402174	37	60
dDocent_Contig_9894	1	438	4	172	39.2694	0.981735	36.6	60
dDocent_Contig_9896	1	428	1	75	17.5234	0.175234	36.8	60
dDocent_Contig_9897	1	400	3	192	48	0.7525	36.3	60
dDocent_Contig_9898	1	384	1	111	28.9062	0.289062	37	60
dDocent_Contig_9912	1	310	1	93	30	0.3	35.8	60
dDocent_Contig_9916	1	334	2	52	15.5689	0.311377	36.8	60
dDocent_Contig_9917	1	381	2	86	22.5722	0.451444	36.7	60
dDocent_Contig_9935	1	508	2	106	20.8661	0.417323	36.9	60
dDocent_Contig_9958	1	392	383	313	79.8469	114.625	35.7	47.5
dDocent_Contig_9973	1	499	3	124	24.8497	0.59519	35.7	60
dDocent_Contig_9981	1	388	4	162	41.7526	1.1134	36.8	60
dDocent_Contig_9983	1	431	2	95	22.0418	0.440835	36.8	60
dDocent_Contig_9992	1	295	3	96	32.5424	0.976271	34.1	60
dDocent_Contig_10000	1	363	121	250	68.8705	35.4793	36	59
dDocent_Contig_10001	1	397	12	199	50.1259	4.11587	34.2	60
dDocent_Contig_10005	1	393	2	111	28.2443	0.564885	36.6	60
dDocent_Contig_10007	1	430	13	207	48.1395	3.54651	35.5	60
dDocent_Contig_10009	1	227	225	225	99.1189	98.9868	36.3	43.3
dDocent_Contig_10011	1	402	35	365	90.796	10.0672	35.8	60
dDocent_Contig_10014	1	388	181	333	85.8247	48.8918	35.3	59.1
dDocent_Contig_10025	1	397	19	374	94.2065	4.63476	36.7	60
dDocent_Contig_10026	1	427	21	224	52.459	5.5363	36.5	60
dDocent_Contig_10029	1	368	26	207	56.25	9.27174	35.6	60
dDocent_Contig_10035	1	383	19	182	47.5196	6.09399	36.3	60
dDocent_Contig_10044	1	505	17	162	32.0792	3.55248	35.7	60
dDocent_Contig_10047	1	327	8	251	76.7584	2.69419	36.3	60
dDocent_Contig_10053	1	453	22	254	56.0706	5.21192	36.1	58.9
dDocent_Contig_10056	1	348	9	216	62.069	2.17816	36.9	60
dDocent_Contig_10057	1	388	25	208	53.6082	7.8067	36.4	60
dDocent_Contig_10058	1	448	3	165	36.8304	0.676339	37	60
dDocent_Contig_10059	1	396	2	163	41.1616	0.757576	37	60
dDocent_Contig_10061	1	435	316	342	78.6207	84.7609	36.2	44.6
dDocent_Contig_10064	1	345	9	144	41.7391	2.78841	36.7	60
dDocent_Contig_10065	1	451	3	211	46.7849	0.713969	36.9	60
dDocent_Contig_10068	1	279	100	245	87.8136	46.5914	35.7	60
dDocent_Contig_10071	1	354	2	94	26.5537	0.531073	37	60
dDocent_Contig_10078	1	382	8	138	36.1257	2.16754	36	60
dDocent_Contig_10079	1	364	5	201	55.2198	1.51374	36.8	60
dDocent_Contig_10080	1	414	2	96	23.1884	0.463768	36.8	60
dDocent_Contig_10082	1	374	4	200	53.4759	1.06952	36.9	60
dDocent_Contig_10083	1	327	5	108	33.0275	1.58716	33.5	58.6
dDocent_Contig_10084	1	350	14	210	60	3.78	36.8	49.1
dDocent_Contig_10094	1	304	8	119	39.1447	2.44079	36.7	60
dDocent_Contig_10095	1	322	2	129	40.0621	0.801242	36.8	60
dDocent_Contig_10096	1	358	4	139	38.8268	1.20112	36.6	60
dDocent_Contig_10097	1	395	6	152	38.481	2.03038	36.4	60
dDocent_Contig_10098	1	356	1	51	14.3258	0.143258	36	47
dDocent_Contig_10099	1	367	6	204	55.5858	2.00545	36.9	60
dDocent_Contig_10101	1	393	10	247	62.8499	2.69211	36.8	60
dDocent_Contig_10102	1	465	26	240	51.6129	7.47527	35.7	60
dDocent_Contig_10108	1	323	5	160	49.5356	1.67492	36.7	60
dDocent_Contig_10109	1	393	11	290	73.7913	3.50636	36.6	60
dDocent_Contig_10110	1	395	3	89	22.5316	0.612658	36.6	60
dDocent_Contig_10113	1	441	15	252	57.1429	3.61905	36.4	60
dDocent_Contig_10114	1	373	22	197	52.815	7.17158	35.5	60
dDocent_Contig_10115	1	373	50	198	53.0831	15.1609	35	58.9
dDocent_Contig_10119	1	407	1	58	14.2506	0.142506	36.8	60
dDocent_Contig_10122	1	309	23	193	62.4595	8	36	60
dDocent_Contig_10126	1	484	5	194	40.0826	1.17355	35.8	60
dDocent_Contig_10128	1	343	24	260	75.8017	7.63848	36.6	60
dDocent_Contig_10135	1	492	2	111	22.561	0.45122	36.8	60
dDocent_Contig_10136	1	370	18	234	63.2432	5.64324	36.6	60
dDocent_Contig_10138	1	417	11	180	43.1655	2.90887	34.8	60
dDocent_Contig_10140	1	381	36	209	54.8556	11.1654	35.9	60
dDocent_Contig_10141	1	372	22	191	51.3441	7.21774	36.1	60
dDocent_Contig_10142	1	402	25	256	63.6816	7.13184	35.8	53.8
dDocent_Contig_10144	1	334	1419	210	62.8743	579.572	34.2	25.7
dDocent_Contig_10146	1	355	5	166	46.7606	1.29014	32	38.2
dDocent_Contig_10151	1	318	272	215	67.6101	75.8491	34.3	32.6
dDocent_Contig_10152	1	395	145	203	51.3924	42.1797	34.6	29.1
dDocent_Contig_10153	1	318	145	312	98.1132	53.7925	35.2	34.8
dDocent_Contig_10157	1	321	24	202	62.9283	5.77882	36	46.6
dDocent_Contig_10158	1	364	113	203	55.7692	35.7637	35.9	28.2
dDocent_Contig_10160	1	388	633	368	94.8454	185.211	36.2	50.7
dDocent_Contig_10163	1	371	168	359	96.7655	47.9407	35.8	50.3
dDocent_Contig_10164	1	297	27	183	61.6162	8.22222	35.7	24
dDocent_Contig_10165	1	341	2	102	29.912	0.59824	36.1	60
dDocent_Contig_10166	1	360	2423	343	95.2778	884.036	35.8	28.9
dDocent_Contig_10167	1	360	675	349	96.9444	207.353	36.2	59.7
dDocent_Contig_10170	1	473	2	150	31.7125	0.634249	36.8	60
dDocent_Contig_10176	1	508	15	194	38.189	3.52756	36.7	60
dDocent_Contig_10179	1	466	37	350	75.1073	8.90773	36.5	46.6
dDocent_Contig_10185	1	285	23	208	72.9825	10.6526	35.2	60
dDocent_Contig_10186	1	298	6	156	52.349	2.2047	36.9	60
dDocent_Contig_10188	1	412	10	343	83.2524	2.71845	36.1	60
dDocent_Contig_10201	1	439	2	124	28.246	0.56492	36.8	60
dDocent_Contig_10203	1	363	13	227	62.5344	4.52893	36.4	60
dDocent_Contig_10204	1	291	1	60	20.6186	0.206186	35.8	42
dDocent_Contig_10210	1	402	9	174	43.2836	2.91045	36.6	60
dDocent_Contig_10213	1	278	17	266	95.6835	8.1295	36.6	60
dDocent_Contig_10215	1	435	2	61	14.023	0.28046	34.8	60
dDocent_Contig_10216	1	331	4	185	55.8912	1.15106	36.7	60
dDocent_Contig_10217	1	496	268	492	99.1935	62.881	35.9	54
dDocent_Contig_10218	1	294	18	209	71.0884	6.38095	36.2	60
dDocent_Contig_10219	1	493	2	157	31.8458	0.608519	36.2	60
dDocent_Contig_10225	1	322	4	142	44.0994	1.10559	36.8	60
dDocent_Contig_10230	1	296	6	147	49.6622	2.53716	35.9	60
dDocent_Contig_10241	1	408	56	193	47.3039	14.0147	35.2	60
dDocent_Contig_10244	1	384	16	245	63.8021	4.32292	35.5	60
dDocent_Contig_10250	1	307	15	230	74.9186	5.27362	36.1	60
dDocent_Contig_10255	1	324	18	204	62.963	6.07407	36.4	60
dDocent_Contig_10261	1	444	2	42	9.45946	0.189189	36.1	60
dDocent_Contig_10269	1	361	41	212	58.7258	15.1108	35.2	60
dDocent_Contig_10270	1	404	32	248	61.3861	9.41337	36.5	60
dDocent_Contig_10271	1	417	16	208	49.8801	4.92806	36	60
dDocent_Contig_10287	1	329	14	215	65.3495	5.69301	34.8	60
dDocent_Contig_10293	1	273	24	233	85.348	10	36.6	60
dDocent_Contig_10294	1	399	2	68	17.0426	0.340852	36.6	60
dDocent_Contig_10408	1	465	14	204	43.871	3.46452	36.6	60
dDocent_Contig_10410	1	375	10	156	41.6	3.00533	36.7	60
dDocent_Contig_10413	1	400	6	168	42	1.75	36.2	60
dDocent_Contig_10418	1	365	41	296	81.0959	12.4356	35.5	57
dDocent_Contig_10424	1	462	262	392	84.8485	61.8333	36.4	47.1
dDocent_Contig_10426	1	383	14	193	50.3916	4.28982	36.3	60
dDocent_Contig_10427	1	265	12	167	63.0189	5.40377	36.4	60
dDocent_Contig_10431	1	329	12	233	70.8207	3.89058	36.6	60
dDocent_Contig_10440	1	355	17	289	81.4085	5.14085	36.2	54.4
dDocent_Contig_10441	1	327	17	180	55.0459	5.71865	35.7	60
dDocent_Contig_10442	1	418	2	82	19.6172	0.392344	36.9	60
dDocent_Contig_10443	1	271	46	102	37.6384	14.9594	36.5	59
dDocent_Contig_10444	1	362	4	230	63.5359	1.04972	36.9	60
dDocent_Contig_10448	1	396	4	178	44.9495	0.997475	36.4	60
dDocent_Contig_10450	1	322	4	156	48.4472	1.21118	37	60
dDocent_Contig_10452	1	358	12	187	52.2346	4.39944	36	60
dDocent_Contig_10454	1	475	17	229	48.2105	3.71158	35.7	60
dDocent_Contig_10457	1	372	24	178	47.8495	6.98118	35.2	60
dDocent_Contig_10462	1	370	1	102	27.5676	0.275676	36.8	60
dDocent_Contig_10464	1	367	14	206	56.1308	4.19074	36.6	60
dDocent_Contig_10465	1	387	6	115	29.7158	1.57623	36.7	60
dDocent_Contig_10466	1	494	10	191	38.664	2.13563	36.6	60
dDocent_Contig_10472	1	300	24	194	64.6667	9.27	35.7	60
dDocent_Contig_10473	1	397	17	178	44.8363	4.59446	36.2	60
dDocent_Contig_10478	1	262	5	196	74.8092	2.36641	37	60
dDocent_Contig_10479	1	369	230	321	86.9919	71.4607	35.8	44.3
dDocent_Contig_10494	1	332	3	102	30.7229	0.921687	36.4	60
dDocent_Contig_10496	1	380	2	100	26.3158	0.526316	36.6	60
dDocent_Contig_10498	1	415	30	204	49.1566	8.15422	35.3	60
dDocent_Contig_10505	1	387	2	55	14.2119	0.281654	37	60
dDocent_Contig_10509	1	378	21	323	85.4497	4.69577	36.5	37.3
dDocent_Contig_10511	1	358	16	180	50.2793	5.36872	36	60
dDocent_Contig_10512	1	343	6	233	67.93	2.02624	33.5	60
dDocent_Contig_10513	1	384	29	186	48.4375	9.11979	35.9	60
dDocent_Contig_10515	1	409	11	122	29.8289	2.94132	36.5	60
dDocent_Contig_10516	1	322	46	318	98.7578	14.4317	36	58.7
dDocent_Contig_10517	1	305	9	169	55.4098	2.66557	36.8	60
dDocent_Contig_10520	1	362	5	176	48.6188	1.61326	36.8	60
dDocent_Contig_10522	1	358	26	294	82.1229	8.68436	36.3	60
dDocent_Contig_10523	1	238	10	165	69.3277	4.57143	36.1	60
dDocent_Contig_10527	1	468	3	144	30.7692	0.690171	33.8	59.7
dDocent_Contig_10530	1	513	102	244	47.5634	23.6101	35.9	59.4
dDocent_Contig_10534	1	352	2	83	23.5795	0.471591	37	60
dDocent_Contig_10535	1	424	30	249	58.7264	7.59434	36.6	60
dDocent_Contig_10537	1	424	21	162	38.2075	6.02594	35.9	60
dDocent_Contig_10543	1	392	5	306	78.0612	1.32653	36.7	53.2
dDocent_Contig_10556	1	377	74	376	99.7347	20.7056	36.4	42.5
dDocent_Contig_10557	1	401	2	97	24.1895	0.483791	36.7	60
dDocent_Contig_10558	1	381	158	381	100	42.0105	36	55.4
dDocent_Contig_10560	1	446	10	121	27.13	2.11435	34.8	60
dDocent_Contig_10561	1	339	4	169	49.8525	1.45133	34.8	60
dDocent_Contig_10562	1	359	542	356	99.1643	172.568	36.2	56
dDocent_Contig_10565	1	375	10	215	57.3333	3.25333	36.6	60
dDocent_Contig_10571	1	334	22	254	76.0479	8.58383	35.8	60
dDocent_Contig_10579	1	306	25	185	60.4575	10.2778	36.1	60
dDocent_Contig_10583	1	376	6	115	30.5851	1.78191	35.7	60
dDocent_Contig_10584	1	396	32	213	53.7879	8.51515	36.3	60
dDocent_Contig_10590	1	409	8	184	44.9878	1.58924	36.9	60
dDocent_Contig_10592	1	472	8	125	26.4831	2.00212	35.6	60
dDocent_Contig_10596	1	336	5	150	44.6429	1.54167	36.8	60
dDocent_Contig_10597	1	404	5	173	42.8218	1.50743	36	60
dDocent_Contig_10598	1	357	7	184	51.5406	2.0084	35.3	60
dDocent_Contig_10599	1	467	124	307	65.7388	31.7173	34.6	60
dDocent_Contig_10600	1	352	1	98	27.8409	0.278409	36.2	60
dDocent_Contig_10603	1	467	1	118	25.2677	0.252677	34.5	60
dDocent_Contig_10619	1	329	23	188	57.1429	7.8541	36.5	60
dDocent_Contig_10621	1	402	7	198	49.2537	1.90796	36.7	60
dDocent_Contig_10626	1	416	9	173	41.5865	2.55048	35.1	60
dDocent_Contig_10630	1	236	9	214	90.678	4.15678	36.1	60
dDocent_Contig_10632	1	430	6	156	36.2791	1.32558	36.8	60
dDocent_Contig_10634	1	503	1	48	9.54274	0.0954274	36.5	54
dDocent_Contig_10636	1	391	3	110	28.133	0.84399	33.8	60
dDocent_Contig_10643	1	297	24	228	76.7677	10.6263	36.2	60
dDocent_Contig_10650	1	288	6	232	80.5556	2.625	36	60
dDocent_Contig_10651	1	506	3	92	18.1818	0.545455	36	60
dDocent_Contig_10660	1	394	811	394	100	223.939	36.1	58.7
dDocent_Contig_10668	1	365	14	192	52.6027	4.31781	36.7	57.7
dDocent_Contig_10675	1	281	16	148	52.669	6.80427	35.2	60
dDocent_Contig_10676	1	376	1	109	28.9894	0.289894	35.4	60
dDocent_Contig_10677	1	297	1	95	31.9865	0.319865	36.9	60
dDocent_Contig_10679	1	382	10	180	47.1204	3.17801	36.8	60
dDocent_Contig_10680	1	319	51	198	62.069	18.7304	35.9	59.9
dDocent_Contig_10682	1	362	10	226	62.4309	3.42265	36.7	60
dDocent_Contig_10686	1	335	16	154	45.9701	4.68955	35.3	60
dDocent_Contig_10688	1	309	23	229	74.11	8.41424	36.2	60
dDocent_Contig_10691	1	364	13	169	46.4286	3.64835	36.3	60
dDocent_Contig_10692	1	392	6	291	74.2347	1.93878	36.4	60
dDocent_Contig_10693	1	356	14	290	81.4607	4.75281	36.7	60
dDocent_Contig_10694	1	309	12	207	66.9903	4.42718	35.7	60
dDocent_Contig_10698	1	379	10	154	40.6332	3.30079	36.3	60
dDocent_Contig_10699	1	393	6	150	38.1679	1.68702	35.8	60
dDocent_Contig_10700	1	362	6	214	59.116	2.09116	35.1	60
dDocent_Contig_10701	1	345	3	110	31.8841	0.721739	36.3	60
dDocent_Contig_10704	1	306	17	161	52.6144	7.01307	35.6	60
dDocent_Contig_10706	1	257	26	229	89.1051	11.6265	36.6	60
dDocent_Contig_10709	1	320	33	262	81.875	13.8375	35.9	60
dDocent_Contig_10714	1	422	10	189	44.7867	2.35071	35.7	60
dDocent_Contig_10720	1	384	23	234	60.9375	6.49219	36.3	60
dDocent_Contig_10726	1	368	72	304	82.6087	23.0761	36.3	35.4
dDocent_Contig_10729	1	340	30	210	61.7647	10.7353	35.4	60
dDocent_Contig_10737	1	444	29	179	40.3153	6.82207	36	60
dDocent_Contig_10738	1	338	11	181	53.5503	3.38166	36.6	60
dDocent_Contig_10739	1	355	13	200	56.338	3.74366	36.5	60
dDocent_Contig_10745	1	395	17	184	46.5823	4.3519	36.6	60
dDocent_Contig_10747	1	377	10	132	35.0133	2.8382	36.2	60
dDocent_Contig_10748	1	414	262	394	95.1691	66.6401	36.3	59.1
dDocent_Contig_10749	1	404	66	289	71.5347	18.2995	35.8	59.7
dDocent_Contig_10750	1	368	8	168	45.6522	2.6087	36	60
dDocent_Contig_10755	1	370	13	178	48.1081	4.01892	36.3	60
dDocent_Contig_10756	1	375	291	173	46.1333	63.72	35.1	32.5
dDocent_Contig_10757	1	322	105	186	57.764	33.7422	35.8	44.4
dDocent_Contig_10760	1	308	73	288	93.5065	24.7078	36.2	48.5
dDocent_Contig_10764	1	374	12	224	59.893	4.10428	36.4	60
dDocent_Contig_10767	1	387	226	386	99.7416	65.5711	36.4	47
dDocent_Contig_10773	1	366	2	88	24.0437	0.480874	36.7	60
dDocent_Contig_10774	1	430	12	280	65.1163	2.98837	36.7	60
dDocent_Contig_10781	1	368	5	199	54.0761	1.64946	36.4	60
dDocent_Contig_10783	1	357	5	149	41.7367	1.82913	36.8	60
dDocent_Contig_10787	1	421	35	339	80.5226	11.0333	35.9	60
dDocent_Contig_10789	1	250	27	196	78.4	11.796	35.5	60
dDocent_Contig_10790	1	459	13	187	40.7407	2.92157	36.8	60
dDocent_Contig_10795	1	447	2	123	27.5168	0.550336	37	60
dDocent_Contig_10796	1	367	19	246	67.03	4.46866	36.5	60
dDocent_Contig_10800	1	385	11	138	35.8442	3.22597	36.9	60
dDocent_Contig_10813	1	431	6	133	30.8585	1.46172	36.3	60
dDocent_Contig_10815	1	383	24	224	58.4856	8.00783	35.9	60
dDocent_Contig_10819	1	396	8	155	39.1414	2.19192	36.8	60
dDocent_Contig_10820	1	279	7	169	60.5735	2.86022	36.8	60
dDocent_Contig_10821	1	389	9	166	42.6735	2.52699	36.7	60
dDocent_Contig_10823	1	330	13	169	51.2121	3.3697	36.7	60
dDocent_Contig_10824	1	323	23	185	57.2755	8.1548	34.3	60
dDocent_Contig_10825	1	359	2	96	26.7409	0.534819	36.9	60
dDocent_Contig_10826	1	312	2	97	31.0897	0.621795	36.9	60
dDocent_Contig_10827	1	357	29	353	98.8796	7.89076	36.2	50.5
dDocent_Contig_10830	1	398	14	257	64.5729	3.92714	36.1	60
dDocent_Contig_10848	1	381	1	115	30.1837	0.301837	37	60
dDocent_Contig_10849	1	403	12	136	33.7469	2.67494	36.8	60
dDocent_Contig_10851	1	382	27	300	78.534	8.67801	35.6	60
dDocent_Contig_10862	1	431	12	190	44.0835	2.96288	36.3	60
dDocent_Contig_10863	1	402	3097	402	100	806.376	36.1	45.4
dDocent_Contig_10864	1	379	44	255	67.2823	13.3087	35.7	59.1
dDocent_Contig_10875	1	439	7	222	50.5695	1.63781	36.7	60
dDocent_Contig_10876	1	367	12	237	64.5777	4.24523	35.6	60
dDocent_Contig_10880	1	376	9	211	56.117	2.68617	36.2	60
dDocent_Contig_10886	1	300	4	235	78.3333	1.8	36.7	60
dDocent_Contig_10893	1	372	9	237	63.7097	2.5457	36.5	60
dDocent_Contig_10894	1	227	8	206	90.7489	4.53744	35.8	60
dDocent_Contig_10906	1	348	5	197	56.6092	1.39655	36.5	60
dDocent_Contig_10915	1	371	9	201	54.1779	2.90027	35.7	60
dDocent_Contig_10920	1	372	6	188	50.5376	1.83602	36.7	60
dDocent_Contig_10922	1	432	10	250	57.8704	1.95139	36.8	60
dDocent_Contig_10926	1	386	10	168	43.5233	3.15544	35.6	60
dDocent_Contig_10929	1	332	8	174	52.4096	2.70181	36	60
dDocent_Contig_10931	1	406	28	234	57.6355	8.37685	36.2	59.7
dDocent_Contig_10932	1	254	38	217	85.4331	17.9016	35.8	60
dDocent_Contig_10933	1	388	6	183	47.1649	1.14948	36.8	60
dDocent_Contig_10935	1	268	11	166	61.9403	4.29104	36.6	60
dDocent_Contig_10940	1	339	8	159	46.9027	2.67847	35.7	60
dDocent_Contig_10941	1	404	43	218	53.9604	11.9604	36.3	60
dDocent_Contig_10956	1	431	24	368	85.3828	5.17169	36.8	48.2
dDocent_Contig_10958	1	371	16	249	67.1159	5.18059	36.3	60
dDocent_Contig_10962	1	303	23	202	66.6667	8.35644	35.9	60
dDocent_Contig_10967	1	363	23	189	52.0661	7.98898	35.7	57.2
dDocent_Contig_10970	1	430	12	178	41.3953	2.68837	36.7	60
dDocent_Contig_10973	1	259	2	107	41.3127	0.826255	37	60
dDocent_Contig_10975	1	434	14	186	42.8571	3.94009	35.8	60
dDocent_Contig_10977	1	330	11	180	54.5455	3.50606	36.6	60
dDocent_Contig_10978	1	375	6	245	65.3333	1.40267	36.9	60
dDocent_Contig_10979	1	369	2	90	24.3902	0.487805	36.7	60
dDocent_Contig_10980	1	403	7	208	51.6129	1.99007	33.8	60
dDocent_Contig_10984	1	298	24	166	55.7047	9.57047	36.2	60
dDocent_Contig_10985	1	254	49	185	72.8346	18.2913	36.2	59.3
dDocent_Contig_10989	1	341	2	120	35.1906	0.703812	36.7	60
dDocent_Contig_10993	1	378	10	211	55.8201	3.53704	36.6	60
dDocent_Contig_11002	1	311	11	194	62.3794	4.09003	36.6	60
dDocent_Contig_11003	1	305	15	195	63.9344	6.37049	35.6	60
dDocent_Contig_11004	1	435	9	264	60.6897	1.72874	36.3	60
dDocent_Contig_11010	1	402	73	399	99.2537	21.4478	36	50.9
dDocent_Contig_11015	1	410	4	129	31.4634	0.931707	36.5	60
dDocent_Contig_11025	1	353	10	314	88.9518	3.6204	36.4	60
dDocent_Contig_11026	1	433	7	178	41.1085	1.64434	35.9	60
dDocent_Contig_11030	1	396	3	145	36.6162	0.941919	36.4	60
dDocent_Contig_11032	1	272	13	194	71.3235	5.49265	36.4	60
dDocent_Contig_11036	1	455	1	103	22.6374	0.226374	36.9	60
dDocent_Contig_11042	1	349	18	213	61.0315	5.68481	35.7	60
dDocent_Contig_11052	1	369	11	238	64.4986	3.55285	36.6	60
dDocent_Contig_11053	1	348	8	167	47.9885	2.75862	35.4	60
dDocent_Contig_11056	1	404	4	112	27.7228	0.94802	36.8	60
dDocent_Contig_11060	1	315	35	205	65.0794	13.1905	35.5	60
dDocent_Contig_11061	1	336	39	228	67.8571	13.9048	36.2	60
dDocent_Contig_11066	1	371	7	165	44.4744	2.21563	36.8	60
dDocent_Contig_11068	1	361	16	159	44.0443	5.67867	36.5	60
dDocent_Contig_11069	1	320	12	215	67.1875	4.04688	36.3	60
dDocent_Contig_11071	1	249	2	108	43.3735	0.86747	36.8	60
dDocent_Contig_11073	1	398	2	106	26.6332	0.51005	36.6	60
dDocent_Contig_11076	1	356	4	234	65.7303	1.25	35.4	60
dDocent_Contig_11083	1	350	3	77	22	0.585714	36.9	52.3
dDocent_Contig_11085	1	412	3	161	39.0777	0.803398	36.8	60
dDocent_Contig_11086	1	388	2	84	21.6495	0.43299	36.9	60
dDocent_Contig_11087	1	432	27	260	60.1852	7.19213	35.7	60
dDocent_Contig_11088	1	400	12	213	53.25	3.45	36.9	60
dDocent_Contig_11090	1	463	18	237	51.1879	4.05184	35.8	60
dDocent_Contig_11093	1	463	46	328	70.8423	11.4492	36.2	58.6
dDocent_Contig_11096	1	363	6	158	43.5262	1.81543	35.3	60
dDocent_Contig_11097	1	377	8	165	43.7666	2.52785	36.9	60
dDocent_Contig_11100	1	397	38	218	54.9118	10.4408	35.7	58.9
dDocent_Contig_11106	1	289	17	196	67.8201	6.57439	36.7	60
dDocent_Contig_11109	1	386	9	162	41.9689	2.38342	36.8	60
dDocent_Contig_11119	1	391	10	194	49.6164	2.78261	36.7	60
dDocent_Contig_11126	1	294	23	223	75.8503	10.8299	36.1	60
dDocent_Contig_11131	1	385	78	338	87.7922	25.0545	34.7	58.5
dDocent_Contig_11133	1	362	23	163	45.0276	6.42265	35.9	60
dDocent_Contig_11135	1	502	1	93	18.5259	0.185259	36.9	60
dDocent_Contig_11136	1	371	2	127	34.2318	0.684636	36.5	60
dDocent_Contig_11137	1	301	40	208	69.103	14.309	36.4	54.1
dDocent_Contig_11139	1	398	35	164	41.206	9.57538	36.1	58.9
dDocent_Contig_11140	1	329	27	215	65.3495	11.383	35.2	60
dDocent_Contig_11141	1	284	28	228	80.2817	12.0634	36.1	60
dDocent_Contig_11155	1	470	9	274	58.2979	2.18511	36.6	60
dDocent_Contig_11170	1	414	41	245	59.1787	11.6957	35.8	60
dDocent_Contig_11171	1	314	10	192	61.1465	3.59236	36.9	60
dDocent_Contig_11175	1	397	15	133	33.5013	3.68262	36.8	60
dDocent_Contig_11176	1	388	8	178	45.8763	2.58763	36.8	60
dDocent_Contig_11181	1	389	2	96	24.6787	0.493573	36.8	60
dDocent_Contig_11182	1	360	22	200	55.5556	7.18333	35.8	60
dDocent_Contig_11184	1	368	4	183	49.7283	1.43207	36.2	60
dDocent_Contig_11194	1	428	26	191	44.6262	7.13785	35.6	60
dDocent_Contig_11204	1	461	2	120	26.0304	0.520607	37	60
dDocent_Contig_11205	1	337	18	170	50.4451	6.87834	35.8	60
dDocent_Contig_11208	1	395	12	244	61.7722	3.67595	36.5	60
dDocent_Contig_11222	1	404	25	226	55.9406	7.13366	36.5	60
dDocent_Contig_11223	1	354	26	232	65.5367	8.67232	35	60
dDocent_Contig_11229	1	380	35	190	50	10.0263	36.4	60
dDocent_Contig_11232	1	394	5	214	54.3147	1.65736	36.8	60
dDocent_Contig_11235	1	489	3	123	25.1534	0.664622	36.9	60
dDocent_Contig_11236	1	398	23	202	50.7538	7.74623	36	60
dDocent_Contig_11244	1	435	2	126	28.9655	0.57931	37	60
dDocent_Contig_11245	1	362	16	252	69.6133	5.01105	35.4	60
dDocent_Contig_11250	1	291	2	120	41.2371	0.749141	36.1	60
dDocent_Contig_11258	1	290	9	213	73.4483	3.07931	36.5	60
dDocent_Contig_11259	1	381	11	263	69.0289	3.44094	35.5	60
dDocent_Contig_11260	1	327	1	111	33.945	0.33945	33.3	60
dDocent_Contig_11263	1	412	2	120	29.1262	0.582524	36.8	60
dDocent_Contig_11268	1	310	12	184	59.3548	4.42581	36.2	60
dDocent_Contig_11272	1	384	124	346	90.1042	31.3177	36.3	53.6
dDocent_Contig_11274	1	343	37	252	73.4694	12.3499	35.9	41.9
dDocent_Contig_11277	1	358	30	229	63.9665	10.8715	35.8	60
dDocent_Contig_11278	1	383	15	228	59.53	5.01567	36.1	60
dDocent_Contig_11283	1	420	240	185	44.0476	64.1381	36.1	54
dDocent_Contig_11291	1	438	424	405	92.4658	100.105	36.4	31.4
dDocent_Contig_11294	1	323	58	173	53.5604	20.5604	36.2	39.8
dDocent_Contig_11299	1	375	10	325	86.6667	2.688	36.6	60
dDocent_Contig_11300	1	399	1	123	30.8271	0.308271	37	60
dDocent_Contig_11302	1	432	4	190	43.9815	0.990741	36.8	60
dDocent_Contig_11305	1	332	20	280	84.3373	6.88253	36	60
dDocent_Contig_11307	1	384	18	257	66.9271	5.54688	36.4	60
dDocent_Contig_11310	1	311	7	198	63.6656	2.19293	36.8	60
dDocent_Contig_11313	1	323	1	87	26.935	0.26935	36.9	60
dDocent_Contig_11317	1	399	18	232	58.1454	4.43358	36.3	60
dDocent_Contig_11319	1	291	7	106	36.4261	2.34708	36.5	60
dDocent_Contig_11320	1	377	16	248	65.7825	5.71088	35.9	60
dDocent_Contig_11321	1	279	15	212	75.9857	5.26523	35.4	50.3
dDocent_Contig_11332	1	360	19	214	59.4444	6.63611	36.5	60
dDocent_Contig_11334	1	452	1	32	7.07965	0.0707965	31.8	60
dDocent_Contig_11335	1	462	12	183	39.6104	3.25974	36.2	60
dDocent_Contig_11337	1	347	18	152	43.804	5.18156	36.2	60
dDocent_Contig_11338	1	504	4	86	17.0635	0.68254	36.1	60
dDocent_Contig_11340	1	358	5	152	42.4581	1.69553	34	60
dDocent_Contig_11344	1	361	9	206	57.0637	3.08587	34.5	60
dDocent_Contig_11345	1	277	9	190	68.5921	3.48736	35.7	60
dDocent_Contig_11346	1	311	10	178	57.2347	3.76849	36.9	60
dDocent_Contig_11348	1	357	17	222	62.1849	5.94118	36.2	60
dDocent_Contig_11351	1	321	41	319	99.3769	15.081	36	55.4
dDocent_Contig_11353	1	343	21	171	49.8542	6.74636	36	60
dDocent_Contig_11360	1	364	5	99	27.1978	1.00824	36.9	60
dDocent_Contig_11365	1	337	44	102	30.2671	6.4273	34.5	56.9
dDocent_Contig_11368	1	267	22	260	97.3783	10.4682	36.6	60
dDocent_Contig_11370	1	381	12	202	53.0184	4.30446	36.4	60
dDocent_Contig_11371	1	339	13	170	50.1475	4.32153	34.5	60
dDocent_Contig_11375	1	404	17	154	38.1188	4.87624	36.3	60
dDocent_Contig_11377	1	424	12	166	39.1509	2.91509	36.8	60
dDocent_Contig_11378	1	408	12	157	38.4804	2.96324	36.4	60
dDocent_Contig_11379	1	350	2	79	22.5714	0.451429	37	60
dDocent_Contig_11382	1	397	4	134	33.7531	1.13854	36.9	60
dDocent_Contig_11386	1	450	8	194	43.1111	1.95556	36.6	60
dDocent_Contig_11388	1	483	43	391	80.9524	9.16149	36.1	46.3
dDocent_Contig_11389	1	311	15	166	53.3762	4.74277	35.8	60
dDocent_Contig_11395	1	389	5	122	31.3625	1.39075	36.7	60
dDocent_Contig_11407	1	308	11	171	55.5195	3.91558	36.1	60
dDocent_Contig_11408	1	384	2	172	44.7917	0.466146	36.1	60
dDocent_Contig_11409	1	391	5	195	49.8721	1.15601	36.9	60
dDocent_Contig_11410	1	388	8	209	53.866	2.32474	35.8	60
dDocent_Contig_11415	1	357	110	302	84.5938	31.0504	36.1	54.4
dDocent_Contig_11416	1	325	24	175	53.8462	8.66462	36.3	60
dDocent_Contig_11427	1	301	17	228	75.7475	6.19269	35.7	55.6
dDocent_Contig_11428	1	453	1	97	21.4128	0.214128	35.9	60
dDocent_Contig_11430	1	463	43	232	50.108	10.4428	36.3	60
dDocent_Contig_11438	1	240	7	175	72.9167	3.27917	36.9	60
dDocent_Contig_11439	1	457	3	132	28.884	0.68709	36.6	60
dDocent_Contig_11440	1	232	22	196	84.4828	9.73276	36.7	60
dDocent_Contig_11441	1	367	44	223	60.7629	13.9101	35.9	60
dDocent_Contig_11442	1	383	21	375	97.9112	5.80418	36.3	47.4
dDocent_Contig_11445	1	463	11	211	45.5724	2.87905	36.1	60
dDocent_Contig_11447	1	379	12	257	67.81	3.69657	35.9	60
dDocent_Contig_11450	1	395	6	135	34.1772	1.52152	36.8	60
dDocent_Contig_11452	1	387	16	176	45.478	4.59948	36.6	60
dDocent_Contig_11456	1	404	13	300	74.2574	2.93564	36.1	60
dDocent_Contig_11460	1	416	4	179	43.0288	1.19231	36.8	60
dDocent_Contig_11463	1	313	7	199	63.5783	1.89776	36.7	60
dDocent_Contig_11468	1	434	5	155	35.7143	0.83871	36.5	39.8
dDocent_Contig_11474	1	386	17	268	69.4301	5.53368	36	60
dDocent_Contig_11480	1	412	6	129	31.3107	1.33981	36.8	60
dDocent_Contig_11481	1	306	23	156	50.9804	8.23856	36.6	60
dDocent_Contig_11482	1	357	5	113	31.6527	1.32773	35	60
dDocent_Contig_11483	1	375	305	286	76.2667	87.4187	36.3	34.1
dDocent_Contig_11485	1	397	1040	363	91.4358	290.078	36.2	44.1
dDocent_Contig_11487	1	356	54	303	85.1124	16.1629	36	40.1
dDocent_Contig_11491	1	318	12	248	77.9874	4.54403	36.4	60
dDocent_Contig_11492	1	386	11	190	49.2228	3.12435	35.8	58.6
dDocent_Contig_11493	1	340	17	200	58.8235	5.40882	36.7	60
dDocent_Contig_11498	1	410	33	281	68.5366	9.73171	35.7	60
dDocent_Contig_11500	1	447	14	259	57.9418	3.43177	35.4	60
dDocent_Contig_11501	1	370	29	229	61.8919	8.54324	36.7	58.7
dDocent_Contig_11502	1	343	42	302	88.0466	13.9475	35.8	60
dDocent_Contig_11504	1	370	3	116	31.3514	0.940541	34.7	60
dDocent_Contig_11511	1	373	10	179	47.9893	2.50938	36.4	60
dDocent_Contig_11513	1	359	20	212	59.0529	5.79387	36.7	60
dDocent_Contig_11514	1	429	17	383	89.2774	4.54779	36.5	60
dDocent_Contig_11515	1	409	15	200	48.8998	3.40342	36.4	59.9
dDocent_Contig_11516	1	348	5	210	60.3448	1.59195	36.1	60
dDocent_Contig_11556	1	372	2	129	34.6774	0.693548	36	60
dDocent_Contig_11561	1	318	1	86	27.044	0.27044	36.9	60
dDocent_Contig_11572	1	247	2	158	63.9676	1.21457	35.1	60
dDocent_Contig_11574	1	371	13	166	44.7439	3.42049	36.1	60
dDocent_Contig_11577	1	365	58	239	65.4795	18.2192	35.9	60
dDocent_Contig_11612	1	383	138	338	88.2507	34.8851	36.2	37.8
dDocent_Contig_11615	1	407	6	221	54.2998	1.44472	36.9	56
dDocent_Contig_11623	1	358	24	180	50.2793	8.09218	36.6	60
dDocent_Contig_11626	1	283	16	204	72.0848	7.18375	36.1	60
dDocent_Contig_11628	1	268	26	244	91.0448	12.5933	35.4	60
dDocent_Contig_11629	1	442	19	286	64.7059	5.47964	36.8	60
dDocent_Contig_11637	1	358	5	192	53.6313	1.55866	36.6	54
dDocent_Contig_11663	1	347	14	191	55.0432	4.79539	35.1	60
dDocent_Contig_11667	1	431	6	134	31.0905	1.29002	36.8	60
dDocent_Contig_11668	1	358	11	281	78.4916	3.2905	35.7	58
dDocent_Contig_11669	1	296	31	228	77.027	12.3716	36.2	60
dDocent_Contig_11675	1	456	1	98	21.4912	0.214912	36.8	60
dDocent_Contig_11676	1	352	17	217	61.6477	5.61932	36.3	60
dDocent_Contig_11684	1	383	2148	375	97.9112	595.272	36.2	42.4
dDocent_Contig_11686	1	378	11	234	61.9048	3.30688	36.5	60
dDocent_Contig_11694	1	278	12	135	48.5612	4.50719	34.1	60
dDocent_Contig_11718	1	390	34	206	52.8205	10.7846	35.3	60
dDocent_Contig_11735	1	341	10	173	50.7331	3.12903	35.3	60
dDocent_Contig_11736	1	360	9	154	42.7778	2.91667	36.9	60
dDocent_Contig_11741	1	461	3	265	57.4837	0.895879	36.6	60
dDocent_Contig_11748	1	331	7	138	41.6918	1.92145	36	58.6
dDocent_Contig_11752	1	366	7	171	46.7213	2.30328	36.4	60
dDocent_Contig_11754	1	408	8	291	71.3235	2.47304	36.5	60
dDocent_Contig_11756	1	249	3	152	61.0442	1.05622	36.9	60
dDocent_Contig_11758	1	490	1	143	29.1837	0.291837	37	60
dDocent_Contig_11762	1	391	17	162	41.4322	4.39898	36.3	60
dDocent_Contig_11764	1	250	2	147	58.8	1.176	36.8	60
dDocent_Contig_11765	1	366	11	261	71.3115	3.47541	36.3	60
dDocent_Contig_11766	1	387	2	64	16.5375	0.330749	36.6	60
dDocent_Contig_11767	1	325	80	304	93.5385	29.5508	35.7	60
dDocent_Contig_11770	1	403	2	120	29.7767	0.595533	36.9	60
dDocent_Contig_11780	1	249	19	211	84.739	9.08835	36.7	60
dDocent_Contig_11782	1	417	7	179	42.9257	1.82014	36.7	60
dDocent_Contig_11791	1	369	38	327	88.6179	11.8808	36.2	60
dDocent_Contig_11794	1	422	20	333	78.91	4.96919	35.7	55.5
dDocent_Contig_11814	1	359	6	175	48.7465	2.50696	35	60
dDocent_Contig_11816	1	397	11	159	40.0504	3.49118	33.9	60
dDocent_Contig_11817	1	512	2	79	15.4297	0.308594	36.9	60
dDocent_Contig_11819	1	390	16	265	67.9487	4.45897	36.3	60
dDocent_Contig_11821	1	379	10	281	74.1425	2.63588	35.8	60
dDocent_Contig_11823	1	412	3	197	47.8155	0.745146	35.5	60
dDocent_Contig_11830	1	358	3	183	51.1173	1.05866	34.3	60
dDocent_Contig_11831	1	352	17	172	48.8636	4.25568	36.5	60
dDocent_Contig_11835	1	306	24	265	86.6013	9.94771	35.6	60
dDocent_Contig_11837	1	333	8	260	78.0781	3.27628	36.2	60
dDocent_Contig_11840	1	328	1	62	18.9024	0.189024	36.6	60
dDocent_Contig_11843	1	367	1	139	37.8747	0.378747	37	60
dDocent_Contig_11848	1	421	10	228	54.1568	2.7696	35.7	60
dDocent_Contig_11849	1	385	3	190	49.3506	0.779221	37	60
dDocent_Contig_11850	1	402	2	89	22.1393	0.442786	36.4	33
dDocent_Contig_11852	1	393	26	281	71.5013	7.6285	36.3	47.3
dDocent_Contig_11853	1	392	2	99	25.2551	0.505102	36.3	46
dDocent_Contig_11854	1	285	7	222	77.8947	3.33333	36.7	59
dDocent_Contig_11855	1	422	1	108	25.5924	0.255924	36.9	60
dDocent_Contig_11856	1	248	15	208	83.871	7.32258	36.3	60
dDocent_Contig_11863	1	379	2	93	24.5383	0.490765	37	60
dDocent_Contig_11866	1	267	8	222	83.1461	2.9588	36.8	60
dDocent_Contig_11867	1	298	17	198	66.443	6.24161	36.5	60
dDocent_Contig_11868	1	343	4	155	45.1895	1.62974	36.6	60
dDocent_Contig_11870	1	411	3	115	27.9805	0.759124	36.5	60
dDocent_Contig_11877	1	423	27	157	37.1158	7.58629	34.7	60
dDocent_Contig_11879	1	358	4	128	35.7542	1.25978	35.6	60
dDocent_Contig_11880	1	343	14	170	49.5627	4.66472	36.6	60
dDocent_Contig_11885	1	457	14	306	66.9584	3.89278	35.5	60
dDocent_Contig_11886	1	348	2	102	29.3103	0.586207	36.8	60
dDocent_Contig_11887	1	417	2	104	24.94	0.498801	36.4	60
dDocent_Contig_11888	1	326	2	91	27.9141	0.558282	36.8	60
dDocent_Contig_11889	1	398	8	299	75.1256	2.34925	36.1	60
dDocent_Contig_11892	1	338	2	106	31.3609	0.627219	36.6	60
dDocent_Contig_11896	1	450	8	136	30.2222	1.84889	36.7	60
dDocent_Contig_11898	1	341	12	165	48.3871	3.59531	36.7	60
dDocent_Contig_11900	1	249	21	242	97.1888	11.245	36.4	60
dDocent_Contig_11901	1	414	2	115	27.7778	0.555556	36.9	60
dDocent_Contig_11907	1	350	20	210	60	5.82286	36.5	60
dDocent_Contig_11910	1	339	9	163	48.0826	3.45133	35.8	60
dDocent_Contig_11913	1	388	9	188	48.4536	2.34794	35	60
dDocent_Contig_11920	1	393	68	277	70.4835	17.1501	36.1	54.8
dDocent_Contig_11921	1	356	10	143	40.1685	3.19382	36.7	60
dDocent_Contig_11923	1	408	16	335	82.1078	3.64706	35.6	33.9
dDocent_Contig_11924	1	373	31	242	64.8794	9.26542	35.1	57.8
dDocent_Contig_11926	1	396	88	373	94.1919	25.4646	36.1	57
dDocent_Contig_11927	1	409	196	408	99.7555	53.7873	36	54.4
dDocent_Contig_11928	1	225	5	128	56.8889	1.96444	36.9	60
dDocent_Contig_11934	1	341	2	129	37.8299	0.756598	36.3	60
dDocent_Contig_11943	1	379	10	172	45.3826	3.03958	35.7	60
dDocent_Contig_11948	1	408	112	311	76.2255	30.0882	35.7	43.9
dDocent_Contig_11949	1	402	200	375	93.2836	52.2438	36.3	34.1
dDocent_Contig_11952	1	387	132	367	94.832	41.8682	36.2	39.8
dDocent_Contig_11953	1	354	11	303	85.5932	4.0565	35.9	60
dDocent_Contig_11954	1	411	9	156	37.9562	2.69343	36.5	60
dDocent_Contig_11957	1	379	25	212	55.9367	7.58839	36.3	60
dDocent_Contig_11964	1	340	4	164	48.2353	1.42059	36.9	60
dDocent_Contig_11977	1	365	19	307	84.1096	5.3726	35.6	60
dDocent_Contig_11979	1	370	17	180	48.6486	4.72432	35.2	60
dDocent_Contig_11986	1	315	4	109	34.6032	1.38413	36.9	60
dDocent_Contig_11987	1	370	3	150	40.5405	0.908108	37	60
dDocent_Contig_11991	1	393	2	93	23.6641	0.473282	36.9	60
dDocent_Contig_11992	1	408	26	210	51.4706	7.24755	35.4	60
dDocent_Contig_11993	1	314	17	270	85.9873	7.26433	35.7	60
dDocent_Contig_11997	1	353	18	186	52.6912	6.16147	36	60
dDocent_Contig_11998	1	367	25	263	71.6621	8.3624	35.6	60
dDocent_Contig_11999	1	445	1	106	23.8202	0.238202	36.8	60
dDocent_Contig_12001	1	394	6	127	32.2335	1.72589	36.6	60
dDocent_Contig_12002	1	368	12	151	41.0326	3.77717	36.5	60
dDocent_Contig_12003	1	392	25	216	55.102	6.73724	36.3	60
dDocent_Contig_12004	1	349	6	117	33.5244	1.48997	33.1	60
dDocent_Contig_12005	1	332	18	292	87.9518	6.24398	36.4	60
dDocent_Contig_12007	1	388	16	213	54.8969	4.6366	36.1	60
dDocent_Contig_12008	1	393	16	384	97.7099	4.99237	36	60
dDocent_Contig_12012	1	437	8	285	65.2174	1.93135	35.3	60
dDocent_Contig_12014	1	352	10	136	38.6364	2.98295	36.6	60
dDocent_Contig_12018	1	439	16	310	70.615	4.0205	35.1	60
dDocent_Contig_12020	1	307	13	185	60.2606	5.37785	36.2	60
dDocent_Contig_12021	1	382	6	159	41.623	2.09162	34.3	60
dDocent_Contig_12024	1	338	25	183	54.142	8.55917	36.1	60
dDocent_Contig_12026	1	503	1	148	29.4235	0.294235	36.9	60
dDocent_Contig_12027	1	323	7	131	40.5573	2.23839	36.8	60
dDocent_Contig_12038	1	334	11	205	61.3772	4.92216	34.7	60
dDocent_Contig_12041	1	412	2	111	26.9417	0.538835	36.7	60
dDocent_Contig_12042	1	473	3	123	26.0042	0.780127	35.4	60
dDocent_Contig_12043	1	384	36	344	89.5833	7.3125	36.3	50.7
dDocent_Contig_12051	1	398	14	162	40.7035	3.91457	36.3	60
dDocent_Contig_12053	1	304	19	196	64.4737	7.62829	36.4	60
dDocent_Contig_12064	1	411	41	258	62.7737	9.65693	35.8	56.8
dDocent_Contig_12065	1	305	15	262	85.9016	6.45902	36.3	60
dDocent_Contig_12068	1	244	51	198	81.1475	26.5738	34.7	60
dDocent_Contig_12075	1	336	29	202	60.119	9.10119	35.9	60
dDocent_Contig_12082	1	450	18	206	45.7778	5.01333	34.5	60
dDocent_Contig_12083	1	400	13	231	57.75	3.8125	36.7	60
dDocent_Contig_12090	1	275	3	138	50.1818	1.46182	34.6	60
dDocent_Contig_12091	1	379	16	174	45.9103	4.56464	36.4	60
dDocent_Contig_12093	1	360	13	189	52.5	4.10833	36.7	60
dDocent_Contig_12099	1	407	13	213	52.3342	3.47912	36.9	60
dDocent_Contig_12105	1	229	912	227	99.1266	465.393	36.1	56.1
dDocent_Contig_12106	1	382	17	263	68.8482	5.71728	35.8	60
dDocent_Contig_12110	1	410	1	61	14.878	0.14878	36.8	60
dDocent_Contig_12113	1	397	3	121	30.4786	0.712846	36.2	60
dDocent_Contig_12116	1	386	2	142	36.7876	0.593264	36.6	60
dDocent_Contig_12118	1	242	16	208	85.9504	7.16529	36.6	56.2
dDocent_Contig_12119	1	370	9	197	53.2432	2.73784	35.4	60
dDocent_Contig_12132	1	335	10	189	56.4179	2.06269	36.8	43.8
dDocent_Contig_12135	1	325	21	280	86.1538	6.99692	36.2	60
dDocent_Contig_12136	1	402	9	166	41.2935	2.27114	36.7	60
dDocent_Contig_12150	1	479	25	199	41.5449	6.1023	36.2	60
dDocent_Contig_12161	1	312	24	257	82.3718	6.70192	36.4	44.6
dDocent_Contig_12162	1	284	29	284	100	11.331	35.9	57.7
dDocent_Contig_12163	1	402	22	191	47.5124	6.47015	36.5	60
dDocent_Contig_12164	1	334	12	198	59.2814	4.50299	36.1	59.8
dDocent_Contig_12165	1	395	12	266	67.3418	3.75949	36.4	60
dDocent_Contig_12169	1	410	12	376	91.7073	3.80244	36.5	60
dDocent_Contig_12171	1	377	14	211	55.9682	4.12732	36.2	60
dDocent_Contig_12173	1	393	18	353	89.8219	5.89567	36.7	60
dDocent_Contig_12176	1	412	16	152	36.8932	3.75243	36.6	60
dDocent_Contig_12177	1	378	2	137	36.2434	0.724868	36.7	60
dDocent_Contig_12181	1	381	12	165	43.3071	3.97113	35.2	60
dDocent_Contig_12191	1	231	16	217	93.9394	8.79221	36.1	60
dDocent_Contig_12206	1	374	8	152	40.6417	2.23262	34.5	60
dDocent_Contig_12209	1	356	8	187	52.5281	2.51685	35.4	60
dDocent_Contig_12230	1	384	25	253	65.8854	7.51562	35.4	60
dDocent_Contig_12235	1	374	3	191	51.0695	1.20321	36	60
dDocent_Contig_12237	1	395	7	226	57.2152	1.80253	36.6	60
dDocent_Contig_12238	1	392	3	151	38.5204	1.03061	35.8	60
dDocent_Contig_12240	1	329	6	136	41.3374	2.15198	36.9	60
dDocent_Contig_12242	1	462	383	461	99.7835	87.9199	36	50.4
dDocent_Contig_12247	1	406	12	163	40.1478	3.26601	35.9	60
dDocent_Contig_12259	1	353	49	346	98.017	17.0538	35.7	54.1
dDocent_Contig_12285	1	270	34	222	82.2222	14.4889	36.5	60
dDocent_Contig_12286	1	433	14	231	53.3487	4.04157	36.1	60
dDocent_Contig_12305	1	340	9	114	33.5294	2.81765	34.5	60
dDocent_Contig_12309	1	360	13	211	58.6111	4.78611	36.1	60
dDocent_Contig_12314	1	376	69	216	57.4468	21.7606	35.8	60
dDocent_Contig_12320	1	357	18	195	54.6218	5.84594	36.7	60
dDocent_Contig_12324	1	323	13	291	90.0929	4.79876	35.8	60
dDocent_Contig_12327	1	377	14	153	40.5836	3.74005	36.5	60
dDocent_Contig_12330	1	395	4	161	40.7595	1.44304	36.8	60
dDocent_Contig_12334	1	432	13	188	43.5185	3.44907	35.8	60
dDocent_Contig_12338	1	410	20	168	40.9756	5.39512	36.2	60
dDocent_Contig_12340	1	377	8	125	33.1565	2.1618	36.1	60
dDocent_Contig_12351	1	286	30	194	67.8322	12.6084	36.2	60
dDocent_Contig_12357	1	362	19	242	66.8508	6.04972	35.9	60
dDocent_Contig_12361	1	378	14	206	54.4974	3.73016	36.1	60
dDocent_Contig_12364	1	325	4	89	27.3846	0.96	36.9	60
dDocent_Contig_12365	1	378	7	199	52.6455	2.07143	36.7	60
dDocent_Contig_12371	1	305	24	203	66.5574	8.79672	36.2	60
dDocent_Contig_12375	1	364	1	61	16.7582	0.167582	36.6	54
dDocent_Contig_12378	1	284	25	171	60.2113	9.70423	35.7	55.9
dDocent_Contig_12379	1	440	3	135	30.6818	0.875	36.7	60
dDocent_Contig_12383	1	339	42	230	67.8466	15.1504	35.9	60
dDocent_Contig_12384	1	369	4	109	29.5393	1.12195	36.8	60
dDocent_Contig_12386	1	351	8	190	54.1311	2.71225	35.7	60
dDocent_Contig_12392	1	396	27	375	94.697	8.04545	35.9	57.6
dDocent_Contig_12393	1	325	1	125	38.4615	0.384615	37	60
dDocent_Contig_12404	1	354	29	197	55.6497	9.59887	35.9	60
dDocent_Contig_12406	1	312	12	308	98.7179	4.60256	36.1	60
dDocent_Contig_12418	1	426	8	172	40.3756	2.24413	35	60
dDocent_Contig_12419	1	404	11	196	48.5149	3.07673	35.5	60
dDocent_Contig_12420	1	285	7	217	76.1404	3.26667	35.6	60
dDocent_Contig_12423	1	248	24	246	99.1935	12.6976	35.9	60
dDocent_Contig_12428	1	392	10	238	60.7143	3.09184	36.7	60
dDocent_Contig_12434	1	427	18	171	40.0468	4.46136	36.2	60
dDocent_Contig_12435	1	324	4	310	95.679	1.57407	35.3	60
dDocent_Contig_12438	1	453	20	231	50.9934	4.78587	36.7	60
dDocent_Contig_12440	1	328	23	244	74.3902	7.47256	36	60
dDocent_Contig_12450	1	413	6	141	34.1404	1.79177	35.9	60
dDocent_Contig_12453	1	378	1	57	15.0794	0.150794	33.2	60
dDocent_Contig_12454	1	432	19	175	40.5093	4.87963	36.3	54.6
dDocent_Contig_12455	1	395	8	189	47.8481	2.52405	35.7	60
dDocent_Contig_12456	1	370	1	120	32.4324	0.324324	34.5	60
dDocent_Contig_12457	1	289	12	195	67.474	4.61246	36.9	60
dDocent_Contig_12458	1	246	20	183	74.3902	8.16667	36.1	51.9
dDocent_Contig_12460	1	286	3	130	45.4545	0.91958	37	60
dDocent_Contig_12461	1	412	1	150	36.4078	0.364078	37	60
dDocent_Contig_12463	1	364	14	215	59.0659	4.66758	35	60
dDocent_Contig_12464	1	362	8	126	34.8066	1.90055	36.4	60
dDocent_Contig_12465	1	387	31	189	48.8372	10.739	35.6	60
dDocent_Contig_12470	1	376	15	285	75.7979	3.69149	35.5	53.3
dDocent_Contig_12472	1	377	2	118	31.2997	0.625995	36.6	60
dDocent_Contig_12481	1	410	19	225	54.878	5.94634	35.9	60
dDocent_Contig_12482	1	377	10	281	74.5358	3.32095	36.3	60
dDocent_Contig_12486	1	418	3	145	34.689	0.906699	36.8	60
dDocent_Contig_12487	1	395	9	172	43.5443	2.52911	36.8	60
dDocent_Contig_12495	1	315	11	182	57.7778	3.81587	36.2	60
dDocent_Contig_12496	1	406	26	219	53.9409	7.69951	36	60
dDocent_Contig_12501	1	398	10	132	33.1658	2.67839	36	60
dDocent_Contig_12503	1	481	8	182	37.8378	1.84407	36.8	60
dDocent_Contig_12506	1	307	8	158	51.4658	2.39414	35.4	51.6
dDocent_Contig_12510	1	362	41	355	98.0663	12.1685	36.3	34.8
dDocent_Contig_12511	1	444	11	170	38.2883	2.33559	36.8	60
dDocent_Contig_12515	1	366	10	361	98.6339	2.98907	36.3	47.9
dDocent_Contig_12516	1	395	15	233	58.9873	4.97975	35.8	60
dDocent_Contig_12518	1	438	3	97	22.1461	0.481735	34.8	60
dDocent_Contig_12525	1	355	10	174	49.0141	3.40282	36.8	60
dDocent_Contig_12526	1	406	12	150	36.9458	2.59606	36.8	60
dDocent_Contig_12532	1	388	538	378	97.4227	150.428	36.2	56.9
dDocent_Contig_12533	1	386	8	204	52.8497	1.98446	36.9	60
dDocent_Contig_12538	1	370	34	246	66.4865	9.1973	36.2	60
dDocent_Contig_12545	1	356	66	235	66.0112	22.691	35.4	60
dDocent_Contig_12551	1	336	2	79	23.5119	0.470238	36.7	60
dDocent_Contig_12554	1	489	4	118	24.1309	0.965235	33	60
dDocent_Contig_12557	1	312	2	94	30.1282	0.602564	36.9	60
dDocent_Contig_12574	1	473	15	243	51.3742	3.39958	36.3	56
dDocent_Contig_12577	1	374	2	107	28.6096	0.572193	36.8	60
dDocent_Contig_12597	1	365	5	147	40.274	1.49589	34.8	60
dDocent_Contig_12603	1	490	2	150	30.6122	0.612245	36.9	60
dDocent_Contig_12605	1	488	2	87	17.8279	0.356557	36.9	60
dDocent_Contig_12606	1	495	1	114	23.0303	0.230303	35.4	60
dDocent_Contig_12608	1	326	28	193	59.2025	10.7331	36.5	60
dDocent_Contig_12611	1	382	3	116	30.3665	0.856021	36.9	60
dDocent_Contig_12612	1	454	35	358	78.8546	8.37885	36.5	55.1
dDocent_Contig_12625	1	491	2	141	28.7169	0.574338	36.5	60
dDocent_Contig_12630	1	379	8	132	34.8285	2.01583	36.7	60
dDocent_Contig_12634	1	367	8	218	59.4005	2.36512	36.7	60
dDocent_Contig_12639	1	319	6	225	70.5329	1.81191	36.9	34.7
dDocent_Contig_12640	1	361	16	196	54.2936	5.11634	36	60
dDocent_Contig_12645	1	392	3	101	25.7653	0.765306	36.8	60
dDocent_Contig_12647	1	292	15	171	58.5616	6.15411	35.1	60
dDocent_Contig_12648	1	350	1	149	42.5714	0.425714	36.7	60
dDocent_Contig_12649	1	300	7	176	58.6667	2.73333	36.8	60
dDocent_Contig_12655	1	342	12	255	74.5614	4.84795	36.6	60
dDocent_Contig_12657	1	278	1	135	48.5612	0.485612	36.8	60
dDocent_Contig_12658	1	299	26	263	87.9599	11	36.1	60
dDocent_Contig_12661	1	453	4	118	26.0486	1.03974	34.7	60
dDocent_Contig_12662	1	449	94	220	48.9978	27.2984	35.3	60
dDocent_Contig_12671	1	409	2	95	23.2274	0.464548	36.9	60
dDocent_Contig_12673	1	299	5	137	45.8194	1.90635	34.2	60
dDocent_Contig_12674	1	477	2	86	18.0294	0.360587	37	60
dDocent_Contig_12679	1	401	2	103	25.6858	0.513716	36.8	60
dDocent_Contig_12682	1	472	2	78	16.5254	0.330508	37	60
dDocent_Contig_12687	1	392	9	277	70.6633	2.47704	36.9	60
dDocent_Contig_12690	1	372	13	193	51.8817	3.86559	35.8	60
dDocent_Contig_12692	1	418	12	211	50.4785	3.96172	36.4	60
dDocent_Contig_12693	1	324	8	118	36.4198	2.40432	36.7	60
dDocent_Contig_12697	1	342	23	194	56.7251	8.14035	34.8	60
dDocent_Contig_12701	1	405	2	101	24.9383	0.498765	36.8	60
dDocent_Contig_12708	1	405	33	235	58.0247	8.93827	36.3	60
dDocent_Contig_12711	1	286	2	125	43.7063	0.874126	36.9	60
dDocent_Contig_12713	1	274	18	226	82.4818	7.51095	36.3	60
dDocent_Contig_12714	1	388	1	111	28.6082	0.286082	36.8	60
dDocent_Contig_12719	1	459	40	295	64.2702	11.2397	35.9	60
dDocent_Contig_12725	1	351	8	138	39.3162	2.20513	36.8	60
dDocent_Contig_12726	1	421	36	170	40.38	9	35.5	60
dDocent_Contig_12732	1	392	29	212	54.0816	9.60204	36	60
dDocent_Contig_12748	1	368	2	104	28.2609	0.565217	36.9	60
dDocent_Contig_12760	1	385	83	233	60.5195	25.4805	35.5	59.7
dDocent_Contig_12761	1	248	13	225	90.7258	5.49597	36.5	60
dDocent_Contig_12771	1	381	10	145	38.0577	2.021	35	58.3
dDocent_Contig_12774	1	372	5	89	23.9247	1.16398	35.6	58.6
dDocent_Contig_12777	1	360	17	276	76.6667	5.35556	35.6	60
dDocent_Contig_12801	1	395	18	217	54.9367	5.86076	36.8	60
dDocent_Contig_12807	1	451	519	433	96.0089	122.016	36.2	54.1
dDocent_Contig_12808	1	255	1	74	29.0196	0.290196	36.8	39
dDocent_Contig_12817	1	392	37	240	61.2245	12.0306	35.4	59.9
dDocent_Contig_12818	1	430	4	185	43.0233	0.860465	36.8	60
dDocent_Contig_12819	1	342	2	98	28.655	0.573099	36.6	60
dDocent_Contig_12820	1	451	11	138	30.5987	2.39468	35.8	60
dDocent_Contig_12833	1	417	16	214	51.3189	4.80096	36.2	60
dDocent_Contig_12835	1	465	2	94	20.2151	0.404301	36.9	60
dDocent_Contig_12839	1	362	152	347	95.8564	40.3895	36.2	51.6
dDocent_Contig_12843	1	361	1	45	12.4654	0.124654	28.6	60
dDocent_Contig_12844	1	425	11	199	46.8235	2.51765	36.1	60
dDocent_Contig_12848	1	427	7	119	27.8689	1.60187	36.9	60
dDocent_Contig_12849	1	391	8	228	58.312	2.02558	36.9	60
dDocent_Contig_12851	1	376	9	190	50.5319	2.60904	36.8	60
dDocent_Contig_12852	1	508	14	214	42.126	3.22835	36.4	60
dDocent_Contig_12857	1	495	2	68	13.7374	0.274747	36.6	60
dDocent_Contig_12869	1	357	280	154	43.1373	81.1429	35.9	57.2
dDocent_Contig_12872	1	380	13	149	39.2105	3.85	35.8	60
dDocent_Contig_12876	1	471	2	92	19.5329	0.390658	36.8	60
dDocent_Contig_12877	1	308	4	102	33.1169	1.08442	36.9	60
dDocent_Contig_12887	1	393	15	316	80.4071	4.42494	36	60
dDocent_Contig_12888	1	449	4	210	46.7706	1.0735	36.8	60
dDocent_Contig_12901	1	325	39	243	74.7692	13.9138	36	60
dDocent_Contig_12902	1	374	6	188	50.2674	2.13636	36.1	60
dDocent_Contig_12910	1	246	24	242	98.374	11.7398	36.6	60
dDocent_Contig_12911	1	393	4	161	40.9669	0.819338	36.7	60
dDocent_Contig_12926	1	358	96	357	99.7207	29.3966	35.7	47.5
dDocent_Contig_12930	1	424	2	48	11.3208	0.224057	36.2	60
dDocent_Contig_12932	1	390	4	153	39.2308	1.45128	36.7	60
dDocent_Contig_12935	1	455	51	261	57.3626	12.0527	36.2	59.9
dDocent_Contig_12937	1	389	3	152	39.0746	0.699229	36.9	60
dDocent_Contig_12943	1	409	7	231	56.4792	1.72861	36.2	60
dDocent_Contig_12946	1	333	17	232	69.6697	6.0991	35.7	60
dDocent_Contig_12947	1	326	14	177	54.2945	4.84049	36.4	60
dDocent_Contig_12948	1	433	9	195	45.0346	2.38337	35.8	60
dDocent_Contig_12952	1	349	19	256	73.3524	6.52436	36.1	60
dDocent_Contig_12953	1	393	18	211	53.6896	5.51908	36.1	60
dDocent_Contig_12964	1	284	21	232	81.6901	8.75704	36.4	60
dDocent_Contig_12965	1	316	17	208	65.8228	5.49367	36.1	54.3
dDocent_Contig_12966	1	374	5	110	29.4118	1.18182	32.4	60
dDocent_Contig_12971	1	365	9	263	72.0548	2.43562	36.2	60
dDocent_Contig_12979	1	444	3	126	28.3784	0.851351	36.7	60
dDocent_Contig_12995	1	434	8	183	42.1659	2.76267	34.8	60
dDocent_Contig_12996	1	396	29	286	72.2222	8.05808	36.7	60
dDocent_Contig_12997	1	364	4	171	46.978	1.09066	36.3	60
dDocent_Contig_12998	1	314	8	200	63.6943	2.93631	36.1	60
dDocent_Contig_13005	1	344	6	259	75.2907	2.48256	34.9	60
dDocent_Contig_13019	1	399	12	343	85.9649	3.5614	36.4	60
dDocent_Contig_13020	1	462	5	145	31.3853	0.941558	34.5	60
dDocent_Contig_13024	1	310	9	213	68.7097	3.39355	36.5	60
dDocent_Contig_13033	1	298	3	97	32.5503	0.788591	36.8	60
dDocent_Contig_13034	1	349	12	215	61.6046	4.06017	36	60
dDocent_Contig_13035	1	377	2	120	31.8302	0.636605	37	60
dDocent_Contig_13043	1	395	6	208	52.6582	1.62532	36.6	60
dDocent_Contig_13046	1	381	25	234	61.4173	6.05774	36.7	60
dDocent_Contig_13050	1	251	6	189	75.2988	3.10359	36.9	60
dDocent_Contig_13058	1	395	20	286	72.4051	5.64051	36	60
dDocent_Contig_13060	1	401	9	144	35.9102	2.44888	36.5	60
dDocent_Contig_13062	1	425	17	197	46.3529	4.00471	35.6	60
dDocent_Contig_13067	1	399	3	97	24.3108	0.694236	35.5	60
dDocent_Contig_13068	1	358	60	125	34.9162	16.8966	36	36.1
dDocent_Contig_13070	1	403	6	148	36.7246	1.66005	36.4	60
dDocent_Contig_13072	1	515	3	221	42.9126	0.615534	37	60
dDocent_Contig_13076	1	451	15	268	59.4235	3.88692	36.6	60
dDocent_Contig_13078	1	399	15	329	82.4561	4.39348	36.9	60
dDocent_Contig_13079	1	290	2	146	50.3448	0.62069	36.7	60
dDocent_Contig_13080	1	361	9	174	48.1994	2.4349	36.8	60
dDocent_Contig_13086	1	242	12	135	55.7851	5.16116	36.7	60
dDocent_Contig_13090	1	388	24	183	47.1649	6.75258	36.5	60
dDocent_Contig_13091	1	315	1	128	40.6349	0.406349	36.6	60
dDocent_Contig_13094	1	395	1	97	24.557	0.24557	36.5	60
dDocent_Contig_13097	1	359	2	132	36.7688	0.735376	36.9	60
dDocent_Contig_13098	1	358	7	254	70.9497	1.37151	36.8	60
dDocent_Contig_13099	1	338	10	260	76.9231	3.25444	36.9	60
dDocent_Contig_13102	1	253	11	136	53.7549	4.04348	36.6	60
dDocent_Contig_13103	1	319	13	188	58.9342	4.80878	36.8	60
dDocent_Contig_13104	1	406	4	130	32.0197	1.28079	35.5	60
dDocent_Contig_13105	1	344	6	189	54.9419	2.08721	36.3	60
dDocent_Contig_13109	1	334	10	272	81.4371	3.65569	36.7	60
dDocent_Contig_13119	1	413	3	202	48.9104	0.966102	36.6	60
dDocent_Contig_13120	1	419	21	184	43.9141	5.15274	35.7	60
dDocent_Contig_13123	1	327	41	177	54.1284	11.6147	36	60
dDocent_Contig_13124	1	423	3	154	36.4066	1.06383	36.1	60
dDocent_Contig_13135	1	418	5	164	39.2344	1.43062	35.2	50.4
dDocent_Contig_13152	1	454	1	85	18.7225	0.187225	35.8	60
dDocent_Contig_13155	1	270	76	240	88.8889	34.3222	35.6	60
dDocent_Contig_13158	1	327	18	201	61.4679	6.62691	35.8	60
dDocent_Contig_13159	1	365	3	142	38.9041	1.03562	36.4	60
dDocent_Contig_13160	1	274	30	188	68.6131	11.9343	36.2	60
dDocent_Contig_13161	1	319	14	146	45.768	5.41379	36.3	60
dDocent_Contig_13162	1	346	123	255	73.6994	30.604	36.3	53.7
dDocent_Contig_13168	1	415	2	63	15.1807	0.303614	36.8	60
dDocent_Contig_13172	1	389	18	219	56.2982	5.51671	36.3	60
dDocent_Contig_13173	1	402	4	182	45.2736	1.21891	36.7	60
dDocent_Contig_13176	1	382	18	285	74.6073	5.55236	35.7	60
dDocent_Contig_13181	1	389	19	218	56.0411	5.06684	35.8	58.6
dDocent_Contig_13191	1	380	23	222	58.4211	5.97105	35	60
dDocent_Contig_13193	1	251	11	159	63.3466	4.15139	36.8	60
dDocent_Contig_13194	1	311	36	199	63.9871	14.6977	35.9	60
dDocent_Contig_13195	1	242	5	73	30.1653	1.27686	36.5	60
dDocent_Contig_13204	1	432	37	217	50.2315	10.8935	34.9	60
dDocent_Contig_13210	1	295	9	216	73.2203	3.4339	36	60
dDocent_Contig_13213	1	316	12	262	82.9114	4.89873	36.7	60
dDocent_Contig_13214	1	439	2	131	29.8405	0.596811	36.9	60
dDocent_Contig_13215	1	361	3	96	26.5928	0.65097	36.8	25
dDocent_Contig_13216	1	373	11	149	39.9464	3.13137	35.9	60
dDocent_Contig_13218	1	429	3	87	20.2797	0.554779	35.2	60
dDocent_Contig_13223	1	366	11	172	46.9945	3.19126	36.6	60
dDocent_Contig_13225	1	387	2	85	21.9638	0.439276	36.3	60
dDocent_Contig_13230	1	335	24	327	97.6119	8.61194	35.9	60
dDocent_Contig_13236	1	375	6	199	53.0667	2.152	36.6	60
dDocent_Contig_13237	1	396	4	209	52.7778	1.05556	36.5	60
dDocent_Contig_13238	1	401	4	195	48.6284	1.14214	36.7	60
dDocent_Contig_13242	1	347	4	238	68.5879	1.44092	36.9	60
dDocent_Contig_13243	1	391	8	133	34.0153	1.76982	36.9	60
dDocent_Contig_13244	1	372	133	211	56.7204	32.2366	36.3	36.8
dDocent_Contig_13246	1	418	3	180	43.0622	1.05742	36.5	60
dDocent_Contig_13248	1	436	11	188	43.1193	2.69954	36.3	60
dDocent_Contig_13250	1	357	26	260	72.8291	8.77871	36.2	60
dDocent_Contig_13256	1	363	13	158	43.5262	4.27273	34.1	60
dDocent_Contig_13258	1	342	2	77	22.5146	0.450292	36.7	60
dDocent_Contig_13259	1	350	2	124	35.4286	0.708571	36.9	60
dDocent_Contig_13272	1	300	2	46	15.3333	0.306667	36.9	60
dDocent_Contig_13274	1	436	4	138	31.6514	0.793578	36.7	60
dDocent_Contig_13278	1	476	262	336	70.5882	62.5546	36.3	50
dDocent_Contig_13280	1	365	4	174	47.6712	1.32055	36.3	60
dDocent_Contig_13281	1	360	327	332	92.2222	97.9472	36.1	58.2
dDocent_Contig_13282	1	350	27	193	55.1429	8.52571	35	60
dDocent_Contig_13283	1	357	15	197	55.1821	4.9944	36.8	60
dDocent_Contig_13285	1	261	1	50	19.1571	0.191571	26.7	60
dDocent_Contig_13292	1	402	6	182	45.2736	1.12687	35.9	58
dDocent_Contig_13295	1	441	2	103	23.356	0.46712	36.8	60
dDocent_Contig_13296	1	236	1	127	53.8136	0.538136	36.8	60
dDocent_Contig_13298	1	356	8	190	53.3708	1.90449	36.6	60
dDocent_Contig_13303	1	398	8	223	56.0302	1.95477	35.8	60
dDocent_Contig_13304	1	335	6	134	40	1.6	35.7	60
dDocent_Contig_13308	1	353	53	346	98.017	13.2918	36.4	48.4
dDocent_Contig_13310	1	332	17	289	87.0482	5.10241	36.7	60
dDocent_Contig_13312	1	283	4	160	56.5371	1.41343	36.9	60
dDocent_Contig_13321	1	431	9	195	45.2436	2.2529	36	60
dDocent_Contig_13327	1	394	2	137	34.7716	0.695431	36.9	60
dDocent_Contig_13328	1	401	5	219	54.6135	1.399	33.1	53.4
dDocent_Contig_13330	1	318	14	286	89.9371	4.72013	36.8	60
dDocent_Contig_13331	1	426	17	194	45.5399	4.74178	36.2	60
dDocent_Contig_13333	1	423	8	200	47.2813	2.61702	36.2	60
dDocent_Contig_13347	1	364	3	126	34.6154	0.807692	36.9	60
dDocent_Contig_13350	1	360	4	121	33.6111	0.933333	37	60
dDocent_Contig_13352	1	305	24	231	75.7377	9.77049	35.2	60
dDocent_Contig_13363	1	370	517	362	97.8378	159.186	36.1	59.6
dDocent_Contig_13367	1	461	10	157	34.0564	2.65076	36.8	60
dDocent_Contig_13369	1	426	22	177	41.5493	5.64554	36.2	60
dDocent_Contig_13374	1	301	6	176	58.4718	2.23588	35.6	60
dDocent_Contig_13375	1	367	8	214	58.3106	3.10899	35.1	60
dDocent_Contig_13380	1	319	2	183	57.3668	0.573668	36.9	60
dDocent_Contig_13381	1	340	12	178	52.3529	3.50294	36.5	60
dDocent_Contig_13383	1	272	2	172	63.2353	1.10294	36.7	60
dDocent_Contig_13387	1	309	6	158	51.1327	2.27184	34.5	60
dDocent_Contig_13388	1	276	15	269	97.4638	6.13768	35.4	60
dDocent_Contig_13389	1	335	19	247	73.7313	6.12239	36.7	60
dDocent_Contig_13390	1	393	1	122	31.0433	0.310433	36.6	60
dDocent_Contig_13394	1	335	4	147	43.8806	0.967164	36.8	60
dDocent_Contig_13396	1	401	14	150	37.4065	4.39651	34.8	60
dDocent_Contig_13400	1	425	9	140	32.9412	1.95294	36.3	60
dDocent_Contig_13403	1	386	13	179	46.3731	3.88342	36.1	60
dDocent_Contig_13404	1	341	14	224	65.6891	4.4868	35.5	59.8
dDocent_Contig_13406	1	348	12	194	55.7471	3.83333	36.3	60
dDocent_Contig_13427	1	438	10	214	48.8584	2.90411	36.5	60
dDocent_Contig_13428	1	420	5	163	38.8095	1.65238	35.8	60
dDocent_Contig_13434	1	396	16	296	74.7475	3.89646	36.6	60
dDocent_Contig_13435	1	329	6	214	65.0456	1.83587	36.6	60
dDocent_Contig_13438	1	414	15	158	38.1643	4.33092	36.3	60
dDocent_Contig_13439	1	370	14	262	70.8108	3.09459	36.3	54.9
dDocent_Contig_13440	1	310	2	106	34.1935	0.683871	36.8	60
dDocent_Contig_13443	1	362	32	209	57.7348	9.80939	35.1	60
dDocent_Contig_13448	1	506	3	205	40.5138	0.612648	34.9	60
dDocent_Contig_13449	1	391	6	251	64.1944	1.76982	36.5	60
dDocent_Contig_13451	1	391	28	200	51.1509	9.54731	36.3	60
dDocent_Contig_13456	1	392	33	364	92.8571	8.44388	36	58.4
dDocent_Contig_13461	1	375	37	327	87.2	11.5707	36.7	60
dDocent_Contig_13462	1	381	27	233	61.1549	6.70604	36.4	46.9
dDocent_Contig_13470	1	316	2	78	24.6835	0.493671	36.9	60
dDocent_Contig_13471	1	264	16	166	62.8788	8.18561	36.5	60
dDocent_Contig_13472	1	462	6	133	28.7879	1.37879	36.2	60
dDocent_Contig_13480	1	352	22	181	51.4205	5.83807	36.4	60
dDocent_Contig_13482	1	386	4	190	49.2228	0.984456	36.2	60
dDocent_Contig_13491	1	388	13	216	55.6701	3.60825	34	60
dDocent_Contig_13494	1	402	4	137	34.0796	1.36318	36.7	60
dDocent_Contig_13500	1	339	2	106	31.2684	0.625369	36.8	60
dDocent_Contig_13504	1	427	12	195	45.6674	3.12412	36.3	60
dDocent_Contig_13505	1	459	8	117	25.4902	1.87146	36.2	55.4
dDocent_Contig_13507	1	370	1	98	26.4865	0.264865	36.5	60
dDocent_Contig_13508	1	484	54	333	68.8017	12.0764	36.4	60
dDocent_Contig_13509	1	347	9	154	44.3804	2.70893	36.3	60
dDocent_Contig_13511	1	391	29	178	45.5243	7.92583	36.7	60
dDocent_Contig_13512	1	408	11	185	45.3431	3.10784	36.8	60
dDocent_Contig_13513	1	336	19	312	92.8571	6.46429	34.8	60
dDocent_Contig_13517	1	401	7	282	70.3242	2.40898	36.6	60
dDocent_Contig_13523	1	351	3	181	51.567	1.151	36.9	60
dDocent_Contig_13525	1	343	2	147	42.8571	0.857143	36.8	60
dDocent_Contig_13526	1	295	16	223	75.5932	6.62373	36	60
dDocent_Contig_13527	1	395	17	303	76.7089	5.19494	36.5	52.1
dDocent_Contig_13529	1	328	2	115	35.061	0.70122	36.3	60
dDocent_Contig_13534	1	415	203	396	95.4217	54.9373	36.3	58.5
dDocent_Contig_13546	1	435	19	180	41.3793	4.93333	36	60
dDocent_Contig_13547	1	401	12	132	32.9177	3.31671	35.6	60
dDocent_Contig_13548	1	339	5	138	40.708	1.63127	36.9	60
dDocent_Contig_13550	1	452	30	211	46.6814	6.80752	35.8	60
dDocent_Contig_13553	1	349	8	136	38.9685	2.41834	36.8	60
dDocent_Contig_13554	1	272	14	193	70.9559	6.36765	35.8	60
dDocent_Contig_13556	1	372	15	230	61.828	4.38978	35.8	60
dDocent_Contig_13557	1	376	21	259	68.883	5.72606	35.6	58.3
dDocent_Contig_13561	1	432	5	115	26.6204	1.03009	36.9	60
dDocent_Contig_13564	1	369	845	369	100	245.263	36.2	53.4
dDocent_Contig_13571	1	277	2	174	62.8159	1.0722	36.8	60
dDocent_Contig_13573	1	483	2	86	17.8054	0.356108	36.5	60
dDocent_Contig_13575	1	300	19	191	63.6667	7.54667	35.9	60
dDocent_Contig_13576	1	353	10	163	46.1756	3.01416	36.8	60
dDocent_Contig_13579	1	314	20	312	99.3631	6.90446	36.5	60
dDocent_Contig_13580	1	376	18	221	58.7766	5.5	36.7	60
dDocent_Contig_13583	1	400	2	138	34.5	0.69	35.1	60
dDocent_Contig_13585	1	308	8	167	54.2208	2.95455	36.6	60
dDocent_Contig_13588	1	374	1	96	25.6684	0.256684	36.8	60
dDocent_Contig_13595	1	366	6	231	63.1148	1.96721	36.6	60
dDocent_Contig_13596	1	301	8	186	61.794	3.47508	36.7	60
dDocent_Contig_13597	1	458	22	271	59.1703	6.19651	36.2	60
dDocent_Contig_13598	1	283	7	118	41.6961	1.96466	36	60
dDocent_Contig_13599	1	358	15	193	53.9106	4.90503	36.2	60
dDocent_Contig_13600	1	246	23	178	72.3577	10.0976	36.3	60
dDocent_Contig_13602	1	392	2	78	19.898	0.397959	36.8	60
dDocent_Contig_13603	1	388	42	272	70.1031	13.2784	36	60
dDocent_Contig_13604	1	286	1	87	30.4196	0.304196	35.7	60
dDocent_Contig_13607	1	390	49	212	54.359	15.0821	35.4	60
dDocent_Contig_13612	1	310	8	263	84.8387	2.72581	35.2	60
dDocent_Contig_13616	1	416	3	127	30.5288	0.829327	36.3	60
dDocent_Contig_13617	1	367	10	278	75.7493	3.0109	35.4	60
dDocent_Contig_13621	1	389	29	174	44.7301	8.56298	35.4	60
dDocent_Contig_13622	1	352	11	307	87.2159	3.4858	36.7	60
dDocent_Contig_13626	1	427	29	244	57.1429	8.32084	35.3	60
dDocent_Contig_13633	1	280	12	188	67.1429	4.575	36.6	60
dDocent_Contig_13640	1	385	16	156	40.5195	4.73247	34.9	60
dDocent_Contig_13643	1	410	8	158	38.5366	2.18049	36.7	60
dDocent_Contig_13648	1	283	10	267	94.3463	3.9576	36.5	60
dDocent_Contig_13649	1	407	13	163	40.0491	3.47174	35.8	60
dDocent_Contig_13650	1	306	11	156	50.9804	3.83987	36.3	60
dDocent_Contig_13651	1	392	17	159	40.5612	5.30867	35.4	60
dDocent_Contig_13658	1	357	12	164	45.9384	3.57423	36.2	59
dDocent_Contig_13659	1	341	32	241	70.6745	11.5953	36.7	60
dDocent_Contig_13660	1	292	11	223	76.3699	3.65068	36.8	44.4
dDocent_Contig_13662	1	384	15	145	37.7604	4.21354	35.7	60
dDocent_Contig_13663	1	393	17	141	35.8779	4.09669	36.2	60
dDocent_Contig_13664	1	400	53	386	96.5	15.89	36.3	60
dDocent_Contig_13668	1	300	28	298	99.3333	11.2333	36.5	60
dDocent_Contig_13669	1	397	9	178	44.8363	2.50126	36.2	60
dDocent_Contig_13673	1	341	12	316	92.6686	3.77713	36	59
dDocent_Contig_13675	1	377	30	312	82.7586	7.92573	36.1	60
dDocent_Contig_13686	1	371	17	185	49.8652	6.4124	35.9	60
dDocent_Contig_13688	1	360	19	345	95.8333	5.80278	36.1	60
dDocent_Contig_13693	1	396	38	200	50.5051	10.8157	36.1	60
dDocent_Contig_13695	1	377	5	90	23.8727	0.949602	36.7	60
dDocent_Contig_13702	1	415	36	330	79.5181	10.0193	35.8	60
dDocent_Contig_13706	1	390	22	285	73.0769	6.8359	35.4	60
dDocent_Contig_13707	1	318	22	201	63.2075	8.31761	35.3	60
dDocent_Contig_13709	1	404	19	144	35.6436	5.09653	35.5	60
dDocent_Contig_13713	1	376	10	319	84.8404	3.28989	36.1	60
dDocent_Contig_13715	1	387	6	166	42.8941	1.49871	36.9	60
dDocent_Contig_13725	1	352	110	256	72.7273	38.8608	35.7	60
dDocent_Contig_13726	1	322	6	122	37.8882	1.61491	37	60
dDocent_Contig_13729	1	482	12	177	36.722	3.01452	35.7	60
dDocent_Contig_13730	1	436	14	219	50.2294	3.89908	36.5	60
dDocent_Contig_13731	1	380	4	159	41.8421	1.06316	36.1	60
dDocent_Contig_13748	1	437	9	153	35.0114	2.02517	35	60
dDocent_Contig_13755	1	495	31	362	73.1313	7.31717	36.1	57.6
dDocent_Contig_13761	1	394	10	155	39.3401	2.10152	36.8	60
dDocent_Contig_13762	1	301	11	178	59.1362	4.72757	35.1	60
dDocent_Contig_13767	1	310	12	154	49.6774	4.42903	35.6	60
dDocent_Contig_13778	1	323	31	202	62.5387	12.2105	36.2	60
dDocent_Contig_13783	1	294	9	100	34.0136	2.12585	36.8	60
dDocent_Contig_13785	1	280	17	229	81.7857	6.17143	36.1	60
dDocent_Contig_13799	1	346	7	130	37.5723	1.91329	36.4	60
dDocent_Contig_13806	1	328	1	141	42.9878	0.429878	35.5	60
dDocent_Contig_13810	1	376	12	198	52.6596	4.31383	36.7	60
dDocent_Contig_13816	1	303	2	66	21.7822	0.435644	36.4	37
dDocent_Contig_13827	1	329	13	213	64.7416	5.13678	36.5	60
dDocent_Contig_13829	1	430	7	156	36.2791	1.69767	36.7	60
dDocent_Contig_13837	1	256	25	185	72.2656	12.2422	35.7	60
dDocent_Contig_13843	1	356	14	166	46.6292	4.20787	36.3	60
dDocent_Contig_13866	1	366	6	119	32.5137	1.70492	36.5	60
dDocent_Contig_13867	1	319	2	128	40.1254	0.802508	36.1	60
dDocent_Contig_13868	1	369	1	108	29.2683	0.292683	36.8	60
dDocent_Contig_13873	1	444	22	232	52.2523	5.78604	36.1	59.9
dDocent_Contig_13879	1	404	23	189	46.7822	6.64604	35.6	60
dDocent_Contig_13884	1	390	15	387	99.2308	5.17436	35.9	60
dDocent_Contig_13886	1	396	37	289	72.9798	10.2626	36.1	50.6
dDocent_Contig_13889	1	349	27	296	84.8138	8.34097	36.5	60
dDocent_Contig_13890	1	337	2	118	35.0148	0.700297	36.6	60
dDocent_Contig_13892	1	346	14	319	92.1965	3.3815	36	60
dDocent_Contig_13900	1	477	2	96	20.1258	0.402516	37	60
dDocent_Contig_13902	1	407	14	274	67.3219	4.07617	36.4	60
dDocent_Contig_13904	1	390	1	140	35.8974	0.358974	33.7	60
dDocent_Contig_13908	1	386	9	161	41.7098	2.5	36.6	60
dDocent_Contig_13930	1	354	1	44	12.4294	0.124294	36.7	60
dDocent_Contig_13931	1	398	37	163	40.9548	11.5327	35.4	60
dDocent_Contig_13938	1	372	2	120	32.2581	0.645161	36.9	60
dDocent_Contig_13942	1	277	20	261	94.2238	9.03971	35.9	56.5
dDocent_Contig_13943	1	489	4	111	22.6994	0.907975	35.5	60
dDocent_Contig_13944	1	435	1	54	12.4138	0.124138	36.3	38
dDocent_Contig_13947	1	313	4	100	31.9489	1.27796	35.6	60
dDocent_Contig_13948	1	357	26	252	70.5882	7.67227	36	60
dDocent_Contig_13949	1	404	27	201	49.7525	8.57426	36.1	60
dDocent_Contig_13951	1	384	17	218	56.7708	5.09115	36.2	60
dDocent_Contig_13960	1	481	8	294	61.1227	1.99376	35.3	55.4
dDocent_Contig_13961	1	283	9	150	53.0035	3.47703	36.8	60
dDocent_Contig_13965	1	296	2	188	63.5135	1.01351	36.8	60
dDocent_Contig_13978	1	388	12	176	45.3608	3.39691	36.2	60
dDocent_Contig_13987	1	419	9	181	43.1981	2.82578	36.5	60
dDocent_Contig_14008	1	388	33	316	81.4433	7.57732	36.4	45.5
dDocent_Contig_14015	1	489	2	118	24.1309	0.482618	36.7	60
dDocent_Contig_14019	1	406	38	201	49.5074	10.9335	36.5	54.1
dDocent_Contig_14024	1	391	7	187	47.8261	2.24552	36.9	60
dDocent_Contig_14038	1	409	9	118	28.8509	2.28117	36.5	60
dDocent_Contig_14039	1	276	24	229	82.971	9.3442	36.3	60
dDocent_Contig_14045	1	413	2	67	16.2228	0.324455	36.6	60
dDocent_Contig_14046	1	367	17	257	70.0272	6.76294	35.8	60
dDocent_Contig_14074	1	445	110	438	98.427	29.1326	36.2	53.6
dDocent_Contig_14085	1	255	4	160	62.7451	1.2549	35.1	60
dDocent_Contig_14090	1	387	28	230	59.4315	7.87339	36.7	60
dDocent_Contig_14091	1	337	12	152	45.1039	3.54896	36.2	60
dDocent_Contig_14093	1	459	139	202	44.0087	34.1089	36.4	45.8
dDocent_Contig_14097	1	328	8	179	54.5732	2.50305	36.7	60
dDocent_Contig_14098	1	370	9	185	50	2.93514	35.6	60
dDocent_Contig_14101	1	340	16	240	70.5882	5.06765	36.5	60
dDocent_Contig_14106	1	404	8	179	44.3069	2.16337	36.1	60
dDocent_Contig_14113	1	281	13	220	78.2918	5.24555	36.1	60
dDocent_Contig_14124	1	493	6	191	38.7424	1.09128	36.8	60
dDocent_Contig_14126	1	393	3	155	39.4402	0.857506	35.9	60
dDocent_Contig_14129	1	365	5	170	46.5753	1.45479	35	60
dDocent_Contig_14130	1	339	14	249	73.4513	5.19174	34.5	60
dDocent_Contig_14138	1	264	10	186	70.4545	4.85985	35.8	60
dDocent_Contig_14144	1	365	30	290	79.4521	9.53425	35.1	60
dDocent_Contig_14146	1	277	306	273	98.556	121.848	36	59.4
dDocent_Contig_14156	1	399	19	243	60.9023	5.99499	35.7	60
dDocent_Contig_14157	1	261	6	175	67.0498	2.41379	35.9	60
dDocent_Contig_14159	1	399	3	136	34.0852	0.716792	37	60
dDocent_Contig_14160	1	448	483	447	99.7768	118.183	36.2	59.9
dDocent_Contig_14166	1	364	2	65	17.8571	0.357143	36.7	60
dDocent_Contig_14167	1	389	2	141	36.2468	0.724936	36.8	60
dDocent_Contig_14169	1	363	2	121	33.3333	0.666667	36.8	60
dDocent_Contig_14171	1	397	13	188	47.3552	3.733	36.4	54.2
dDocent_Contig_14173	1	292	7	155	53.0822	2.80137	35.7	60
dDocent_Contig_14177	1	347	2	85	24.4957	0.489914	35.2	60
dDocent_Contig_14183	1	412	11	250	60.6796	2.87379	36.6	60
dDocent_Contig_14184	1	468	33	257	54.9145	8.07051	35.9	60
dDocent_Contig_14187	1	251	14	208	82.8685	7.14343	36.5	60
dDocent_Contig_14189	1	369	3	226	61.2466	0.872629	36.7	60
dDocent_Contig_14194	1	377	12	200	53.0504	3.94695	36	60
dDocent_Contig_14198	1	347	15	253	72.9107	5.27089	36.1	60
dDocent_Contig_14205	1	340	1	109	32.0588	0.320588	36.8	60
dDocent_Contig_14209	1	357	8	168	47.0588	2.82073	34.8	60
dDocent_Contig_14213	1	477	2	106	22.2222	0.425577	36.9	60
dDocent_Contig_14216	1	384	12	122	31.7708	3.46875	36	60
dDocent_Contig_14220	1	429	10	209	48.7179	2.47086	36.3	60
dDocent_Contig_14221	1	389	7	143	36.7609	2.00257	36.3	60
dDocent_Contig_14228	1	333	19	326	97.8979	6.15916	36.1	60
dDocent_Contig_14229	1	340	40	225	66.1765	14.3676	36.1	60
dDocent_Contig_14234	1	377	1	101	26.7905	0.267905	36.9	60
dDocent_Contig_14235	1	359	1	112	31.1978	0.311978	36.3	60
dDocent_Contig_14242	1	378	42	223	58.9947	12.4603	35.9	60
dDocent_Contig_14250	1	338	7	142	42.0118	2.26627	36.7	60
dDocent_Contig_14251	1	351	20	198	56.4103	6.64672	36.8	60
dDocent_Contig_14255	1	341	10	237	69.5015	3.05572	35.2	59.5
dDocent_Contig_14256	1	454	5	108	23.7885	1.05066	33.9	60
dDocent_Contig_14257	1	304	9	198	65.1316	3.90789	35.6	60
dDocent_Contig_14258	1	355	9	228	64.2254	2.73803	35.5	60
dDocent_Contig_14266	1	263	10	192	73.0038	4.57414	36.7	60
dDocent_Contig_14271	1	408	2	92	22.549	0.45098	36.5	60
dDocent_Contig_14276	1	437	1	90	20.595	0.20595	36.7	60
dDocent_Contig_14277	1	440	5	221	50.2273	1.21818	36.9	60
dDocent_Contig_14280	1	467	18	263	56.3169	4.41328	35.3	60
dDocent_Contig_14288	1	305	30	226	74.0984	12.7672	35.8	60
dDocent_Contig_14291	1	343	2	73	21.2828	0.425656	37	60
dDocent_Contig_14292	1	385	33	235	61.039	10.1481	35.2	60
dDocent_Contig_14293	1	329	10	146	44.3769	2.66261	36.9	60
dDocent_Contig_14296	1	271	37	265	97.786	13.5166	36.7	55.2
dDocent_Contig_14298	1	441	12	180	40.8163	3.60998	36	60
dDocent_Contig_14299	1	362	12	131	36.1878	3.12431	35.6	60
dDocent_Contig_14314	1	396	21	201	50.7576	6.36364	36.1	60
dDocent_Contig_14315	1	377	23	376	99.7347	6.74005	35.5	60
dDocent_Contig_14316	1	387	13	232	59.9483	4.19638	36.4	59.3
dDocent_Contig_14317	1	408	8	115	28.1863	1.86275	36.8	60
dDocent_Contig_14319	1	355	4	167	47.0423	1.16901	36.5	60
dDocent_Contig_14324	1	443	8	200	45.1467	1.95034	36.8	60
dDocent_Contig_14325	1	302	6	169	55.9603	1.75166	36.8	60
dDocent_Contig_14336	1	405	13	215	53.0864	3.20494	36.2	60
dDocent_Contig_14343	1	352	17	249	70.7386	5.07102	35.8	60
dDocent_Contig_14346	1	413	11	178	43.0993	2.75545	36.4	60
dDocent_Contig_14347	1	358	3	141	39.3855	0.793296	36.7	59
dDocent_Contig_14353	1	330	20	188	56.9697	6.67576	36.4	60
dDocent_Contig_14356	1	358	12	160	44.6927	3.45251	36.1	60
dDocent_Contig_14360	1	353	46	227	64.3059	15.7167	36.1	60
dDocent_Contig_14362	1	395	4	160	40.5063	1.51899	36.9	60
dDocent_Contig_14365	1	394	41	226	57.3604	13.7183	35.5	60
dDocent_Contig_14368	1	379	13	174	45.9103	3.58575	36.2	60
dDocent_Contig_14372	1	394	16	248	62.9442	4.60406	36.2	60
dDocent_Contig_14375	1	340	3	99	29.1176	0.788235	36.9	60
dDocent_Contig_14383	1	373	41	164	43.9678	12.7346	35.9	60
dDocent_Contig_14384	1	346	22	202	58.3815	6.59827	36.6	60
dDocent_Contig_14386	1	518	1	83	16.0232	0.160232	36.7	60
dDocent_Contig_14392	1	410	3	148	36.0976	0.846341	36.3	60
dDocent_Contig_14397	1	322	15	253	78.5714	4.36335	36.8	60
dDocent_Contig_14404	1	374	4	148	39.5722	1.23529	37	60
dDocent_Contig_14409	1	274	10	228	83.2117	4.50365	35.2	60
dDocent_Contig_14417	1	262	4	139	53.0534	1.73282	36.7	60
dDocent_Contig_14418	1	382	5	160	41.8848	1.25654	36.9	60
dDocent_Contig_14423	1	348	6	213	61.2069	2.07759	36.6	60
dDocent_Contig_14427	1	396	16	182	45.9596	5.03283	35.8	59.8
dDocent_Contig_14428	1	423	7	294	69.5035	2.1182	36.1	59.6
dDocent_Contig_14429	1	351	22	199	56.6952	7.21368	36	60
dDocent_Contig_14430	1	388	6	239	61.5979	1.38144	36.8	60
dDocent_Contig_14431	1	396	5	150	37.8788	1.36869	34.5	57.4
dDocent_Contig_14432	1	441	6	148	33.5601	1.34694	36.7	60
dDocent_Contig_14434	1	402	19	207	51.4925	5.16667	36.7	60
dDocent_Contig_14435	1	375	23	195	52	6.736	35.5	59.6
dDocent_Contig_14438	1	372	2	103	27.6882	0.553763	36.9	60
dDocent_Contig_14449	1	306	26	231	75.4902	11.4641	35.5	60
dDocent_Contig_14453	1	386	1	120	31.0881	0.310881	36.8	60
dDocent_Contig_14462	1	413	7	98	23.7288	1.42131	34.7	60
dDocent_Contig_14463	1	359	23	265	73.8162	8.37883	36.5	60
dDocent_Contig_14464	1	325	23	195	60	8.65231	35	60
dDocent_Contig_14466	1	343	21	252	73.4694	6.44898	36.4	60
dDocent_Contig_14467	1	411	10	186	45.2555	2.87591	36.4	60
dDocent_Contig_14468	1	234	13	211	90.1709	6.79915	36.7	60
dDocent_Contig_14469	1	335	8	196	58.5075	3.10149	35.5	60
dDocent_Contig_14470	1	454	5	167	36.7841	1.38546	35	60
dDocent_Contig_14477	1	324	8	229	70.679	1.63889	36.6	43.2
dDocent_Contig_14479	1	389	17	162	41.6452	4.79692	35.7	60
dDocent_Contig_14481	1	394	20	204	51.7766	5.73858	36.4	60
dDocent_Contig_14482	1	406	18	317	78.0788	4.99507	36.7	60
dDocent_Contig_14489	1	407	12	148	36.3636	2.57248	36.8	43.3
dDocent_Contig_14490	1	440	16	395	89.7727	3.82727	36.6	53
dDocent_Contig_14491	1	313	48	199	63.5783	17.8403	35.1	60
dDocent_Contig_14495	1	305	12	165	54.0984	4.09836	36.8	60
dDocent_Contig_14502	1	342	424	341	99.7076	145.971	36.1	59.9
dDocent_Contig_14511	1	298	18	204	68.4564	5.66107	35.4	56.8
dDocent_Contig_14514	1	353	13	353	100	4.89802	35.1	60
dDocent_Contig_14515	1	309	1	144	46.6019	0.466019	36.9	60
dDocent_Contig_14524	1	400	17	172	43	4.5725	36.2	60
dDocent_Contig_14529	1	396	11	214	54.0404	3.01515	36.8	52.5
dDocent_Contig_14532	1	347	4	159	45.8213	1.20461	36.7	60
dDocent_Contig_14539	1	368	8	205	55.7065	2.63043	36.7	60
dDocent_Contig_14540	1	386	51	384	99.4819	12.7772	35.6	53.2
dDocent_Contig_14544	1	343	11	176	51.312	3.98542	35.6	60
dDocent_Contig_14545	1	329	3	130	39.5137	0.972644	36.1	60
dDocent_Contig_14548	1	417	6	176	42.2062	1.80336	36.4	60
dDocent_Contig_14549	1	390	12	147	37.6923	3.21026	36.4	60
dDocent_Contig_14550	1	338	1	81	23.9645	0.239645	36.2	25
dDocent_Contig_14551	1	353	8	106	30.0283	2.05666	36.7	60
dDocent_Contig_14552	1	353	25	197	55.8074	8.06799	35.6	60
dDocent_Contig_14553	1	311	287	267	85.8521	106.395	35.9	58.4
dDocent_Contig_14554	1	427	40	246	57.6112	9.12881	35.9	60
dDocent_Contig_14555	1	252	20	239	94.8413	10.2381	35.7	60
dDocent_Contig_14556	1	317	14	279	88.0126	5.66562	35.9	60
dDocent_Contig_14557	1	262	7	228	87.0229	2.74809	36.2	60
dDocent_Contig_14558	1	405	9	157	38.7654	2.05185	34.9	34.2
dDocent_Contig_14559	1	438	1	49	11.1872	0.111872	36.5	60
dDocent_Contig_14561	1	347	12	207	59.6542	4.07493	36.1	60
dDocent_Contig_14563	1	374	22	256	68.4492	6.85561	36.3	60
dDocent_Contig_14566	1	344	15	275	79.9419	4.18023	36.2	60
dDocent_Contig_14572	1	405	15	206	50.8642	4.28395	36.1	60
dDocent_Contig_14585	1	508	8	200	39.3701	1.5315	35.9	60
dDocent_Contig_14587	1	372	21	206	55.3763	6.27688	35.9	60
dDocent_Contig_14590	1	423	4	178	42.0804	0.995272	35.3	60
dDocent_Contig_14599	1	379	2	88	23.219	0.46438	36.9	60
dDocent_Contig_14600	1	282	13	153	54.2553	5.16312	36.7	60
dDocent_Contig_14603	1	425	4	89	20.9412	0.837647	34.5	60
dDocent_Contig_14605	1	477	2	92	19.2872	0.385744	36.9	60
dDocent_Contig_14606	1	399	3	143	35.8396	0.874687	36.3	60
dDocent_Contig_14611	1	419	27	267	63.7232	7.94749	36.1	60
dDocent_Contig_14615	1	393	31	256	65.1399	7.94402	36.5	54.3
dDocent_Contig_14619	1	414	4	109	26.3285	0.987923	35.3	60
dDocent_Contig_14630	1	365	2	172	47.1233	0.821918	36.4	60
dDocent_Contig_14637	1	336	13	209	62.2024	5.03274	35.3	60
dDocent_Contig_14639	1	317	3	134	42.2713	0.807571	36.5	60
dDocent_Contig_14652	1	350	1	139	39.7143	0.397143	36.9	60
dDocent_Contig_14664	1	395	47	304	76.962	11.7924	36.7	44.4
dDocent_Contig_14667	1	373	11	195	52.2788	3.27078	36.6	60
dDocent_Contig_14668	1	433	1	81	18.7067	0.187067	33.8	60
dDocent_Contig_14670	1	312	12	263	84.2949	4.4359	36.6	60
dDocent_Contig_14672	1	424	2	122	28.7736	0.575472	36.5	60
dDocent_Contig_14673	1	400	1	119	29.75	0.2975	37	60
dDocent_Contig_14674	1	253	2	116	45.8498	0.916996	36.7	60
dDocent_Contig_14681	1	497	3	123	24.7485	0.625755	36.9	60
dDocent_Contig_14687	1	345	33	319	92.4638	10.2493	36.4	59.1
dDocent_Contig_14692	1	449	2	50	11.1359	0.222717	36.7	60
dDocent_Contig_14699	1	432	9	138	31.9444	2.3588	36.1	60
dDocent_Contig_14700	1	391	6	183	46.8031	1.69821	36.9	52.3
dDocent_Contig_14710	1	374	2	98	26.2032	0.524064	36.7	60
dDocent_Contig_14716	1	339	9	208	61.3569	3.0944	35	60
dDocent_Contig_14724	1	363	8	151	41.5978	2.23691	36.8	60
dDocent_Contig_14725	1	377	6	149	39.5225	1.82493	36.7	60
dDocent_Contig_14727	1	439	3	118	26.8793	0.697039	36.7	60
dDocent_Contig_14733	1	332	8	271	81.6265	2.92771	36.2	60
dDocent_Contig_14742	1	317	26	194	61.1987	10.183	36.4	60
dDocent_Contig_14743	1	322	5	158	49.0683	1.28882	36.9	60
dDocent_Contig_14753	1	486	10	311	63.9918	3.00617	36.7	60
dDocent_Contig_14754	1	407	10	197	48.4029	2.63391	36.6	60
dDocent_Contig_14755	1	376	1	118	31.383	0.31383	36.7	60
dDocent_Contig_14764	1	289	15	170	58.8235	5.22491	36	60
dDocent_Contig_14769	1	369	15	190	51.4905	4.79675	36.5	60
dDocent_Contig_14770	1	356	2	109	30.618	0.61236	36.2	60
dDocent_Contig_14772	1	282	9	216	76.5957	3.5922	36.3	60
dDocent_Contig_14773	1	346	2	103	29.7688	0.595376	36.9	60
dDocent_Contig_14777	1	435	48	305	70.1149	12.6805	36.1	59.8
dDocent_Contig_14778	1	341	4	119	34.8974	1.35484	36.7	60
dDocent_Contig_14780	1	394	2	48	12.1827	0.243655	36.8	60
dDocent_Contig_14782	1	405	14	212	52.3457	3.53086	34.4	60
dDocent_Contig_14792	1	316	246	127	40.1899	78.25	35.4	41.1
dDocent_Contig_14793	1	393	11	188	47.8372	3.25445	36.3	60
dDocent_Contig_14796	1	354	16	295	83.3333	4.86158	35.8	60
dDocent_Contig_14801	1	396	2	110	27.7778	0.555556	36.3	60
dDocent_Contig_14802	1	338	33	211	62.426	10.7337	36.5	60
dDocent_Contig_14805	1	380	2	86	22.6316	0.452632	36.8	60
dDocent_Contig_14807	1	317	21	302	95.2681	6.91483	35.8	49.4
dDocent_Contig_14808	1	452	4	197	43.5841	0.871681	36.9	60
dDocent_Contig_14810	1	350	25	211	60.2857	7.16286	36.5	60
dDocent_Contig_14819	1	348	3	184	52.8736	0.864943	36.7	60
dDocent_Contig_14820	1	471	12	157	33.3333	3.53291	35.5	60
dDocent_Contig_14821	1	245	2	92	37.551	0.75102	36.9	60
dDocent_Contig_14831	1	395	33	278	70.3797	9.76709	35	60
dDocent_Contig_14835	1	437	4	192	43.9359	0.878719	36.9	60
dDocent_Contig_14838	1	439	7	236	53.7585	1.959	35.8	60
dDocent_Contig_14840	1	420	2	99	23.5714	0.471429	35.3	60
dDocent_Contig_14847	1	464	43	375	80.819	9.5	36.5	54.9
dDocent_Contig_14849	1	362	12	198	54.6961	4.06906	35.6	60
dDocent_Contig_14850	1	324	2	110	33.9506	0.679012	36.9	60
dDocent_Contig_14853	1	355	2	84	23.662	0.473239	36.9	60
dDocent_Contig_14862	1	398	1	150	37.6884	0.376884	35.8	60
dDocent_Contig_14864	1	383	2	93	24.282	0.48564	36.6	60
dDocent_Contig_14869	1	427	4	100	23.4192	0.721311	36.6	60
dDocent_Contig_14874	1	387	2	118	30.491	0.609819	36.6	60
dDocent_Contig_14881	1	428	16	172	40.1869	3.77103	35.6	60
dDocent_Contig_14891	1	414	2	170	41.0628	0.724638	36.8	60
dDocent_Contig_14896	1	381	2	62	16.273	0.325459	34.9	60
dDocent_Contig_14902	1	465	32	268	57.6344	8.7828	36.2	60
dDocent_Contig_14910	1	461	4	233	50.5423	1.01952	36.5	60
dDocent_Contig_14926	1	456	47	211	46.2719	12.6952	36.3	58.5
dDocent_Contig_14936	1	382	6	145	37.9581	2.27749	36.8	60
dDocent_Contig_14944	1	374	12	278	74.3316	4.70856	35.3	60
dDocent_Contig_14963	1	363	8	187	51.5152	2.15427	36.3	60
dDocent_Contig_14964	1	365	2	70	19.1781	0.383562	37	60
dDocent_Contig_14967	1	353	2	138	39.0935	0.78187	36.7	60
dDocent_Contig_14976	1	367	5	116	31.6076	1.57766	34.6	60
dDocent_Contig_14978	1	424	1	84	19.8113	0.198113	36.7	60
dDocent_Contig_14980	1	380	2	91	23.9474	0.478947	36.6	60
dDocent_Contig_14987	1	343	5	138	40.2332	1.29446	36.8	60
dDocent_Contig_14988	1	412	5	181	43.932	1.33495	35.5	60
dDocent_Contig_14990	1	416	4	265	63.7019	1.27885	34.8	60
dDocent_Contig_14991	1	419	2	43	10.2625	0.205251	37	60
dDocent_Contig_14992	1	368	22	328	89.1304	5.67935	35.8	60
dDocent_Contig_14995	1	467	5	294	62.955	1.49036	35.9	60
dDocent_Contig_15003	1	357	99	355	99.4398	30.3277	36.5	47.9
dDocent_Contig_15004	1	403	7	187	46.402	1.95285	36.3	60
dDocent_Contig_15007	1	338	17	274	81.0651	6.49112	35.8	60
dDocent_Contig_15009	1	374	2	51	13.6364	0.272727	36.9	60
dDocent_Contig_15013	1	368	24	266	72.2826	7.74728	36.2	59.8
dDocent_Contig_15020	1	372	18	170	45.6989	5.37903	35.8	60
dDocent_Contig_15024	1	262	5	93	35.4962	1.47328	36.7	60
dDocent_Contig_15028	1	337	3	154	45.6973	0.821958	36.3	60
dDocent_Contig_15039	1	359	8	318	88.5794	2.48747	36.8	60
dDocent_Contig_15040	1	360	21	198	55	7.25556	36.1	60
dDocent_Contig_15048	1	385	22	240	62.3377	6.47273	34.8	60
dDocent_Contig_15049	1	449	2	122	27.1715	0.541203	35.9	60
dDocent_Contig_15050	1	428	16	155	36.215	4.15888	35.7	60
dDocent_Contig_15054	1	379	24	247	65.1715	7.5752	36.5	60
dDocent_Contig_15055	1	339	2	72	21.2389	0.424779	37	60
dDocent_Contig_15068	1	329	9	165	50.152	3.04559	35.9	60
dDocent_Contig_15069	1	450	16	275	61.1111	3.86222	36.1	60
dDocent_Contig_15088	1	399	4	147	36.8421	1.28822	36.8	60
dDocent_Contig_15090	1	404	11	185	45.7921	3.45792	36.7	60
dDocent_Contig_15091	1	426	4	163	38.2629	1.15493	36.5	60
dDocent_Contig_15092	1	423	2	91	21.513	0.43026	36.9	60
dDocent_Contig_15097	1	380	2	190	50	0.778947	34.7	60
dDocent_Contig_15101	1	382	4	102	26.7016	0.937173	36.9	60
dDocent_Contig_15102	1	372	10	191	51.3441	3.34946	36.4	60
dDocent_Contig_15108	1	450	11	256	56.8889	2.66889	36.8	53.7
dDocent_Contig_15114	1	334	4	176	52.6946	1.27545	36.8	60
dDocent_Contig_15116	1	349	918	287	82.235	303.269	36.4	58.7
dDocent_Contig_15117	1	278	10	232	83.4532	4.26259	36.4	60
dDocent_Contig_15122	1	417	21	209	50.1199	5.65707	36.1	60
dDocent_Contig_15133	1	375	5	138	36.8	0.898667	35.8	59.8
dDocent_Contig_15134	1	325	5	102	31.3846	1.46769	35.5	60
dDocent_Contig_15144	1	398	2	73	18.3417	0.366834	35.6	60
dDocent_Contig_15145	1	414	251	412	99.5169	73.1546	36.3	31.5
dDocent_Contig_15162	1	442	2	83	18.7783	0.350679	34	60
dDocent_Contig_15165	1	370	3	152	41.0811	1.21622	36.5	60
dDocent_Contig_15180	1	333	12	116	34.8348	3.99399	35.4	60
dDocent_Contig_15185	1	378	2	112	29.6296	0.592593	37	60
dDocent_Contig_15186	1	376	6	95	25.266	1.10106	36.7	60
dDocent_Contig_15191	1	424	2	42	9.90566	0.198113	36.9	60
dDocent_Contig_15197	1	411	2	99	24.0876	0.481752	36.9	60
dDocent_Contig_15201	1	415	28	330	79.5181	7.04578	36.5	58.6
dDocent_Contig_15208	1	317	1	123	38.8013	0.388013	32.3	60
dDocent_Contig_15209	1	461	5	145	31.4534	1.1692	36.4	48.4
dDocent_Contig_15210	1	323	15	213	65.9443	5.1548	35.9	60
dDocent_Contig_15211	1	399	4	137	34.3358	1.11529	33.2	60
dDocent_Contig_15212	1	390	6	139	35.641	1.54103	36.7	60
dDocent_Contig_15215	1	265	1	108	40.7547	0.407547	36.6	60
dDocent_Contig_15216	1	460	13	180	39.1304	2.72174	36.8	60
dDocent_Contig_15218	1	380	12	188	49.4737	3.87368	36.1	60
dDocent_Contig_15229	1	356	20	181	50.8427	6.33146	36.4	60
dDocent_Contig_15235	1	396	2	96	24.2424	0.484848	36.8	60
dDocent_Contig_15236	1	357	10	155	43.4174	2.90756	36.3	60
dDocent_Contig_15240	1	415	203	378	91.0843	51.2048	36.2	58.5
dDocent_Contig_15242	1	433	7	194	44.8037	2.12009	35.5	60
dDocent_Contig_15250	1	396	24	276	69.697	7.07576	36.1	60
dDocent_Contig_15255	1	286	4	154	53.8462	1.07692	36.9	60
dDocent_Contig_15258	1	364	19	190	52.1978	5.68956	35.8	60
dDocent_Contig_15259	1	411	14	230	55.9611	4.12652	36.4	60
dDocent_Contig_15260	1	393	39	211	53.6896	11.8575	35.5	60
dDocent_Contig_15263	1	410	24	291	70.9756	6.79024	36.3	60
dDocent_Contig_15273	1	389	17	154	39.5887	4.72751	35.1	60
dDocent_Contig_15278	1	291	20	189	64.9485	7.39175	36.4	60
dDocent_Contig_15280	1	393	8	202	51.3995	1.69975	36.4	60
dDocent_Contig_15282	1	386	60	253	65.544	17.2176	36.2	59.7
dDocent_Contig_15285	1	425	4	150	35.2941	0.927059	36.7	60
dDocent_Contig_15292	1	439	19	351	79.9544	5.57403	36.4	60
dDocent_Contig_15294	1	436	27	311	71.3303	6.15596	36.9	60
dDocent_Contig_15296	1	373	11	233	62.4665	2.97051	36.6	60
dDocent_Contig_15302	1	389	21	212	54.4987	6.84062	36.3	60
dDocent_Contig_15305	1	338	6	157	46.4497	1.33728	36.6	53.3
dDocent_Contig_15306	1	391	1658	391	100	471.463	36	57.3
dDocent_Contig_15320	1	342	14	169	49.4152	4.47661	35.9	59.4
dDocent_Contig_15324	1	376	147	216	57.4468	40.4787	36.2	51.3
dDocent_Contig_15326	1	335	27	278	82.9851	8.50746	35.9	59.5
dDocent_Contig_15327	1	406	7	161	39.6552	2.05419	36.9	60
dDocent_Contig_15331	1	359	28	162	45.1253	9.44847	35.6	60
dDocent_Contig_15332	1	352	8	162	46.0227	3.32386	36.7	60
dDocent_Contig_15334	1	300	13	250	83.3333	4.11667	36.7	57.5
dDocent_Contig_15338	1	377	67	255	67.6393	22.0212	35.6	60
dDocent_Contig_15339	1	253	7	186	73.5178	2.79051	36.7	60
dDocent_Contig_15350	1	278	9	201	72.3022	3.95324	36.7	60
dDocent_Contig_15353	1	378	4	239	63.2275	1.25926	36.8	60
dDocent_Contig_15359	1	311	5	174	55.9486	1.92605	35	60
dDocent_Contig_15363	1	311	2	106	34.0836	0.681672	36.8	60
dDocent_Contig_15364	1	446	6	196	43.9462	1.26457	36.3	60
dDocent_Contig_15371	1	345	7	183	53.0435	2.15652	36.8	60
dDocent_Contig_15373	1	311	1	119	38.2637	0.382637	36.8	60
dDocent_Contig_15374	1	392	59	352	89.7959	16.6301	36.5	56
dDocent_Contig_15376	1	330	10	173	52.4242	2.60606	36.6	60
dDocent_Contig_15377	1	301	86	291	96.6777	31.8704	36.2	60
dDocent_Contig_15384	1	401	22	232	57.8554	5.59102	36.4	60
dDocent_Contig_15387	1	329	12	227	68.997	3.83587	36.7	60
dDocent_Contig_15391	1	381	2	120	31.4961	0.629921	37	60
dDocent_Contig_15393	1	354	65	221	62.4294	20.8503	35.8	60
dDocent_Contig_15396	1	419	36	298	71.1217	11.1146	35.9	60
dDocent_Contig_15398	1	386	17	222	57.513	4.95596	36.7	60
dDocent_Contig_15399	1	395	8	220	55.6962	1.88861	36.3	60
dDocent_Contig_15401	1	362	16	275	75.9669	4.49171	36.4	57.8
dDocent_Contig_15402	1	436	2	107	24.5413	0.490826	37	60
dDocent_Contig_15404	1	500	5	198	39.6	0.954	36.6	60
dDocent_Contig_15411	1	314	8	183	58.2803	1.83439	36	45.4
dDocent_Contig_15412	1	395	5	176	44.557	1.17468	36.6	44
dDocent_Contig_15414	1	357	8	355	99.4398	3.11204	36.2	60
dDocent_Contig_15417	1	382	2	129	33.7696	0.675393	37	60
dDocent_Contig_15418	1	346	2	94	27.1676	0.543353	36.8	60
dDocent_Contig_15419	1	442	7	160	36.1991	1.6448	36.8	60
dDocent_Contig_15421	1	357	56	317	88.7955	21.7451	35.1	60
dDocent_Contig_15422	1	381	5	178	46.7192	1.50656	35.7	60
dDocent_Contig_15425	1	369	11	210	56.9106	3.85908	36.3	60
dDocent_Contig_15432	1	249	8	180	72.2892	3.61446	36.5	60
dDocent_Contig_15434	1	417	2	105	25.1799	0.503597	36.9	60
dDocent_Contig_15439	1	314	2	98	31.2102	0.624204	36.8	60
dDocent_Contig_15440	1	294	7	148	50.3401	2.32653	36.7	60
dDocent_Contig_15441	1	324	10	178	54.9383	3.41358	36.6	59.9
dDocent_Contig_15442	1	265	4	160	60.3774	2.21887	35.6	60
dDocent_Contig_15455	1	430	16	189	43.9535	3.7814	36.6	60
dDocent_Contig_15456	1	405	13	272	67.1605	3.34815	35.3	53.4
dDocent_Contig_15458	1	402	27	223	55.4726	7.86567	36	60
dDocent_Contig_15459	1	470	2	127	27.0213	0.540426	34.6	60
dDocent_Contig_15463	1	296	1	150	50.6757	0.506757	36.7	60
dDocent_Contig_15464	1	348	23	171	49.1379	7.13506	36.2	60
dDocent_Contig_15466	1	378	3	160	42.328	1.10053	36.6	60
dDocent_Contig_15467	1	386	14	140	36.2694	4.15026	36.2	60
dDocent_Contig_15492	1	424	3	97	22.8774	0.408019	35.3	59.3
dDocent_Contig_15493	1	450	2	64	14.2222	0.284444	36.9	60
dDocent_Contig_15506	1	279	8	132	47.3118	2.55197	36.1	60
dDocent_Contig_15507	1	375	7	123	32.8	1.81333	36.6	60
dDocent_Contig_15508	1	478	4	95	19.8745	0.792887	36.8	60
dDocent_Contig_15510	1	416	2	99	23.7981	0.475962	36.9	60
dDocent_Contig_15517	1	309	11	168	54.3689	3.63107	36.5	60
dDocent_Contig_15524	1	340	9	165	48.5294	2.73235	36.7	60
dDocent_Contig_15525	1	365	8	189	51.7808	2.84932	36.8	60
dDocent_Contig_15526	1	252	1	88	34.9206	0.349206	33.8	60
dDocent_Contig_15533	1	234	33	186	79.4872	17.5085	36.2	60
dDocent_Contig_15534	1	460	2	217	47.1739	0.471739	36.7	60
dDocent_Contig_15535	1	454	6	147	32.3789	1.43612	36.8	60
dDocent_Contig_15537	1	313	41	257	82.1086	15.6805	35.7	59.1
dDocent_Contig_15543	1	415	7	205	49.3976	1.77108	35.6	60
dDocent_Contig_15544	1	325	12	196	60.3077	4.07692	35.8	60
dDocent_Contig_15548	1	366	3	103	28.1421	0.844262	36.2	60
dDocent_Contig_15549	1	355	15	310	87.3239	4.93521	36.6	60
dDocent_Contig_15551	1	372	2	111	29.8387	0.454301	36.6	42.5
dDocent_Contig_15562	1	328	11	164	50	3.87195	35.3	60
dDocent_Contig_15568	1	273	15	175	64.1026	7.13187	35.7	60
dDocent_Contig_15569	1	298	3	120	40.2685	0.956376	35.7	60
dDocent_Contig_15571	1	349	15	273	78.2235	4.35244	36.6	60
dDocent_Contig_15573	1	428	15	202	47.1963	2.97196	36.5	60
dDocent_Contig_15579	1	417	12	281	67.3861	2.88729	35.2	50.7
dDocent_Contig_15581	1	394	11	179	45.4315	3.27411	36.7	60
dDocent_Contig_15591	1	419	3	88	21.0024	0.630072	36.8	60
dDocent_Contig_15597	1	373	2	109	29.2225	0.58445	35.6	60
dDocent_Contig_15610	1	366	9	263	71.8579	3.40984	35.9	60
dDocent_Contig_15617	1	256	3	218	85.1562	1.375	36.8	60
dDocent_Contig_15620	1	491	2	135	27.4949	0.549898	36.9	60
dDocent_Contig_15621	1	324	20	184	56.7901	7	35.9	60
dDocent_Contig_15622	1	265	15	186	70.1887	6.52453	35.9	60
dDocent_Contig_15627	1	407	6	152	37.3464	1.32678	36.4	60
dDocent_Contig_15629	1	357	15	162	45.3782	4.71148	36.2	60
dDocent_Contig_15642	1	256	18	196	76.5625	6.42578	36.1	60
dDocent_Contig_15646	1	309	4	136	44.0129	1.14563	36.8	60
dDocent_Contig_15647	1	377	7	217	57.5597	1.95225	36.8	60
dDocent_Contig_15649	1	430	2	93	21.6279	0.432558	36.9	60
dDocent_Contig_15657	1	301	22	229	76.0797	9.11628	35.6	60
dDocent_Contig_15658	1	293	2	77	26.2799	0.525597	36.4	60
dDocent_Contig_15659	1	440	384	439	99.7727	95.9409	36.3	57.6
dDocent_Contig_15660	1	507	2	102	20.1183	0.402367	36.9	60
dDocent_Contig_15667	1	380	1	150	39.4737	0.394737	37	60
dDocent_Contig_15670	1	444	84	240	54.0541	22.6959	35.9	60
dDocent_Contig_15680	1	310	21	243	78.3871	7.55484	35.9	60
dDocent_Contig_15689	1	350	10	206	58.8571	3.75714	36.5	60
dDocent_Contig_15690	1	366	374	335	91.5301	117.475	35.7	42.2
dDocent_Contig_15691	1	323	7	122	37.7709	1.81115	35.8	42.9
dDocent_Contig_15692	1	420	13	318	75.7143	2.96429	36.8	60
dDocent_Contig_15694	1	354	59	336	94.9153	19.0424	36.2	57.2
dDocent_Contig_15706	1	367	29	253	68.9373	7.24796	36.4	26.2
dDocent_Contig_15708	1	404	10	134	33.1683	2.65347	35.8	60
dDocent_Contig_15711	1	430	11	201	46.7442	2.42791	36.3	60
dDocent_Contig_15712	1	350	12	219	62.5714	3.59429	36.8	60
dDocent_Contig_15713	1	387	5	117	30.2326	1.35142	36.8	60
dDocent_Contig_15716	1	282	3	109	38.6525	0.975177	36.8	60
dDocent_Contig_15717	1	385	395	384	99.7403	111.138	36.4	58
dDocent_Contig_15718	1	382	209	334	87.4346	56.5942	36.2	33.9
dDocent_Contig_15719	1	241	3	127	52.6971	1.44398	36.7	60
dDocent_Contig_15733	1	378	26	232	61.3757	8.00265	36.2	57.7
dDocent_Contig_15735	1	489	31	303	61.9632	5.39877	36.1	48.4
dDocent_Contig_15749	1	403	1	114	28.2878	0.282878	36.8	60
dDocent_Contig_15750	1	397	15	184	46.3476	4.15113	36.7	60
dDocent_Contig_15754	1	455	6	179	39.3407	1.61319	34.5	60
dDocent_Contig_15768	1	332	11	194	58.4337	3.96988	36.5	60
dDocent_Contig_15770	1	436	9	227	52.0642	2.08945	36.6	60
dDocent_Contig_15772	1	508	24	236	46.4567	5.65551	35.9	60
dDocent_Contig_15778	1	428	2	174	40.6542	0.686916	36.9	60
dDocent_Contig_15784	1	289	17	204	70.5882	7.57439	36.1	60
dDocent_Contig_15789	1	372	7	212	56.9892	2.27151	35.1	60
dDocent_Contig_15792	1	450	31	197	43.7778	8.08889	35.2	60
dDocent_Contig_15795	1	385	11	186	48.3117	3.21558	36.7	60
dDocent_Contig_15796	1	392	6	240	61.2245	1.73724	36.6	60
dDocent_Contig_15797	1	334	4	96	28.7425	0.652695	36.9	60
dDocent_Contig_15799	1	329	46	265	80.5471	17.1611	35	60
dDocent_Contig_15808	1	386	2	56	14.5078	0.290155	36.9	60
dDocent_Contig_15809	1	402	4	100	24.8756	0.746269	35.2	46
dDocent_Contig_15821	1	335	20	186	55.5224	6.39403	35.7	60
dDocent_Contig_15827	1	291	4	150	51.5464	2.06186	36.9	60
dDocent_Contig_15842	1	339	6	142	41.8879	2.48378	34.7	60
dDocent_Contig_15843	1	467	2	135	28.9079	0.578158	36.5	60
dDocent_Contig_15846	1	250	9	156	62.4	4.456	36	60
dDocent_Contig_15856	1	389	16	314	80.7198	5.50643	36.2	60
dDocent_Contig_15857	1	415	97	366	88.1928	27.4024	36	60
dDocent_Contig_15860	1	395	44	214	54.1772	13.1418	35.8	60
dDocent_Contig_15861	1	387	2	104	26.8734	0.537468	36.9	60
dDocent_Contig_15863	1	237	25	230	97.0464	10.9536	35.6	56
dDocent_Contig_15864	1	307	18	212	69.0554	6.96417	36.5	52.2
dDocent_Contig_15890	1	387	4	123	31.7829	1.27132	34.8	60
dDocent_Contig_15893	1	341	30	243	71.261	10.61	35.8	60
dDocent_Contig_15894	1	399	2	99	24.812	0.496241	36.9	60
dDocent_Contig_15898	1	453	4	215	47.4614	0.949227	36.7	60
dDocent_Contig_15901	1	432	13	184	42.5926	2.94213	36.3	60
dDocent_Contig_15902	1	347	6	171	49.2795	1.86167	36.8	60
dDocent_Contig_15908	1	351	15	206	58.6895	4.31054	35.6	60
dDocent_Contig_15912	1	427	19	354	82.904	5.45199	36.1	60
dDocent_Contig_15922	1	312	2	62	19.8718	0.397436	36.7	60
dDocent_Contig_15926	1	409	23	212	51.8337	5.80685	36.5	60
dDocent_Contig_15928	1	420	5	228	54.2857	0.983333	36.2	54.4
dDocent_Contig_15931	1	288	1	118	40.9722	0.409722	36.6	60
dDocent_Contig_15936	1	351	17	296	84.3305	5.55556	36.3	60
dDocent_Contig_15938	1	333	7	185	55.5556	2.30631	37	60
dDocent_Contig_15944	1	270	26	214	79.2593	12.037	36	60
dDocent_Contig_15949	1	369	17	170	46.0705	5.8374	35.7	60
dDocent_Contig_15955	1	363	7	211	58.1267	2.09917	36.5	60
dDocent_Contig_15957	1	291	22	160	54.9828	8.52234	36.4	53.5
dDocent_Contig_15958	1	390	8	142	36.4103	2.33333	36.8	60
dDocent_Contig_15959	1	424	2	104	24.5283	0.490566	36.9	60
dDocent_Contig_15960	1	319	18	192	60.1881	6.9373	36.5	60
dDocent_Contig_15961	1	361	2	99	27.4238	0.548476	36.9	60
dDocent_Contig_15963	1	379	4	186	49.0765	1.02902	36.6	60
dDocent_Contig_15967	1	357	25	254	71.1485	7.59944	35.9	60
dDocent_Contig_15968	1	322	16	188	58.3851	4.50621	36.2	60
dDocent_Contig_15970	1	409	1	128	31.2958	0.312958	36.7	60
dDocent_Contig_15973	1	387	3	118	30.491	0.762274	36.9	60
dDocent_Contig_15977	1	424	79	258	60.8491	22.5991	35.8	60
dDocent_Contig_15982	1	380	24	289	76.0526	6.27632	35.8	57
dDocent_Contig_15983	1	419	21	190	45.3461	5.24344	36	56.8
dDocent_Contig_15985	1	447	2	175	39.1499	0.651007	36.8	60
dDocent_Contig_16005	1	386	8	289	74.8705	2.26943	34.4	60
dDocent_Contig_16007	1	349	18	199	57.0201	5.95702	36.2	60
dDocent_Contig_16008	1	468	11	144	30.7692	2.48504	36.8	60
dDocent_Contig_16010	1	403	21	197	48.8834	6.28784	36.6	60
dDocent_Contig_16012	1	400	10	204	51	3.11	36.6	60
dDocent_Contig_16014	1	354	5	149	42.0904	1.67797	36.8	60
dDocent_Contig_16015	1	316	18	218	68.9873	8	35.5	60
dDocent_Contig_16024	1	298	33	271	90.9396	12.6242	35.8	60
dDocent_Contig_16026	1	309	53	308	99.6764	19.9903	36.6	55.6
dDocent_Contig_16027	1	460	29	177	38.4783	7.36957	34.9	59.3
dDocent_Contig_16029	1	279	23	185	66.3082	8.69534	36.4	60
dDocent_Contig_16031	1	353	155	351	99.4334	48.3541	36.3	54
dDocent_Contig_16033	1	334	17	243	72.7545	6.72156	34.7	60
dDocent_Contig_16041	1	336	22	285	84.8214	8.73512	35.6	60
dDocent_Contig_16042	1	427	4	175	40.9836	1.01639	36.6	60
dDocent_Contig_16046	1	397	9	344	86.6499	2.69521	36.6	60
dDocent_Contig_16052	1	412	1	99	24.0291	0.240291	36.9	60
dDocent_Contig_16056	1	369	3	198	53.6585	1.21951	34.1	60
dDocent_Contig_16061	1	361	2	143	39.6122	0.792244	36.7	60
dDocent_Contig_16064	1	368	3	122	33.1522	0.959239	36.4	60
dDocent_Contig_16066	1	472	12	183	38.7712	3.19068	36.2	60
dDocent_Contig_16067	1	398	9	314	78.8945	2.94472	35.8	60
dDocent_Contig_16070	1	410	11	354	86.3415	2.71951	35.5	60
dDocent_Contig_16077	1	450	27	307	68.2222	7.24	36.1	60
dDocent_Contig_16078	1	331	7	222	67.0695	2.43505	33.1	60
dDocent_Contig_16081	1	383	9	179	46.7363	2.69974	36.2	60
dDocent_Contig_16085	1	390	2	57	14.6154	0.292308	36.8	27
dDocent_Contig_16086	1	401	3	159	39.6509	0.882793	36.9	60
dDocent_Contig_16089	1	338	22	205	60.6509	7.95858	36.3	60
dDocent_Contig_16100	1	311	11	154	49.5177	4.30547	36.1	60
dDocent_Contig_16124	1	246	170	187	76.0163	75.4675	36.3	47.9
dDocent_Contig_16134	1	341	15	156	45.7478	4.93548	35.8	60
dDocent_Contig_16139	1	373	2	100	26.8097	0.536193	37	60
dDocent_Contig_16140	1	391	10	173	44.2455	2.8798	36.5	60
dDocent_Contig_16142	1	301	7	202	67.1096	3.42525	36.4	60
dDocent_Contig_16145	1	411	2	143	34.7932	0.695864	37	60
dDocent_Contig_16146	1	414	11	227	54.8309	3.30435	36.8	60
dDocent_Contig_16154	1	305	717	302	99.0164	268.603	36.1	55.5
dDocent_Contig_16155	1	358	3	112	31.2849	0.938547	34.9	60
dDocent_Contig_16156	1	358	23	197	55.0279	6.59777	36.7	60
dDocent_Contig_16157	1	384	2	108	28.125	0.5625	36.5	60
dDocent_Contig_16162	1	441	2	115	26.0771	0.521542	36.8	60
dDocent_Contig_16166	1	326	2	130	39.8773	0.797546	36.9	60
dDocent_Contig_16179	1	332	1	75	22.5904	0.225904	36.8	60
dDocent_Contig_16180	1	364	6	212	58.2418	1.92582	36.8	38.2
dDocent_Contig_16181	1	385	4	156	40.5195	1.54805	36.4	60
dDocent_Contig_16182	1	374	2	81	21.6578	0.433155	36.9	60
dDocent_Contig_16184	1	335	16	150	44.7761	4.88955	36.1	60
dDocent_Contig_16185	1	370	672	368	99.4595	210.046	35.9	52.4
dDocent_Contig_16186	1	448	832	395	88.1696	208.29	36.1	59.9
dDocent_Contig_16191	1	342	12	238	69.5906	4.21053	35.9	59.8
dDocent_Contig_16192	1	472	7	140	29.661	1.57839	35.5	60
dDocent_Contig_16194	1	384	2769	362	94.2708	822.893	36.1	51.7
dDocent_Contig_16195	1	395	179	329	83.2911	45.6481	36.4	50.1
dDocent_Contig_16205	1	333	15	165	49.5495	4.97598	36.3	60
dDocent_Contig_16208	1	385	13	196	50.9091	3.85974	36.5	60
dDocent_Contig_16209	1	274	1	150	54.7445	0.547445	36.7	60
dDocent_Contig_16210	1	264	11	171	64.7727	4.95833	35.9	60
dDocent_Contig_16213	1	236	11	161	68.2203	5.47034	36.7	60
dDocent_Contig_16224	1	393	12	267	67.9389	3.15522	35.2	60
dDocent_Contig_16225	1	359	1	109	30.3621	0.303621	36.8	60
dDocent_Contig_16228	1	310	1	57	18.3871	0.183871	36.8	60
dDocent_Contig_16229	1	373	2	86	23.0563	0.461126	36.7	60
dDocent_Contig_16236	1	372	8	189	50.8065	2.23925	36.8	60
dDocent_Contig_16240	1	409	19	185	45.2323	4.84841	36.2	60
dDocent_Contig_16241	1	370	7	206	55.6757	1.48919	36.5	60
dDocent_Contig_16242	1	378	1	108	28.5714	0.285714	36.6	60
dDocent_Contig_16243	1	412	95	390	94.6602	26.2816	36	58.7
dDocent_Contig_16262	1	411	20	181	44.0389	5.76886	36.6	58.5
dDocent_Contig_16265	1	386	8	222	57.513	2.80052	36.7	60
dDocent_Contig_16278	1	317	1	35	11.041	0.11041	36.3	60
dDocent_Contig_16283	1	341	24	314	92.0821	8.15249	35.6	60
dDocent_Contig_16284	1	435	7	101	23.2184	1.32414	36.7	56.9
dDocent_Contig_16287	1	409	318	235	57.4572	86.4352	36.1	52.6
dDocent_Contig_16289	1	281	37	258	91.8149	13.0854	36.3	58.6
dDocent_Contig_16290	1	249	14	153	61.4458	6.54618	36.4	60
dDocent_Contig_16292	1	394	32	326	82.7411	8.04061	35.5	58.4
dDocent_Contig_16294	1	387	16	208	53.7468	4.63049	35.7	57.5
dDocent_Contig_16295	1	296	336	285	96.2838	134.26	36.3	59.8
dDocent_Contig_16296	1	380	106	376	98.9474	30.1842	36.4	58.8
dDocent_Contig_16297	1	264	170	210	79.5455	62.7083	36.4	59.4
dDocent_Contig_16298	1	377	19	315	83.5544	5.85146	35.8	55.9
dDocent_Contig_16300	1	384	26	195	50.7812	7.90885	35.8	60
dDocent_Contig_16301	1	319	454	318	99.6865	153.329	36.2	59.9
dDocent_Contig_16302	1	319	15	256	80.2508	3.70846	35.9	37.9
dDocent_Contig_16304	1	379	1994	377	99.4723	610.148	35.9	58.6
dDocent_Contig_16306	1	307	144	305	99.3485	53.4625	36.1	59.2
dDocent_Contig_16307	1	351	15	136	38.7464	4.2849	36.7	60
dDocent_Contig_16308	1	349	269	326	93.4097	73.7851	36.3	54
dDocent_Contig_16309	1	248	174	229	92.3387	77.621	36.2	58.8
dDocent_Contig_16311	1	260	232	242	93.0769	93.8192	36	56.9
dDocent_Contig_16312	1	376	1429	375	99.734	417.689	36.3	50.3
dDocent_Contig_16313	1	364	12	193	53.022	3.83791	36.8	45
dDocent_Contig_16314	1	250	13	220	88	5.28	36.2	59.8
dDocent_Contig_16315	1	355	27	263	74.0845	7.48732	36.4	59.7
dDocent_Contig_16316	1	467	11	167	35.7602	2.7409	36.1	60
dDocent_Contig_16318	1	485	277	435	89.6907	65.9381	36	59
dDocent_Contig_16319	1	340	121	307	90.2941	41.6382	36	43.5
dDocent_Contig_16320	1	396	62	284	71.7172	16.5253	36.2	53.3
dDocent_Contig_16321	1	344	1087	343	99.7093	350.064	35.4	58.9
dDocent_Contig_16322	1	363	1	96	26.4463	0.264463	34.2	60
dDocent_Contig_16323	1	392	104	372	94.898	33.6556	36.1	45.2
dDocent_Contig_16324	1	297	112	275	92.5926	41.165	36.3	59.2
dDocent_Contig_16327	1	431	4	182	42.2274	0.844548	36.9	43.5
dDocent_Contig_16328	1	362	246	361	99.7238	78.953	36.1	59.9
dDocent_Contig_16330	1	382	2	98	25.6545	0.458115	33.5	24.5
dDocent_Contig_16331	1	371	8	103	27.7628	1.96765	35.6	60
dDocent_Contig_16336	1	302	590	271	89.7351	229.828	35.9	49.3
dDocent_Contig_16337	1	339	58	277	81.7109	18.0088	36.4	43.8
dDocent_Contig_16338	1	349	8	182	52.149	2.46132	34.9	56.1
dDocent_Contig_16340	1	513	6	114	22.2222	1.22417	36.9	60
dDocent_Contig_16341	1	367	3	140	38.1471	0.836512	36.4	28.7
dDocent_Contig_16342	1	444	400	444	100	102.89	35.5	35
dDocent_Contig_16344	1	411	151	355	86.3747	41.2019	35.7	60
dDocent_Contig_16346	1	352	35	351	99.7159	11.4403	36.1	60
dDocent_Contig_16348	1	402	815	372	92.5373	226.087	35.7	55.5
dDocent_Contig_16349	1	400	1	96	24	0.24	36.8	60
dDocent_Contig_16352	1	405	2404	404	99.7531	671.346	35.5	57.7
dDocent_Contig_16353	1	419	332	392	93.5561	87.0095	36.1	59.3
dDocent_Contig_16355	1	277	10	213	76.8953	4.213	36.5	46.7
dDocent_Contig_16363	1	301	269	301	100	90.4884	36.2	51.3
dDocent_Contig_16364	1	390	192	390	100	58.859	36.1	50.9
dDocent_Contig_16365	1	383	2	129	33.6815	0.673629	36.7	34
dDocent_Contig_16366	1	367	52	296	80.654	13.9864	36.5	54.9
dDocent_Contig_16367	1	393	19	202	51.3995	3.60051	36.7	42.6
dDocent_Contig_16368	1	339	604	303	89.3805	177.324	36.1	53.1
dDocent_Contig_16369	1	430	26	207	48.1395	8.14884	35.6	60
dDocent_Contig_16370	1	244	18	180	73.7705	8.85246	35.8	60
dDocent_Contig_16371	1	402	594	394	98.01	174.746	36	59.4
dDocent_Contig_16374	1	394	18	336	85.2792	4.48985	36.6	60
dDocent_Contig_16375	1	389	70	325	83.5476	19.9769	36	42.2
dDocent_Contig_16389	1	492	2	102	20.7317	0.414634	36.9	60
dDocent_Contig_16391	1	235	9	235	100	4.2766	36.7	60
dDocent_Contig_16398	1	406	34	210	51.7241	9.31034	35.1	60
dDocent_Contig_16402	1	408	24	158	38.7255	5.92402	36.5	60
dDocent_Contig_16407	1	368	12	282	76.6304	3.19022	35.7	59.9
dDocent_Contig_16420	1	403	3	183	45.4094	0.851117	36.5	60
dDocent_Contig_16423	1	370	530	258	69.7297	178.368	36	40.9
dDocent_Contig_16424	1	302	18	156	51.6556	7.65232	35.2	60
dDocent_Contig_16425	1	438	4	229	52.2831	0.952055	35	60
dDocent_Contig_16427	1	401	9	292	72.818	3.00998	34.1	60
dDocent_Contig_16430	1	373	40	346	92.7614	13.8311	35.5	59.3
dDocent_Contig_16432	1	395	23	273	69.1139	5.44051	34.6	60
dDocent_Contig_16435	1	361	2	134	37.1191	0.576177	33.3	60
dDocent_Contig_16436	1	428	1	97	22.6636	0.226636	36.9	60
dDocent_Contig_16438	1	460	2	143	31.087	0.621739	36.9	60
dDocent_Contig_16439	1	350	5	158	45.1429	1.53714	36.3	60
dDocent_Contig_16442	1	368	10	174	47.2826	3.57609	36.8	60
dDocent_Contig_16468	1	476	1	114	23.9496	0.239496	36.9	60
dDocent_Contig_16472	1	397	14	238	59.9496	3.65239	36.4	60
dDocent_Contig_16487	1	331	8	154	46.5257	2.79456	34.6	60
dDocent_Contig_16488	1	373	5	120	32.1716	1.39142	36.6	47.4
dDocent_Contig_16492	1	338	14	149	44.0828	5.31657	34.8	60
dDocent_Contig_16493	1	475	16	373	78.5263	3.62316	36.6	60
dDocent_Contig_16507	1	365	5	134	36.7123	1.83562	36.9	60
dDocent_Contig_16509	1	412	6	280	67.9612	1.74029	35.6	60
dDocent_Contig_16511	1	318	72	197	61.9497	21.8711	36.4	52.2
dDocent_Contig_16517	1	345	26	284	82.3188	8.37681	35.7	60
dDocent_Contig_16528	1	302	2	113	37.4172	0.592715	36.4	32
dDocent_Contig_16532	1	366	19	297	81.1475	5.91257	36.6	60
dDocent_Contig_16534	1	451	1	138	30.5987	0.305987	36.5	60
dDocent_Contig_16536	1	464	22	163	35.1293	4.83836	36.6	60
dDocent_Contig_16537	1	412	2	110	26.699	0.533981	36.9	60
dDocent_Contig_16541	1	321	8	108	33.6449	1.93769	36.6	60
dDocent_Contig_16542	1	345	14	169	48.9855	3.87536	36.8	60
dDocent_Contig_16551	1	380	20	184	48.4211	6.06579	36.8	60
dDocent_Contig_16552	1	368	39	220	59.7826	12.9538	35.4	60
dDocent_Contig_16553	1	364	7	159	43.6813	1.73901	36.8	60
dDocent_Contig_16554	1	422	1	79	18.7204	0.187204	35.3	40
dDocent_Contig_16574	1	412	15	189	45.8738	4.28883	36.3	60
dDocent_Contig_16577	1	442	4	285	64.4796	0.972851	36.8	60
dDocent_Contig_16581	1	406	4	155	38.1773	0.977833	33.7	60
dDocent_Contig_16587	1	451	1	92	20.3991	0.203991	36.9	60
dDocent_Contig_16589	1	393	9	212	53.944	2.49873	36.7	60
dDocent_Contig_16591	1	376	2	107	28.4574	0.569149	36.9	60
dDocent_Contig_16594	1	379	3	160	42.2164	0.69657	37	60
dDocent_Contig_16595	1	334	11	298	89.2216	4.07485	36.3	60
dDocent_Contig_16603	1	315	16	197	62.5397	4.55873	36.6	60
dDocent_Contig_16609	1	332	12	196	59.0361	4.20783	36.2	60
dDocent_Contig_16612	1	392	11	224	57.1429	3.51276	34.5	60
dDocent_Contig_16616	1	380	15	346	91.0526	5.22632	36.6	60
dDocent_Contig_16617	1	437	33	246	56.2929	9.56751	35.6	55.4
dDocent_Contig_16619	1	317	6	142	44.795	1.71293	36.5	60
dDocent_Contig_16633	1	414	14	186	44.9275	4.83092	34.6	60
dDocent_Contig_16638	1	438	27	204	46.5753	7.65753	36.1	60
dDocent_Contig_16652	1	383	27	326	85.1175	7.69713	36.1	43.7
dDocent_Contig_16662	1	363	4	136	37.4656	0.77686	34.4	60
dDocent_Contig_16663	1	447	22	154	34.4519	5.38031	36.2	60
dDocent_Contig_16665	1	399	2	82	20.5514	0.411028	35.5	60
dDocent_Contig_16672	1	363	18	180	49.5868	5.27273	36.8	60
dDocent_Contig_16676	1	390	34	305	78.2051	10.1974	36.2	60
dDocent_Contig_16677	1	482	2	94	19.5021	0.390041	36.7	60
dDocent_Contig_16680	1	246	8	150	60.9756	3.89837	36.8	60
dDocent_Contig_16688	1	348	2	98	28.1609	0.563218	36.4	60
dDocent_Contig_16692	1	390	2	103	26.4103	0.528205	36.6	60
dDocent_Contig_16693	1	425	2	109	25.6471	0.512941	36.8	60
dDocent_Contig_16700	1	400	1050	399	99.75	289.885	36.2	54.1
dDocent_Contig_16702	1	432	4	37	8.56481	0.314815	36.9	60
dDocent_Contig_16709	1	368	19	167	45.3804	4.94022	36.4	60
dDocent_Contig_16715	1	403	9	241	59.8015	2.65509	36.5	60
dDocent_Contig_16717	1	398	2	91	22.8643	0.452261	31.4	60
dDocent_Contig_16721	1	366	55	225	61.4754	16.082	36.2	60
dDocent_Contig_16724	1	328	1958	327	99.6951	687.988	36.1	56.3
dDocent_Contig_16725	1	394	103	393	99.7462	24.6904	36.4	52.4
dDocent_Contig_16729	1	385	32	238	61.8182	8.75584	36.1	60
dDocent_Contig_16730	1	277	8	232	83.7545	3.11191	35.2	60
dDocent_Contig_16737	1	325	14	153	47.0769	4.79692	35.2	60
dDocent_Contig_16743	1	458	8	143	31.2227	1.59825	35.9	60
dDocent_Contig_16746	1	394	103	362	91.8782	23.8909	36.4	49.1
dDocent_Contig_16747	1	335	22	185	55.2239	7.13433	36.1	60
dDocent_Contig_16748	1	292	106	275	94.1781	29.0342	35.5	43.5
dDocent_Contig_16749	1	238	6	146	61.3445	2.17647	36.6	60
dDocent_Contig_16780	1	356	2	102	28.6517	0.573034	36.2	60
dDocent_Contig_16781	1	334	8	157	47.006	2.71257	36.6	60
dDocent_Contig_16782	1	406	118	390	96.0591	32.1305	35.9	59.4
dDocent_Contig_16783	1	364	17	222	60.989	5.69505	36.7	60
dDocent_Contig_16785	1	356	5	241	67.6966	1.41573	34.5	60
dDocent_Contig_16786	1	466	5	183	39.2704	1.03219	35.7	60
dDocent_Contig_16796	1	396	2	118	29.798	0.59596	36.7	60
dDocent_Contig_16800	1	439	10	234	53.303	2.84738	36.6	60
dDocent_Contig_16801	1	295	17	183	62.0339	5.98644	36.1	60
dDocent_Contig_16816	1	446	3	204	45.7399	0.639013	37	60
dDocent_Contig_16817	1	339	15	151	44.5428	5.17699	35.4	60
dDocent_Contig_16821	1	463	33	215	46.4363	8.527	36	60
dDocent_Contig_16822	1	369	58	353	95.664	16.0352	36.2	34.1
dDocent_Contig_16830	1	453	9	204	45.0331	1.83444	36.6	60
dDocent_Contig_16831	1	244	516	171	70.082	206.066	36.2	57.2
dDocent_Contig_16833	1	360	21	217	60.2778	6.90278	35	60
dDocent_Contig_16848	1	386	248	384	99.4819	73.3912	36.4	42.3
dDocent_Contig_16850	1	343	1680	343	100	569.51	36.1	56
dDocent_Contig_16853	1	312	46	303	97.1154	18.2404	35.7	60
dDocent_Contig_16862	1	224	17	197	87.9464	8.41964	35.8	59.4
dDocent_Contig_16875	1	359	11	190	52.9248	3.52925	36.7	60
dDocent_Contig_16877	1	375	18	244	65.0667	5.42667	35.9	60
dDocent_Contig_16886	1	398	695	280	70.3518	186.342	36.3	48.1
dDocent_Contig_16887	1	368	58	142	38.587	14.962	36.6	50.3
dDocent_Contig_16888	1	339	9	147	43.3628	2.54572	36.7	60
dDocent_Contig_16891	1	403	4	209	51.861	0.903226	35.8	60
dDocent_Contig_16892	1	455	3	140	30.7692	0.448352	36.5	60
dDocent_Contig_16894	1	457	2	109	23.8512	0.477024	36.5	60
dDocent_Contig_16900	1	404	48	361	89.3564	14.448	35.8	60
dDocent_Contig_16904	1	368	14	212	57.6087	4.48641	36.3	60
dDocent_Contig_16907	1	460	23	276	60	5.15	36.2	60
dDocent_Contig_16920	1	320	10	155	48.4375	3.47812	36.6	60
dDocent_Contig_16921	1	350	6	213	60.8571	1.75429	36.6	60
dDocent_Contig_16923	1	484	31	255	52.686	9.09504	35.3	60
dDocent_Contig_16941	1	335	13	236	70.4478	5.53433	36.4	60
dDocent_Contig_16943	1	419	2	111	26.4916	0.529833	36.9	60
dDocent_Contig_16944	1	353	48	267	75.6374	19.2266	35.4	60
dDocent_Contig_16945	1	479	9	312	65.1357	2.11691	36.8	60
dDocent_Contig_16952	1	411	45	279	67.8832	13.0292	35.6	60
dDocent_Contig_16954	1	240	8	154	64.1667	3.87083	34.9	60
dDocent_Contig_16957	1	390	1	53	13.5897	0.135897	36.5	52
dDocent_Contig_16965	1	322	2	86	26.7081	0.534161	36.6	60
dDocent_Contig_16969	1	414	28	356	85.9903	7.18841	35.9	60
dDocent_Contig_16973	1	304	7	222	73.0263	2.46382	36.7	60
dDocent_Contig_16974	1	385	4	99	25.7143	1.02857	35.6	60
dDocent_Contig_16977	1	368	4	101	27.4457	0.728261	36.8	60
dDocent_Contig_16978	1	376	9	112	29.7872	2.46277	35.6	60
dDocent_Contig_16980	1	389	2	113	29.0488	0.580977	37	60
dDocent_Contig_16982	1	374	12	162	43.3155	3.37701	35.6	60
dDocent_Contig_16983	1	313	14	200	63.8978	5.70607	36.5	60
dDocent_Contig_16984	1	326	18	182	55.8282	6.1135	36.3	60
dDocent_Contig_16985	1	469	2	78	16.6311	0.332623	36.9	60
dDocent_Contig_16991	1	385	60	277	71.9481	17.7766	36	41.1
dDocent_Contig_16993	1	404	8	209	51.7327	1.86634	36.6	60
dDocent_Contig_16994	1	391	18	271	69.3095	6.04859	36	60
dDocent_Contig_16996	1	475	6	142	29.8947	1.28421	36.3	60
dDocent_Contig_16998	1	366	17	191	52.1858	5.42896	36.2	60
dDocent_Contig_17000	1	399	6	228	57.1429	1.73183	36.9	60
dDocent_Contig_17002	1	267	3	151	56.5543	1.57303	36.7	60
dDocent_Contig_17003	1	332	1	89	26.8072	0.268072	36.9	60
dDocent_Contig_17004	1	378	11	290	76.7196	3.73545	35.9	60
dDocent_Contig_17005	1	330	11	190	57.5758	3.47273	36.9	60
dDocent_Contig_17006	1	408	12	209	51.2255	3.72304	36.1	60
dDocent_Contig_17016	1	296	23	185	62.5	9.36486	35.4	60
dDocent_Contig_17019	1	407	1	119	29.2383	0.292383	36.9	60
dDocent_Contig_17021	1	372	20	225	60.4839	6.89247	36.1	60
dDocent_Contig_17023	1	309	13	209	67.6375	4.69903	36.8	60
dDocent_Contig_17033	1	400	11	168	42	2.635	36.7	60
dDocent_Contig_17034	1	425	2	92	21.6471	0.432941	36.9	60
dDocent_Contig_17042	1	399	51	264	66.1654	14.8722	36.4	60
dDocent_Contig_17048	1	345	3	251	72.7536	1.11884	35.5	60
dDocent_Contig_17057	1	357	1	122	34.1737	0.341737	35.8	60
dDocent_Contig_17060	1	384	4	179	46.6146	1.22917	36.7	60
dDocent_Contig_17061	1	385	3	136	35.3247	0.774026	37	60
dDocent_Contig_17062	1	372	35	360	96.7742	10.5081	36.1	57.9
dDocent_Contig_17064	1	384	2	81	21.0938	0.421875	36.9	60
dDocent_Contig_17066	1	392	4	165	42.0918	1.52041	36.8	60
dDocent_Contig_17067	1	299	14	181	60.5351	5.21405	36.2	60
dDocent_Contig_17073	1	403	8	263	65.2605	1.93548	36.6	58.4
dDocent_Contig_17075	1	290	4	137	47.2414	1.88966	34.2	60
dDocent_Contig_17078	1	467	67	202	43.2548	15.5011	35.5	60
dDocent_Contig_17089	1	376	6	115	30.5851	1.76064	35.7	60
dDocent_Contig_17090	1	333	1	111	33.3333	0.333333	36.3	60
dDocent_Contig_17091	1	380	11	250	65.7895	3.85789	35.4	60
dDocent_Contig_17095	1	462	7	117	25.3247	1.62554	35.4	60
dDocent_Contig_17100	1	393	30	317	80.6616	9.59796	36.2	60
dDocent_Contig_17105	1	384	58	382	99.4792	15.9193	36.3	59.1
dDocent_Contig_17110	1	405	10	154	38.0247	2.9037	36.8	60
dDocent_Contig_17111	1	321	12	238	74.1433	4.43925	36.1	60
dDocent_Contig_17123	1	334	6	154	46.1078	2.13174	36.3	25.2
dDocent_Contig_17125	1	390	30	385	98.7179	7.22308	36.4	49.8
dDocent_Contig_17127	1	361	22	176	48.7535	6.21884	36.6	60
dDocent_Contig_17130	1	296	6	116	39.1892	2.30068	34.6	60
dDocent_Contig_17134	1	388	23	252	64.9485	7.62371	35.6	60
dDocent_Contig_17136	1	434	9	190	43.7788	2.21889	35.8	60
dDocent_Contig_17139	1	405	2	79	19.5062	0.390123	37	60
dDocent_Contig_17140	1	365	8	133	36.4384	2.07945	36.6	46.6
dDocent_Contig_17141	1	369	2	145	39.2954	0.785908	36.6	60
dDocent_Contig_17142	1	488	9	166	34.0164	2.30533	36.6	60
dDocent_Contig_17144	1	435	12	165	37.931	3.64598	36.3	60
dDocent_Contig_17148	1	448	2	79	17.6339	0.352679	37	60
dDocent_Contig_17152	1	458	2	84	18.3406	0.366812	36.8	60
dDocent_Contig_17155	1	399	9	253	63.4085	2.401	36.6	60
dDocent_Contig_17156	1	401	6	139	34.6633	1.3217	36.9	60
dDocent_Contig_17158	1	483	2	75	15.528	0.310559	37	60
dDocent_Contig_17160	1	336	10	265	78.869	3.35714	36.3	60
dDocent_Contig_17161	1	460	2	50	10.8696	0.217391	36.6	60
dDocent_Contig_17163	1	280	5	140	50	1.52857	36.9	60
dDocent_Contig_17164	1	313	21	204	65.1757	8.67732	35.8	60
dDocent_Contig_17165	1	362	43	195	53.8674	14.5497	35.6	60
dDocent_Contig_17170	1	459	76	431	93.8998	19.2571	36.3	38.6
dDocent_Contig_17175	1	322	9	217	67.3913	4.02174	35	51.3
dDocent_Contig_17176	1	313	36	240	76.6773	13.6454	35.8	60
dDocent_Contig_17177	1	244	14	186	76.2295	6.66393	36	60
dDocent_Contig_17185	1	368	2	91	24.7283	0.494565	36.5	60
dDocent_Contig_17188	1	387	19	192	49.6124	6.05168	35.5	60
dDocent_Contig_17189	1	421	10	116	27.5534	2.04276	36.9	60
dDocent_Contig_17192	1	298	7	201	67.4497	2.87919	35	60
dDocent_Contig_17193	1	413	5	190	46.0048	1.13801	36.2	60
dDocent_Contig_17194	1	454	14	166	36.5639	3.47797	35.2	60
dDocent_Contig_17201	1	335	37	181	54.0299	12.597	35.8	60
dDocent_Contig_17202	1	400	1	119	29.75	0.2975	36.6	60
dDocent_Contig_17213	1	446	3	161	36.0987	1.00897	35.6	60
dDocent_Contig_17216	1	424	2	90	21.2264	0.424528	37	60
dDocent_Contig_17218	1	353	23	227	64.3059	7.32011	35.9	60
dDocent_Contig_17219	1	404	17	193	47.7723	4.60396	36.1	60
dDocent_Contig_17220	1	401	23	219	54.6135	6.58354	35.9	60
dDocent_Contig_17226	1	304	2	92	30.2632	0.605263	36.8	60
dDocent_Contig_17229	1	344	58	343	99.7093	15.7122	36.4	59.1
dDocent_Contig_17231	1	424	36	328	77.3585	9.70755	36.2	60
dDocent_Contig_17232	1	388	26	279	71.9072	8.6366	36.2	60
dDocent_Contig_17234	1	401	17	234	58.3541	5.49377	35.3	60
dDocent_Contig_17237	1	266	74	264	99.2481	34.9286	35.2	58.3
dDocent_Contig_17252	1	350	5	155	44.2857	1.95714	36.5	60
dDocent_Contig_17257	1	378	30	146	38.6243	8.90212	35.4	60
dDocent_Contig_17262	1	389	13	320	82.2622	3.77378	36.8	46.8
dDocent_Contig_17268	1	351	5	121	34.4729	0.920228	36.3	60
dDocent_Contig_17269	1	380	3	172	45.2632	1.00526	36.1	60
dDocent_Contig_17271	1	370	2	118	31.8919	0.637838	36.9	60
dDocent_Contig_17272	1	306	3	175	57.1895	0.826797	36.8	53.3
dDocent_Contig_17273	1	341	10	145	42.522	3.56891	36.5	60
dDocent_Contig_17274	1	384	8	146	38.0208	2.71615	36	60
dDocent_Contig_17280	1	388	12	307	79.1237	3.42784	35.6	60
dDocent_Contig_17285	1	388	1	95	24.4845	0.244845	36.9	26
dDocent_Contig_17292	1	435	6	139	31.954	1.38621	35.9	60
dDocent_Contig_17295	1	244	16	165	67.623	7.22131	36.4	60
dDocent_Contig_17296	1	375	3	196	52.2667	0.733333	35.3	60
dDocent_Contig_17298	1	444	15	225	50.6757	3.93468	36.3	60
dDocent_Contig_17299	1	335	11	183	54.6269	4.41791	36.7	60
dDocent_Contig_17307	1	388	5	198	51.0309	1.6366	36.8	60
dDocent_Contig_17308	1	498	9	166	33.3333	1.91365	36.5	60
dDocent_Contig_17309	1	387	1787	210	54.2636	491.271	36.3	59.4
dDocent_Contig_17310	1	375	20	209	55.7333	6.62933	35.1	59.6
dDocent_Contig_17316	1	322	10	183	56.8323	3.52174	36.4	60
dDocent_Contig_17320	1	410	34	234	57.0732	8.50732	36.2	38.6
dDocent_Contig_17321	1	387	10	190	49.0956	3.09044	36.3	60
dDocent_Contig_17323	1	353	2	103	29.1785	0.583569	36.8	60
dDocent_Contig_17328	1	341	184	292	85.6305	60.7361	36.4	32.9
dDocent_Contig_17333	1	301	25	168	55.814	8.9402	35.9	60
dDocent_Contig_17336	1	401	13	180	44.8878	3.68579	35.4	60
dDocent_Contig_17337	1	434	101	212	48.8479	19.2673	35.9	60
dDocent_Contig_17341	1	388	12	223	57.4742	3.57216	36.1	60
dDocent_Contig_17344	1	356	2	74	20.7865	0.41573	36.8	60
dDocent_Contig_17345	1	401	2	180	44.8878	0.708229	36.5	60
dDocent_Contig_17348	1	321	8	140	43.6137	2.47352	36	60
dDocent_Contig_17349	1	327	106	176	53.8226	34.2783	36.2	50.4
dDocent_Contig_17365	1	328	16	198	60.3659	5.46037	36.4	60
dDocent_Contig_17368	1	446	62	345	77.3543	15.2377	35.7	55.7
dDocent_Contig_17374	1	384	8	180	46.875	2.19792	36.9	60
dDocent_Contig_17376	1	376	5	269	71.5426	1.39894	36.9	60
dDocent_Contig_17377	1	269	5	127	47.2119	2.36059	36.2	60
dDocent_Contig_17384	1	353	17	187	52.9745	4.68555	35.1	60
dDocent_Contig_17385	1	356	31	242	67.9775	10.073	35.7	60
dDocent_Contig_17388	1	334	21	190	56.8862	8.49701	36.3	60
dDocent_Contig_17389	1	349	19	299	85.6734	6.1404	36.8	56.1
dDocent_Contig_17390	1	373	5	147	39.4102	1.02145	36	60
dDocent_Contig_17393	1	387	16	163	42.1189	3.94832	36.9	60
dDocent_Contig_17396	1	276	12	164	59.4203	5.35145	35.8	60
dDocent_Contig_17406	1	336	73	216	64.2857	22.2887	36.3	46.9
dDocent_Contig_17407	1	355	1853	354	99.7183	593.718	36.1	58.2
dDocent_Contig_17408	1	486	4	133	27.3663	0.547325	36.8	60
dDocent_Contig_17409	1	316	19	240	75.9494	5.88608	36.5	60
dDocent_Contig_17414	1	269	2	137	50.9294	1.01859	35.8	60
dDocent_Contig_17415	1	400	19	155	38.75	5.315	36.5	60
dDocent_Contig_17417	1	281	25	245	87.1886	11.6548	36.3	60
dDocent_Contig_17421	1	395	23	282	71.3924	6.79241	36.5	47.3
dDocent_Contig_17422	1	371	106	358	96.496	30.752	36	57.2
dDocent_Contig_17423	1	382	8	178	46.5969	2.44764	36.9	60
dDocent_Contig_17428	1	458	15	162	35.3712	2.98472	37	60
dDocent_Contig_17429	1	343	6	165	48.105	1.69096	36	60
dDocent_Contig_17434	1	408	8	214	52.451	1.7549	36.1	60
dDocent_Contig_17435	1	433	23	180	41.5704	5.07159	35.5	60
dDocent_Contig_17442	1	352	37	320	90.9091	11.1818	36.3	60
dDocent_Contig_17444	1	310	13	220	70.9677	4.77097	36.1	60
dDocent_Contig_17446	1	350	3	209	59.7143	0.88	37	60
dDocent_Contig_17447	1	430	3	106	24.6512	0.739535	36.4	60
dDocent_Contig_17452	1	402	205	387	96.2687	61.1866	36	59.8
dDocent_Contig_17454	1	286	7	97	33.9161	1.76923	35.7	52.4
dDocent_Contig_17456	1	384	24	269	70.0521	7.10938	36.4	60
dDocent_Contig_17461	1	475	5	149	31.3684	0.983158	36.8	60
dDocent_Contig_17471	1	296	15	161	54.3919	5.69932	36.5	60
dDocent_Contig_17472	1	350	24	228	65.1429	7.83429	36	60
dDocent_Contig_17474	1	427	5	196	45.9016	1.17564	36.5	60
dDocent_Contig_17483	1	405	8	192	47.4074	2.15062	36.8	60
dDocent_Contig_17489	1	516	25	222	43.0233	5.74806	36	60
dDocent_Contig_17491	1	290	33	212	73.1034	14.0793	36.4	60
dDocent_Contig_17492	1	440	2	99	22.5	0.45	36.9	60
dDocent_Contig_17498	1	450	45	258	57.3333	12.0467	35.9	60
dDocent_Contig_17500	1	500	16	269	53.8	2.756	36.3	60
dDocent_Contig_17502	1	513	7	128	24.9513	1.25926	36.9	60
dDocent_Contig_17503	1	412	27	166	40.2913	7.12136	35.7	58.8
dDocent_Contig_17509	1	402	31	223	55.4726	8.29602	36.3	60
dDocent_Contig_17515	1	306	8	188	61.4379	3.58824	36.7	60
dDocent_Contig_17522	1	411	16	217	52.7981	4.6764	36.6	60
dDocent_Contig_17523	1	344	7	161	46.8023	2.00872	36.7	60
dDocent_Contig_17526	1	298	10	207	69.4631	4.26174	36.7	60
dDocent_Contig_17530	1	379	21	192	50.6596	6.55409	36.2	60
dDocent_Contig_17536	1	354	12	179	50.565	3.53672	36.3	60
dDocent_Contig_17559	1	346	26	298	86.1272	7.95087	36	56.3
dDocent_Contig_17562	1	329	29	217	65.9574	9.1307	35.8	60
dDocent_Contig_17571	1	450	36	207	46	8.60889	36.3	60
dDocent_Contig_17572	1	502	1	102	20.3187	0.203187	36.9	60
dDocent_Contig_17576	1	449	6	155	34.5212	1.23163	36.9	60
dDocent_Contig_17587	1	397	2	70	17.6322	0.352645	37	60
dDocent_Contig_17607	1	338	2	91	26.9231	0.538462	36.9	60
dDocent_Contig_17608	1	341	157	153	44.868	44.1261	36.3	50.2
dDocent_Contig_17609	1	235	8	140	59.5745	3.30638	35.6	60
dDocent_Contig_17610	1	356	9	263	73.8764	3.01404	36.5	40.4
dDocent_Contig_17611	1	334	92	333	99.7006	29.488	36.2	53.6
dDocent_Contig_17613	1	273	28	219	80.2198	12.4286	36.4	60
dDocent_Contig_17617	1	390	23	271	69.4872	5.97949	35.9	60
dDocent_Contig_17630	1	378	2	57	15.0794	0.301587	37	60
dDocent_Contig_17639	1	375	12	287	76.5333	2.98133	35.9	53.7
dDocent_Contig_17642	1	331	36	324	97.8852	13.6495	35.9	59.2
dDocent_Contig_17643	1	293	1	126	43.0034	0.430034	37	60
dDocent_Contig_17650	1	351	12	182	51.8519	4.37322	34.3	60
dDocent_Contig_17658	1	360	39	253	70.2778	11.6861	35.4	60
dDocent_Contig_17659	1	436	10	154	35.3211	2.53899	35.4	60
dDocent_Contig_17671	1	306	22	258	84.3137	8.29085	35.3	60
dDocent_Contig_17676	1	360	3	124	34.4444	0.955556	37	60
dDocent_Contig_17677	1	371	13	200	53.9084	4.87062	35.7	60
dDocent_Contig_17681	1	422	19	216	51.1848	5.10427	35.7	60
dDocent_Contig_17686	1	396	48	233	58.8384	15.7323	35.7	60
dDocent_Contig_17689	1	357	2	110	30.8123	0.616246	36.8	60
dDocent_Contig_17692	1	435	14	141	32.4138	3.48966	36.8	60
dDocent_Contig_17700	1	385	23	314	81.5584	6.35325	35.5	60
dDocent_Contig_17703	1	467	1	84	17.9872	0.179872	32.3	60
dDocent_Contig_17711	1	238	20	159	66.8067	9.97059	34.3	60
dDocent_Contig_17712	1	273	5	124	45.4212	1.7619	36.4	60
dDocent_Contig_17715	1	358	42	257	71.7877	13.243	35.2	60
dDocent_Contig_17716	1	396	2	99	25	0.5	34	60
dDocent_Contig_17722	1	365	18	242	66.3014	6.08767	35.6	60
dDocent_Contig_17724	1	467	2	111	23.7687	0.475375	36.7	60
dDocent_Contig_17725	1	419	4	114	27.2076	1.08831	33.7	60
dDocent_Contig_17730	1	373	4	206	55.2279	1.10456	36.2	60
dDocent_Contig_17731	1	495	2	109	22.0202	0.440404	36.9	60
dDocent_Contig_17738	1	385	644	329	85.4545	185.374	36.2	58.9
dDocent_Contig_17739	1	248	105	247	99.5968	46.1976	35.5	60
dDocent_Contig_17740	1	260	14	201	77.3077	6.22692	36.2	60
dDocent_Contig_17758	1	444	1	90	20.2703	0.202703	36.7	60
dDocent_Contig_17766	1	277	1	101	36.4621	0.364621	36.9	60
dDocent_Contig_17767	1	375	10	220	58.6667	3.72267	36.1	60
dDocent_Contig_17775	1	326	12	144	44.1718	4.01227	35.8	60
dDocent_Contig_17777	1	321	1	120	37.3832	0.373832	30	60
dDocent_Contig_17787	1	366	21	290	79.235	6.54372	36.5	55
dDocent_Contig_17790	1	473	6	188	39.7463	1.42072	36.8	60
dDocent_Contig_17792	1	395	7	232	58.7342	1.8	36.7	53.4
dDocent_Contig_17796	1	331	14	196	59.2145	5.16918	36.3	60
dDocent_Contig_17804	1	382	9	192	50.2618	2.61257	36.7	60
dDocent_Contig_17813	1	466	30	216	46.3519	7.52361	36.5	60
dDocent_Contig_17817	1	429	25	200	46.62	7.02098	36.1	60
dDocent_Contig_17818	1	430	5	115	26.7442	0.806977	36.6	60
dDocent_Contig_17829	1	304	12	230	75.6579	4.90461	36.5	60
dDocent_Contig_17834	1	359	7	198	55.1532	2.23955	37	60
dDocent_Contig_17835	1	266	10	222	83.4586	4.66917	36.7	60
dDocent_Contig_17845	1	354	2	68	19.209	0.384181	36.8	28
dDocent_Contig_17848	1	408	15	213	52.2059	4.66912	35.9	60
dDocent_Contig_17849	1	361	24	184	50.9695	7.70637	35.8	60
dDocent_Contig_17853	1	337	38	211	62.6113	10.7448	36.7	47.6
dDocent_Contig_17854	1	450	4	129	28.6667	1.14667	36.4	60
dDocent_Contig_17860	1	300	7	171	57	2.48333	36.8	60
dDocent_Contig_17861	1	267	11	244	91.3858	5.44195	36.3	60
dDocent_Contig_17865	1	448	3	100	22.3214	0.669643	32.4	60
dDocent_Contig_17867	1	376	18	356	94.6809	6.52128	36.5	60
dDocent_Contig_17870	1	488	2	139	28.4836	0.569672	36.8	60
dDocent_Contig_17871	1	402	25	189	47.0149	8.19652	35.8	60
dDocent_Contig_17898	1	307	6	225	73.2899	2.73616	36.4	60
dDocent_Contig_17901	1	408	2	117	28.6765	0.573529	35.9	60
dDocent_Contig_17903	1	359	20	172	47.9109	7.24513	36.2	60
dDocent_Contig_17931	1	405	11	224	55.3086	2.45926	35.4	54.4
dDocent_Contig_17935	1	302	2	103	34.106	0.682119	36.7	60
dDocent_Contig_17937	1	396	18	217	54.798	4.92424	36	60
dDocent_Contig_17938	1	416	26	209	50.2404	6.29567	36.4	60
dDocent_Contig_17945	1	388	3	130	33.5052	0.448454	36.9	60
dDocent_Contig_17947	1	348	2	80	22.9885	0.45977	36.9	60
dDocent_Contig_17949	1	391	1	102	26.087	0.26087	36.8	60
dDocent_Contig_17950	1	381	2	66	17.3228	0.346457	36.5	60
dDocent_Contig_17956	1	354	2	117	33.0508	0.661017	36.7	60
dDocent_Contig_17963	1	260	8	181	69.6154	3.20385	36.5	60
dDocent_Contig_17968	1	272	11	176	64.7059	5.11397	36.6	60
dDocent_Contig_17970	1	352	63	161	45.7386	20.429	35.5	60
dDocent_Contig_17974	1	439	2	69	15.7175	0.314351	37	60
dDocent_Contig_17978	1	457	2	95	20.7877	0.415755	37	60
dDocent_Contig_17982	1	430	39	169	39.3023	9.12791	35.5	60
dDocent_Contig_17992	1	396	5	153	38.6364	0.888889	35.5	60
dDocent_Contig_17995	1	355	7	265	74.6479	2.11268	34.7	52.4
dDocent_Contig_17996	1	332	32	230	69.2771	11.1627	35.6	60
dDocent_Contig_18003	1	383	29	178	46.4752	9.78329	34.7	59.6
dDocent_Contig_18004	1	360	29	228	63.3333	10.1889	35.5	59.9
dDocent_Contig_18011	1	301	64	230	76.412	25.0299	34.7	60
dDocent_Contig_18012	1	357	76	355	99.4398	22.1765	36.1	56.7
dDocent_Contig_18013	1	405	8	175	43.2099	2.08889	34.7	60
dDocent_Contig_18023	1	334	18	315	94.3114	6.49701	36.4	57.6
dDocent_Contig_18034	1	397	3	137	34.5088	0.843829	35.5	60
dDocent_Contig_18036	1	411	39	176	42.8224	9.15572	35	60
dDocent_Contig_18038	1	446	2	97	21.7489	0.434978	36.9	60
dDocent_Contig_18041	1	400	1	91	22.75	0.2275	35.9	60
dDocent_Contig_18042	1	335	11	187	55.8209	3.67164	36.6	60
dDocent_Contig_18043	1	373	34	224	60.0536	10.504	35.4	60
dDocent_Contig_18048	1	382	8	269	70.4188	2.74084	36.2	60
dDocent_Contig_18053	1	385	13	169	43.8961	3.56883	36.1	60
dDocent_Contig_18079	1	302	2	146	48.3444	0.966887	36.7	60
dDocent_Contig_18080	1	400	8	140	35	2.13	36.9	60
dDocent_Contig_18083	1	317	15	314	99.0536	4.59937	36.4	60
dDocent_Contig_18084	1	361	6	268	74.2382	2.31025	36.6	60
dDocent_Contig_18088	1	392	5	172	43.8776	1.57143	36.8	60
dDocent_Contig_18089	1	397	2	91	22.9219	0.458438	36.9	60
dDocent_Contig_18091	1	378	21	218	57.672	6.48148	35.1	59.2
dDocent_Contig_18093	1	375	29	290	77.3333	8.94133	36.2	59.7
dDocent_Contig_18097	1	277	16	175	63.1769	5.57762	36.3	60
dDocent_Contig_18106	1	380	14	122	32.1053	3.31842	36.4	35.6
dDocent_Contig_18107	1	491	8	204	41.5479	1.47454	36.6	60
dDocent_Contig_18108	1	419	3	138	32.9356	0.591885	36.9	60
dDocent_Contig_18109	1	369	21	254	68.8347	7.49593	36.1	60
dDocent_Contig_18110	1	386	9	203	52.5907	2.85492	35.8	60
dDocent_Contig_18118	1	378	7	155	41.0053	1.86508	36.8	60
dDocent_Contig_18124	1	379	7	166	43.7995	2.49077	36.8	60
dDocent_Contig_18127	1	407	1	93	22.8501	0.228501	36.6	60
dDocent_Contig_18132	1	477	1548	474	99.3711	377.411	36	34.4
dDocent_Contig_18134	1	293	4	227	77.4744	1.54949	36.3	60
dDocent_Contig_18138	1	369	6	159	43.0894	1.95664	36.8	60
dDocent_Contig_18139	1	399	1	96	24.0602	0.240602	36.8	60
dDocent_Contig_18141	1	246	9	206	83.7398	3.26829	35.5	57.7
dDocent_Contig_18152	1	364	1	118	32.4176	0.324176	36.4	60
dDocent_Contig_18153	1	379	1	102	26.9129	0.269129	36.8	60
dDocent_Contig_18154	1	343	1	115	33.5277	0.335277	36.8	60
dDocent_Contig_18160	1	409	3268	406	99.2665	909.861	35.8	59.2
dDocent_Contig_18171	1	332	2	83	25	0.5	35.1	60
dDocent_Contig_18183	1	293	36	204	69.6246	15.3857	35.4	60
dDocent_Contig_18187	1	359	7	213	59.3315	2.60724	36.9	60
dDocent_Contig_18188	1	376	12	285	75.7979	3.8883	36	60
dDocent_Contig_18189	1	455	2	172	37.8022	0.646154	36.7	60
dDocent_Contig_18203	1	471	3	140	29.724	0.585987	36.8	60
dDocent_Contig_18206	1	259	13	181	69.8842	5.92278	35.4	60
dDocent_Contig_18209	1	370	7	166	44.8649	2.08649	36.8	60
dDocent_Contig_18211	1	274	17	222	81.0219	6.44891	35.7	55.6
dDocent_Contig_18212	1	379	14	198	52.2427	4.43008	35.2	60
dDocent_Contig_18218	1	459	2	54	11.7647	0.235294	37	60
dDocent_Contig_18223	1	292	25	206	70.5479	9.71918	36.2	60
dDocent_Contig_18225	1	383	2	90	23.4987	0.469974	36.7	48
dDocent_Contig_18226	1	391	19	193	49.3606	4.58312	35.8	44.2
dDocent_Contig_18227	1	465	16	150	32.2581	3.84516	36.1	60
dDocent_Contig_18229	1	421	18	378	89.7862	4.43943	36.4	60
dDocent_Contig_18231	1	294	10	241	81.9728	3.52381	36.4	60
dDocent_Contig_18235	1	270	18	258	95.5556	6.9	36.8	50.4
dDocent_Contig_18241	1	421	1	80	19.0024	0.190024	36.5	60
dDocent_Contig_18242	1	384	109	331	86.1979	28.737	36	54.9
dDocent_Contig_18247	1	330	3	190	57.5758	0.79697	35.9	60
dDocent_Contig_18252	1	374	11	350	93.5829	3.18717	35.2	60
dDocent_Contig_18253	1	446	10	314	70.4036	2.58072	36.7	60
dDocent_Contig_18254	1	329	5	175	53.1915	1.7386	35.4	60
dDocent_Contig_18259	1	262	3	108	41.2214	1.23664	35.3	60
dDocent_Contig_18261	1	372	23	295	79.3011	7.85753	35.6	60
dDocent_Contig_18265	1	304	41	201	66.1184	17.5099	35.7	56.4
dDocent_Contig_18272	1	254	20	165	64.9606	9.50787	35.3	60
dDocent_Contig_18274	1	259	6	197	76.0618	3.4749	36.5	60
dDocent_Contig_18275	1	358	19	202	56.4246	6.00559	36.2	60
dDocent_Contig_18276	1	413	2	119	28.8136	0.576271	36.4	60
dDocent_Contig_18295	1	431	4	158	36.6589	1.00232	36.8	60
dDocent_Contig_18297	1	388	8	122	31.4433	2.10309	35.9	60
dDocent_Contig_18300	1	326	20	243	74.5399	7.66871	36.4	60
dDocent_Contig_18306	1	458	2	97	21.179	0.423581	36.9	60
dDocent_Contig_18311	1	378	9	223	58.9947	2.57407	36.7	37.6
dDocent_Contig_18317	1	424	2	90	21.2264	0.424528	36.9	60
dDocent_Contig_18318	1	297	28	213	71.7172	10.9697	35.6	60
dDocent_Contig_18321	1	353	5	289	81.8697	1.71955	34.9	60
dDocent_Contig_18329	1	385	1	95	24.6753	0.246753	36.1	60
dDocent_Contig_18331	1	397	6	308	77.5819	2.01511	36.7	60
dDocent_Contig_18335	1	381	53	204	53.5433	15.3281	36.4	37.2
dDocent_Contig_18336	1	357	9	185	51.8207	3.07003	35.6	60
dDocent_Contig_18350	1	452	14	158	34.9558	3.28097	35.9	60
dDocent_Contig_18353	1	316	1	137	43.3544	0.433544	36.8	60
dDocent_Contig_18354	1	349	719	285	81.6619	207.415	36.3	46
dDocent_Contig_18355	1	502	2	97	19.3227	0.386454	34.4	60
dDocent_Contig_18359	1	370	45	213	57.5676	15.2162	35.9	60
dDocent_Contig_18370	1	307	13	192	62.5407	5.2443	36.7	60
dDocent_Contig_18371	1	460	6	120	26.087	1.51304	36.2	60
dDocent_Contig_18372	1	309	16	192	62.1359	5.81553	36.1	55.4
dDocent_Contig_18376	1	416	29	230	55.2885	8.23798	35.9	60
dDocent_Contig_18377	1	337	4	206	61.1276	1.78042	36.8	60
dDocent_Contig_18385	1	401	1	116	28.9277	0.289277	36.6	60
dDocent_Contig_18388	1	402	2	92	22.8856	0.457711	36.7	60
dDocent_Contig_18391	1	264	9	157	59.4697	3.89015	36.8	60
dDocent_Contig_18394	1	345	22	175	50.7246	7.90435	36.4	60
dDocent_Contig_18395	1	451	2	90	19.9557	0.399113	36.8	60
dDocent_Contig_18410	1	461	13	239	51.8438	3.18438	36.1	60
dDocent_Contig_18421	1	439	45	273	62.1868	10.6333	35.7	60
dDocent_Contig_18431	1	388	2	97	25	0.5	36.7	60
dDocent_Contig_18432	1	387	11	333	86.0465	3.09819	36.6	53.5
dDocent_Contig_18433	1	340	5	173	50.8824	1.66765	36.7	60
dDocent_Contig_18437	1	344	2	105	30.5233	0.610465	36.8	60
dDocent_Contig_18439	1	329	628	324	98.4802	217.422	36.1	59.9
dDocent_Contig_18440	1	435	1	110	25.2874	0.252874	36.5	60
dDocent_Contig_18443	1	396	16	210	53.0303	4.60859	35.6	60
dDocent_Contig_18448	1	427	2	166	38.8759	0.702576	36.8	60
dDocent_Contig_18454	1	385	2	146	37.9221	0.758442	36.8	60
dDocent_Contig_18456	1	395	12	278	70.3797	3.52658	36.5	54.2
dDocent_Contig_18457	1	299	5	168	56.1873	1.65217	36	60
dDocent_Contig_18462	1	484	2	137	28.3058	0.566116	36.9	60
dDocent_Contig_18492	1	343	2163	297	86.5889	731.23	35.7	59.3
dDocent_Contig_18498	1	330	24	250	75.7576	9.21515	36.7	60
dDocent_Contig_18499	1	442	15	184	41.629	4.0905	34.8	60
dDocent_Contig_18504	1	393	9	148	37.659	2.30534	35.5	60
dDocent_Contig_18505	1	368	20	212	57.6087	6.61685	34.9	60
dDocent_Contig_18509	1	413	5	162	39.2252	1.38257	36.8	60
dDocent_Contig_18510	1	392	26	332	84.6939	7.39031	35.9	60
dDocent_Contig_18511	1	334	21	155	46.4072	5.97006	36.3	59.6
dDocent_Contig_18519	1	446	31	295	66.1435	8.17489	35.8	60
dDocent_Contig_18529	1	375	10	144	38.4	3.024	36.8	60
dDocent_Contig_18531	1	425	2	92	21.6471	0.432941	36.9	60
dDocent_Contig_18551	1	315	3	148	46.9841	1.14603	35.1	58.3
dDocent_Contig_18560	1	430	20	283	65.814	4.97674	36.2	60
dDocent_Contig_18561	1	379	4	134	35.3562	1.23483	36.7	60
dDocent_Contig_18562	1	375	7	153	40.8	1.864	36.8	60
dDocent_Contig_18567	1	321	12	159	49.5327	3.98442	36	60
dDocent_Contig_18568	1	361	14	195	54.0166	4.41274	35.9	60
dDocent_Contig_18569	1	362	12	150	41.4365	3.38122	36.5	60
dDocent_Contig_18605	1	362	10	128	35.3591	2.55801	34.1	57.4
dDocent_Contig_18607	1	407	5	162	39.8034	1.68796	36.7	60
dDocent_Contig_18620	1	330	11	216	65.4545	3.60606	36.5	60
dDocent_Contig_18623	1	428	1	111	25.9346	0.259346	37	60
dDocent_Contig_18625	1	379	15	173	45.6464	4.56992	36.5	60
dDocent_Contig_18626	1	371	2	72	19.407	0.38814	37	60
dDocent_Contig_18627	1	395	16	158	40	5.46835	36.7	60
dDocent_Contig_18632	1	327	28	252	77.0642	8.66361	36.3	60
dDocent_Contig_18633	1	394	22	236	59.8985	7.26904	35.9	60
dDocent_Contig_18634	1	264	45	258	97.7273	21.5682	36	60
dDocent_Contig_18635	1	239	13	180	75.3138	5.54393	36.8	60
dDocent_Contig_18638	1	399	9	184	46.1153	2.72431	35.4	60
dDocent_Contig_18639	1	269	3	227	84.3866	1.26766	36.9	60
dDocent_Contig_18640	1	329	34	223	67.7812	12.3647	35.5	60
dDocent_Contig_18641	1	413	10	292	70.7022	2.79419	36.3	60
dDocent_Contig_18646	1	333	471	312	93.6937	167.456	35.9	54.5
dDocent_Contig_18654	1	515	2	79	15.3398	0.306796	37	60
dDocent_Contig_18669	1	321	19	189	58.8785	6.8972	36.7	60
dDocent_Contig_18670	1	373	641	373	100	198.643	35.5	59.4
dDocent_Contig_18671	1	410	26	207	50.4878	7.18293	36.4	60
dDocent_Contig_18678	1	363	1	107	29.4766	0.294766	36.9	60
dDocent_Contig_18681	1	322	8	158	49.0683	2.95963	36.8	60
dDocent_Contig_18687	1	347	265	250	72.0461	82.8963	36.3	59.3
dDocent_Contig_18688	1	335	20	191	57.0149	7.10746	36.4	60
dDocent_Contig_18690	1	462	2	54	11.6883	0.233766	37	60
dDocent_Contig_18693	1	303	35	249	82.1782	10.198	36.5	41.8
dDocent_Contig_18694	1	380	6	167	43.9474	1.69474	36.4	60
dDocent_Contig_18717	1	354	20	237	66.9492	6.64972	36.3	60
dDocent_Contig_18726	1	400	8	170	42.5	2.26	36.9	60
dDocent_Contig_18731	1	394	162	388	98.4772	41.2335	35.8	44.8
dDocent_Contig_18735	1	383	2	167	43.6031	0.78329	36.4	60
dDocent_Contig_18738	1	320	65	198	61.875	15.1656	34.9	60
dDocent_Contig_18739	1	394	20	183	46.4467	5.53807	36.2	60
dDocent_Contig_18747	1	401	4	161	40.1496	1.00249	35.8	60
dDocent_Contig_18750	1	258	31	215	83.3333	15.2248	35.8	60
dDocent_Contig_18751	1	371	5	182	49.0566	1.86792	36.2	60
dDocent_Contig_18755	1	284	6	151	53.169	2.14085	36	60
dDocent_Contig_18756	1	378	16	327	86.5079	5.34921	36.7	60
dDocent_Contig_18757	1	300	12	184	61.3333	4.05333	34.9	60
dDocent_Contig_18758	1	423	1	150	35.461	0.35461	36.4	60
dDocent_Contig_18759	1	380	5	119	31.3158	1.10789	36.8	60
dDocent_Contig_18768	1	425	2	94	22.1176	0.442353	37	60
dDocent_Contig_18769	1	288	1	100	34.7222	0.347222	36.9	60
dDocent_Contig_18781	1	351	1	86	24.5014	0.245014	37	60
dDocent_Contig_18786	1	374	5	155	41.4439	1.22727	36.8	53.2
dDocent_Contig_18791	1	308	6	167	54.2208	2.38312	35.2	60
dDocent_Contig_18799	1	381	11	182	47.769	2.9685	36.1	60
dDocent_Contig_18800	1	407	6	192	47.1744	1.31695	36.8	60
dDocent_Contig_18805	1	353	36	279	79.0368	11.3286	36	32.9
dDocent_Contig_18823	1	338	16	194	57.3964	4.9142	36.7	60
dDocent_Contig_18827	1	414	30	412	99.5169	7.45894	36.1	52.6
dDocent_Contig_18832	1	431	14	192	44.5476	3.25754	36.6	56
dDocent_Contig_18845	1	451	2	92	20.3991	0.407982	36.9	60
dDocent_Contig_18846	1	398	26	219	55.0251	8.18593	36.3	60
dDocent_Contig_18850	1	358	4	142	39.6648	1.37989	36.7	60
dDocent_Contig_18853	1	407	4	177	43.4889	1.19165	36.6	60
dDocent_Contig_18859	1	374	2	91	24.3316	0.486631	36.6	60
dDocent_Contig_18860	1	357	30	194	54.3417	8.78431	36.4	60
dDocent_Contig_18861	1	307	7	183	59.6091	2.54723	36.8	60
dDocent_Contig_18862	1	417	8	144	34.5324	1.52518	36.7	60
dDocent_Contig_18863	1	345	19	309	89.5652	6.53913	34.4	59.4
dDocent_Contig_18865	1	340	6	200	58.8235	2.24706	36.8	60
dDocent_Contig_18871	1	319	3	234	73.3542	1.29154	36.6	60
dDocent_Contig_18880	1	368	21	219	59.5109	6.99457	35.7	60
dDocent_Contig_18883	1	385	8	157	40.7792	2.84416	36.9	60
dDocent_Contig_18884	1	363	8	181	49.8623	2.60055	36.8	49.5
dDocent_Contig_18888	1	396	8	180	45.4545	2.5404	35.7	60
dDocent_Contig_18890	1	344	13	201	58.4302	4.625	35.8	60
dDocent_Contig_18891	1	453	13	206	45.4746	2.94702	36.5	60
dDocent_Contig_18892	1	335	1639	333	99.403	558.233	36.1	59.8
dDocent_Contig_18893	1	369	128	260	70.4607	36.9512	36	52.8
dDocent_Contig_18894	1	426	14	176	41.3146	3.29577	36.2	60
dDocent_Contig_18898	1	304	128	303	99.6711	43.6184	36.3	50.6
dDocent_Contig_18901	1	395	22	386	97.7215	5.45063	35.5	42.5
dDocent_Contig_18903	1	417	17	224	53.717	5.4964	35.7	60
dDocent_Contig_18906	1	368	42	287	77.9891	13.9293	35.7	60
dDocent_Contig_18907	1	338	15	259	76.6272	5.61243	36.5	55.2
dDocent_Contig_18908	1	413	86	268	64.891	27.2179	36	60
dDocent_Contig_18910	1	482	24	287	59.5436	5.48133	36.6	60
dDocent_Contig_18911	1	365	21	199	54.5205	7.15342	36.6	60
dDocent_Contig_18917	1	315	12	184	58.4127	4.29841	36	60
dDocent_Contig_18918	1	405	22	256	63.2099	6.82222	36	60
dDocent_Contig_18922	1	407	1	143	35.1351	0.351351	36.5	60
dDocent_Contig_18926	1	346	2	138	39.8844	0.797688	36.8	60
dDocent_Contig_18927	1	289	2	72	24.9135	0.49827	36.9	60
dDocent_Contig_18934	1	341	12	192	56.305	3.84164	36.7	60
dDocent_Contig_18937	1	395	9	175	44.3038	2.64051	35.7	60
dDocent_Contig_18941	1	399	51	265	66.416	12.8471	36.3	46.2
dDocent_Contig_18942	1	367	25	236	64.3052	7.52044	36.1	60
dDocent_Contig_18946	1	356	12	297	83.427	3.83708	35.6	60
dDocent_Contig_18947	1	371	55	244	65.7682	17.186	36.4	60
dDocent_Contig_18952	1	375	10	164	43.7333	2.88	36.6	60
dDocent_Contig_18953	1	337	22	307	91.0979	7.43917	36.3	56.5
dDocent_Contig_18954	1	373	5	226	60.5898	1.80161	35.6	60
dDocent_Contig_18955	1	453	15	174	38.4106	3.63797	36.7	60
dDocent_Contig_18970	1	467	12	175	37.4732	3.28694	36	60
dDocent_Contig_18971	1	408	25	285	69.8529	7.78186	36.5	60
dDocent_Contig_18974	1	394	6	160	40.6091	1.6269	35.1	60
dDocent_Contig_18975	1	308	17	198	64.2857	5.93831	36.9	60
dDocent_Contig_18976	1	367	2	135	36.7847	0.735695	36.8	60
dDocent_Contig_18986	1	361	10	118	32.687	2.77562	36.9	60
dDocent_Contig_18987	1	337	13	195	57.8635	4.29674	35.3	51.1
dDocent_Contig_18991	1	492	2	86	17.4797	0.349593	36.8	60
dDocent_Contig_18992	1	410	16	172	41.9512	4.70976	35.7	59.9
dDocent_Contig_18994	1	341	9	181	53.0792	3.28446	36.7	60
dDocent_Contig_18997	1	439	33	380	86.5604	8.46014	36.2	59.7
dDocent_Contig_19005	1	410	14	268	65.3659	3.64146	36.5	60
dDocent_Contig_19008	1	411	26	226	54.9878	8.53041	36	60
dDocent_Contig_19013	1	406	15	239	58.867	3.65271	35.8	59.1
dDocent_Contig_19021	1	368	16	173	47.0109	4.9375	36.5	60
dDocent_Contig_19022	1	480	2	110	22.9167	0.458333	36.9	60
dDocent_Contig_19023	1	343	364	298	86.8805	98.2012	36.2	58.3
dDocent_Contig_19024	1	380	27	227	59.7368	8.55263	35.5	60
dDocent_Contig_19029	1	239	36	232	97.0711	18.2176	36.1	60
dDocent_Contig_19030	1	464	17	169	36.4224	3.33405	36.8	60
dDocent_Contig_19031	1	294	15	277	94.2177	7	35.6	60
dDocent_Contig_19033	1	328	31	193	58.8415	9.82927	35.7	60
dDocent_Contig_19034	1	462	6	214	46.3203	1.83766	34.3	60
dDocent_Contig_19035	1	238	1	98	41.1765	0.411765	35.7	60
dDocent_Contig_19036	1	327	4	125	38.2263	1.0948	36.7	60
dDocent_Contig_19038	1	330	15	178	53.9394	4.36364	36.9	60
dDocent_Contig_19043	1	408	21	202	49.5098	6.00245	36.1	59.9
dDocent_Contig_19047	1	359	13	197	54.8747	4.04457	36.5	60
dDocent_Contig_19048	1	495	2	111	22.4242	0.448485	37	60
dDocent_Contig_19050	1	512	4	162	31.6406	0.835938	37	60
dDocent_Contig_19056	1	360	14	195	54.1667	3.63333	36.7	60
dDocent_Contig_19057	1	347	17	236	68.0115	5.59654	36.2	60
dDocent_Contig_19058	1	401	7	181	45.1372	2.10723	35.7	60
dDocent_Contig_19059	1	390	2	94	24.1026	0.482051	36.8	60
dDocent_Contig_19061	1	445	7	240	53.9326	1.67865	36	60
dDocent_Contig_19063	1	364	2	137	37.6374	0.752747	36.7	60
dDocent_Contig_19068	1	314	10	172	54.7771	3.06051	36.9	60
dDocent_Contig_19071	1	426	747	418	98.1221	178.15	36.1	57.6
dDocent_Contig_19075	1	377	8	135	35.809	2.51989	36.3	60
dDocent_Contig_19076	1	371	8	122	32.8841	2.63073	36.1	60
dDocent_Contig_19080	1	328	138	326	99.3902	46.122	36.3	57.4
dDocent_Contig_19081	1	405	10	172	42.4691	2.63951	36.6	60
dDocent_Contig_19084	1	430	3	128	29.7674	0.806977	36.9	60
dDocent_Contig_19085	1	496	3	96	19.3548	0.580645	34.4	60
dDocent_Contig_19092	1	398	13	150	37.6884	4.1005	35.7	60
dDocent_Contig_19093	1	464	13	175	37.7155	2.76724	36.8	60
dDocent_Contig_19098	1	342	23	154	45.0292	7.03216	36	60
dDocent_Contig_19099	1	346	3	111	32.0809	0.817919	37	60
dDocent_Contig_19201	1	295	32	248	84.0678	13.7085	35.8	60
dDocent_Contig_19202	1	357	1	127	35.5742	0.355742	36.5	60
dDocent_Contig_19203	1	265	9	188	70.9434	4.18113	36.8	60
dDocent_Contig_19205	1	398	2	104	26.1307	0.522613	36.9	60
dDocent_Contig_19206	1	373	3	167	44.7721	1.20643	36.5	60
dDocent_Contig_19208	1	356	21	215	60.3933	5.48315	35.9	60
dDocent_Contig_19211	1	393	2	88	22.3919	0.447837	36.7	60
dDocent_Contig_19213	1	374	14	143	38.2353	4.35829	36.3	60
dDocent_Contig_19214	1	311	20	211	67.8457	7.78457	36.3	60
dDocent_Contig_19219	1	415	2	110	26.506	0.53012	36.9	60
dDocent_Contig_19223	1	355	5	153	43.0986	1.64507	36.9	60
dDocent_Contig_19225	1	395	1	112	28.3544	0.283544	33.6	60
dDocent_Contig_19226	1	257	8	170	66.1479	4.05447	35.7	60
dDocent_Contig_19228	1	381	3	149	39.1076	1.03937	36.9	60
dDocent_Contig_19229	1	391	10	163	41.688	2.95141	36	60
dDocent_Contig_19233	1	480	3	115	23.9583	0.585417	36.9	60
dDocent_Contig_19234	1	350	2	97	27.7143	0.554286	36.9	60
dDocent_Contig_19236	1	376	11	196	52.1277	3.38032	36.7	60
dDocent_Contig_19248	1	386	20	182	47.1503	5.32383	35.4	60
dDocent_Contig_19249	1	358	2	92	25.6983	0.513966	36.9	60
dDocent_Contig_19252	1	336	21	169	50.2976	7.17262	36.2	60
dDocent_Contig_19261	1	347	58	240	69.1643	21.0144	36	60
dDocent_Contig_19262	1	417	16	379	90.8873	4.09592	36.8	43.1
dDocent_Contig_19264	1	378	1	81	21.4286	0.214286	36.9	60
dDocent_Contig_19267	1	354	2	141	39.8305	0.79661	35.4	60
dDocent_Contig_19269	1	457	43	291	63.6761	10.6302	35.4	60
dDocent_Contig_19273	1	303	1	87	28.7129	0.287129	36.9	60
dDocent_Contig_19280	1	418	17	260	62.201	4.32297	36.3	60
dDocent_Contig_19288	1	438	2	115	26.2557	0.525114	36.8	60
dDocent_Contig_19289	1	358	22	259	72.3464	7.83799	35	60
dDocent_Contig_19292	1	343	38	342	99.7085	9.32653	36.5	48.6
dDocent_Contig_19293	1	350	30	85	24.2857	6.41429	36.3	60
dDocent_Contig_19296	1	366	2	109	29.7814	0.595628	36.9	60
dDocent_Contig_19297	1	357	4	166	46.4986	1.09244	36.8	60
dDocent_Contig_19304	1	472	19	178	37.7119	5.04237	36	60
dDocent_Contig_19305	1	391	3	166	42.4552	1.02302	33.5	60
dDocent_Contig_19313	1	358	11	155	43.2961	3.24302	35.6	60
dDocent_Contig_19314	1	233	14	187	80.2575	7.48069	36.4	60
dDocent_Contig_19339	1	490	26	472	96.3265	5.52041	36.3	58.3
dDocent_Contig_19345	1	396	15	193	48.7374	4.61111	36.3	60
dDocent_Contig_19346	1	375	10	186	49.6	3.096	36.1	60
dDocent_Contig_19347	1	375	2	108	28.8	0.576	36.5	60
dDocent_Contig_19348	1	357	45	235	65.8263	14.2829	36	60
dDocent_Contig_19351	1	380	74	262	68.9474	21.8105	36	59.5
dDocent_Contig_19358	1	383	9	147	38.3812	2.50392	36.6	60
dDocent_Contig_19361	1	383	8	204	53.2637	2.2141	36.7	60
dDocent_Contig_19371	1	383	26	168	43.8642	8.96345	36.4	60
dDocent_Contig_19377	1	401	6	286	71.3217	2.04489	36.2	60
dDocent_Contig_19379	1	289	10	161	55.7093	3.95502	35.3	60
dDocent_Contig_19380	1	322	30	188	58.3851	10.4969	36.4	60
dDocent_Contig_19381	1	324	21	189	58.3333	7.03704	35.8	60
dDocent_Contig_19383	1	389	6	134	34.4473	1.49614	36.9	60
dDocent_Contig_19384	1	405	11	184	45.4321	3.79506	36.4	60
dDocent_Contig_19388	1	415	13	205	49.3976	3.59759	36.5	60
dDocent_Contig_19395	1	412	66	382	92.7184	15.7063	36.4	53.4
dDocent_Contig_19397	1	383	79	351	91.6449	20.3342	36.5	51.4
dDocent_Contig_19402	1	398	22	321	80.6533	6.6005	35.4	60
dDocent_Contig_19404	1	350	127	349	99.7143	41.3029	36.2	59.3
dDocent_Contig_19415	1	507	4	119	23.4714	0.800789	36.9	60
dDocent_Contig_19420	1	379	48	377	99.4723	15.8311	35.9	60
dDocent_Contig_19423	1	319	70	309	96.8652	22.4451	36.4	58.4
dDocent_Contig_19424	1	415	334	414	99.759	80.1518	36.3	54.8
dDocent_Contig_19425	1	364	213	363	99.7253	64.2747	36.2	50.5
dDocent_Contig_19429	1	304	7	193	63.4868	2.72039	36.4	60
dDocent_Contig_19433	1	334	15	231	69.1617	5.67365	36.4	60
dDocent_Contig_19434	1	282	685	273	96.8085	260.848	36.2	56.6
dDocent_Contig_19435	1	412	16	293	71.1165	4.51942	36.6	60
dDocent_Contig_19436	1	280	37	279	99.6429	14.3321	35.5	38.9
dDocent_Contig_19437	1	421	218	311	73.8717	62.924	36.4	52.2
dDocent_Contig_19444	1	386	1771	376	97.4093	566.534	35.8	60
dDocent_Contig_19445	1	347	37	319	91.9308	11.8934	35.6	51.1
dDocent_Contig_19447	1	401	30	226	56.3591	8.56608	36.1	60
dDocent_Contig_19460	1	336	2	126	37.5	0.75	36.9	60
dDocent_Contig_19463	1	328	24	248	75.6098	6.7439	36.1	43.8
dDocent_Contig_19464	1	340	2	86	25.2941	0.505882	37	60
dDocent_Contig_19469	1	318	6	125	39.3082	1.5283	35	60
dDocent_Contig_19487	1	356	13	185	51.9663	4.45225	35.2	60
dDocent_Contig_19488	1	404	3	148	36.6337	0.75495	36.7	60
dDocent_Contig_19489	1	495	2	49	9.89899	0.19798	36.7	60
dDocent_Contig_19492	1	432	2	139	32.1759	0.643519	36.6	60
dDocent_Contig_19493	1	368	37	273	74.1848	10.1005	35.9	60
dDocent_Contig_19495	1	366	1	94	25.6831	0.256831	36.9	60
dDocent_Contig_19497	1	352	7	222	63.0682	2.40625	35.9	60
dDocent_Contig_19498	1	342	21	158	46.1988	7.89474	35.7	60
dDocent_Contig_19511	1	327	49	266	81.3456	13.8777	36.1	59.3
dDocent_Contig_19512	1	365	12	147	40.274	3.6274	36	60
dDocent_Contig_19514	1	407	4	161	39.5577	1.12039	36.9	60
dDocent_Contig_19517	1	369	10	169	45.7995	3.26829	36.9	60
dDocent_Contig_19518	1	305	6	249	81.6393	1.94426	36.7	60
dDocent_Contig_19519	1	386	20	173	44.8187	5.79534	36.7	60
dDocent_Contig_19520	1	388	21	198	51.0309	6.15464	35.2	60
dDocent_Contig_19523	1	364	27	210	57.6923	8.98901	36.1	60
dDocent_Contig_19524	1	394	43	355	90.1015	13.0279	35.5	60
dDocent_Contig_19528	1	321	9	106	33.0218	2.52648	34.9	60
dDocent_Contig_19530	1	442	18	209	47.2851	5.02715	36.3	60
dDocent_Contig_19532	1	352	11	304	86.3636	3.2983	36.6	60
dDocent_Contig_19536	1	379	6	137	36.1478	1.75198	36	60
dDocent_Contig_19539	1	510	10	251	49.2157	2.39608	36	60
dDocent_Contig_19546	1	383	16	188	49.0862	4.2846	36.6	60
dDocent_Contig_19547	1	260	20	229	88.0769	10.6577	35.6	60
dDocent_Contig_19550	1	457	11	148	32.3851	2.45077	36.9	60
dDocent_Contig_19564	1	313	12	261	83.3866	3.91054	35.4	58.7
dDocent_Contig_19566	1	378	36	297	78.5714	9.45238	35.6	47.5
dDocent_Contig_19569	1	319	2	144	45.1411	0.902821	37	60
dDocent_Contig_19573	1	258	9	182	70.5426	4.32946	35.8	60
dDocent_Contig_19577	1	385	6	166	43.1169	1.67792	36.6	60
dDocent_Contig_19579	1	380	25	271	71.3158	7.25	36.2	60
dDocent_Contig_19582	1	339	13	257	75.8112	4.9469	35.9	60
dDocent_Contig_19584	1	357	36	280	78.4314	11.6415	35.8	60
dDocent_Contig_19585	1	254	85	253	99.6063	36.2638	35.5	48.1
dDocent_Contig_19591	1	406	18	296	72.9064	4.30049	36	60
dDocent_Contig_19595	1	330	33	207	62.7273	11.997	36.4	60
dDocent_Contig_19597	1	394	8	137	34.7716	2.1269	36.7	60
dDocent_Contig_19599	1	380	2	100	26.3158	0.526316	36.6	60
dDocent_Contig_19604	1	458	31	212	46.2882	7.79039	36.5	60
dDocent_Contig_19605	1	451	5	169	37.4723	1.0643	36.9	60
dDocent_Contig_19610	1	383	13	237	61.8799	3.98695	35.3	60
dDocent_Contig_19611	1	409	5	181	44.2543	1.8044	36.2	60
dDocent_Contig_19613	1	402	57	255	63.4328	16.9005	35.4	60
dDocent_Contig_19614	1	359	9	195	54.3175	2.83008	36.1	60
dDocent_Contig_19619	1	404	4	124	30.6931	1.0297	36.9	60
dDocent_Contig_19636	1	466	10	268	57.5107	2.1824	36.8	60
dDocent_Contig_19638	1	497	109	327	65.7948	25.5453	36.1	59.6
dDocent_Contig_19641	1	359	1	77	21.4485	0.214485	36.7	60
dDocent_Contig_19645	1	342	15	131	38.3041	4.33333	36.5	60
dDocent_Contig_19649	1	411	2	150	36.4964	0.729927	35.5	60
dDocent_Contig_19651	1	376	16	152	40.4255	4.00532	35.6	60
dDocent_Contig_19652	1	361	19	301	83.3795	5.47922	35.7	60
dDocent_Contig_19654	1	424	2	102	24.0566	0.481132	36.8	60
dDocent_Contig_19657	1	369	9	273	73.9837	3.05691	36.2	60
dDocent_Contig_19659	1	364	3	111	30.4945	0.914835	36.6	60
dDocent_Contig_19665	1	348	8	165	47.4138	2.60345	36.8	60
dDocent_Contig_19671	1	343	13	232	67.6385	5.06706	34.4	60
dDocent_Contig_19673	1	357	61	239	66.9468	16.3697	36.4	39.1
dDocent_Contig_19679	1	262	6	120	45.8015	2.38931	36.7	60
dDocent_Contig_19688	1	393	72	267	67.9389	18.3232	36.1	44.5
dDocent_Contig_19690	1	412	9	203	49.2718	1.98301	36.5	56.1
dDocent_Contig_19697	1	372	22	279	75	6.64247	36.3	60
dDocent_Contig_19698	1	315	27	298	94.6032	10.3429	36.5	60
dDocent_Contig_19705	1	363	2	84	23.1405	0.46281	37	60
dDocent_Contig_19706	1	325	14	308	94.7692	4.94462	35.2	60
dDocent_Contig_19707	1	395	9	189	47.8481	2.85823	36.7	60
dDocent_Contig_19708	1	272	10	218	80.1471	4.79412	35.8	60
dDocent_Contig_19709	1	293	18	159	54.2662	6.3686	36	60
dDocent_Contig_19720	1	405	14	340	83.9506	4.25926	36.6	60
dDocent_Contig_19726	1	449	33	381	84.8552	8.21604	35.4	60
dDocent_Contig_19730	1	408	41	360	88.2353	9.63725	36.2	59.8
dDocent_Contig_19731	1	349	9	180	51.5759	3.47564	36.3	60
dDocent_Contig_19733	1	397	42	186	46.8514	12.5894	35.9	60
dDocent_Contig_19734	1	281	18	191	67.9715	6.88968	36.4	60
dDocent_Contig_19735	1	386	21	228	59.0674	6.53368	36.4	60
dDocent_Contig_19736	1	278	6	161	57.9137	2.47482	36.4	60
dDocent_Contig_19737	1	328	6	112	34.1463	1.83537	36.9	60
dDocent_Contig_19738	1	326	21	197	60.4294	6.99693	36.3	60
dDocent_Contig_19740	1	366	29	216	59.0164	9.2541	35.5	60
dDocent_Contig_19743	1	255	12	246	96.4706	5.51765	35.7	60
dDocent_Contig_19757	1	394	2	94	23.8579	0.477157	36.8	60
dDocent_Contig_19758	1	348	4	219	62.931	1.72414	36.7	60
dDocent_Contig_19764	1	410	45	234	57.0732	11.939	35.6	60
dDocent_Contig_19765	1	462	38	359	77.7056	8.76407	36.2	55.9
dDocent_Contig_19767	1	388	436	316	81.4433	131.884	36.2	58
dDocent_Contig_19771	1	318	12	228	71.6981	4.19811	35.5	60
dDocent_Contig_19774	1	411	53	196	47.6886	15.7908	36.3	59.6
dDocent_Contig_19778	1	397	20	255	64.2317	5.6398	35.3	60
dDocent_Contig_19779	1	398	14	195	48.995	4.30653	35.8	60
dDocent_Contig_19780	1	304	21	290	95.3947	7.9375	36.8	60
dDocent_Contig_19781	1	398	21	340	85.4271	6.15327	36	60
dDocent_Contig_19783	1	328	42	217	66.1585	16.4543	34.9	58.6
dDocent_Contig_19784	1	342	10	180	52.6316	2.95906	36	60
dDocent_Contig_19795	1	295	2	121	41.0169	0.820339	36.9	60
dDocent_Contig_19797	1	373	12	186	49.866	3.75871	36.3	60
dDocent_Contig_19807	1	321	13	168	52.3364	4.18692	36.7	60
dDocent_Contig_19809	1	392	512	381	97.1939	146.571	35.9	58.5
dDocent_Contig_19810	1	415	10	198	47.7108	2.42169	36.6	60
dDocent_Contig_19813	1	374	14	244	65.2406	3.89037	36.6	60
dDocent_Contig_19823	1	284	17	200	70.4225	7.72887	36	60
dDocent_Contig_19824	1	311	12	175	56.2701	4.19293	36.7	60
dDocent_Contig_19825	1	360	4	191	53.0556	1.12222	36.9	60
dDocent_Contig_19827	1	376	8	272	72.3404	2.56117	35.8	60
dDocent_Contig_19830	1	391	7	126	32.2251	1.46547	35.7	60
dDocent_Contig_19834	1	319	13	203	63.6364	4.48276	35.5	60
dDocent_Contig_19837	1	488	119	466	95.4918	26.8893	36.4	41.5
dDocent_Contig_19842	1	384	9	127	33.0729	2.32552	35.6	60
dDocent_Contig_19844	1	389	4	95	24.4216	0.781491	36.9	58
dDocent_Contig_19845	1	372	52	234	62.9032	17.7339	35.8	60
dDocent_Contig_19846	1	369	3	112	30.3523	0.910569	34.7	60
dDocent_Contig_19848	1	376	13	177	47.0745	4.25532	36.6	60
dDocent_Contig_19853	1	310	18	207	66.7742	6.53226	36.5	60
dDocent_Contig_19854	1	343	17	199	58.0175	5.94461	36.4	60
dDocent_Contig_19856	1	353	11	146	41.3598	2.70538	36.5	60
dDocent_Contig_19859	1	438	15	152	34.7032	3.38356	36.5	60
dDocent_Contig_19860	1	305	9	154	50.4918	2.76721	34.9	60
dDocent_Contig_19862	1	295	28	229	77.6271	10.8407	35.8	55.4
dDocent_Contig_19881	1	394	14	227	57.6142	4.29442	36	60
dDocent_Contig_19882	1	335	75	320	95.5224	22.0746	36.4	48.2
dDocent_Contig_19883	1	373	9	178	47.7212	2.61126	36.7	60
dDocent_Contig_19885	1	351	40	239	68.0912	14.7949	36	60
dDocent_Contig_19889	1	397	20	308	77.5819	5.53401	35.9	60
dDocent_Contig_19891	1	360	14	200	55.5556	4.30278	36.2	60
dDocent_Contig_19903	1	458	3	151	32.9694	0.982533	34.9	60
dDocent_Contig_19905	1	329	17	189	57.4468	5.58967	35.7	60
dDocent_Contig_19908	1	366	5	146	39.8907	1.56831	36.7	60
dDocent_Contig_19914	1	383	1	102	26.6319	0.266319	36.5	60
dDocent_Contig_19916	1	291	5	128	43.9863	1.77663	36.8	60
dDocent_Contig_19920	1	381	4	128	33.5958	1.05512	36.9	60
dDocent_Contig_19925	1	438	9	159	36.3014	2.31735	36.7	60
dDocent_Contig_19927	1	262	16	201	76.7176	7.11832	36.3	60
dDocent_Contig_19929	1	290	18	195	67.2414	7.59655	36.2	60
dDocent_Contig_19932	1	437	19	270	61.7849	5.33181	35.6	60
dDocent_Contig_19937	1	379	19	346	91.2929	6.219	36.4	60
dDocent_Contig_19939	1	386	34	332	86.0104	8.71762	35.9	41
dDocent_Contig_19943	1	405	20	375	92.5926	5.55309	35.2	60
dDocent_Contig_19944	1	415	16	270	65.0602	4.61446	36.4	60
dDocent_Contig_19953	1	336	8	142	42.2619	2.42857	36	60
dDocent_Contig_19954	1	397	13	194	48.8665	3.43829	36.7	60
dDocent_Contig_19955	1	351	40	208	59.2593	13.057	36	60
dDocent_Contig_19956	1	401	2	97	24.1895	0.483791	36.9	60
dDocent_Contig_19957	1	273	16	260	95.2381	6.08425	35.6	55.5
dDocent_Contig_19958	1	350	5	152	43.4286	1.57429	36.4	60
dDocent_Contig_19960	1	356	24	245	68.8202	7.58146	36.5	59.8
dDocent_Contig_19965	1	405	34	232	57.284	10.6173	36.1	60
dDocent_Contig_19969	1	368	50	273	74.1848	16.7772	36.1	60
dDocent_Contig_19972	1	503	4	137	27.2366	0.902584	36.8	60
dDocent_Contig_19974	1	404	28	237	58.6634	7.89604	36	60
dDocent_Contig_19981	1	341	55	312	91.4956	16.2258	36.1	55.4
dDocent_Contig_19995	1	241	26	141	58.5062	11.6805	36.1	57.8
dDocent_Contig_19996	1	473	16	231	48.8372	3.79915	35.7	60
dDocent_Contig_20003	1	339	2	85	25.0737	0.501475	36.7	60
dDocent_Contig_20005	1	320	4	156	48.75	1.56875	36.8	60
dDocent_Contig_20007	1	369	47	368	99.729	13.2168	35.9	59.4
dDocent_Contig_20019	1	415	18	184	44.3373	4.37349	36	60
dDocent_Contig_20034	1	304	24	181	59.5395	8.38158	36	60
dDocent_Contig_20035	1	449	2	100	22.2717	0.445434	36.8	60
dDocent_Contig_20043	1	368	21	170	46.1957	6.77174	35.5	60
dDocent_Contig_20044	1	313	366	237	75.7188	125.965	35.9	59
dDocent_Contig_20056	1	439	3	204	46.4692	0.687927	36.8	60
dDocent_Contig_20060	1	285	4	125	43.8596	1.51579	36.9	60
dDocent_Contig_20064	1	397	3	193	48.6146	1.0932	36.9	60
dDocent_Contig_20065	1	407	20	148	36.3636	5.4742	35.8	60
dDocent_Contig_20078	1	323	22	186	57.5851	8.81115	35.8	60
dDocent_Contig_20079	1	507	1	78	15.3846	0.153846	37	60
dDocent_Contig_20084	1	414	6	177	42.7536	1.47826	36.8	48.3
dDocent_Contig_20085	1	312	2	102	32.6923	0.653846	36.9	60
dDocent_Contig_20086	1	358	26	218	60.8939	10.0056	35.9	60
dDocent_Contig_20089	1	414	4	160	38.6473	1.23671	37	60
dDocent_Contig_20093	1	435	20	194	44.5977	5.12644	35.6	60
dDocent_Contig_20094	1	354	7	276	77.9661	2.88418	36.2	60
dDocent_Contig_20095	1	363	3	104	28.6501	0.77135	35.3	60
dDocent_Contig_20100	1	377	10	234	62.069	3.65782	36.5	60
dDocent_Contig_20101	1	337	183	196	58.1602	56.0593	36	43.8
dDocent_Contig_20103	1	365	2	96	26.3014	0.526027	36.8	60
dDocent_Contig_20109	1	362	17	225	62.1547	5.41713	36.9	60
dDocent_Contig_20110	1	372	4	123	33.0645	1.05914	36.9	60
dDocent_Contig_20111	1	318	10	149	46.8553	3.75786	36.7	60
dDocent_Contig_20114	1	400	9	206	51.5	2.6825	34.9	60
dDocent_Contig_20116	1	378	2	146	38.6243	0.772487	35.1	60
dDocent_Contig_20117	1	423	2	118	27.896	0.55792	36.9	60
dDocent_Contig_20128	1	460	2	94	20.4348	0.408696	36.7	60
dDocent_Contig_20131	1	397	21	239	60.2015	5.91688	36.2	60
dDocent_Contig_20135	1	347	20	249	71.7579	6.26513	36	60
dDocent_Contig_20140	1	287	10	134	46.6899	4.52265	34.3	60
dDocent_Contig_20141	1	399	10	183	45.8647	3.02256	36	60
dDocent_Contig_20150	1	316	87	274	86.7089	33.8101	35.1	60
dDocent_Contig_20164	1	415	18	209	50.3614	4.99518	36	60
dDocent_Contig_20179	1	343	11	235	68.5131	3.90379	36	60
dDocent_Contig_20181	1	369	7	161	43.6314	2.0813	36.9	60
dDocent_Contig_20183	1	370	10	192	51.8919	3.33514	35.8	60
dDocent_Contig_20187	1	346	13	150	43.3526	3.65896	36.6	60
dDocent_Contig_20190	1	434	2	112	25.8065	0.516129	36.8	60
dDocent_Contig_20191	1	232	34	231	99.569	20.5905	36.2	60
dDocent_Contig_20192	1	381	1	150	39.3701	0.393701	36.8	60
dDocent_Contig_20201	1	308	2	76	24.6753	0.493506	36.1	60
dDocent_Contig_20202	1	410	11	171	41.7073	3.04634	36.2	60
dDocent_Contig_20204	1	380	20	205	53.9474	5.99737	34.6	60
dDocent_Contig_20205	1	300	230	228	76	98.2967	35.9	42.6
dDocent_Contig_20206	1	387	12	218	56.3307	3.4677	35.9	60
dDocent_Contig_20209	1	333	6	164	49.2492	2.3994	35.9	54.8
dDocent_Contig_20210	1	340	7	128	37.6471	1.87941	36.5	59.6
dDocent_Contig_20211	1	354	1	128	36.1582	0.361582	36.3	60
dDocent_Contig_20221	1	469	38	265	56.5032	7.81023	36.4	60
dDocent_Contig_20224	1	255	28	242	94.902	13.2157	35.6	60
dDocent_Contig_20225	1	385	10	131	34.026	2.97143	35.8	60
dDocent_Contig_20226	1	306	304	261	85.2941	103.807	36.1	58
dDocent_Contig_20227	1	347	5	222	63.9769	1.54179	36.9	60
dDocent_Contig_20228	1	442	2	109	24.6606	0.493213	36.9	60
dDocent_Contig_20229	1	377	8	167	44.2971	2.70557	36.7	60
dDocent_Contig_20234	1	363	454	352	96.9697	147.154	35.4	55.6
dDocent_Contig_20238	1	355	6	164	46.1972	1.9831	36.8	60
dDocent_Contig_20245	1	457	20	203	44.4201	5.44858	35.8	60
dDocent_Contig_20247	1	337	50	275	81.6024	12.7122	35.7	42.7
dDocent_Contig_20248	1	352	61	290	82.3864	21.0881	35	60
dDocent_Contig_20251	1	413	5	108	26.1501	0.849879	36.8	60
dDocent_Contig_20253	1	394	27	183	46.4467	7.25127	36	60
dDocent_Contig_20256	1	296	20	153	51.6892	7.4527	34.6	60
dDocent_Contig_20263	1	330	6	163	49.3939	2.21818	34.6	60
dDocent_Contig_20264	1	424	2	122	28.7736	0.575472	37	60
dDocent_Contig_20267	1	392	249	391	99.7449	67.0918	36.2	57.5
dDocent_Contig_20268	1	402	17	195	48.5075	5.01244	36.5	60
dDocent_Contig_20274	1	282	8	198	70.2128	2.74823	36.8	60
dDocent_Contig_20276	1	391	10	251	64.1944	2.46547	36.7	60
dDocent_Contig_20278	1	364	8	200	54.9451	2.1978	36.8	60
dDocent_Contig_20279	1	251	24	180	71.7131	10.3944	35.4	60
dDocent_Contig_20280	1	414	11	196	47.343	3.1087	35.1	60
dDocent_Contig_20284	1	504	2	74	14.6825	0.293651	36.9	60
dDocent_Contig_20293	1	372	2	105	28.2258	0.564516	36.7	60
dDocent_Contig_20297	1	391	23	195	49.8721	7.44501	36.2	60
dDocent_Contig_20299	1	447	14	167	37.3602	3.47651	36.8	60
dDocent_Contig_20303	1	291	31	250	85.9107	9.20962	35.9	55.5
dDocent_Contig_20304	1	356	6	219	61.5169	2.17978	36.2	60
dDocent_Contig_20309	1	407	1	139	34.1523	0.341523	36.8	60
dDocent_Contig_20310	1	370	2	177	47.8378	0.548649	36.4	60
dDocent_Contig_20311	1	369	8	309	83.7398	2.23306	35.7	60
dDocent_Contig_20319	1	344	16	197	57.2674	5.23837	35.9	60
dDocent_Contig_20333	1	489	8	185	37.8323	1.8364	36.3	60
dDocent_Contig_20341	1	269	22	201	74.7212	9.20818	35.8	60
dDocent_Contig_20346	1	385	16	169	43.8961	4.38182	36.5	60
dDocent_Contig_20362	1	289	10	143	49.481	3.24567	36.3	60
dDocent_Contig_20364	1	344	22	192	55.814	7.42733	36.1	60
dDocent_Contig_20366	1	371	4	199	53.6388	1.18059	36.9	60
dDocent_Contig_20367	1	287	4	172	59.9303	1.38676	36.8	60
dDocent_Contig_20374	1	379	15	274	72.2955	4.69657	34.6	60
dDocent_Contig_20381	1	352	3	108	30.6818	0.920455	35.7	60
dDocent_Contig_20382	1	390	11	235	60.2564	2.60769	36.8	41.5
dDocent_Contig_20383	1	350	10	157	44.8571	3.13143	36	59.9
dDocent_Contig_20386	1	344	10	229	66.5698	2.9564	36.8	60
dDocent_Contig_20387	1	362	7	220	60.7735	1.83425	36.9	60
dDocent_Contig_20389	1	339	4	226	66.6667	1.48673	37	60
dDocent_Contig_20391	1	464	3	116	25	0.75	35.3	60
dDocent_Contig_20396	1	398	1	59	14.8241	0.148241	33.5	60
dDocent_Contig_20397	1	338	8	103	30.4734	2.07101	36.1	60
dDocent_Contig_20404	1	359	3	209	58.2173	1.05292	36.7	60
dDocent_Contig_20407	1	421	8	212	50.3563	2.42755	35.6	60
dDocent_Contig_20410	1	408	2	100	24.5098	0.490196	36.8	60
dDocent_Contig_20414	1	497	4	208	41.8511	0.837022	36.9	60
dDocent_Contig_20418	1	333	8	213	63.964	2.68468	35.4	60
dDocent_Contig_20422	1	412	2	88	21.3592	0.427184	37	60
dDocent_Contig_20428	1	352	28	167	47.4432	9.56818	35.5	60
dDocent_Contig_20429	1	366	1637	364	99.4536	531.478	36.1	59.7
dDocent_Contig_20431	1	396	21	287	72.4747	4.83838	36.9	56
dDocent_Contig_20436	1	429	12	198	46.1538	2.73893	34.8	60
dDocent_Contig_20450	1	292	10	194	66.4384	3.7637	35.5	60
dDocent_Contig_20451	1	397	6	192	48.3627	1.61965	36.7	60
dDocent_Contig_20453	1	400	3	108	27	0.73	36.1	60
dDocent_Contig_20459	1	317	16	164	51.735	5.09148	35.6	60
dDocent_Contig_20460	1	246	5	194	78.8618	2.63008	36.7	60
dDocent_Contig_20473	1	397	8	182	45.8438	2.71285	36	60
dDocent_Contig_20474	1	357	16	204	57.1429	5.48459	35.5	60
dDocent_Contig_20478	1	270	7	169	62.5926	2.74074	36.1	60
dDocent_Contig_20480	1	458	2	112	24.4541	0.489083	36.9	60
dDocent_Contig_20486	1	313	14	158	50.4792	4.72524	36.8	60
dDocent_Contig_20489	1	421	2	142	33.7292	0.565321	36.8	60
dDocent_Contig_20493	1	415	17	398	95.9036	4.9253	35.5	60
dDocent_Contig_20498	1	310	20	273	88.0645	6.66774	36.3	57.9
dDocent_Contig_20503	1	383	39	309	80.6789	10.6266	36.5	32.3
dDocent_Contig_20507	1	340	13	164	48.2353	4.14706	35.3	60
dDocent_Contig_20508	1	309	15	196	63.4304	5.10356	36.9	60
dDocent_Contig_20509	1	324	2	132	40.7407	0.814815	36.4	60
dDocent_Contig_20511	1	424	13	196	46.2264	3.36792	36.8	60
dDocent_Contig_20512	1	245	36	230	93.8776	14.1837	36.2	60
dDocent_Contig_20513	1	378	7	286	75.6614	2.27778	36.2	60
dDocent_Contig_20520	1	405	2	102	25.1852	0.503704	37	60
dDocent_Contig_20522	1	471	3	87	18.4713	0.552017	36.4	60
dDocent_Contig_20524	1	238	12	217	91.1765	5.55042	35.7	60
dDocent_Contig_20527	1	338	14	190	56.213	4.96154	36.2	58
dDocent_Contig_20532	1	367	15	261	71.1172	4.70572	36.6	60
dDocent_Contig_20533	1	482	6	158	32.7801	1.0249	36.7	57.7
dDocent_Contig_20539	1	271	1	49	18.0812	0.180812	36.8	60
dDocent_Contig_20543	1	404	36	180	44.5545	9.41089	35.3	58.6
dDocent_Contig_20545	1	401	1	97	24.1895	0.241895	36.6	60
dDocent_Contig_20548	1	310	26	228	73.5484	10.8194	36.1	60
dDocent_Contig_20559	1	371	16	304	81.9407	5.04582	36.7	60
dDocent_Contig_20560	1	388	16	214	55.1546	5.09021	36	60
dDocent_Contig_20563	1	459	1	129	28.1046	0.281046	35	60
dDocent_Contig_20564	1	383	8	184	48.0418	2.5248	35	60
dDocent_Contig_20566	1	283	5	222	78.4452	1.67845	36.9	60
dDocent_Contig_20570	1	418	19	230	55.0239	5.76794	36	60
dDocent_Contig_20571	1	398	2	78	19.598	0.39196	36.9	60
dDocent_Contig_20572	1	255	12	164	64.3137	6.15294	35.3	60
dDocent_Contig_20577	1	308	11	184	59.7403	3.81494	35.2	60
dDocent_Contig_20579	1	323	1	86	26.6254	0.266254	37	60
dDocent_Contig_20582	1	327	11	176	53.8226	3.65443	35.9	60
dDocent_Contig_20583	1	353	6	164	46.4589	2.33994	36.9	60
dDocent_Contig_20591	1	413	6	135	32.6877	1.25666	36.5	60
dDocent_Contig_20595	1	390	7	176	45.1282	2.21026	36.8	60
dDocent_Contig_20598	1	445	4	146	32.809	1.0427	36.8	60
dDocent_Contig_20599	1	241	30	179	74.2739	14.8382	35.3	60
dDocent_Contig_20600	1	358	56	200	55.8659	19.2318	35.4	60
dDocent_Contig_20606	1	474	4	207	43.6709	0.805907	34.9	51
dDocent_Contig_20611	1	350	10	174	49.7143	3.05143	36.4	60
dDocent_Contig_20613	1	323	1	143	44.2724	0.442724	30.5	60
dDocent_Contig_20614	1	388	21	131	33.7629	5.23196	36.7	60
dDocent_Contig_20621	1	262	9	136	51.9084	3.48092	34.9	60
dDocent_Contig_20622	1	333	11	153	45.9459	3.17417	36.2	60
dDocent_Contig_20624	1	386	3	45	11.658	0.316062	37	32.3
dDocent_Contig_20635	1	307	6	123	40.0651	2.40065	34.9	60
dDocent_Contig_20636	1	397	10	183	46.0957	2.78086	34.8	60
dDocent_Contig_20638	1	371	10	223	60.1078	2.78706	36.4	60
dDocent_Contig_20640	1	431	5	140	32.4826	1.08353	36.1	60
dDocent_Contig_20642	1	283	109	281	99.2933	43.841	35.7	60
dDocent_Contig_20653	1	361	6	218	60.3878	1.64543	36.8	60
dDocent_Contig_20663	1	348	12	192	55.1724	4.69828	35.6	60
dDocent_Contig_20668	1	359	1	109	30.3621	0.303621	36.9	60
dDocent_Contig_20670	1	481	21	240	49.896	5.61954	36.2	60
dDocent_Contig_20677	1	367	9	204	55.5858	2.297	36.6	60
dDocent_Contig_20678	1	400	2	156	39	0.75	36.6	60
dDocent_Contig_20679	1	390	20	198	50.7692	5.76923	36.6	60
dDocent_Contig_20680	1	340	41	339	99.7059	14.5	36.4	39.4
dDocent_Contig_20681	1	481	2	101	20.9979	0.419958	36.9	60
dDocent_Contig_20687	1	317	187	274	86.4353	63.388	35.9	58.3
dDocent_Contig_20688	1	353	24	212	60.0567	8.14731	36.5	60
dDocent_Contig_20695	1	419	22	229	54.6539	5.73508	36.5	59.3
dDocent_Contig_20699	1	474	5	164	34.5992	0.841772	36.4	46.2
dDocent_Contig_20703	1	377	3	162	42.9708	0.907162	36.9	60
dDocent_Contig_20708	1	329	16	215	65.3495	6.44377	36.3	60
dDocent_Contig_20713	1	336	13	184	54.7619	4.34821	35.5	60
dDocent_Contig_20718	1	342	2	109	31.8713	0.637427	36.8	60
dDocent_Contig_20719	1	358	10	304	84.9162	2.98883	36.8	60
dDocent_Contig_20725	1	450	20	207	46	4.79333	36.2	60
dDocent_Contig_20729	1	369	13	190	51.4905	3.86721	35.9	60
dDocent_Contig_20731	1	428	5	210	49.0654	1.43925	33.8	60
dDocent_Contig_20735	1	269	3	79	29.368	0.788104	36.8	37.3
dDocent_Contig_20745	1	380	2	119	31.3158	0.626316	36.9	60
dDocent_Contig_20746	1	400	4	135	33.75	1.005	35.1	60
dDocent_Contig_20747	1	398	2	62	15.5779	0.311558	36.5	60
dDocent_Contig_20750	1	414	3	138	33.3333	0.903382	36.7	60
dDocent_Contig_20760	1	342	13	207	60.5263	4.15789	36.7	60
dDocent_Contig_20761	1	411	25	287	69.8297	6.47202	36	60
dDocent_Contig_20768	1	242	10	180	74.3802	5.33058	36.7	60
dDocent_Contig_20769	1	448	6	137	30.5804	1.47098	35.1	59.8
dDocent_Contig_20780	1	361	7	153	42.3823	2.30748	36.9	60
dDocent_Contig_20786	1	482	2	106	21.9917	0.439834	35.1	60
dDocent_Contig_20790	1	325	24	219	67.3846	7.95077	36.4	60
dDocent_Contig_20792	1	334	5	156	46.7066	1.43114	36.9	60
dDocent_Contig_20793	1	396	6	229	57.8283	1.83838	36.4	60
dDocent_Contig_20829	1	375	5	175	46.6667	1.18133	36.6	60
dDocent_Contig_20833	1	389	8	203	52.1851	1.88175	36.6	60
dDocent_Contig_20834	1	477	2	87	18.239	0.36478	37	26
dDocent_Contig_20837	1	404	25	300	74.2574	7.79703	36.5	60
dDocent_Contig_20839	1	489	4	198	40.4908	1.00204	36.9	60
dDocent_Contig_20842	1	382	40	198	51.8325	11.7042	35.5	60
dDocent_Contig_20843	1	379	1	60	15.8311	0.158311	37	60
dDocent_Contig_20845	1	442	31	215	48.6425	7.28054	34.8	60
dDocent_Contig_20858	1	411	3	112	27.2506	0.708029	36.6	60
dDocent_Contig_20859	1	514	29	217	42.2179	6.89883	36.5	60
dDocent_Contig_20863	1	417	36	205	49.1607	11.4245	35.3	60
dDocent_Contig_20865	1	443	1	114	25.7336	0.257336	36.8	60
dDocent_Contig_20871	1	362	10	207	57.1823	3.13812	36.7	60
dDocent_Contig_20872	1	476	1	118	24.7899	0.247899	36.8	60
dDocent_Contig_20879	1	351	6	178	50.7123	2.07977	36.8	60
dDocent_Contig_20882	1	403	124	320	79.4045	36.34	35.8	59.9
dDocent_Contig_20884	1	421	13	170	40.38	3.80048	36.2	60
dDocent_Contig_20886	1	372	4	145	38.9785	1.05376	36.9	60
dDocent_Contig_20888	1	291	14	202	69.4158	6.23024	36.1	60
dDocent_Contig_20894	1	421	2	98	23.2779	0.465558	36.9	60
dDocent_Contig_20900	1	334	2	89	26.6467	0.532934	36.9	60
dDocent_Contig_20906	1	319	14	225	70.5329	4.94671	36.7	60
dDocent_Contig_20907	1	359	4	169	47.0752	1.26741	35.7	60
dDocent_Contig_20911	1	280	35	241	86.0714	13.9857	35.6	60
dDocent_Contig_20922	1	282	9	100	35.461	2.71631	35.4	60
dDocent_Contig_20924	1	486	502	270	55.5556	119.568	36.1	57
dDocent_Contig_20929	1	263	32	199	75.6654	14.6388	36.2	60
dDocent_Contig_20931	1	458	1	108	23.5808	0.235808	36.8	60
dDocent_Contig_20935	1	434	9	191	44.0092	2.23733	36.5	60
dDocent_Contig_20939	1	463	4	198	42.7646	1.08855	36.4	60
dDocent_Contig_20949	1	354	26	204	57.6271	9.68362	36.3	60
dDocent_Contig_20969	1	427	18	216	50.5855	5.17564	36.1	60
dDocent_Contig_20972	1	371	25	211	56.8733	7.92722	36.6	60
dDocent_Contig_20976	1	475	2	108	22.7368	0.454737	35.8	60
dDocent_Contig_20978	1	373	82	355	95.1743	23.1769	36.3	49.6
dDocent_Contig_20981	1	366	73	189	51.6393	21.6858	35.2	60
dDocent_Contig_20986	1	369	6	230	62.3306	1.88076	36.9	60
dDocent_Contig_20987	1	479	4	108	22.547	0.901879	36.8	60
dDocent_Contig_20990	1	344	31	268	77.907	11.6105	35	60
dDocent_Contig_20994	1	288	4	128	44.4444	1.52778	36.9	60
dDocent_Contig_20996	1	404	7	236	58.4158	2.12624	36.1	60
dDocent_Contig_21013	1	423	5	161	38.0615	0.981087	36.8	60
dDocent_Contig_21028	1	374	2	118	31.5508	0.631016	35.5	60
dDocent_Contig_21031	1	424	16	224	52.8302	4.27594	35.4	60
dDocent_Contig_21033	1	420	14	334	79.5238	3.90714	36.2	60
dDocent_Contig_21034	1	285	1	150	52.6316	0.526316	35.8	60
dDocent_Contig_21037	1	443	2	71	16.0271	0.320542	36.9	60
dDocent_Contig_21046	1	366	20	216	59.0164	6.21311	35.5	60
dDocent_Contig_21047	1	470	2	150	31.9149	0.638298	36.1	60
dDocent_Contig_21048	1	432	19	183	42.3611	3.95602	35.8	51.7
dDocent_Contig_21049	1	420	17	349	83.0952	4.1	36.1	60
dDocent_Contig_21051	1	448	5	85	18.9732	0.837054	36	59.6
dDocent_Contig_21056	1	373	26	267	71.5818	6.80965	36.1	60
dDocent_Contig_21059	1	482	1	60	12.4481	0.124481	36.8	60
dDocent_Contig_21060	1	360	2	72	20	0.4	36.5	60
dDocent_Contig_21065	1	502	1	97	19.3227	0.193227	36.6	60
dDocent_Contig_21068	1	414	5	239	57.7295	1.26812	36.3	60
dDocent_Contig_21069	1	402	11	304	75.6219	2.9005	36.7	46.3
dDocent_Contig_21073	1	359	26	317	88.3008	8.15877	36.5	58.9
dDocent_Contig_21077	1	453	4	149	32.8918	0.657837	36.7	60
dDocent_Contig_21084	1	269	4	127	47.2119	1.49442	36.8	60
dDocent_Contig_21086	1	246	2	81	32.9268	0.658537	36.9	60
dDocent_Contig_21087	1	360	8	121	33.6111	1.94444	36	60
dDocent_Contig_21090	1	401	2	124	30.9227	0.618454	36.9	60
dDocent_Contig_21091	1	431	1	111	25.7541	0.257541	35.9	60
dDocent_Contig_21094	1	454	10	146	32.1586	2.10793	36.8	60
dDocent_Contig_21095	1	367	7	154	41.9619	2.10899	36.2	60
dDocent_Contig_21116	1	300	39	186	62	16.1133	36	60
dDocent_Contig_21117	1	427	12	201	47.0726	2.57143	36.2	60
dDocent_Contig_21121	1	452	33	210	46.4602	9.41372	35.8	60
dDocent_Contig_21126	1	406	14	174	42.8571	3.7931	36.6	60
dDocent_Contig_21132	1	265	12	178	67.1698	3.87925	36.4	60
dDocent_Contig_21133	1	373	8	156	41.8231	2.82038	36.8	60
dDocent_Contig_21140	1	378	3	150	39.6825	0.910053	36.8	60
dDocent_Contig_21148	1	361	14	146	40.4432	4.09695	36.7	60
dDocent_Contig_21149	1	392	17	115	29.3367	3.62245	35.2	59.7
dDocent_Contig_21153	1	307	13	201	65.4723	5.05863	36.7	60
dDocent_Contig_21155	1	367	1	150	40.8719	0.408719	37	60
dDocent_Contig_21156	1	415	24	272	65.5422	5.86506	36.8	60
dDocent_Contig_21158	1	362	5	196	54.1436	1.40608	35.1	60
dDocent_Contig_21171	1	229	1	138	60.262	0.60262	36.9	60
dDocent_Contig_21172	1	344	1	87	25.2907	0.252907	34	60
dDocent_Contig_21175	1	381	5	188	49.3438	1.82415	36.6	60
dDocent_Contig_21180	1	416	17	173	41.5865	4.90865	36.4	60
dDocent_Contig_21181	1	298	2	115	38.5906	0.771812	36.9	60
dDocent_Contig_21184	1	329	10	140	42.5532	2.84498	35	60
dDocent_Contig_21186	1	286	30	187	65.3846	13.6503	36.3	60
dDocent_Contig_21193	1	399	5	207	51.8797	1.33584	34.6	60
dDocent_Contig_21197	1	461	2	92	19.9566	0.399132	37	60
dDocent_Contig_21198	1	369	10	253	68.5637	2.45799	36.1	60
dDocent_Contig_21199	1	442	27	348	78.733	6.68326	36.6	60
dDocent_Contig_21201	1	256	20	214	83.5938	8.07812	35.7	60
dDocent_Contig_21203	1	359	6	151	42.0613	1.70474	35.1	60
dDocent_Contig_21204	1	306	23	167	54.5752	8.48039	36.1	60
dDocent_Contig_21209	1	261	10	208	79.6935	4.56705	36.8	60
dDocent_Contig_21210	1	375	157	373	99.4667	44.3227	36	54
dDocent_Contig_21211	1	259	23	209	80.695	11.2162	36.5	60
dDocent_Contig_21212	1	358	11	131	36.5922	3.29888	36.4	60
dDocent_Contig_21214	1	281	4	167	59.4306	1.51246	36.7	60
dDocent_Contig_21216	1	399	2	74	18.5464	0.370927	36.7	60
dDocent_Contig_21227	1	355	11	206	58.0282	3.63944	35.6	60
dDocent_Contig_21232	1	425	15	236	55.5294	4.84471	36.3	60
dDocent_Contig_21233	1	287	33	264	91.9861	11.1115	36.3	57
dDocent_Contig_21234	1	349	10	150	42.9799	2.81089	36.7	60
dDocent_Contig_21243	1	405	14	169	41.7284	3.48642	36.4	60
dDocent_Contig_21245	1	293	4	102	34.8123	1.39249	36.9	60
dDocent_Contig_21246	1	397	22	247	62.2166	6.60705	35.7	60
dDocent_Contig_21251	1	408	8	190	46.5686	2.60294	34.9	60
dDocent_Contig_21253	1	505	33	310	61.3861	7.52475	36.3	60
dDocent_Contig_21258	1	488	4	147	30.123	0.909836	36.7	60
dDocent_Contig_21260	1	281	6	214	76.1566	2.15658	36.9	60
dDocent_Contig_21261	1	425	18	196	46.1176	4.10588	36	60
dDocent_Contig_21266	1	351	11	172	49.0028	3.94872	35.6	60
dDocent_Contig_21270	1	353	11	113	32.0113	2.96601	36.8	30
dDocent_Contig_21273	1	409	19	199	48.6553	5.40342	36.7	60
dDocent_Contig_21274	1	357	9	203	56.8627	2.85994	36.5	60
dDocent_Contig_21275	1	400	10	160	40	2.7125	36.5	60
dDocent_Contig_21278	1	362	7	179	49.4475	2.34254	36.6	60
dDocent_Contig_21279	1	378	24	236	62.4339	8.12169	36.3	60
dDocent_Contig_21281	1	434	7	229	52.765	1.64055	36.9	60
dDocent_Contig_21285	1	334	32	260	77.8443	11.4371	35.5	60
dDocent_Contig_21300	1	292	3	125	42.8082	1.28082	34.7	60
dDocent_Contig_21301	1	384	16	228	59.375	3.54948	35.2	60
dDocent_Contig_21307	1	368	7	190	51.6304	1.93207	36.2	60
dDocent_Contig_21312	1	347	5	144	41.4986	1.5245	36.6	60
dDocent_Contig_21323	1	316	43	238	75.3165	16.943	35	60
dDocent_Contig_21326	1	393	24	224	56.9975	7.39186	36.7	60
dDocent_Contig_21328	1	398	157	326	81.9095	36.3015	35.9	52.5
dDocent_Contig_21329	1	313	22	223	71.246	8.37061	36.3	60
dDocent_Contig_21330	1	389	5	257	66.0668	1.49357	36.3	60
dDocent_Contig_21333	1	463	2	146	31.5335	0.63067	37	60
dDocent_Contig_21335	1	441	4	114	25.8503	1.01814	36.9	60
dDocent_Contig_21336	1	465	1	146	31.3978	0.313978	36.9	60
dDocent_Contig_21337	1	512	2	134	26.1719	0.523438	33.4	60
dDocent_Contig_21340	1	368	22	161	43.75	6.23913	36.6	60
dDocent_Contig_21345	1	250	15	190	76	7.348	36.7	60
dDocent_Contig_21347	1	317	109	218	68.7697	33.2555	36	44.9
dDocent_Contig_21351	1	342	17	167	48.8304	4.9269	35.8	60
dDocent_Contig_21354	1	426	20	266	62.4413	4.5493	36.3	54.8
dDocent_Contig_21355	1	332	49	292	87.9518	17.8494	35	59.6
dDocent_Contig_21356	1	470	32	269	57.234	8.69787	36.5	52.3
dDocent_Contig_21359	1	405	243	399	98.5185	52.7383	36.3	50.3
dDocent_Contig_21361	1	322	3	100	31.0559	0.931677	34.1	60
dDocent_Contig_21375	1	426	3	120	28.169	0.84507	36.9	60
dDocent_Contig_21377	1	263	2	96	36.5019	0.730038	36	60
dDocent_Contig_21379	1	373	28	179	47.9893	8.03485	36.6	60
dDocent_Contig_21385	1	425	63	183	43.0588	16.5271	35.7	60
dDocent_Contig_21388	1	367	9	284	77.3842	2.84469	36.7	60
dDocent_Contig_21390	1	402	47	368	91.5423	13.9303	35.5	60
dDocent_Contig_21391	1	433	25	248	57.2748	7.06005	34.9	60
dDocent_Contig_21392	1	355	6	244	68.7324	1.76056	36.3	60
dDocent_Contig_21400	1	351	18	245	69.8006	7.35897	36.8	60
dDocent_Contig_21404	1	391	29	357	91.3043	8.27877	36.2	60
dDocent_Contig_21405	1	368	2	71	19.2935	0.38587	36.9	60
dDocent_Contig_21406	1	389	8	134	34.4473	2.34961	35.2	60
dDocent_Contig_21414	1	387	16	169	43.6693	4.76486	36.6	60
dDocent_Contig_21415	1	389	35	271	69.6658	10.1954	35.8	60
dDocent_Contig_21419	1	434	4	163	37.5576	0.834101	36.4	60
dDocent_Contig_21429	1	344	22	229	66.5698	8.09593	36.5	60
dDocent_Contig_21431	1	484	22	210	43.3884	5.22107	34.8	60
dDocent_Contig_21432	1	314	2	130	41.4013	0.828025	36.8	60
dDocent_Contig_21434	1	318	11	182	57.2327	4.25472	35.8	60
dDocent_Contig_21435	1	388	23	227	58.5052	6.11082	36.6	60
dDocent_Contig_21437	1	424	2	103	24.2925	0.485849	36.9	60
dDocent_Contig_21438	1	400	2	48	12	0.24	36.8	41
dDocent_Contig_21459	1	236	11	235	99.5763	5.71186	36.6	60
dDocent_Contig_21460	1	382	29	275	71.9895	9.90838	35.6	60
dDocent_Contig_21462	1	359	54	221	61.5599	17.7465	35.5	60
dDocent_Contig_21463	1	295	15	219	74.2373	6.18644	36.5	60
dDocent_Contig_21464	1	269	16	181	67.2862	7.68773	36.1	60
dDocent_Contig_21468	1	450	2385	450	100	621.296	36	48.8
dDocent_Contig_21469	1	413	5	250	60.5327	1.52058	36.6	60
dDocent_Contig_21473	1	363	12	143	39.3939	3.93113	36.3	60
dDocent_Contig_21474	1	349	25	228	65.3295	8.11175	34.8	59.9
dDocent_Contig_21481	1	352	16	209	59.375	5.39773	36.1	60
dDocent_Contig_21482	1	412	7	219	53.1553	1.8932	36.2	60
dDocent_Contig_21485	1	355	17	184	51.831	4.98873	36.3	60
dDocent_Contig_21487	1	332	19	236	71.0843	6.67169	36.6	60
dDocent_Contig_21488	1	333	3	113	33.9339	0.804805	36.8	60
dDocent_Contig_21492	1	381	8	179	46.9816	2.03937	34.1	60
dDocent_Contig_21495	1	393	35	232	59.0331	10.9338	36	60
dDocent_Contig_21496	1	389	35	208	53.4704	11.5681	35.9	60
dDocent_Contig_21497	1	386	5	155	40.1554	1.9171	35.8	60
dDocent_Contig_21500	1	240	32	234	97.5	16.5542	35.3	60
dDocent_Contig_21501	1	326	2	76	23.3129	0.466258	37	60
dDocent_Contig_21504	1	361	4	163	45.1524	1.08864	35.4	60
dDocent_Contig_21505	1	370	16	191	51.6216	4.0973	36.2	60
dDocent_Contig_21508	1	396	3	95	23.9899	0.719697	34.8	60
dDocent_Contig_21510	1	315	6	206	65.3968	2.22222	36.8	60
dDocent_Contig_21511	1	368	19	160	43.4783	5.73913	35.6	59.9
dDocent_Contig_21514	1	401	29	288	71.8204	8.25935	36.1	60
dDocent_Contig_21515	1	407	28	225	55.2826	7.37346	35.3	59.4
dDocent_Contig_21517	1	303	24	216	71.2871	10.1848	34.7	60
dDocent_Contig_21536	1	397	25	236	59.4458	7.83123	36.2	60
dDocent_Contig_21540	1	333	12	282	84.6847	4.4024	36.1	60
dDocent_Contig_21541	1	373	16	194	52.0107	4.3941	36.4	60
dDocent_Contig_21545	1	351	2	130	37.037	0.740741	36.9	60
dDocent_Contig_21548	1	365	21	171	46.8493	6.2274	35.5	60
dDocent_Contig_21558	1	380	2	94	24.7368	0.494737	36.9	60
dDocent_Contig_21559	1	397	124	387	97.4811	34.136	36.3	52.2
dDocent_Contig_21562	1	418	3	103	24.6411	0.739234	36.8	60
dDocent_Contig_21565	1	365	2	207	56.7123	0.821918	36.8	60
dDocent_Contig_21566	1	411	22	267	64.9635	6.20681	36.4	60
dDocent_Contig_21567	1	360	14	175	48.6111	4.38889	35.5	60
dDocent_Contig_21568	1	350	2	42	12	0.24	37	60
dDocent_Contig_21569	1	300	8	208	69.3333	3.54	36.1	60
dDocent_Contig_21574	1	402	15	190	47.2637	4.28358	36.7	60
dDocent_Contig_21579	1	452	2	135	29.8673	0.597345	36.7	60
dDocent_Contig_21580	1	429	15	193	44.9883	4.07459	36	60
dDocent_Contig_21582	1	315	18	288	91.4286	6.80952	36.6	60
dDocent_Contig_21583	1	380	19	208	54.7368	5.71316	36.2	60
dDocent_Contig_21586	1	387	11	229	59.1731	2.94832	36.7	60
dDocent_Contig_21587	1	242	17	207	85.5372	8.06612	35.7	60
dDocent_Contig_21588	1	282	4	179	63.4752	1.2695	36.8	60
dDocent_Contig_21589	1	383	12	178	46.4752	4.33943	35.8	60
dDocent_Contig_21593	1	417	13	180	43.1655	2.82494	36.3	60
dDocent_Contig_21602	1	351	1	92	26.2108	0.262108	36.5	60
dDocent_Contig_21606	1	288	14	197	68.4028	5.57292	35.2	60
dDocent_Contig_21619	1	511	48	229	44.8141	10.6477	35.7	59.3
dDocent_Contig_21628	1	374	1	85	22.7273	0.227273	37	60
dDocent_Contig_21629	1	357	19	205	57.423	6.10644	35.9	60
dDocent_Contig_21630	1	261	12	197	75.4789	5.83908	35.7	60
dDocent_Contig_21631	1	392	22	331	84.4388	5.79847	36.3	60
dDocent_Contig_21632	1	367	18	146	39.782	5.89646	35.9	60
dDocent_Contig_21643	1	361	4	131	36.2881	1.16343	36.9	60
dDocent_Contig_21644	1	312	20	213	68.2692	6.30769	36	60
dDocent_Contig_21645	1	384	2	99	25.7812	0.515625	36.5	60
dDocent_Contig_21648	1	431	14	316	73.3179	3.79582	36.1	58.7
dDocent_Contig_21661	1	346	13	134	38.7283	3.04335	36.1	50.1
dDocent_Contig_21665	1	345	14	150	43.4783	4.22609	36	60
dDocent_Contig_21667	1	394	13	140	35.533	3.19289	36.7	60
dDocent_Contig_21670	1	385	16	171	44.4156	4.81558	35.9	60
dDocent_Contig_21671	1	253	6	206	81.4229	2.9249	35.7	60
dDocent_Contig_21675	1	509	2	110	21.611	0.43222	36.9	60
dDocent_Contig_21687	1	368	16	188	51.087	4.44837	36.1	60
dDocent_Contig_21689	1	312	4	118	37.8205	1.51282	36.9	60
dDocent_Contig_21690	1	468	27	226	48.2906	6.25641	36	60
dDocent_Contig_21693	1	384	14	292	76.0417	3.96875	35.7	60
dDocent_Contig_21698	1	491	15	189	38.4929	3.17312	35.7	60
dDocent_Contig_21699	1	283	28	209	73.8516	12.8233	35.2	60
dDocent_Contig_21705	1	466	13	227	48.7124	3.66524	36.6	60
dDocent_Contig_21709	1	348	7	202	58.046	2.44253	36.7	60
dDocent_Contig_21711	1	405	15	182	44.9383	3.53827	36.7	60
dDocent_Contig_21712	1	383	25	215	56.1358	7.20104	36	60
dDocent_Contig_21717	1	455	17	299	65.7143	3.95385	36.6	60
dDocent_Contig_21718	1	472	13	285	60.3814	2.48305	36.3	59.2
dDocent_Contig_21722	1	286	24	277	96.8531	10.0315	36	60
dDocent_Contig_21723	1	403	35	222	55.0868	11.8883	34.9	60
dDocent_Contig_21726	1	280	11	202	72.1429	3.61429	36.8	60
dDocent_Contig_21729	1	375	3	121	32.2667	0.968	36.5	60
dDocent_Contig_21730	1	368	3	127	34.5109	1.02989	32.5	60
dDocent_Contig_21737	1	315	6	109	34.6032	1.93333	35.8	60
dDocent_Contig_21739	1	398	2	108	27.1357	0.542714	36.8	60
dDocent_Contig_21740	1	364	6	108	29.6703	1.63736	36.7	60
dDocent_Contig_21745	1	328	146	258	78.6585	49.1677	36.2	47.6
dDocent_Contig_21747	1	305	17	199	65.2459	7.65574	36.3	60
dDocent_Contig_21755	1	393	18	200	50.8906	4.87023	36.6	60
dDocent_Contig_21756	1	372	1	90	24.1935	0.241935	36.4	60
dDocent_Contig_21760	1	237	7	198	83.5443	3.33755	36	60
dDocent_Contig_21775	1	316	4	128	40.5063	1.15823	36.5	43.8
dDocent_Contig_21778	1	390	1	91	23.3333	0.233333	32.8	60
dDocent_Contig_21779	1	365	15	203	55.6164	3.88767	35.7	60
dDocent_Contig_21786	1	350	21	262	74.8571	6.65714	36.4	60
dDocent_Contig_21788	1	498	2	75	15.0602	0.301205	36.9	60
dDocent_Contig_21792	1	371	11	208	56.0647	3.26954	36.4	60
dDocent_Contig_21800	1	329	8	137	41.6413	2.41337	35.4	60
dDocent_Contig_21801	1	384	5	171	44.5312	1.73698	35.2	52.2
dDocent_Contig_21803	1	356	8	142	39.8876	2.05618	36.7	60
dDocent_Contig_21808	1	359	22	231	64.3454	7.00279	35.3	60
dDocent_Contig_21809	1	386	17	193	50	5.9456	36	60
dDocent_Contig_21814	1	398	1	83	20.8543	0.208543	34.9	60
dDocent_Contig_21815	1	492	6	128	26.0163	1.24797	36.8	60
dDocent_Contig_21819	1	405	21	190	46.9136	5.77778	36.3	60
dDocent_Contig_21829	1	370	26	216	58.3784	8.15946	36.3	60
dDocent_Contig_21830	1	319	49	311	97.4922	15.5392	36.2	45.6
dDocent_Contig_21832	1	428	7	159	37.1495	1.67523	35.1	60
dDocent_Contig_21833	1	339	30	218	64.3068	10.9263	35.8	56.3
dDocent_Contig_21837	1	365	1	119	32.6027	0.326027	36.9	60
dDocent_Contig_21850	1	296	22	205	69.2568	8.27027	36.6	60
dDocent_Contig_21851	1	354	2	102	28.8136	0.576271	36.8	60
dDocent_Contig_21855	1	437	17	253	57.8947	4.36842	35	60
dDocent_Contig_21856	1	304	10	156	51.3158	3.34868	36.3	60
dDocent_Contig_21864	1	380	26	238	62.6316	8.27368	35.3	60
dDocent_Contig_21866	1	314	11	215	68.4713	4.67197	36.8	60
dDocent_Contig_21869	1	414	2	131	31.6425	0.63285	36.8	60
dDocent_Contig_21871	1	374	10	159	42.5134	3.26738	36.1	60
dDocent_Contig_21875	1	357	2	97	27.1709	0.543417	36.7	60
dDocent_Contig_21886	1	331	5	211	63.7462	1.99698	35.4	60
dDocent_Contig_21888	1	394	12	176	44.6701	4.08883	35.5	60
dDocent_Contig_21889	1	423	15	245	57.9196	4.51537	36.2	60
dDocent_Contig_21901	1	449	22	272	60.5791	6.17149	35.7	60
dDocent_Contig_21911	1	339	16	244	71.9764	4.97935	36.8	60
dDocent_Contig_21913	1	394	4	108	27.4112	1.09645	36.9	60
dDocent_Contig_21914	1	339	21	198	58.4071	7.52802	35.8	60
dDocent_Contig_21922	1	300	4	167	55.6667	1.40667	35.5	60
dDocent_Contig_21926	1	418	1	84	20.0957	0.200957	36.4	60
dDocent_Contig_21927	1	395	1	102	25.8228	0.258228	36.9	60
dDocent_Contig_21941	1	301	14	204	67.7741	6.24917	36.4	60
dDocent_Contig_21942	1	404	17	200	49.505	5.06931	35.5	60
dDocent_Contig_21944	1	343	38	262	76.3848	12.5131	35.8	60
dDocent_Contig_21945	1	303	614	302	99.67	240.766	36	59.6
dDocent_Contig_21946	1	393	20	179	45.5471	5.92621	36.3	60
dDocent_Contig_21949	1	445	7	180	40.4494	1.66966	34.4	60
dDocent_Contig_21957	1	401	10	249	62.0948	2.99751	36.8	60
dDocent_Contig_21962	1	243	15	154	63.3745	7.15638	36.2	60
dDocent_Contig_21964	1	380	23	184	48.4211	6.76316	36.6	60
dDocent_Contig_21968	1	366	8	141	38.5246	2.18306	36.8	60
dDocent_Contig_21969	1	420	28	240	57.1429	7.52619	36.3	59.7
dDocent_Contig_21970	1	398	69	388	97.4874	19.2538	36.2	58.5
dDocent_Contig_21973	1	282	27	189	67.0213	11.1454	36.2	60
dDocent_Contig_21984	1	317	7	180	56.7823	2.70978	34.7	60
dDocent_Contig_21989	1	374	28	177	47.3262	8.02941	36.7	60
dDocent_Contig_21993	1	268	17	231	86.194	7.29851	35	60
dDocent_Contig_22001	1	401	2	94	23.4414	0.468828	37	60
dDocent_Contig_22006	1	317	925	317	100	334.256	36.3	55.8
dDocent_Contig_22009	1	470	9	221	47.0213	2.04681	35.5	60
dDocent_Contig_22011	1	381	1	132	34.6457	0.346457	37	60
dDocent_Contig_22016	1	312	4	173	55.4487	1.53846	36.9	60
dDocent_Contig_22019	1	320	14	206	64.375	5.18125	35.5	60
dDocent_Contig_22021	1	338	13	213	63.0178	4.35207	36.4	60
dDocent_Contig_22024	1	297	6	223	75.0842	2.32997	34.6	60
dDocent_Contig_22030	1	367	27	220	59.9455	8.45232	36.5	60
dDocent_Contig_22036	1	267	20	197	73.7828	8.51685	36.5	60
dDocent_Contig_22038	1	360	3	149	41.3889	1.08056	36.8	60
dDocent_Contig_22042	1	469	12	201	42.8571	2.77186	36.8	60
dDocent_Contig_22043	1	427	9	170	39.8126	1.98595	36.7	60
dDocent_Contig_22044	1	316	9	137	43.3544	2.82911	36.9	60
dDocent_Contig_22045	1	350	2	64	18.2857	0.365714	34.6	60
dDocent_Contig_22046	1	310	40	233	75.1613	14.6645	35.6	60
dDocent_Contig_22047	1	392	3	92	23.4694	0.704082	34.3	60
dDocent_Contig_22055	1	358	5	150	41.8994	1.48883	33.5	60
dDocent_Contig_22058	1	344	4	269	78.1977	1.56105	34.8	60
dDocent_Contig_22059	1	441	2	121	27.4376	0.548753	35.9	60
dDocent_Contig_22060	1	481	3	164	34.0956	0.476091	36.9	60
dDocent_Contig_22062	1	428	11	139	32.4766	3.46028	34.7	60
dDocent_Contig_22079	1	397	13	259	65.2393	3.76322	36.6	60
dDocent_Contig_22082	1	321	2	110	34.2679	0.685358	36.8	60
dDocent_Contig_22086	1	502	9	187	37.251	1.76892	34.5	60
dDocent_Contig_22096	1	462	1133	450	97.4026	292.656	35.9	45.6
dDocent_Contig_22097	1	386	14	203	52.5907	4.55699	36.1	60
dDocent_Contig_22100	1	345	89	245	71.0145	27.2841	35.3	60
dDocent_Contig_22101	1	419	2	129	30.7876	0.615752	37	60
dDocent_Contig_22109	1	384	19	168	43.75	5.4349	36.6	60
dDocent_Contig_22110	1	337	2	82	24.3323	0.486647	36.7	60
dDocent_Contig_22115	1	318	4	101	31.761	1.27044	35.8	60
dDocent_Contig_22116	1	420	4	224	53.3333	1.13095	34.4	60
dDocent_Contig_22117	1	467	16	370	79.2291	4.10064	36.4	60
dDocent_Contig_22134	1	442	3	148	33.4842	0.633484	36.7	58.7
dDocent_Contig_22135	1	365	1	83	22.7397	0.227397	36.9	60
dDocent_Contig_22136	1	504	17	217	43.0556	3.62302	36.4	60
dDocent_Contig_22137	1	436	2	111	25.4587	0.509174	36.7	60
dDocent_Contig_22139	1	493	2	96	19.4726	0.389452	36.8	60
dDocent_Contig_22142	1	402	7	157	39.0547	1.82836	36.9	60
dDocent_Contig_22144	1	255	28	173	67.8431	11.0941	36.1	60
dDocent_Contig_22155	1	421	1	116	27.5534	0.275534	36.9	60
dDocent_Contig_22157	1	319	10	254	79.6238	3.93417	36.3	60
dDocent_Contig_22158	1	463	2	87	18.7905	0.37581	36.9	60
dDocent_Contig_22159	1	405	13	245	60.4938	3.81481	35.8	60
dDocent_Contig_22161	1	434	27	220	50.6912	6.73041	36.4	60
dDocent_Contig_22162	1	425	27	207	48.7059	6.66353	35.7	60
dDocent_Contig_22168	1	381	697	379	99.4751	216.895	36	59.4
dDocent_Contig_22170	1	337	24	332	98.5163	8.27596	36.6	60
dDocent_Contig_22182	1	319	4	168	52.6646	1.22884	36.9	60
dDocent_Contig_22196	1	377	30	178	47.2149	8.45889	35.5	59.7
dDocent_Contig_22206	1	460	2	101	21.9565	0.43913	36.6	60
dDocent_Contig_22219	1	444	7	260	58.5586	1.64414	36.1	60
dDocent_Contig_22220	1	381	14	148	38.8451	3.86877	35.9	60
dDocent_Contig_22221	1	309	14	183	59.2233	4.68932	34.3	60
dDocent_Contig_22227	1	395	3	108	27.3418	0.820253	36.8	60
dDocent_Contig_22228	1	254	1	86	33.8583	0.338583	36.9	60
dDocent_Contig_22243	1	227	23	215	94.7137	11.5507	35.7	60
dDocent_Contig_22247	1	286	10	209	73.0769	3.80769	36.4	60
dDocent_Contig_22251	1	382	12	190	49.7382	3.37435	36.3	60
dDocent_Contig_22254	1	401	1	97	24.1895	0.241895	36.9	60
dDocent_Contig_22255	1	370	1	83	22.4324	0.224324	36.7	60
dDocent_Contig_22263	1	382	5	172	45.0262	1.3377	35.5	60
dDocent_Contig_22269	1	425	3	98	23.0588	0.665882	34.9	60
dDocent_Contig_22277	1	389	13	150	38.5604	3.92031	36.1	60
dDocent_Contig_22278	1	386	6	138	35.7513	1.9171	34.6	60
dDocent_Contig_22290	1	373	4	120	32.1716	1.13137	37	60
dDocent_Contig_22295	1	414	12	148	35.7488	2.97101	35.5	60
dDocent_Contig_22311	1	344	2	104	30.2326	0.604651	36.8	60
dDocent_Contig_22312	1	454	2	60	13.2159	0.264317	36.8	60
dDocent_Contig_22315	1	229	2	75	32.7511	0.655022	36.8	60
dDocent_Contig_22317	1	325	2	92	28.3077	0.566154	37	60
dDocent_Contig_22319	1	393	37	206	52.4173	11.1272	36	60
dDocent_Contig_22334	1	439	2	41	9.33941	0.186788	36.6	60
dDocent_Contig_22343	1	367	4	157	42.7793	1.63488	36.3	60
dDocent_Contig_22344	1	417	10	162	38.8489	2.44125	36.9	60
dDocent_Contig_22346	1	286	16	137	47.9021	5.88462	36	60
dDocent_Contig_22347	1	423	26	215	50.8274	6.52482	36.1	60
dDocent_Contig_22348	1	405	8	184	45.4321	1.64444	36.7	55.5
dDocent_Contig_22349	1	290	37	267	92.069	13.6138	36.7	53.5
dDocent_Contig_22350	1	374	20	199	53.2086	6.51872	36.5	60
dDocent_Contig_22362	1	375	4	210	56	1.168	36.5	60
dDocent_Contig_22369	1	403	17	290	71.9603	4.48139	36	60
dDocent_Contig_22373	1	391	33	222	56.7775	9.42455	36.3	60
dDocent_Contig_22377	1	371	2	142	38.2749	0.765499	36.9	60
dDocent_Contig_22386	1	419	2	90	21.4797	0.429594	36.9	60
dDocent_Contig_22401	1	321	11	156	48.5981	4.74143	36.4	60
dDocent_Contig_22407	1	245	9	145	59.1837	3.63673	36.8	54
dDocent_Contig_22408	1	434	69	399	91.9355	15.6912	36.5	56.4
dDocent_Contig_22414	1	326	71	201	61.6564	21.2025	36.3	41.2
dDocent_Contig_22415	1	385	5	103	26.7532	1.32727	36.2	22
dDocent_Contig_22425	1	425	1	109	25.6471	0.256471	37	60
dDocent_Contig_22431	1	435	1	81	18.6207	0.186207	36.9	60
dDocent_Contig_22437	1	351	9	207	58.9744	3.1567	36.8	60
dDocent_Contig_22443	1	491	10	183	37.2709	2.41955	36.4	60
dDocent_Contig_22450	1	381	19	263	69.0289	5.08661	36.9	60
dDocent_Contig_22454	1	345	18	273	79.1304	5.23478	35.4	60
dDocent_Contig_22459	1	402	11	306	76.1194	3.3607	35.8	60
dDocent_Contig_22460	1	332	18	211	63.5542	6.98193	35.7	60
dDocent_Contig_22462	1	383	15	188	49.0862	5.29243	36.1	60
dDocent_Contig_22463	1	362	25	151	41.7127	7.35635	36.4	60
dDocent_Contig_22465	1	415	10	197	47.4699	2.7494	35.2	60
dDocent_Contig_22467	1	401	9	152	37.9052	2.23441	35.6	60
dDocent_Contig_22473	1	292	7	203	69.5205	2.65411	36.8	60
dDocent_Contig_22476	1	295	9	171	57.9661	3.62373	35.8	60
dDocent_Contig_22482	1	391	3	170	43.4783	0.780051	36.1	60
dDocent_Contig_22483	1	313	10	204	65.1757	3.1278	35.2	60
dDocent_Contig_22484	1	331	2	51	15.4079	0.308157	36.8	47
dDocent_Contig_22485	1	393	3	174	44.2748	0.755725	36.8	60
dDocent_Contig_22492	1	386	4	98	25.3886	0.945596	36.8	60
dDocent_Contig_22493	1	469	6	307	65.4584	1.79531	36.4	60
dDocent_Contig_22500	1	345	5	185	53.6232	1.27246	36.7	57.6
dDocent_Contig_22502	1	432	18	248	57.4074	4.77083	36.6	60
dDocent_Contig_22503	1	418	2	97	23.2057	0.464115	36.9	60
dDocent_Contig_22505	1	244	14	148	60.6557	6.17623	35.7	60
dDocent_Contig_22516	1	326	1	49	15.0307	0.150307	36.8	60
dDocent_Contig_22531	1	400	12	202	50.5	3.625	36.6	60
dDocent_Contig_22533	1	394	16	270	68.5279	4.13452	34.7	59.8
dDocent_Contig_22545	1	478	1	100	20.9205	0.209205	36.9	60
dDocent_Contig_22546	1	381	12	155	40.6824	3.61942	36.1	60
dDocent_Contig_22551	1	374	7	164	43.8503	1.68984	35.9	60
dDocent_Contig_22565	1	440	2	102	23.1818	0.463636	36.7	60
dDocent_Contig_22572	1	383	2	46	12.0104	0.240209	36.7	60
dDocent_Contig_22600	1	381	7	233	61.1549	2.25197	36.7	60
dDocent_Contig_22607	1	344	8	162	47.093	2.22093	36.9	60
dDocent_Contig_22610	1	433	1	51	11.7783	0.117783	37	36
dDocent_Contig_22611	1	336	3	131	38.9881	0.96131	35.9	60
dDocent_Contig_22612	1	322	9	212	65.8385	3.88509	36.5	60
dDocent_Contig_22616	1	426	2	114	26.7606	0.535211	36.8	60
dDocent_Contig_22620	1	389	110	382	98.2005	30.5398	36.4	59.1
dDocent_Contig_22625	1	328	15	194	59.1463	4.94817	36.2	60
dDocent_Contig_22627	1	371	2	137	36.9272	0.738544	36.7	60
dDocent_Contig_22630	1	427	2	137	32.0843	0.641686	36.7	60
dDocent_Contig_22632	1	436	64	217	49.7706	16.9106	36.3	60
dDocent_Contig_22648	1	313	80	289	92.3323	25.0256	36.1	45.8
dDocent_Contig_22653	1	375	13	155	41.3333	3.53867	35.4	60
dDocent_Contig_22656	1	386	18	192	49.7409	5.31088	36.1	59.9
dDocent_Contig_22678	1	413	7	141	34.1404	1.8184	36.2	60
dDocent_Contig_22687	1	371	3	130	35.0404	0.846361	34.3	60
dDocent_Contig_22696	1	366	2	128	34.9727	0.699454	36.9	60
dDocent_Contig_22701	1	410	7	150	36.5854	1.97317	36.8	34.3
dDocent_Contig_22704	1	313	1	89	28.4345	0.284345	37	60
dDocent_Contig_22705	1	411	2	70	17.0316	0.340633	37	60
dDocent_Contig_22707	1	309	18	238	77.0227	7.65049	35.7	60
dDocent_Contig_22708	1	405	3	103	25.4321	0.758025	36.9	60
dDocent_Contig_22711	1	430	4	253	58.8372	1.23256	36.4	60
dDocent_Contig_22717	1	358	7	123	34.3575	1.54749	36.8	60
dDocent_Contig_22718	1	240	1	103	42.9167	0.429167	35.3	60
dDocent_Contig_22719	1	292	32	204	69.863	10.7123	35.8	60
dDocent_Contig_22720	1	370	10	230	62.1622	3.34595	36.5	60
dDocent_Contig_22721	1	464	43	213	45.9052	10.7974	35.1	60
dDocent_Contig_22744	1	470	4	147	31.2766	0.625532	36.7	56.5
dDocent_Contig_22771	1	260	1	107	41.1538	0.411538	37	60
dDocent_Contig_22772	1	329	11	281	85.4103	4.10638	35.4	60
dDocent_Contig_22779	1	477	1	20	4.19287	0.0419287	26.1	40
dDocent_Contig_22781	1	398	2	95	23.8693	0.477387	36.9	60
dDocent_Contig_22786	1	448	1	74	16.5179	0.165179	37	24
dDocent_Contig_22788	1	342	2	89	26.0234	0.44152	36.8	60
dDocent_Contig_22799	1	367	15	171	46.594	4.52861	36.1	60
dDocent_Contig_22801	1	386	29	210	54.4041	8.68912	36	60
dDocent_Contig_22802	1	470	46	259	55.1064	12.0872	35.3	59.7
dDocent_Contig_22804	1	340	8	153	45	2.74118	36.7	60
dDocent_Contig_22806	1	386	11	215	55.6995	2.43782	36.7	60
dDocent_Contig_22815	1	486	2	92	18.93	0.378601	36.9	60
dDocent_Contig_22817	1	281	26	276	98.2206	11.8612	35.5	53.5
dDocent_Contig_22824	1	421	2	78	18.5273	0.370546	36.8	48
dDocent_Contig_22829	1	335	8	294	87.7612	2.60896	36.2	60
dDocent_Contig_22836	1	298	2	101	33.8926	0.677852	36.8	60
dDocent_Contig_22839	1	352	2	88	25	0.5	36.9	60
dDocent_Contig_22841	1	363	2	95	26.1708	0.523416	37	60
dDocent_Contig_22842	1	487	4	131	26.8994	1.07598	37	60
dDocent_Contig_22843	1	339	8	186	54.8673	1.86726	35.7	60
dDocent_Contig_22847	1	468	2	83	17.735	0.354701	36.6	60
dDocent_Contig_22857	1	264	2	103	39.0152	0.780303	36.9	60
dDocent_Contig_22858	1	376	22	266	70.7447	6.31915	35.9	60
dDocent_Contig_22859	1	407	15	203	49.8771	3.9828	36.6	60
dDocent_Contig_22860	1	440	2	92	20.9091	0.418182	36.7	60
dDocent_Contig_22861	1	282	52	277	98.227	22.7305	36	60
dDocent_Contig_22871	1	484	20	350	72.314	5.62397	35	60
dDocent_Contig_22872	1	429	14	282	65.7343	3.56876	36.8	60
dDocent_Contig_22873	1	305	30	243	79.6721	10.6361	36	60
dDocent_Contig_22875	1	327	15	313	95.7187	5.21407	36.5	60
dDocent_Contig_22880	1	353	11	134	37.9603	2.90085	35.9	60
dDocent_Contig_22881	1	317	24	255	80.4416	9.21451	35.4	60
dDocent_Contig_22883	1	330	4	116	35.1515	0.963636	36.6	56
dDocent_Contig_22884	1	365	11	183	50.137	3.4411	36.7	60
dDocent_Contig_22888	1	353	18	184	52.1246	5.60623	36.7	60
dDocent_Contig_22891	1	383	15	160	41.7755	4.20366	36.2	60
dDocent_Contig_22914	1	352	22	269	76.4205	7.08807	36.3	60
dDocent_Contig_22918	1	288	9	169	58.6806	2.72917	36	60
dDocent_Contig_22922	1	474	12	144	30.3797	2.10549	36.8	60
dDocent_Contig_22924	1	410	161	409	99.7561	45.0732	36.4	47
dDocent_Contig_22932	1	368	2	99	26.9022	0.538043	36.9	60
dDocent_Contig_22947	1	386	890	354	91.7098	269.518	36.1	42.7
dDocent_Contig_22948	1	246	25	235	95.5285	13.1301	36.3	60
dDocent_Contig_22951	1	447	2	108	24.1611	0.36689	36.9	59.5
dDocent_Contig_22956	1	369	9	237	64.2276	3.59079	36	60
dDocent_Contig_22957	1	386	331	385	99.7409	102.08	36.2	59.8
dDocent_Contig_22958	1	360	13	155	43.0556	4.11389	36.8	60
dDocent_Contig_22962	1	468	19	398	85.0427	4.87393	35.6	59.2
dDocent_Contig_22972	1	230	25	223	96.9565	13.187	36.8	54.3
dDocent_Contig_22978	1	413	139	356	86.1985	34.3559	36.4	59.9
dDocent_Contig_22985	1	293	7	162	55.2901	2.90444	36.3	60
dDocent_Contig_22986	1	375	24	312	83.2	6.29867	36.2	57.6
dDocent_Contig_22992	1	284	2	96	33.8028	0.676056	36.6	60
dDocent_Contig_22996	1	368	10	181	49.1848	2.72826	36.8	60
dDocent_Contig_22997	1	399	10	315	78.9474	2.98246	36.5	60
dDocent_Contig_23003	1	363	2	104	28.6501	0.573003	36.9	60
dDocent_Contig_23004	1	374	15	230	61.4973	4.82353	35.6	60
dDocent_Contig_23006	1	359	2	85	23.6769	0.473538	36.6	60
dDocent_Contig_23007	1	347	4	175	50.4323	1.00865	36.7	60
dDocent_Contig_23010	1	377	1	150	39.7878	0.397878	36.1	60
dDocent_Contig_23011	1	415	56	218	52.5301	16.8169	35.8	60
dDocent_Contig_23012	1	346	2	94	27.1676	0.543353	36.9	60
dDocent_Contig_23014	1	434	2	47	10.8295	0.21659	36.5	60
dDocent_Contig_23026	1	292	31	268	91.7808	8.69178	36.4	34.3
dDocent_Contig_23027	1	333	3	135	40.5405	0.864865	36.6	60
dDocent_Contig_23031	1	357	43	343	96.0784	15.4538	36.2	59
dDocent_Contig_23036	1	392	49	195	49.7449	15.4796	35.6	60
dDocent_Contig_23039	1	392	8	154	39.2857	2.05867	36.9	60
dDocent_Contig_23040	1	475	7	228	48	2.00632	35.9	60
dDocent_Contig_23041	1	352	9	194	55.1136	3.0483	36.7	60
dDocent_Contig_23045	1	357	26	345	96.6387	8.16246	36.4	60
dDocent_Contig_23046	1	488	2	105	21.5164	0.430328	36.6	60
dDocent_Contig_23048	1	457	2	155	33.9168	0.656455	36.8	60
dDocent_Contig_23051	1	293	22	196	66.8942	8.46758	35.8	60
dDocent_Contig_23057	1	392	14	268	68.3673	3.46429	36.6	60
dDocent_Contig_23059	1	405	18	287	70.8642	4.4	36.6	60
dDocent_Contig_23060	1	379	16	185	48.8127	4.72032	34.9	60
dDocent_Contig_23061	1	380	17	324	85.2632	4.83684	36.6	60
dDocent_Contig_23062	1	376	25	193	51.3298	6.28191	36.7	59.6
dDocent_Contig_23065	1	363	7	195	53.719	2.08264	36.7	60
dDocent_Contig_23070	1	337	19	249	73.8872	7.18694	35.6	60
dDocent_Contig_23072	1	447	3	127	28.4116	0.487696	36.8	60
dDocent_Contig_23077	1	392	8	137	34.949	2.08673	36.4	60
dDocent_Contig_23079	1	455	23	228	50.1099	5.41099	35.6	60
dDocent_Contig_23085	1	444	2	49	11.036	0.220721	37	60
dDocent_Contig_23090	1	328	23	190	57.9268	7.47561	35.5	60
dDocent_Contig_23091	1	322	119	321	99.6894	43.972	35.9	60
dDocent_Contig_23092	1	391	2	86	21.9949	0.439898	36.9	60
dDocent_Contig_23095	1	390	2	151	38.7179	0.769231	36.9	60
dDocent_Contig_23096	1	269	23	190	70.632	9.0855	36.4	60
dDocent_Contig_23100	1	341	27	240	70.3812	8.62757	35.1	60
dDocent_Contig_23102	1	351	9	163	46.4387	2.66382	36.2	60
dDocent_Contig_23104	1	423	207	423	100	56.2411	36.1	59.7
dDocent_Contig_23113	1	390	21	225	57.6923	7.05897	35.9	60
dDocent_Contig_23114	1	367	13	229	62.3978	3.94005	36.5	60
dDocent_Contig_23117	1	416	12	277	66.5865	2.73077	36.1	60
dDocent_Contig_23128	1	383	9	184	48.0418	2.8799	35	60
dDocent_Contig_23151	1	333	62	264	79.2793	18.7958	36.3	27.6
dDocent_Contig_23173	1	393	168	392	99.7455	48.8219	36.4	53.8
dDocent_Contig_23175	1	399	1612	352	88.2206	455.313	36.2	53
dDocent_Contig_23176	1	409	740	236	57.7017	220.2	36.2	52.9
dDocent_Contig_23177	1	418	10	175	41.866	2.98086	36.9	60
dDocent_Contig_23180	1	462	8	203	43.9394	2.42208	35.7	60
dDocent_Contig_23185	1	304	1	125	41.1184	0.411184	36.9	60
dDocent_Contig_23186	1	351	20	339	96.5812	5.48148	36.4	47.4
dDocent_Contig_23192	1	456	2	101	22.1491	0.442982	36.9	60
dDocent_Contig_23195	1	390	2	95	24.359	0.487179	36.6	60
dDocent_Contig_23197	1	379	2	43	11.3456	0.226913	37	60
dDocent_Contig_23199	1	301	56	299	99.3355	21.0598	35.8	60
dDocent_Contig_23200	1	358	12	217	60.6145	3.75698	35.9	60
dDocent_Contig_23211	1	478	1	71	14.8536	0.148536	36.8	60
dDocent_Contig_23212	1	423	2	96	22.695	0.453901	37	60
dDocent_Contig_23219	1	347	2	139	40.0576	0.798271	36.9	60
dDocent_Contig_23226	1	298	35	206	69.1275	11.7215	35.8	60
dDocent_Contig_23230	1	376	22	187	49.734	6.75266	35.9	60
dDocent_Contig_23238	1	432	8	173	40.0463	2.21528	36.5	60
dDocent_Contig_23242	1	406	24	168	41.3793	6.78325	36.3	60
dDocent_Contig_23243	1	310	14	190	61.2903	4.75161	35.7	58.9
dDocent_Contig_23247	1	348	4	136	39.0805	1.56034	34.8	60
dDocent_Contig_23255	1	433	9	152	35.1039	2.37644	36.1	60
dDocent_Contig_23257	1	450	6	245	54.4444	1.40889	36.3	60
dDocent_Contig_23266	1	425	7	179	42.1176	2.17412	36.5	60
dDocent_Contig_23269	1	342	11	159	46.4912	3.89766	36.8	60
dDocent_Contig_23272	1	454	13	186	40.9692	3.55947	35.9	60
dDocent_Contig_23273	1	468	10	218	46.5812	2.72222	36.2	60
dDocent_Contig_23275	1	372	4	108	29.0323	1.03226	36.9	60
dDocent_Contig_23278	1	394	4	169	42.8934	1.15736	36.9	60
dDocent_Contig_23284	1	480	23	172	35.8333	5.02083	36.1	60
dDocent_Contig_23285	1	365	8	134	36.7123	2.3726	36.3	60
dDocent_Contig_23286	1	306	5	155	50.6536	1.54248	36.8	60
dDocent_Contig_23291	1	388	10	144	37.1134	2.96649	36.6	60
dDocent_Contig_23292	1	364	2	46	12.6374	0.252747	37	55
dDocent_Contig_23293	1	364	2	92	25.2747	0.505495	36.9	60
dDocent_Contig_23294	1	460	13	265	57.6087	2.92391	36.3	56.9
dDocent_Contig_23303	1	427	3	167	39.1101	0.962529	34.9	60
dDocent_Contig_23304	1	443	14	203	45.8239	3.65011	36	60
dDocent_Contig_23306	1	369	8	170	46.0705	2.82927	36.3	60
dDocent_Contig_23308	1	280	18	243	86.7857	7.67143	36.7	60
dDocent_Contig_23309	1	391	8	204	52.1739	2.59079	35.3	60
dDocent_Contig_23311	1	250	21	185	74	8.544	36.5	60
dDocent_Contig_23317	1	378	2	129	34.127	0.68254	36.6	60
dDocent_Contig_23332	1	362	5	168	46.4088	1.78453	36.7	60
dDocent_Contig_23333	1	393	8	159	40.458	3.05089	35.3	60
dDocent_Contig_23336	1	399	2	81	20.3008	0.406015	36.7	60
dDocent_Contig_23339	1	344	4	202	58.7209	1.41279	36.8	60
dDocent_Contig_23343	1	459	4	111	24.183	0.729847	36.5	60
dDocent_Contig_23354	1	500	2	160	32	0.596	35.7	60
dDocent_Contig_23369	1	425	18	206	48.4706	5.25176	36.1	60
dDocent_Contig_23371	1	374	4	145	38.7701	1.16578	34.4	60
dDocent_Contig_23372	1	403	3	148	36.7246	0.851117	36.6	60
dDocent_Contig_23373	1	400	1	124	31	0.31	37	60
dDocent_Contig_23374	1	388	13	196	50.5155	4.1134	35.5	60
dDocent_Contig_23377	1	474	28	341	71.9409	6.64135	36.5	59.1
dDocent_Contig_23384	1	406	124	406	100	35.8645	36.2	56
dDocent_Contig_23385	1	232	2	188	81.0345	1.11638	32.8	60
dDocent_Contig_23386	1	444	4	115	25.9009	0.842342	36.1	60
dDocent_Contig_23388	1	314	27	203	64.6497	9.8121	35.7	60
dDocent_Contig_23390	1	421	2	83	19.715	0.394299	36.9	60
dDocent_Contig_23397	1	359	10	163	45.4039	2.47632	36.7	60
dDocent_Contig_23399	1	412	42	229	55.5825	10.1942	36.3	60
dDocent_Contig_23402	1	389	22	196	50.3856	6.62725	36.7	60
dDocent_Contig_23406	1	423	12	175	41.3712	3.24586	35.3	60
dDocent_Contig_23409	1	387	5	155	40.0517	1.08527	36.9	60
dDocent_Contig_23411	1	335	29	261	77.9104	10.8925	36	60
dDocent_Contig_23416	1	413	9	215	52.0581	2.67312	36.7	60
dDocent_Contig_23418	1	255	12	177	69.4118	5.92157	36.7	60
dDocent_Contig_23419	1	355	52	327	92.1127	16.8817	36.3	60
dDocent_Contig_23421	1	328	12	162	49.3902	3.94817	36.4	60
dDocent_Contig_23423	1	250	1	107	42.8	0.428	37	60
dDocent_Contig_23428	1	283	14	267	94.3463	5.13428	36.9	60
dDocent_Contig_23429	1	289	14	194	67.128	6.02422	34.9	60
dDocent_Contig_23442	1	229	2	54	23.5808	0.471616	37	60
dDocent_Contig_23444	1	376	2	170	45.2128	0.797872	36.8	60
dDocent_Contig_23449	1	394	23	217	55.0761	6.20812	35.7	60
dDocent_Contig_23453	1	379	7	225	59.3668	1.5752	36.9	59.1
dDocent_Contig_23458	1	485	48	367	75.6701	11.532	36	60
dDocent_Contig_23461	1	394	13	156	39.5939	3.64467	36.7	60
dDocent_Contig_23470	1	361	15	186	51.5235	5.10803	36.3	60
dDocent_Contig_23471	1	278	8	142	51.0791	1.98561	37	60
dDocent_Contig_23473	1	319	21	187	58.6207	7.58934	35.8	60
dDocent_Contig_23477	1	399	10	143	35.8396	2.82206	36.3	60
dDocent_Contig_23478	1	379	22	237	62.533	6.07388	36.8	60
dDocent_Contig_23480	1	267	2	114	42.6966	0.853933	36.8	60
dDocent_Contig_23487	1	368	17	211	57.337	4.78533	36.8	60
dDocent_Contig_23489	1	392	22	228	58.1633	6.29082	35.6	60
dDocent_Contig_23490	1	247	25	195	78.9474	10.17	36.1	46.2
dDocent_Contig_23499	1	387	30	186	48.062	8.29457	36.4	60
dDocent_Contig_23502	1	297	14	241	81.1448	5.57576	36	60
dDocent_Contig_23508	1	420	9	240	57.1429	2.64286	36.7	60
dDocent_Contig_23519	1	395	24	316	80	7.10127	36	60
dDocent_Contig_23527	1	452	8	196	43.3628	1.97124	36.8	60
dDocent_Contig_23529	1	388	8	138	35.567	2.13402	36.8	60
dDocent_Contig_23542	1	374	24	193	51.6043	6.91979	35.6	60
dDocent_Contig_23547	1	406	5	174	42.8571	1.64778	36.5	60
dDocent_Contig_23548	1	393	7	161	40.9669	2.10687	35.5	60
dDocent_Contig_23554	1	345	9	186	53.913	2.7942	36.7	60
dDocent_Contig_23556	1	405	8	166	40.9877	2.08148	36.9	60
dDocent_Contig_23559	1	337	17	263	78.0415	6.05935	36	55.6
dDocent_Contig_23560	1	319	10	143	44.8276	3.10345	36.6	60
dDocent_Contig_23563	1	273	4	187	68.4982	1.32234	36.7	59
dDocent_Contig_23566	1	390	14	249	63.8462	3.36154	36.6	60
dDocent_Contig_23570	1	334	16	218	65.2695	5.11078	36.9	60
dDocent_Contig_23572	1	460	2	91	19.7826	0.395652	36.7	60
dDocent_Contig_23576	1	337	16	177	52.5223	4.72997	36.7	60
dDocent_Contig_23587	1	364	11	134	36.8132	3.23901	35.8	60
dDocent_Contig_23593	1	347	3	112	32.2767	0.9683	36.5	60
dDocent_Contig_23597	1	246	7	204	82.9268	3.44309	36.7	60
dDocent_Contig_23599	1	358	3	148	41.3408	0.569832	36.9	59.3
dDocent_Contig_23600	1	361	23	313	86.7036	7.1662	36	60
dDocent_Contig_23601	1	391	16	313	80.0512	4.19437	36.8	60
dDocent_Contig_23610	1	367	18	248	67.5749	5.28065	36.4	60
dDocent_Contig_23621	1	350	9	156	44.5714	2.26857	36.9	60
dDocent_Contig_23625	1	339	8	190	56.0472	3.0944	36.1	60
dDocent_Contig_23639	1	385	6	231	60	1.44156	36.7	60
dDocent_Contig_23641	1	298	8	202	67.7852	3.38255	36	60
dDocent_Contig_23646	1	396	27	338	85.3535	6.31313	36.6	35.1
dDocent_Contig_23647	1	333	193	312	93.6937	66.4414	36.3	42.3
dDocent_Contig_23652	1	478	28	350	73.2218	6.78661	36.5	60
dDocent_Contig_23658	1	387	17	162	41.8605	4.74419	36.3	60
dDocent_Contig_23660	1	411	11	212	51.5815	3.20681	36.6	60
dDocent_Contig_23665	1	377	6	158	41.9098	2	36.8	60
dDocent_Contig_23669	1	298	2	90	30.2013	0.604027	36.6	60
dDocent_Contig_23674	1	290	18	285	98.2759	6.2	35.9	52.3
dDocent_Contig_23686	1	328	16	298	90.8537	4.53049	35.9	55.8
dDocent_Contig_23697	1	286	132	255	89.1608	45.3147	35.5	43.7
dDocent_Contig_23700	1	339	12	182	53.6873	3.30678	36.8	60
dDocent_Contig_23701	1	395	43	311	78.7342	11.7443	36.2	60
dDocent_Contig_23703	1	319	26	268	84.0125	9.48276	36.1	60
dDocent_Contig_23705	1	455	2	148	32.5275	0.650549	33.5	60
dDocent_Contig_23706	1	391	2	93	23.7852	0.475703	36.9	60
dDocent_Contig_23712	1	382	45	186	48.6911	13.2932	35	60
dDocent_Contig_23715	1	431	2	136	31.5545	0.63109	37	60
dDocent_Contig_23732	1	435	3	93	21.3793	0.641379	36.2	60
dDocent_Contig_23733	1	392	14	286	72.9592	4.46939	36.2	60
dDocent_Contig_23740	1	408	9	204	50	2.33088	36.8	60
dDocent_Contig_23749	1	429	16	182	42.4242	4.60606	35.9	54.2
dDocent_Contig_23759	1	403	15	222	55.0868	4.58313	36.1	60
dDocent_Contig_23760	1	408	8	110	26.9608	1.80882	36.9	60
dDocent_Contig_23761	1	268	15	231	86.194	6.77239	36.2	60
dDocent_Contig_23767	1	366	29	185	50.5464	8.22678	36.2	60
dDocent_Contig_23769	1	329	7	182	55.3191	2.00304	36.7	50
dDocent_Contig_23782	1	258	12	200	77.5194	4.72868	36.6	60
dDocent_Contig_23794	1	405	17	198	48.8889	4.16049	36.1	60
dDocent_Contig_23799	1	322	14	184	57.1429	5.46273	36.2	60
dDocent_Contig_23806	1	374	2	151	40.3743	0.802139	36.9	60
dDocent_Contig_23810	1	350	12	186	53.1429	3.76	36	60
dDocent_Contig_23811	1	360	6	127	35.2778	1.65	35.8	60
dDocent_Contig_23826	1	374	28	218	58.2888	8.75401	36.1	60
dDocent_Contig_23828	1	321	11	183	57.0093	3.41121	36.8	60
dDocent_Contig_23829	1	400	10	153	38.25	2.8875	36.8	60
dDocent_Contig_23830	1	388	1	93	23.9691	0.239691	37	60
dDocent_Contig_23839	1	447	28	187	41.8345	6.92394	36.6	60
dDocent_Contig_23840	1	282	35	228	80.8511	16.0177	36.3	60
dDocent_Contig_23865	1	235	13	178	75.7447	5.54468	36.2	60
dDocent_Contig_23867	1	356	1	109	30.618	0.30618	36.4	60
dDocent_Contig_23870	1	388	12	174	44.8454	3.68557	35.8	60
dDocent_Contig_23878	1	369	39	341	92.4119	11.3469	36.3	56.6
dDocent_Contig_23892	1	246	47	211	85.7724	20.9431	36.3	60
dDocent_Contig_23893	1	319	29	224	70.2194	11.7085	36.5	60
dDocent_Contig_23905	1	417	33	179	42.9257	9.09832	35.3	60
dDocent_Contig_23907	1	486	2	137	28.1893	0.563786	37	60
dDocent_Contig_23908	1	391	4	189	48.3376	1.30435	36.5	60
dDocent_Contig_23909	1	370	9	199	53.7838	2.37027	35.9	60
dDocent_Contig_23912	1	479	4	119	24.8434	0.981211	36.8	60
dDocent_Contig_23913	1	420	2	38	9.04762	0.180952	36.7	60
dDocent_Contig_23916	1	404	17	208	51.4851	3.93812	36.4	56.6
dDocent_Contig_23920	1	327	2	98	29.9694	0.599388	33.6	60
dDocent_Contig_23923	1	499	2	151	30.2605	0.597194	36.8	60
dDocent_Contig_23941	1	395	2	62	15.6962	0.313924	36.9	60
dDocent_Contig_23945	1	386	4	118	30.5699	0.917098	36.7	60
dDocent_Contig_23946	1	399	11	176	44.1103	3.1203	36.7	60
dDocent_Contig_23949	1	374	1507	348	93.0481	475.767	36	49.1
dDocent_Contig_23950	1	389	9	250	64.2674	2.61954	36	60
dDocent_Contig_23952	1	264	306	210	79.5455	111.223	36.5	41.4
dDocent_Contig_23953	1	293	34	293	100	13.3515	35.9	60
dDocent_Contig_23956	1	331	2	78	23.565	0.471299	37	60
dDocent_Contig_23957	1	376	324	374	99.4681	100.386	36	59.1
dDocent_Contig_23958	1	374	14	273	72.9947	4.37433	36.7	60
dDocent_Contig_23963	1	429	2	90	20.979	0.41958	37	60
dDocent_Contig_23965	1	373	89	324	86.8633	24.5442	35.8	59.3
dDocent_Contig_23966	1	292	29	259	88.6986	9.88014	36.2	58.5
dDocent_Contig_23972	1	409	3	216	52.8117	1.10024	36.8	60
dDocent_Contig_23973	1	429	1	146	34.0326	0.340326	36.9	60
dDocent_Contig_23979	1	410	1	74	18.0488	0.180488	36.8	60
dDocent_Contig_23985	1	376	10	212	56.383	2.94149	35.7	60
dDocent_Contig_23988	1	337	27	233	69.1395	9.53116	36.6	60
dDocent_Contig_23989	1	279	15	214	76.7025	6.39427	36.8	60
dDocent_Contig_23990	1	379	3	132	34.8285	0.894459	36.3	60
dDocent_Contig_23992	1	417	3	149	35.7314	0.829736	36.8	60
dDocent_Contig_24002	1	504	4	91	18.0556	0.722222	36.7	60
dDocent_Contig_24009	1	440	2	95	21.5909	0.431818	36.7	60
dDocent_Contig_24013	1	479	2	105	21.9207	0.438413	36.2	60
dDocent_Contig_24014	1	389	2	148	38.0463	0.727506	36.9	60
dDocent_Contig_24016	1	386	1	111	28.7565	0.287565	37	60
dDocent_Contig_24017	1	363	62	350	96.4187	16.3884	36.4	57.3
dDocent_Contig_24018	1	408	13	266	65.1961	4.23039	36.9	60
dDocent_Contig_24019	1	324	29	280	86.4198	10.0185	36.7	60
dDocent_Contig_24022	1	384	7	185	48.1771	2.41927	35.9	60
dDocent_Contig_24024	1	402	23	200	49.7512	6.5796	35.7	60
dDocent_Contig_24030	1	320	15	208	65	5.15625	36.5	60
dDocent_Contig_24033	1	299	23	183	61.204	7.90635	35.7	60
dDocent_Contig_24039	1	310	24	228	73.5484	7.7	35.8	60
dDocent_Contig_24040	1	307	30	248	80.7818	11.4365	35.2	60
dDocent_Contig_24044	1	273	127	272	99.6337	43.9451	36.3	59.4
dDocent_Contig_24046	1	373	51	222	59.5174	14.7962	36.3	56
dDocent_Contig_24050	1	375	16	163	43.4667	4.152	35.9	60
dDocent_Contig_24055	1	506	28	198	39.1304	7.44664	35.1	60
dDocent_Contig_24059	1	356	13	176	49.4382	4.25843	35.8	60
dDocent_Contig_24064	1	333	6	169	50.7508	2.63664	35	60
dDocent_Contig_24073	1	376	16	171	45.4787	4.80585	36.8	60
dDocent_Contig_24079	1	472	1	64	13.5593	0.135593	36.8	60
dDocent_Contig_24096	1	354	47	311	87.8531	12.7006	36.6	59.9
dDocent_Contig_24097	1	382	9	227	59.4241	2.39529	36.1	60
dDocent_Contig_24200	1	336	2	103	30.6548	0.613095	37	60
dDocent_Contig_24210	1	388	23	165	42.5258	6.28093	35.3	60
dDocent_Contig_24219	1	361	10	167	46.2604	2.73684	36.4	60
dDocent_Contig_24221	1	366	4	120	32.7869	1.00273	36.6	60
dDocent_Contig_24229	1	350	6	311	88.8571	2.22571	36.9	60
dDocent_Contig_24232	1	364	8	95	26.0989	1.8956	36.7	60
dDocent_Contig_24234	1	396	6	156	39.3939	2.12626	36.3	60
dDocent_Contig_24242	1	324	2	105	32.4074	0.648148	36.8	60
dDocent_Contig_24253	1	364	11	201	55.2198	3.3544	36.5	60
dDocent_Contig_24254	1	340	15	223	65.5882	4.74412	35.8	60
dDocent_Contig_24276	1	404	48	193	47.7723	13.7178	36	60
dDocent_Contig_24287	1	392	17	320	81.6327	5.13776	35.8	60
dDocent_Contig_24288	1	437	5	108	24.714	1.18993	36.8	60
dDocent_Contig_24290	1	366	16	189	51.6393	5.75137	35.4	60
dDocent_Contig_24299	1	339	15	235	69.3215	6.05605	36.2	60
dDocent_Contig_24301	1	281	39	256	91.1032	17.9004	35.2	60
dDocent_Contig_24316	1	291	10	137	47.079	4.00344	34.8	60
dDocent_Contig_24317	1	393	2	92	23.4097	0.468193	36.3	60
dDocent_Contig_24322	1	386	216	383	99.2228	56.1425	36	50.9
dDocent_Contig_24323	1	325	9	168	51.6923	3.00923	35.9	60
dDocent_Contig_24340	1	275	31	211	76.7273	13.3018	36.5	60
dDocent_Contig_24343	1	333	2	102	30.6306	0.612613	36.8	60
dDocent_Contig_24347	1	298	14	187	62.7517	4.94966	36.4	60
dDocent_Contig_24349	1	363	2	104	28.6501	0.573003	37	60
dDocent_Contig_24353	1	400	11	285	71.25	2.89	36.5	54.3
dDocent_Contig_24377	1	414	8	204	49.2754	2.13527	36.7	60
dDocent_Contig_24380	1	320	13	272	85	4.39375	36.7	60
dDocent_Contig_24381	1	334	17	209	62.5749	5.89521	36.1	60
dDocent_Contig_24383	1	400	25	212	53	7.4175	36	60
dDocent_Contig_24386	1	435	12	220	50.5747	3.13103	36.9	60
dDocent_Contig_24388	1	351	16	200	56.9801	5.34473	35.7	60
dDocent_Contig_24391	1	407	9	162	39.8034	2.63636	36.6	60
dDocent_Contig_24394	1	438	5	204	46.5753	1.54795	36.5	60
dDocent_Contig_24395	1	294	3	152	51.7007	1.27891	36.7	60
dDocent_Contig_24399	1	391	26	203	51.9182	7.31202	35.6	60
dDocent_Contig_24403	1	353	6	275	77.9037	1.61473	36.9	60
dDocent_Contig_24418	1	388	6	152	39.1753	2.03608	36.9	60
dDocent_Contig_24420	1	392	16	174	44.3878	3.96684	36.4	60
dDocent_Contig_24421	1	428	32	305	71.2617	8.81308	35.4	60
dDocent_Contig_24422	1	377	1	70	18.5676	0.185676	36.8	60
dDocent_Contig_24431	1	355	2	138	38.8732	0.746479	36.5	60
dDocent_Contig_24433	1	234	7	140	59.8291	3.54701	36.3	52.6
dDocent_Contig_24434	1	283	26	235	83.0389	10.1731	35.8	60
dDocent_Contig_24437	1	317	2	227	71.6088	0.716088	36.5	60
dDocent_Contig_24439	1	390	11	171	43.8462	2.94359	34.7	60
dDocent_Contig_24441	1	386	10	183	47.4093	3.45596	35.6	60
dDocent_Contig_24443	1	342	10	150	43.8596	3.04678	36.8	60
dDocent_Contig_24449	1	325	38	210	64.6154	10.6431	34.9	57.9
dDocent_Contig_24451	1	455	17	189	41.5385	4.22418	36.2	60
dDocent_Contig_24452	1	297	6	118	39.7306	2.3165	36.5	60
dDocent_Contig_24463	1	455	4	172	37.8022	0.756044	36.7	60
dDocent_Contig_24464	1	383	42	133	34.7258	10.0287	36.3	46.1
dDocent_Contig_24465	1	383	3	95	24.8042	0.368146	35.2	60
dDocent_Contig_24467	1	362	11	205	56.6298	3.51381	36.6	60
dDocent_Contig_24468	1	319	21	200	62.6959	8.15674	36.5	60
dDocent_Contig_24470	1	400	33	344	86	8.56	36.1	57.1
dDocent_Contig_24471	1	413	4	231	55.9322	0.859564	36.4	60
dDocent_Contig_24491	1	332	8	254	76.506	2.57229	36.8	60
dDocent_Contig_24493	1	401	15	150	37.4065	4.05486	36.8	60
dDocent_Contig_24506	1	337	9	244	72.4036	2.63501	34.5	45
dDocent_Contig_24526	1	344	10	223	64.8256	2.62791	36.2	60
dDocent_Contig_24528	1	307	2	138	44.9511	0.899023	36.6	60
dDocent_Contig_24533	1	449	8	185	41.2027	2.15145	36.6	60
dDocent_Contig_24535	1	474	4	139	29.3249	0.881857	36.9	60
dDocent_Contig_24543	1	314	20	162	51.5924	6.71656	36.6	60
dDocent_Contig_24547	1	347	1	93	26.8012	0.268012	36.9	60
dDocent_Contig_24550	1	368	14	280	76.087	5.09783	36.4	60
dDocent_Contig_24558	1	397	1	121	30.4786	0.304786	36.9	60
dDocent_Contig_24559	1	325	16	223	68.6154	6.76615	36.1	60
dDocent_Contig_24560	1	398	1	136	34.1709	0.341709	36.5	60
dDocent_Contig_24565	1	415	1	96	23.1325	0.231325	36.9	60
dDocent_Contig_24567	1	463	2	129	27.8618	0.557235	36.7	60
dDocent_Contig_24569	1	409	2	130	31.7848	0.635697	36.8	60
dDocent_Contig_24570	1	317	4	122	38.4858	1.30599	36.9	60
dDocent_Contig_24572	1	352	1	69	19.6023	0.196023	36.8	60
dDocent_Contig_24576	1	406	16	110	27.0936	3.35961	36.1	60
dDocent_Contig_24580	1	271	6	236	87.0849	2.81919	36.7	60
dDocent_Contig_24586	1	435	14	165	37.931	3.53793	35.6	60
dDocent_Contig_24593	1	226	12	220	97.3451	5.54867	36.6	60
dDocent_Contig_24594	1	275	9	182	66.1818	3.60364	36.3	60
dDocent_Contig_24602	1	407	15	248	60.9337	4.73464	36.7	60
dDocent_Contig_24611	1	431	15	170	39.4432	3.66125	36	60
dDocent_Contig_24615	1	422	3	103	24.4076	0.689573	36.9	60
dDocent_Contig_24621	1	432	4	104	24.0741	0.962963	36.9	60
dDocent_Contig_24628	1	454	21	204	44.9339	5.33921	35.9	60
dDocent_Contig_24629	1	311	12	194	62.3794	4.9582	36.6	60
dDocent_Contig_24633	1	329	11	170	51.6717	4.40426	35.5	60
dDocent_Contig_24641	1	286	14	162	56.6434	5.53147	35.4	60
dDocent_Contig_24645	1	313	18	175	55.9105	6.89137	35.8	60
dDocent_Contig_24651	1	387	28	326	84.2377	8.29716	36.6	60
dDocent_Contig_24652	1	451	13	167	37.0288	2.84257	36.1	59.8
dDocent_Contig_24653	1	408	12	238	58.3333	2.80392	35.7	60
dDocent_Contig_24658	1	309	3	197	63.754	1.25243	36.6	60
dDocent_Contig_24672	1	487	72	296	60.7803	16.3203	35.7	60
dDocent_Contig_24682	1	406	6	119	29.3103	1.57143	35.3	60
dDocent_Contig_24704	1	470	17	376	80	3.48936	36.7	60
dDocent_Contig_24711	1	224	6	185	82.5893	2.90179	36.8	60
dDocent_Contig_24716	1	318	3	137	43.0818	1.29245	36.3	60
dDocent_Contig_24719	1	315	2	110	34.9206	0.698413	36.6	60
dDocent_Contig_24720	1	373	7	127	34.0483	2.14209	35.7	60
dDocent_Contig_24732	1	330	47	262	79.3939	18.697	36.2	60
dDocent_Contig_24738	1	363	14	148	40.7713	4.72452	35.5	60
dDocent_Contig_24739	1	318	2	165	51.8868	0.943396	36.6	60
dDocent_Contig_24740	1	418	2	108	25.8373	0.516746	36.9	60
dDocent_Contig_24741	1	387	2	143	36.9509	0.739018	36.8	60
dDocent_Contig_24746	1	415	2	106	25.5422	0.510843	36.9	60
dDocent_Contig_24748	1	391	46	250	63.9386	14.3274	36.3	60
dDocent_Contig_24755	1	470	4	185	39.3617	0.787234	36.9	60
dDocent_Contig_24767	1	352	33	320	90.9091	11.6477	34.7	60
dDocent_Contig_24778	1	379	23	186	49.0765	6.31662	36.2	60
dDocent_Contig_24782	1	402	4	126	31.3433	1.04975	36.6	60
dDocent_Contig_24789	1	277	38	254	91.6968	15.5415	36.1	60
dDocent_Contig_24791	1	395	20	331	83.7975	4.88101	36.1	54.8
dDocent_Contig_24795	1	350	16	165	47.1429	4.26857	36.7	60
dDocent_Contig_24799	1	404	74	323	79.9505	18.8267	36.5	49.2
dDocent_Contig_24804	1	463	1	137	29.5896	0.295896	36.9	60
dDocent_Contig_24806	1	440	6	120	27.2727	1.35455	36.9	60
dDocent_Contig_24807	1	319	4	135	42.3197	1.36677	36.9	60
dDocent_Contig_24808	1	291	9	163	56.0137	3.76289	35	60
dDocent_Contig_24809	1	392	58	188	47.9592	18.3546	35.6	60
dDocent_Contig_24810	1	226	33	207	91.5929	14.9956	33.8	57.8
dDocent_Contig_24811	1	405	1	96	23.7037	0.237037	36.9	60
dDocent_Contig_24812	1	457	2	125	27.3523	0.547046	36.8	60
dDocent_Contig_24813	1	386	1	98	25.3886	0.253886	36.8	60
dDocent_Contig_24817	1	389	2	95	24.4216	0.488432	37	60
dDocent_Contig_24820	1	344	5	197	57.2674	2.15698	35.5	60
dDocent_Contig_24822	1	471	44	175	37.155	12.1592	35.3	60
dDocent_Contig_24827	1	435	12	223	51.2644	3.73333	35.5	58.4
dDocent_Contig_24833	1	446	1	105	23.5426	0.235426	36.6	60
dDocent_Contig_24840	1	350	2	81	23.1429	0.462857	36.9	60
dDocent_Contig_24841	1	391	4	194	49.6164	1.27366	36.8	60
dDocent_Contig_24851	1	443	1	108	24.3792	0.243792	36.8	60
dDocent_Contig_24854	1	390	12	188	48.2051	2.51026	36.3	53.6
dDocent_Contig_24856	1	390	4	163	41.7949	1.06154	36.9	60
dDocent_Contig_24862	1	400	1	70	17.5	0.175	36.8	60
dDocent_Contig_24868	1	333	2	82	24.6246	0.492492	37	60
dDocent_Contig_24870	1	415	1	135	32.5301	0.325301	37	60
dDocent_Contig_24872	1	355	7	112	31.5493	2.07887	36.2	60
dDocent_Contig_24873	1	369	10	198	53.6585	3.31707	34.1	60
dDocent_Contig_24875	1	352	12	301	85.5114	3.80966	34.9	60
dDocent_Contig_24876	1	376	23	185	49.2021	7.62234	36.7	60
dDocent_Contig_24879	1	406	1	93	22.9064	0.229064	36.9	60
dDocent_Contig_24880	1	257	10	248	96.4981	4.48249	36.8	60
dDocent_Contig_24881	1	342	17	200	58.4795	5.83333	36.9	60
dDocent_Contig_24882	1	340	16	197	57.9412	4.97059	36.6	60
dDocent_Contig_24894	1	427	14	224	52.459	3.77986	36.3	60
dDocent_Contig_24897	1	343	4	138	40.2332	0.959184	36.7	60
dDocent_Contig_24898	1	425	2	94	22.1176	0.442353	35.9	60
dDocent_Contig_24941	1	447	3	178	39.821	0.789709	36.8	58.7
dDocent_Contig_24947	1	445	141	342	76.8539	30.5056	36.1	59.4
dDocent_Contig_24948	1	361	20	180	49.8615	6.40997	35.9	60
dDocent_Contig_24955	1	443	2	55	12.4153	0.248307	35.9	36
dDocent_Contig_24957	1	321	333	316	98.4424	116.539	36.4	53.5
dDocent_Contig_24959	1	441	18	169	38.322	3.678	36.7	60
dDocent_Contig_24977	1	371	44	238	64.1509	12.4717	36	60
dDocent_Contig_24983	1	412	1	134	32.5243	0.325243	36.4	60
dDocent_Contig_24984	1	348	134	279	80.1724	42.5172	36.1	50.6
dDocent_Contig_24993	1	421	4	203	48.2185	0.964371	36.6	60
dDocent_Contig_25002	1	447	16	221	49.4407	4.43848	36.4	60
dDocent_Contig_25005	1	303	2	148	48.8449	0.976898	36.8	60
dDocent_Contig_25015	1	365	8	187	51.2329	2.62192	36.8	60
dDocent_Contig_25016	1	447	4	114	25.5034	0.742729	36.8	60
dDocent_Contig_25017	1	236	12	177	75	6.32203	35.9	60
dDocent_Contig_25026	1	370	3	152	41.0811	0.889189	36.2	60
dDocent_Contig_25032	1	495	12	363	73.3333	2.41414	36.3	60
dDocent_Contig_25034	1	404	2	96	23.7624	0.475248	36.9	60
dDocent_Contig_25039	1	374	14	208	55.615	4.78075	36.1	60
dDocent_Contig_25043	1	387	4	226	58.3979	1.40827	35.4	60
dDocent_Contig_25045	1	423	1	90	21.2766	0.212766	36.7	60
dDocent_Contig_25053	1	385	32	384	99.7403	7.89351	36.7	60
dDocent_Contig_25062	1	356	9	168	47.191	2.92135	36.5	60
dDocent_Contig_25063	1	398	1	137	34.4221	0.344221	36.8	60
dDocent_Contig_25064	1	402	2	90	22.3881	0.447761	36.8	60
dDocent_Contig_25069	1	367	3	250	68.1199	1.22616	35.1	60
dDocent_Contig_25071	1	428	8	124	28.972	2.21028	35.6	60
dDocent_Contig_25084	1	380	2	94	24.7368	0.494737	36.8	60
dDocent_Contig_25096	1	402	65	183	45.5224	15.005	36.1	41.9
dDocent_Contig_25099	1	409	2	96	23.4719	0.469438	37	60
dDocent_Contig_25107	1	299	19	205	68.5619	8.07023	36	60
dDocent_Contig_25115	1	408	23	183	44.8529	7.05882	35.2	60
dDocent_Contig_25117	1	354	9	192	54.2373	2.72034	36.7	60
dDocent_Contig_25121	1	379	2	150	39.5778	0.791557	34.1	60
dDocent_Contig_25124	1	298	31	294	98.6577	10.5805	36.6	60
dDocent_Contig_25128	1	317	10	197	62.1451	4.04101	34.9	60
dDocent_Contig_25129	1	479	10	313	65.3445	2.1357	36.6	47
dDocent_Contig_25137	1	436	5	168	38.5321	1.04358	36.3	60
dDocent_Contig_25143	1	341	6	145	42.522	1.92375	36.9	60
dDocent_Contig_25150	1	267	1	121	45.3184	0.453184	36.9	60
dDocent_Contig_25151	1	365	4	104	28.4932	0.947945	36.8	60
dDocent_Contig_25163	1	292	121	205	70.2055	41.839	36.1	46
dDocent_Contig_25172	1	416	18	242	58.1731	4.96154	36.7	60
dDocent_Contig_25174	1	375	9	242	64.5333	1.90667	36.5	60
dDocent_Contig_25179	1	407	12	178	43.7346	3.66339	36.3	60
dDocent_Contig_25181	1	404	22	222	54.9505	6.67574	35.7	60
dDocent_Contig_25182	1	270	4	167	61.8519	1.85926	35.3	60
dDocent_Contig_25185	1	378	327	365	96.5608	80.6376	36.4	59.7
dDocent_Contig_25187	1	482	16	150	31.1203	3.89834	36.1	60
dDocent_Contig_25188	1	377	24	228	60.4775	7.34483	35.5	60
dDocent_Contig_25190	1	484	3	142	29.3388	0.706612	36.4	49.7
dDocent_Contig_25195	1	377	2	85	22.5464	0.450928	36.9	60
dDocent_Contig_25196	1	380	39	373	98.1579	11.9921	36.3	60
dDocent_Contig_25197	1	516	2	86	16.6667	0.333333	36.9	60
dDocent_Contig_25198	1	356	6	138	38.764	0.946629	33.6	53
dDocent_Contig_25200	1	269	19	207	76.9517	5.16729	36.8	60
dDocent_Contig_25203	1	372	10	339	91.129	2.88441	36.7	59.5
dDocent_Contig_25204	1	452	21	186	41.1504	4.55973	35.2	57.1
dDocent_Contig_25217	1	299	16	238	79.5987	6.1204	36.3	60
dDocent_Contig_25218	1	403	1	98	24.3176	0.243176	36.8	60
dDocent_Contig_25226	1	293	9	127	43.3447	2.97611	36.5	60
dDocent_Contig_25231	1	438	2	99	22.6027	0.452055	36.8	60
dDocent_Contig_25233	1	378	3	168	44.4444	0.793651	36.9	60
dDocent_Contig_25235	1	364	431	306	84.0659	135.374	36.1	28.9
dDocent_Contig_25240	1	275	3	95	34.5455	1.03636	34.6	60
dDocent_Contig_25242	1	384	2	116	30.2083	0.466146	36.6	60
dDocent_Contig_25243	1	329	18	193	58.6626	6.11854	36.7	60
dDocent_Contig_25247	1	401	28	365	91.0224	8.69077	36.1	60
dDocent_Contig_25248	1	342	21	329	96.1988	7.54094	36.4	60
dDocent_Contig_25250	1	461	2	128	27.7657	0.555315	37	60
dDocent_Contig_25252	1	400	2	99	24.75	0.495	36.9	60
dDocent_Contig_25260	1	290	2	58	20	0.389655	36.9	60
dDocent_Contig_25263	1	392	8	183	46.6837	2.34694	36.8	60
dDocent_Contig_25264	1	400	7	143	35.75	1.7125	36.7	60
dDocent_Contig_25265	1	369	78	349	94.5799	20.6829	36.3	49.4
dDocent_Contig_25282	1	411	23	260	63.2603	7.10219	36.1	60
dDocent_Contig_25294	1	411	6	165	40.146	1.6326	36.4	60
dDocent_Contig_25296	1	323	33	216	66.8731	13.0248	36.2	60
dDocent_Contig_25300	1	232	2	87	37.5	0.75	36.7	60
dDocent_Contig_25307	1	310	82	246	79.3548	32.0258	35.1	60
dDocent_Contig_25308	1	338	14	243	71.8935	4.65385	36.4	60
dDocent_Contig_25309	1	404	6	130	32.1782	1.46535	36.5	60
dDocent_Contig_25315	1	426	27	178	41.784	7.49296	36.1	60
dDocent_Contig_25320	1	413	13	149	36.0775	3.30508	36.7	60
dDocent_Contig_25321	1	295	12	185	62.7119	4.2339	35.9	45.6
dDocent_Contig_25329	1	379	7	208	54.8813	1.85752	36.8	60
dDocent_Contig_25333	1	311	10	177	56.9132	3.41158	36.9	60
dDocent_Contig_25337	1	422	2	113	26.7773	0.535545	36.9	60
dDocent_Contig_25338	1	404	6	230	56.9307	1.39356	36.9	60
dDocent_Contig_25339	1	324	9	128	39.5062	2.7716	36.7	60
dDocent_Contig_25340	1	427	2	100	23.4192	0.468384	36.9	60
dDocent_Contig_25348	1	273	36	185	67.7656	15.2637	35.8	60
dDocent_Contig_25351	1	361	43	324	89.7507	14.8255	35.3	60
dDocent_Contig_25355	1	406	8	262	64.532	2.41626	36.8	60
dDocent_Contig_25361	1	502	2	138	27.49	0.543825	36.8	60
dDocent_Contig_25364	1	293	13	224	76.4505	4.79522	36.5	60
dDocent_Contig_25365	1	437	5	110	25.1716	0.990847	36.9	60
dDocent_Contig_25380	1	368	6	168	45.6522	1.72826	36.8	50.7
dDocent_Contig_25381	1	357	24	274	76.7507	9.11204	35.5	59.1
dDocent_Contig_25384	1	363	21	186	51.2397	6.94766	36.5	60
dDocent_Contig_25385	1	320	11	229	71.5625	4.0375	35.9	60
dDocent_Contig_25386	1	317	13	175	55.205	4.21767	36.6	60
dDocent_Contig_25387	1	337	22	219	64.9852	6.44214	36.3	60
dDocent_Contig_25402	1	401	11	186	46.384	3.52868	34.6	60
dDocent_Contig_25404	1	328	15	167	50.9146	4.18598	36.3	60
dDocent_Contig_25405	1	345	19	314	91.0145	6.75652	36	60
dDocent_Contig_25409	1	424	7	154	36.3208	2.12264	36.8	60
dDocent_Contig_25410	1	313	17	220	70.2875	6.20128	35.6	60
dDocent_Contig_25416	1	231	48	202	87.4459	26.2944	35.4	60
dDocent_Contig_25418	1	395	7	168	42.5316	1.86835	36.7	60
dDocent_Contig_25420	1	302	9	165	54.6358	3.4106	36.4	60
dDocent_Contig_25435	1	262	17	212	80.916	8.38168	35.7	60
dDocent_Contig_25439	1	356	3	153	42.9775	1.05899	36.8	60
dDocent_Contig_25442	1	445	1	72	16.1798	0.161798	36.7	60
dDocent_Contig_25445	1	374	2	130	34.7594	0.695187	36.9	60
dDocent_Contig_25449	1	456	19	359	78.7281	4.17105	36.7	55.8
dDocent_Contig_25450	1	337	17	206	61.1276	5.37092	36.4	60
dDocent_Contig_25451	1	297	37	207	69.697	14.33	35.3	60
dDocent_Contig_25454	1	399	14	153	38.3459	4.03759	35.9	60
dDocent_Contig_25456	1	358	14	171	47.7654	4.93296	36.7	60
dDocent_Contig_25457	1	399	6	153	38.3459	1.76692	36.8	60
dDocent_Contig_25465	1	248	8	172	69.3548	3.77016	36.8	60
dDocent_Contig_25466	1	407	3	107	26.2899	0.788698	36.8	34.7
dDocent_Contig_25467	1	471	22	264	56.051	5.01062	36.1	60
dDocent_Contig_25470	1	302	8	156	51.6556	1.68874	36.3	32.2
dDocent_Contig_25472	1	411	8	176	42.8224	2.32603	36.8	60
dDocent_Contig_25473	1	308	9	214	69.4805	3.01299	36.8	60
dDocent_Contig_25476	1	348	19	234	67.2414	7.21552	35.6	60
dDocent_Contig_25477	1	274	12	175	63.8686	4.83212	36.8	60
dDocent_Contig_25491	1	350	575	348	99.4286	190.117	36.1	59.8
dDocent_Contig_25492	1	383	39	343	89.5561	12.953	35.7	60
dDocent_Contig_25493	1	365	2	100	27.3973	0.547945	36.6	60
dDocent_Contig_25494	1	458	9	176	38.4279	1.99782	36.9	60
dDocent_Contig_25496	1	405	2	50	12.3457	0.246914	36.8	60
dDocent_Contig_25505	1	400	3	225	56.25	0.7975	36.7	60
dDocent_Contig_25511	1	421	3	161	38.2423	0.631829	36.5	60
dDocent_Contig_25517	1	328	12	155	47.2561	3.7378	36.4	60
dDocent_Contig_25536	1	343	21	147	42.8571	6.27988	36.8	60
dDocent_Contig_25537	1	357	46	303	84.8739	11.93	36.5	60
dDocent_Contig_25539	1	417	13	236	56.5947	3.40528	34.9	60
dDocent_Contig_25541	1	403	2	104	25.8065	0.516129	36.8	60
dDocent_Contig_25542	1	378	23	231	61.1111	6.60317	36.4	54.1
dDocent_Contig_25545	1	369	4	97	26.2873	0.948509	36.9	60
dDocent_Contig_25551	1	380	1	91	23.9474	0.239474	36.9	60
dDocent_Contig_25558	1	366	1	74	20.2186	0.202186	35.6	60
dDocent_Contig_25564	1	341	12	157	46.0411	5.0088	35.1	60
dDocent_Contig_25567	1	239	17	231	96.6527	6.72803	36.1	60
dDocent_Contig_25575	1	338	9	151	44.6746	2.97041	36.5	60
dDocent_Contig_25576	1	452	1	117	25.885	0.25885	37	60
dDocent_Contig_25577	1	360	44	203	56.3889	14.4472	35.7	60
dDocent_Contig_25578	1	326	189	227	69.6319	65.0092	36.2	54.5
dDocent_Contig_25580	1	345	10	140	40.5797	2.76522	36.4	60
dDocent_Contig_25583	1	391	55	189	48.3376	16.5013	36.1	37.4
dDocent_Contig_25586	1	366	21	309	84.4262	6.15574	36.4	55.8
dDocent_Contig_25587	1	372	6	179	48.1183	1.62366	36.7	60
dDocent_Contig_25588	1	369	32	254	68.8347	8.92412	35.8	60
dDocent_Contig_25593	1	401	66	340	84.788	15.9476	35.9	31.2
dDocent_Contig_25594	1	391	5	286	73.1458	1.27621	36.7	52.2
dDocent_Contig_25595	1	264	518	263	99.6212	234.269	36.1	58.5
dDocent_Contig_25599	1	361	16	290	80.3324	4.86981	36.8	60
dDocent_Contig_25613	1	322	7	255	79.1925	2.3354	36.1	60
dDocent_Contig_25614	1	291	22	187	64.2612	9.28522	35.7	60
dDocent_Contig_25615	1	326	6	172	52.7607	2	36.8	60
dDocent_Contig_25622	1	425	84	240	56.4706	20.5647	36.3	57.4
dDocent_Contig_25634	1	395	7	186	47.0886	2.27089	36.3	60
dDocent_Contig_25637	1	332	9	142	42.7711	1.67771	36.2	45.2
dDocent_Contig_25642	1	406	14	194	47.7833	4.02956	36.7	60
dDocent_Contig_25643	1	447	28	190	42.5056	6.62416	36.3	60
dDocent_Contig_25644	1	377	6	146	38.7268	1.68966	36.8	60
dDocent_Contig_25651	1	317	1	105	33.123	0.33123	36	60
dDocent_Contig_25657	1	327	3	167	51.0703	1.1315	36.6	60
dDocent_Contig_25661	1	442	2	118	26.6968	0.533937	36.8	60
dDocent_Contig_25663	1	485	14	176	36.2887	3.30928	34.8	60
dDocent_Contig_25665	1	274	1	66	24.0876	0.240876	36.6	60
dDocent_Contig_25682	1	329	22	309	93.921	8.4924	36.1	60
dDocent_Contig_25684	1	416	7	301	72.3558	1.74279	36.7	60
dDocent_Contig_25685	1	345	6	231	66.9565	1.67536	36.9	60
dDocent_Contig_25686	1	370	8	152	41.0811	2.55676	36.7	60
dDocent_Contig_25692	1	365	11	145	39.726	3.83014	36.6	60
dDocent_Contig_25695	1	265	9	161	60.7547	3.61887	36.6	60
dDocent_Contig_25696	1	363	2	107	29.4766	0.589532	36.7	60
dDocent_Contig_25697	1	283	19	246	86.9258	7.40636	36.5	52.3
dDocent_Contig_25698	1	326	10	153	46.9325	4.05215	34.8	60
dDocent_Contig_25699	1	409	16	313	76.5281	4.57702	36.5	60
dDocent_Contig_25700	1	343	240	334	97.3761	64.0496	35.9	53.3
dDocent_Contig_25726	1	359	2	95	26.4624	0.529248	36.7	60
dDocent_Contig_25727	1	359	42	205	57.1031	14.1393	34.9	60
dDocent_Contig_25728	1	335	590	250	74.6269	189.263	36.3	58.3
dDocent_Contig_25729	1	405	4	117	28.8889	0.790123	36.8	60
dDocent_Contig_25730	1	364	7	161	44.2308	2.21703	36.7	60
dDocent_Contig_25749	1	454	73	209	46.0352	18.5132	36.1	60
dDocent_Contig_25751	1	397	2	89	22.4181	0.448363	36.6	60
dDocent_Contig_25756	1	271	4	133	49.0775	1.49077	37	60
dDocent_Contig_25759	1	351	11	340	96.8661	3.54701	36.7	60
dDocent_Contig_25760	1	418	11	180	43.0622	3.2799	36.8	60
dDocent_Contig_25767	1	387	11	176	45.478	2.9845	36.8	60
dDocent_Contig_25769	1	390	21	196	50.2564	6.55128	36.3	60
dDocent_Contig_25773	1	403	3	159	39.4541	0.83871	36.9	60
dDocent_Contig_25774	1	245	10	195	79.5918	4.31837	37	60
dDocent_Contig_25775	1	325	2	81	24.9231	0.498462	37	60
dDocent_Contig_25776	1	382	3	90	23.5602	0.633508	37	60
dDocent_Contig_25778	1	354	4	155	43.7853	1.69492	36.3	60
dDocent_Contig_25779	1	360	14	285	79.1667	4.65833	36.5	60
dDocent_Contig_25782	1	292	15	187	64.0411	5.82192	36.3	60
dDocent_Contig_25783	1	390	14	216	55.3846	4.08974	35.5	60
dDocent_Contig_25784	1	430	15	292	67.907	3.26279	35.3	60
dDocent_Contig_25791	1	358	9	228	63.6872	2.46089	34.5	60
dDocent_Contig_25799	1	363	15	157	43.2507	4.43802	36.2	59.9
dDocent_Contig_25800	1	383	48	232	60.5744	14.3394	36.1	60
dDocent_Contig_25802	1	395	7	209	52.9114	1.77215	36.9	60
dDocent_Contig_25803	1	367	28	222	60.4905	8.95913	35.4	42.7
dDocent_Contig_25804	1	370	45	323	87.2973	13.5135	36.2	48.8
dDocent_Contig_25829	1	354	13	270	76.2712	4.42938	36.3	60
dDocent_Contig_25830	1	412	10	227	55.0971	3.02184	35.6	60
dDocent_Contig_25836	1	278	22	236	84.8921	9.60432	36.1	60
dDocent_Contig_25838	1	286	10	173	60.4895	3.62937	36.9	60
dDocent_Contig_25843	1	368	9	173	47.0109	2.66033	36.7	60
dDocent_Contig_25845	1	395	7	114	28.8608	1.56709	36.8	60
dDocent_Contig_25846	1	387	9	184	47.5452	2.44186	35.1	60
dDocent_Contig_25847	1	247	4	142	57.4899	1.90283	36.9	60
dDocent_Contig_25851	1	477	14	200	41.9287	3.25367	36.8	60
dDocent_Contig_25855	1	413	1048	358	86.6828	275.92	36.2	57.5
dDocent_Contig_25858	1	362	2	80	22.0994	0.441989	36.9	60
dDocent_Contig_25859	1	345	1	96	27.8261	0.278261	36.8	60
dDocent_Contig_25872	1	350	14	171	48.8571	3.64857	36.5	60
dDocent_Contig_25876	1	431	10	241	55.9165	2.61021	36.2	60
dDocent_Contig_25877	1	415	12	332	80	3.23855	36.9	60
dDocent_Contig_25881	1	373	641	371	99.4638	179.646	36.3	51.2
dDocent_Contig_25894	1	394	6	179	45.4315	1.81472	36	60
dDocent_Contig_25902	1	344	253	339	98.5465	67.2297	36	43.4
dDocent_Contig_25907	1	266	6	166	62.406	2.71429	36.8	60
dDocent_Contig_25908	1	391	4	157	40.1535	0.928389	36.8	60
dDocent_Contig_25909	1	335	62	145	43.2836	17.0478	36.6	57.3
dDocent_Contig_25918	1	469	27	209	44.5629	6.96802	35.8	60
dDocent_Contig_25922	1	365	12	205	56.1644	3.36712	36.9	60
dDocent_Contig_25924	1	442	19	188	42.5339	5.55882	36	60
dDocent_Contig_25926	1	414	19	204	49.2754	4.5942	36.8	60
dDocent_Contig_25930	1	435	126	434	99.7701	32.508	36.2	58.6
dDocent_Contig_25932	1	297	16	238	80.1347	5.72391	36.7	60
dDocent_Contig_25934	1	276	11	199	72.1014	5.39855	36.4	60
dDocent_Contig_25938	1	365	21	238	65.2055	6.65205	35.3	60
dDocent_Contig_25946	1	374	5	126	33.6898	1.21123	36.6	60
dDocent_Contig_25947	1	426	8	210	49.2958	2.20657	36.9	60
dDocent_Contig_25951	1	393	8	206	52.4173	2.74809	36.5	60
dDocent_Contig_25952	1	358	5	146	40.7821	1.47765	36.9	60
dDocent_Contig_25955	1	421	2	95	22.5653	0.451306	36.5	60
dDocent_Contig_25967	1	370	19	319	86.2162	5.59189	36	60
dDocent_Contig_25983	1	450	14	206	45.7778	3.30667	36.4	60
dDocent_Contig_25990	1	398	49	207	52.0101	12.309	35.7	60
dDocent_Contig_25998	1	392	122	200	51.0204	31.8316	36.2	51.6
dDocent_Contig_25999	1	281	18	189	67.2598	7.30605	36.5	60
dDocent_Contig_26003	1	349	5	129	36.9628	1.69914	35.2	60
dDocent_Contig_26004	1	372	1	88	23.6559	0.236559	36.9	60
dDocent_Contig_26013	1	319	16	232	72.7273	5.31661	36.5	60
dDocent_Contig_26014	1	363	22	278	76.584	6.17906	36.8	60
dDocent_Contig_26016	1	317	8	141	44.4795	2.62461	36.5	60
dDocent_Contig_26020	1	405	7	137	33.8272	1.81235	36.8	60
dDocent_Contig_26024	1	333	21	232	69.6697	7.33333	36.2	60
dDocent_Contig_26025	1	269	15	220	81.7844	7.19703	36.4	60
dDocent_Contig_26028	1	296	5	171	57.7703	2.23311	36.8	60
dDocent_Contig_26036	1	401	2	116	28.9277	0.578554	36.6	60
dDocent_Contig_26040	1	385	9	244	63.3766	2.96623	36.9	60
dDocent_Contig_26041	1	337	44	298	88.4273	16.1602	35.8	53.5
dDocent_Contig_26048	1	398	10	346	86.9347	3.14573	35.5	48.6
dDocent_Contig_26053	1	418	7	146	34.9282	1.63876	36.8	60
dDocent_Contig_26056	1	330	20	188	56.9697	6.47273	36	60
dDocent_Contig_26059	1	345	2	80	23.1884	0.463768	36.9	60
dDocent_Contig_26060	1	345	17	229	66.3768	5.49855	36.4	60
dDocent_Contig_26063	1	350	1	114	32.5714	0.325714	37	60
dDocent_Contig_26083	1	373	2	120	32.1716	0.520107	36.6	56
dDocent_Contig_26084	1	403	19	306	75.9305	5.33499	36.1	60
dDocent_Contig_26097	1	242	11	186	76.8595	5.04959	36.5	60
dDocent_Contig_26100	1	410	2	124	30.2439	0.604878	36.9	60
dDocent_Contig_26101	1	356	1	96	26.9663	0.269663	36.5	60
dDocent_Contig_26103	1	381	19	284	74.5407	5.08136	36.6	60
dDocent_Contig_26104	1	308	20	237	76.9481	7.07468	36.7	60
dDocent_Contig_26105	1	364	6	167	45.8791	1.94231	36.9	60
dDocent_Contig_26106	1	317	13	188	59.306	5.43849	35.1	60
dDocent_Contig_26108	1	364	8	313	85.989	2.37363	35.6	60
dDocent_Contig_26109	1	296	59	223	75.3378	26.4561	35.8	60
dDocent_Contig_26120	1	342	9	183	53.5088	2.83918	36.8	60
dDocent_Contig_26123	1	349	15	174	49.8567	5.14327	36.4	60
dDocent_Contig_26125	1	386	43	273	70.7254	13.8135	36	60
dDocent_Contig_26129	1	264	1	124	46.9697	0.469697	37	60
dDocent_Contig_26130	1	396	32	200	50.5051	9.24242	36.2	60
dDocent_Contig_26132	1	375	22	281	74.9333	5.896	36.3	59.7
dDocent_Contig_26137	1	385	2	149	38.7013	0.774026	36.9	60
dDocent_Contig_26140	1	413	5	181	43.8257	1.33656	36.9	60
dDocent_Contig_26143	1	369	30	251	68.0217	9.01355	36.1	60
dDocent_Contig_26144	1	307	24	175	57.0033	7.30945	35.7	60
dDocent_Contig_26150	1	328	1	88	26.8293	0.268293	36.7	60
dDocent_Contig_26151	1	392	3	184	46.9388	0.660714	36.9	60
dDocent_Contig_26157	1	398	9	184	46.2312	3.17839	35.8	60
dDocent_Contig_26172	1	288	23	255	88.5417	9.44097	36	60
dDocent_Contig_26173	1	380	39	355	93.4211	11.5184	36.6	35.8
dDocent_Contig_26179	1	328	6	163	49.6951	1.96951	36.8	60
dDocent_Contig_26183	1	420	13	228	54.2857	3.65	36.7	60
dDocent_Contig_26185	1	378	7	186	49.2063	1.61111	36.9	60
dDocent_Contig_26188	1	388	10	161	41.4948	2.76546	34.6	60
dDocent_Contig_26193	1	325	24	290	89.2308	8.27077	35.8	60
dDocent_Contig_26194	1	241	15	203	84.2324	6.20747	36.5	60
dDocent_Contig_26195	1	397	15	162	40.806	4.68514	36.4	60
dDocent_Contig_26215	1	358	9	132	36.8715	2.74581	36.8	60
dDocent_Contig_26216	1	338	20	237	70.1183	7.01775	36.1	60
dDocent_Contig_26224	1	420	3	96	22.8571	0.588095	36.9	60
dDocent_Contig_26226	1	389	35	235	60.4113	9.58869	35.7	60
dDocent_Contig_26231	1	384	2	79	20.5729	0.205729	36.1	57
dDocent_Contig_26232	1	466	14	292	62.6609	4.15665	34.7	60
dDocent_Contig_26233	1	377	8	149	39.5225	2.40053	34.6	60
dDocent_Contig_26235	1	351	82	254	72.3647	27.604	35.7	53.7
dDocent_Contig_26236	1	317	4	178	56.1514	1.29338	35.8	60
dDocent_Contig_26239	1	360	2	90	25	0.5	36.9	60
dDocent_Contig_26240	1	461	15	186	40.3471	3.29718	36.7	60
dDocent_Contig_26241	1	336	2	65	19.3452	0.386905	36.6	60
dDocent_Contig_26242	1	388	2	112	28.866	0.57732	36.9	35
dDocent_Contig_26243	1	383	4	213	55.6136	1.36292	36.8	31.5
dDocent_Contig_26247	1	295	8	208	70.5085	3.55932	35.4	60
dDocent_Contig_26249	1	406	2	97	23.8916	0.477833	36.9	60
dDocent_Contig_26251	1	426	11	296	69.4836	2.29343	36.4	46.8
dDocent_Contig_26255	1	384	1	99	25.7812	0.257812	36.8	60
dDocent_Contig_26262	1	410	2	118	28.7805	0.57561	36.8	60
dDocent_Contig_26265	1	375	15	151	40.2667	3.84267	36.5	60
dDocent_Contig_26266	1	325	439	241	74.1538	155.345	36.4	58.4
dDocent_Contig_26268	1	308	2	73	23.7013	0.474026	36.8	60
dDocent_Contig_26271	1	395	77	144	36.4557	18.8633	36.2	57
dDocent_Contig_26276	1	330	50	265	80.303	20.0091	36	59.4
dDocent_Contig_26277	1	323	9	224	69.3498	3.5418	36.7	60
dDocent_Contig_26283	1	465	8	146	31.3978	1.95699	36.3	60
dDocent_Contig_26293	1	410	14	268	65.3659	4.29024	36.5	60
dDocent_Contig_26297	1	357	6	131	36.6947	1.38375	35.9	60
dDocent_Contig_26305	1	364	10	163	44.7802	3.13187	36.5	60
dDocent_Contig_26307	1	328	3	97	29.5732	0.887195	36.2	60
dDocent_Contig_26320	1	280	4	199	71.0714	2.14286	36.3	60
dDocent_Contig_26321	1	388	4	118	30.4124	1.01031	36.7	60
dDocent_Contig_26323	1	272	13	203	74.6324	6.37868	35.2	60
dDocent_Contig_26324	1	379	4	40	10.5541	0.369393	36.8	57
dDocent_Contig_26326	1	311	15	231	74.2765	5.84887	36.1	60
dDocent_Contig_26336	1	364	57	275	75.5495	14.6566	35.3	55.6
dDocent_Contig_26347	1	273	34	209	76.5568	16.1685	35.6	60
dDocent_Contig_26348	1	451	28	228	50.5543	7.62749	36.5	60
dDocent_Contig_26351	1	449	9	154	34.2984	2.049	36.4	60
dDocent_Contig_26353	1	377	14	351	93.1034	4.17772	35.9	60
dDocent_Contig_26357	1	343	8	125	36.4431	2.46064	36.4	60
dDocent_Contig_26358	1	362	19	161	44.4751	5.72652	34.6	60
dDocent_Contig_26359	1	403	9	203	50.3722	2.43672	36.7	60
dDocent_Contig_26362	1	318	18	288	90.566	6.22956	35.9	60
dDocent_Contig_26368	1	303	35	192	63.3663	14.5314	35.9	60
dDocent_Contig_26372	1	499	4	272	54.509	0.769539	36.9	60
dDocent_Contig_26373	1	352	8	237	67.3295	2.07386	36.6	44.2
dDocent_Contig_26374	1	283	4	133	46.9965	1.36396	36.7	60
dDocent_Contig_26383	1	388	6	123	31.701	1.62371	36.7	36
dDocent_Contig_26388	1	447	12	190	42.5056	3.15884	36.5	60
dDocent_Contig_26389	1	415	8	193	46.506	2.25301	36.8	60
dDocent_Contig_26391	1	409	19	192	46.9438	5.77995	36.3	60
dDocent_Contig_26396	1	358	5	195	54.4693	1.67877	36.7	60
dDocent_Contig_26399	1	418	4	105	25.1196	1.00478	34.1	60
dDocent_Contig_26400	1	398	5	147	36.9347	1.68593	35.3	60
dDocent_Contig_26401	1	369	12	189	51.2195	4.58537	35.5	60
dDocent_Contig_26404	1	323	29	230	71.2074	12.3467	35.7	60
dDocent_Contig_26405	1	331	5	178	53.7764	2.05438	36.2	60
dDocent_Contig_26409	1	278	60	270	97.1223	21.5755	35.7	58
dDocent_Contig_26410	1	305	6	119	39.0164	2.13115	35.6	60
dDocent_Contig_26420	1	393	9	203	51.6539	3.18066	35.5	60
dDocent_Contig_26424	1	333	8	268	80.4805	2.30931	36.6	60
dDocent_Contig_26431	1	398	3	171	42.9648	0.640704	37	60
dDocent_Contig_26437	1	379	14	203	53.562	3.7942	35.8	60
dDocent_Contig_26441	1	468	17	188	40.1709	4.05556	36.2	60
dDocent_Contig_26443	1	356	11	309	86.7978	3.48315	36.9	60
dDocent_Contig_26454	1	392	21	205	52.2959	6.03571	36.2	60
dDocent_Contig_26457	1	475	20	221	46.5263	4.77684	35.2	60
dDocent_Contig_26458	1	495	11	141	28.4848	2.39192	35.1	60
dDocent_Contig_26465	1	487	2	121	24.846	0.49692	37	60
dDocent_Contig_26467	1	343	7	235	68.5131	2.36443	36.8	60
dDocent_Contig_26475	1	364	16	169	46.4286	4.73626	34.9	60
dDocent_Contig_26477	1	291	15	160	54.9828	6.51546	35.3	60
dDocent_Contig_26482	1	468	2	115	24.5726	0.491453	37	60
dDocent_Contig_26487	1	302	8	152	50.3311	3.0596	36.7	60
dDocent_Contig_26489	1	284	14	199	70.0704	6.08099	35.9	60
dDocent_Contig_26490	1	398	11	215	54.0201	3.11055	36	60
dDocent_Contig_26499	1	388	6	232	59.7938	1.39948	36.8	60
dDocent_Contig_26502	1	242	31	227	93.8017	13.7934	36.3	60
dDocent_Contig_26503	1	427	18	290	67.9157	5.25761	36.4	60
dDocent_Contig_26509	1	375	26	91	24.2667	5.02133	35.5	59.7
dDocent_Contig_26511	1	357	17	207	57.9832	6.32493	35.7	60
dDocent_Contig_26518	1	413	14	210	50.8475	4.2954	36	60
dDocent_Contig_26522	1	316	24	267	84.4937	8.55696	36	60
dDocent_Contig_26525	1	383	7	150	39.1645	1.86423	36.7	60
dDocent_Contig_26526	1	382	3	101	26.4398	0.717277	36.7	60
dDocent_Contig_26536	1	382	15	218	57.0681	4.23037	36.8	60
dDocent_Contig_26538	1	414	9	230	55.5556	2.22222	36.7	60
dDocent_Contig_26539	1	374	32	193	51.6043	10.2781	35.9	60
dDocent_Contig_26540	1	403	1	139	34.4913	0.344913	36.4	60
dDocent_Contig_26542	1	443	7	198	44.6953	1.99097	36.1	60
dDocent_Contig_26557	1	338	63	220	65.0888	20.9379	35.2	60
dDocent_Contig_26558	1	406	9	251	61.8227	2.5197	36.8	60
dDocent_Contig_26561	1	414	56	318	76.8116	14.5266	35.9	57.3
dDocent_Contig_26563	1	333	20	216	64.8649	7.52252	35.8	60
dDocent_Contig_26564	1	313	15	173	55.2716	5.15974	35.1	60
dDocent_Contig_26566	1	372	1	106	28.4946	0.284946	37	60
dDocent_Contig_26570	1	360	15	177	49.1667	4.66944	35.3	60
dDocent_Contig_26571	1	404	17	273	67.5743	5.44554	34.8	60
dDocent_Contig_26575	1	342	2	88	25.731	0.51462	36.6	60
dDocent_Contig_26582	1	371	2	66	17.7898	0.355795	36.6	60
dDocent_Contig_26584	1	300	16	191	63.6667	6.83333	35.6	60
dDocent_Contig_26607	1	334	6	186	55.6886	1.63473	36.7	60
dDocent_Contig_26616	1	299	16	172	57.5251	6.25753	35.8	60
dDocent_Contig_26617	1	357	7	138	38.6555	2.40616	36.7	60
dDocent_Contig_26620	1	368	23	232	63.0435	6.50543	36	60
dDocent_Contig_26627	1	367	11	215	58.5831	3.84741	36.6	60
dDocent_Contig_26637	1	388	2	97	25	0.5	36.9	60
dDocent_Contig_26638	1	350	30	202	57.7143	11.2229	35	60
dDocent_Contig_26645	1	334	35	285	85.3293	10.6737	35.9	51.9
dDocent_Contig_26649	1	394	15	167	42.3858	4.41878	34.5	60
dDocent_Contig_26650	1	354	14	164	46.3277	4.62429	36.4	60
dDocent_Contig_26659	1	343	20	189	55.102	6.46647	36.3	60
dDocent_Contig_26668	1	380	2	117	30.7895	0.615789	36.2	60
dDocent_Contig_26669	1	429	25	258	60.1399	6.68531	35.6	60
dDocent_Contig_26682	1	432	12	183	42.3611	3.09259	36.6	60
dDocent_Contig_26690	1	365	14	189	51.7808	3.67945	36.6	60
dDocent_Contig_26691	1	366	48	190	51.9126	16.2568	35.1	59.3
dDocent_Contig_26693	1	364	1	135	37.0879	0.370879	36.8	60
dDocent_Contig_26699	1	354	432	287	81.0734	116.78	36.3	59.3
dDocent_Contig_26700	1	296	4	92	31.0811	1.24324	36.6	60
dDocent_Contig_26706	1	386	1	137	35.4922	0.354922	36.9	60
dDocent_Contig_26712	1	338	2	101	29.8817	0.594675	33.2	60
dDocent_Contig_26739	1	264	2	164	62.1212	1.13636	36.7	60
dDocent_Contig_26748	1	448	2	98	21.875	0.4375	36.9	60
dDocent_Contig_26751	1	467	19	232	49.6788	4.23555	35.8	60
dDocent_Contig_26755	1	433	12	152	35.1039	2.69284	36.5	60
dDocent_Contig_26756	1	409	13	181	44.2543	3.5599	36.2	60
dDocent_Contig_26765	1	398	1	88	22.1106	0.221106	36.5	60
dDocent_Contig_26780	1	458	3	229	50	0.781659	36.7	60
dDocent_Contig_26784	1	403	1	69	17.1216	0.171216	36.1	60
dDocent_Contig_26787	1	380	24	272	71.5789	7.50263	36.5	60
dDocent_Contig_26788	1	364	28	296	81.3187	7.56044	36.2	34.7
dDocent_Contig_26789	1	373	11	187	50.134	3.62198	35.4	60
dDocent_Contig_26795	1	312	204	303	97.1154	68.5385	35.9	54.6
dDocent_Contig_26796	1	375	3	138	36.8	0.869333	36.7	60
dDocent_Contig_26797	1	374	9	186	49.7326	2.95722	36.1	60
dDocent_Contig_26799	1	388	8	131	33.7629	2.30928	36.3	60
dDocent_Contig_26807	1	355	8	244	68.7324	2.54366	36.7	60
dDocent_Contig_26813	1	386	2	60	15.544	0.310881	36.5	34
dDocent_Contig_26817	1	384	347	214	55.7292	102.656	35.9	59
dDocent_Contig_26818	1	377	12	162	42.9708	3.2679	36.4	30.3
dDocent_Contig_26820	1	418	28	227	54.3062	7.07177	36.5	60
dDocent_Contig_26822	1	303	25	212	69.967	9.32673	36.2	60
dDocent_Contig_26823	1	399	11	205	51.3784	3.01003	36	60
dDocent_Contig_26824	1	312	102	306	98.0769	33.0801	36.2	40.8
dDocent_Contig_26826	1	328	3	189	57.622	0.871951	36.9	60
dDocent_Contig_26831	1	387	10	165	42.6357	2.66667	36.9	60
dDocent_Contig_26832	1	469	3	222	47.3348	0.663113	36.8	54
dDocent_Contig_26835	1	495	4	201	40.6061	0.812121	34.3	60
dDocent_Contig_26839	1	323	25	265	82.0433	9.09288	36.4	60
dDocent_Contig_26841	1	436	29	220	50.4587	8.1078	35	60
dDocent_Contig_26843	1	439	2	116	26.4237	0.528474	36.9	60
dDocent_Contig_26861	1	325	6	176	54.1538	2.07692	37	60
dDocent_Contig_26862	1	389	10	254	65.2956	2.82519	36.6	60
dDocent_Contig_26863	1	455	2	123	27.033	0.540659	31.4	60
dDocent_Contig_26865	1	468	16	200	42.735	4.48077	36.6	60
dDocent_Contig_26870	1	397	13	108	27.204	3.1335	36.7	60
dDocent_Contig_26874	1	368	7	157	42.663	1.7038	36.7	60
dDocent_Contig_26880	1	357	2	123	34.4538	0.627451	36.9	60
dDocent_Contig_26883	1	328	7	178	54.2683	2.41159	36.7	60
dDocent_Contig_26884	1	457	2	108	23.6324	0.472648	36.9	60
dDocent_Contig_26887	1	302	14	233	77.1523	5.89073	36.8	60
dDocent_Contig_26893	1	354	287	349	98.5876	81.8051	35.8	51.8
dDocent_Contig_26895	1	302	7	180	59.6026	2.71854	33.6	60
dDocent_Contig_26902	1	373	9	189	50.6702	2.10456	36.8	60
dDocent_Contig_26903	1	393	10	207	52.6718	3.22646	35.7	60
dDocent_Contig_26906	1	399	7	266	66.6667	1.97243	36.8	60
dDocent_Contig_26928	1	381	20	180	47.2441	5.3727	35.4	60
dDocent_Contig_26930	1	446	4	127	28.4753	0.825112	37	60
dDocent_Contig_26933	1	284	45	248	87.3239	19.581	36.2	60
dDocent_Contig_26934	1	376	24	348	92.5532	7.39894	36.1	60
dDocent_Contig_26935	1	404	2	60	14.8515	0.29703	36.7	60
dDocent_Contig_26937	1	454	2	65	14.3172	0.286344	37	60
dDocent_Contig_26938	1	425	10	132	31.0588	2.10824	36.6	60
dDocent_Contig_26939	1	284	2	175	61.6197	0.964789	36.9	60
dDocent_Contig_26949	1	296	7	126	42.5676	2.51351	36.4	60
dDocent_Contig_26960	1	335	12	171	51.0448	3.03582	36	60
dDocent_Contig_26962	1	430	14	310	72.093	3.39535	36.8	60
dDocent_Contig_26964	1	345	2	92	26.6667	0.533333	36.7	60
dDocent_Contig_26968	1	346	7	158	45.6647	2.25434	36.1	60
dDocent_Contig_26969	1	373	10	168	45.0402	3.31903	36.3	60
dDocent_Contig_26970	1	424	2	60	14.1509	0.283019	36.6	60
dDocent_Contig_26971	1	321	4	122	38.0062	1.52025	36.5	60
dDocent_Contig_26975	1	385	9	186	48.3117	2.19481	36.3	60
dDocent_Contig_26978	1	421	29	212	50.3563	8.07126	35.6	60
dDocent_Contig_26982	1	353	16	351	99.4334	5.26062	35.6	60
dDocent_Contig_26984	1	394	2	118	29.9492	0.598985	36.9	55
dDocent_Contig_26987	1	337	22	271	80.4154	7.78338	36.2	60
dDocent_Contig_26990	1	429	12	185	43.1235	3.04196	36.2	60
dDocent_Contig_26991	1	332	32	196	59.0361	12.2018	35.8	60
dDocent_Contig_26995	1	366	26	364	99.4536	7.20219	35.4	60
dDocent_Contig_26996	1	398	10	309	77.6382	2.52764	36.8	60
dDocent_Contig_26999	1	405	4	226	55.8025	1.3284	35.8	60
dDocent_Contig_27002	1	428	10	104	24.2991	2.14019	36	60
dDocent_Contig_27003	1	361	25	174	48.1994	7.65651	34.7	60
dDocent_Contig_27005	1	274	46	219	79.927	21.4526	36	60
dDocent_Contig_27006	1	329	11	244	74.1641	3.65653	36.3	60
dDocent_Contig_27010	1	380	9	157	41.3158	2.16842	36.9	60
dDocent_Contig_27012	1	419	18	190	45.3461	5.00477	35.1	60
dDocent_Contig_27015	1	336	342	225	66.9643	102.405	36.3	58.5
dDocent_Contig_27024	1	372	309	371	99.7312	101.468	36.1	35.9
dDocent_Contig_27038	1	361	8	279	77.2853	2.57618	36.7	60
dDocent_Contig_27041	1	297	4	164	55.2189	1.38721	36.6	60
dDocent_Contig_27045	1	409	1	115	28.1174	0.281174	37	60
dDocent_Contig_27046	1	409	14	161	39.3643	3.9022	36.8	60
dDocent_Contig_27051	1	377	2	60	15.9151	0.318302	33	60
dDocent_Contig_27052	1	393	10	163	41.4758	3.08651	35.5	60
dDocent_Contig_27056	1	400	10	176	44	3.42	36.3	60
dDocent_Contig_27057	1	340	4	70	20.5882	0.717647	36.7	44
dDocent_Contig_27058	1	321	6	237	73.8318	2.24611	36.7	60
dDocent_Contig_27059	1	278	10	155	55.7554	4.46763	36.7	60
dDocent_Contig_27060	1	402	17	244	60.6965	5.11194	35.5	60
dDocent_Contig_27061	1	343	10	141	41.1079	3.38484	35.3	60
dDocent_Contig_27062	1	353	27	206	58.3569	8.76204	35.6	60
dDocent_Contig_27065	1	353	21	239	67.7054	6.58924	36	60
dDocent_Contig_27066	1	427	315	423	99.0632	90.1733	36.1	60
dDocent_Contig_27069	1	389	10	165	42.4165	2.82262	36.7	60
dDocent_Contig_27070	1	352	22	217	61.6477	6.1733	36	60
dDocent_Contig_27073	1	384	11	281	73.1771	3.78385	36.2	60
dDocent_Contig_27077	1	279	2	96	34.4086	0.688172	36.9	60
dDocent_Contig_27080	1	407	27	214	52.5799	8.28747	35.9	60
dDocent_Contig_27086	1	420	17	199	47.381	4.88333	36.3	60
dDocent_Contig_27089	1	282	19	200	70.922	7.92553	34.8	60
dDocent_Contig_27094	1	406	3	137	33.7438	1.01232	34.7	60
dDocent_Contig_27095	1	330	23	206	62.4242	8.61818	35.4	60
dDocent_Contig_27097	1	367	7	275	74.9319	2.55313	36.5	60
dDocent_Contig_27101	1	286	352	211	73.7762	107.182	36.4	59.3
dDocent_Contig_27107	1	320	22	301	94.0625	7.72187	36	60
dDocent_Contig_27109	1	415	35	275	66.2651	9.96867	35.9	60
dDocent_Contig_27110	1	335	2	72	21.4925	0.429851	35.7	60
dDocent_Contig_27121	1	376	13	191	50.7979	3.77394	36.7	60
dDocent_Contig_27122	1	352	2	131	37.2159	0.744318	36.6	60
dDocent_Contig_27131	1	478	144	407	85.1464	33.0377	36.5	35.8
dDocent_Contig_27132	1	334	4	166	49.7006	1.34731	35.2	60
dDocent_Contig_27135	1	328	27	231	70.4268	10.1982	35.7	60
dDocent_Contig_27138	1	377	14	195	51.7241	4.22281	36	60
dDocent_Contig_27139	1	343	12	234	68.2216	4.02332	35.4	59.5
dDocent_Contig_27141	1	394	4	140	35.533	1.38579	36.8	60
dDocent_Contig_27142	1	272	10	203	74.6324	4.29779	36.3	60
dDocent_Contig_27143	1	393	11	266	67.6845	3.29262	36.6	60
dDocent_Contig_27146	1	428	1	97	22.6636	0.226636	36.5	60
dDocent_Contig_27148	1	385	93	353	91.6883	30.0312	35.4	60
dDocent_Contig_27150	1	436	8	196	44.9541	1.8945	36.4	60
dDocent_Contig_27155	1	344	2	53	15.407	0.30814	37	60
dDocent_Contig_27156	1	359	2	92	25.6267	0.512535	36.9	60
dDocent_Contig_27158	1	514	342	501	97.4708	74.4689	36.3	59.7
dDocent_Contig_27159	1	290	6	172	59.3103	2.56897	36	60
dDocent_Contig_27160	1	361	7	141	39.0582	2.01939	36.4	60
dDocent_Contig_27164	1	515	6	248	48.1553	0.998058	36.7	60
dDocent_Contig_27168	1	327	30	112	34.2508	7.96942	35.8	59
dDocent_Contig_27171	1	412	115	404	98.0583	27.0267	36.1	31.9
dDocent_Contig_27172	1	259	2	96	37.0656	0.741313	36.8	60
dDocent_Contig_27175	1	383	23	344	89.8172	7.82507	35.8	60
dDocent_Contig_27176	1	350	26	253	72.2857	7.71143	36.4	47.1
dDocent_Contig_27180	1	401	6	135	33.6658	1.77057	36.8	60
dDocent_Contig_27181	1	457	4	189	41.3567	0.932166	36.9	60
dDocent_Contig_27182	1	359	18	282	78.5515	6.18384	36.1	46.2
dDocent_Contig_27185	1	396	2	95	23.9899	0.477273	36.7	60
dDocent_Contig_27187	1	423	34	173	40.8983	8.13002	35.9	60
dDocent_Contig_27188	1	512	14	271	52.9297	2.91211	36.8	60
dDocent_Contig_27189	1	518	7	107	20.6564	1.10811	34.6	60
dDocent_Contig_27193	1	320	11	207	64.6875	3.9125	36.5	60
dDocent_Contig_27198	1	355	5	227	63.9437	1.26761	36.8	60
dDocent_Contig_27200	1	402	4	165	41.0448	1.06965	36.7	60
dDocent_Contig_27201	1	322	2	110	34.1615	0.68323	36.7	60
dDocent_Contig_27202	1	413	6	142	34.3826	1.39952	35.5	60
dDocent_Contig_27203	1	395	14	316	80	3.60759	36.8	60
dDocent_Contig_27206	1	374	5	208	55.615	1.74064	36.9	60
dDocent_Contig_27212	1	388	36	212	54.6392	10.8351	36.1	60
dDocent_Contig_27213	1	319	15	144	45.1411	4.95611	36	60
dDocent_Contig_27216	1	425	2	129	30.3529	0.607059	36.5	37
dDocent_Contig_27224	1	454	2	105	23.1278	0.462555	36.8	60
dDocent_Contig_27226	1	360	5	176	48.8889	1.26111	34.4	60
dDocent_Contig_27229	1	283	3	173	61.1307	1.16961	36.3	60
dDocent_Contig_27230	1	322	10	161	50	3.13665	36.8	60
dDocent_Contig_27231	1	269	3	132	49.0706	1.33457	36.9	54
dDocent_Contig_27233	1	370	9	226	61.0811	2.38649	35.9	60
dDocent_Contig_27238	1	447	20	309	69.1275	5.24161	36.4	60
dDocent_Contig_27239	1	356	8	219	61.5169	2.29213	36.8	60
dDocent_Contig_27245	1	281	7	141	50.1779	3.4911	34.4	60
dDocent_Contig_27249	1	377	16	238	63.13	5.13263	36.4	60
dDocent_Contig_27256	1	334	34	229	68.5629	12.7545	36.2	60
dDocent_Contig_27257	1	427	33	167	39.1101	7.43794	35.6	60
dDocent_Contig_27259	1	270	35	251	92.963	17.4593	36	60
dDocent_Contig_27264	1	391	13	314	80.3069	3.33504	35.9	41.1
dDocent_Contig_27266	1	322	20	232	72.0497	7.28261	35.7	60
dDocent_Contig_27267	1	469	12	335	71.4286	3.04904	36	60
dDocent_Contig_27269	1	306	23	211	68.9542	9.6732	35.5	60
dDocent_Contig_27271	1	372	2	172	46.2366	0.806452	36.7	60
dDocent_Contig_27279	1	253	7	160	63.2411	2.83399	36.1	60
dDocent_Contig_27280	1	270	7	241	89.2593	2.61852	36.3	60
dDocent_Contig_27281	1	336	15	179	53.2738	5.85417	36.1	60
dDocent_Contig_27282	1	402	12	306	76.1194	3.28856	36.9	60
dDocent_Contig_27284	1	383	2	97	25.3264	0.506527	36.8	60
dDocent_Contig_27290	1	451	13	327	72.5055	3.63193	35.3	60
dDocent_Contig_27291	1	376	22	322	85.6383	6.85904	36.1	60
dDocent_Contig_27297	1	330	11	138	41.8182	3.31212	36.1	60
dDocent_Contig_27299	1	298	4	153	51.3423	1.24161	36.6	60
dDocent_Contig_27301	1	442	2	92	20.8145	0.41629	36.8	60
dDocent_Contig_27304	1	380	4	110	28.9474	1.15263	35.4	60
dDocent_Contig_27309	1	442	8	265	59.9548	1.83258	36.8	60
dDocent_Contig_27311	1	408	65	226	55.3922	19.9436	35.6	60
dDocent_Contig_27315	1	400	22	312	78	7.27	36.1	60
dDocent_Contig_27319	1	313	40	292	93.2907	14.3674	36	58.4
dDocent_Contig_27322	1	446	8	186	41.704	2.50673	36.6	60
dDocent_Contig_27325	1	340	14	146	42.9412	4.69412	36.1	60
dDocent_Contig_27332	1	356	17	242	67.9775	5.58146	36.6	60
dDocent_Contig_27338	1	260	16	161	61.9231	5.96923	36.5	60
dDocent_Contig_27339	1	386	2	144	37.3057	0.626943	36.9	60
dDocent_Contig_27342	1	451	16	233	51.663	3.61641	36.6	51.6
dDocent_Contig_27345	1	438	4	253	57.7626	1.06393	36.9	60
dDocent_Contig_27352	1	225	1	95	42.2222	0.422222	36.9	60
dDocent_Contig_27363	1	332	4	165	49.6988	1.53614	36.9	60
dDocent_Contig_27366	1	332	312	174	52.4096	101.521	36	59.8
dDocent_Contig_27388	1	287	24	181	63.0662	11.0662	35.5	60
dDocent_Contig_27390	1	361	9	135	37.3961	2.66759	36.7	60
dDocent_Contig_27391	1	405	9	176	43.4568	2.78272	35.7	60
dDocent_Contig_27393	1	380	9	225	59.2105	2.38947	36.9	60
dDocent_Contig_27395	1	407	15	145	35.6265	3.38329	36.6	60
dDocent_Contig_27396	1	341	61	234	68.6217	19.2258	36.2	60
dDocent_Contig_27399	1	436	39	193	44.2661	10.8188	35.3	60
dDocent_Contig_27404	1	391	18	185	47.3146	5.42199	36.3	60
dDocent_Contig_27409	1	366	9	225	61.4754	3.35792	36.5	60
dDocent_Contig_27410	1	457	2	57	12.4726	0.249453	37	60
dDocent_Contig_27431	1	352	51	230	65.3409	17.0369	36.1	60
dDocent_Contig_27432	1	363	1	150	41.3223	0.413223	36.5	60
dDocent_Contig_27433	1	384	8	159	41.4062	2.52083	36.1	60
dDocent_Contig_27443	1	390	13	200	51.2821	4.37436	36.8	60
dDocent_Contig_27446	1	383	14	167	43.6031	4.40992	34.3	59.5
dDocent_Contig_27447	1	457	14	212	46.3895	3.44639	36	60
dDocent_Contig_27448	1	385	11	195	50.6494	3.17143	36.8	60
dDocent_Contig_27449	1	318	8	163	51.2579	2.05031	36.8	60
dDocent_Contig_27454	1	334	16	310	92.8144	5.9012	36.6	60
dDocent_Contig_27455	1	433	62	286	66.0508	15.485	36.4	60
dDocent_Contig_27457	1	418	171	330	78.9474	41.7153	36.3	54.1
dDocent_Contig_27461	1	252	21	222	88.0952	9.48413	35.4	60
dDocent_Contig_27466	1	478	3	168	35.1464	0.543933	36.3	60
dDocent_Contig_27467	1	358	26	225	62.8492	7.3324	36	60
dDocent_Contig_27468	1	297	43	224	75.4209	18.0034	35.1	60
dDocent_Contig_27470	1	347	21	186	53.6023	6.04899	36.1	60
dDocent_Contig_27473	1	266	6	130	48.8722	2.57895	36.6	60
dDocent_Contig_27475	1	376	1	128	34.0426	0.340426	36.9	60
dDocent_Contig_27476	1	298	2	72	24.1611	0.483221	36.9	60
dDocent_Contig_27479	1	344	2	103	29.9419	0.598837	37	60
dDocent_Contig_27482	1	403	4	169	41.9355	1.25558	36.3	60
dDocent_Contig_27491	1	386	15	304	78.7565	3.97927	36.8	60
dDocent_Contig_27496	1	401	24	274	68.3292	7.01496	36.2	57.5
dDocent_Contig_27497	1	343	30	221	64.4315	10.0029	35.9	60
dDocent_Contig_27503	1	457	4	102	22.3195	0.446389	35	42
dDocent_Contig_27505	1	379	5	177	46.7018	1.67282	36.7	60
dDocent_Contig_27512	1	437	27	179	40.9611	7.26087	35.8	60
dDocent_Contig_27514	1	455	16	245	53.8462	4.00879	36.5	60
dDocent_Contig_27516	1	357	9	199	55.7423	3.17367	35.8	60
dDocent_Contig_27521	1	395	91	319	80.7595	28.2608	36.1	59.9
dDocent_Contig_27526	1	347	2	129	37.1758	0.743516	36.7	60
dDocent_Contig_27528	1	314	9	169	53.8217	2.79618	36.7	60
dDocent_Contig_27539	1	272	20	159	58.4559	9.25	36.3	60
dDocent_Contig_27541	1	422	6	126	29.8578	1.41943	36.9	60
dDocent_Contig_27543	1	409	2	133	32.5183	0.650367	36.9	60
dDocent_Contig_27549	1	389	19	208	53.4704	5.68895	36.7	60
dDocent_Contig_27560	1	234	32	177	75.641	16.6325	36	60
dDocent_Contig_27563	1	405	5	224	55.3086	1.39012	36.3	60
dDocent_Contig_27568	1	459	15	169	36.8192	3.12418	36.7	60
dDocent_Contig_27569	1	363	4	146	40.2204	1.25895	36.6	60
dDocent_Contig_27573	1	432	23	242	56.0185	6.11111	34.9	60
dDocent_Contig_27577	1	344	8	230	66.8605	2.83721	35.6	60
dDocent_Contig_27578	1	420	16	200	47.619	3.61905	35.7	60
dDocent_Contig_27586	1	361	4	161	44.5983	1.36288	36.8	60
dDocent_Contig_27587	1	308	8	134	43.5065	1.95455	36.8	60
dDocent_Contig_27588	1	452	2	122	26.9912	0.539823	36.6	60
dDocent_Contig_27589	1	383	2	142	37.0757	0.741514	36.5	60
dDocent_Contig_27590	1	260	16	232	89.2308	6.83077	35.9	60
dDocent_Contig_27591	1	407	15	241	59.2138	4.15479	35.8	60
dDocent_Contig_27593	1	330	22	245	74.2424	7.90606	35.7	60
dDocent_Contig_27594	1	305	22	192	62.9508	8.03607	36.3	60
dDocent_Contig_27600	1	317	25	199	62.776	9.67192	36.4	60
dDocent_Contig_27602	1	397	2	89	22.4181	0.448363	34.1	60
dDocent_Contig_27603	1	302	11	220	72.8477	4.20861	34.7	60
dDocent_Contig_27604	1	376	25	200	53.1915	7.90957	35.5	60
dDocent_Contig_27606	1	294	20	258	87.7551	8.08844	36.3	60
dDocent_Contig_27609	1	389	44	229	58.8689	14.2879	35.8	60
dDocent_Contig_27610	1	377	8	167	44.2971	2.16446	36.7	60
dDocent_Contig_27616	1	235	27	199	84.6809	12.2979	36.7	60
dDocent_Contig_27617	1	398	13	183	45.9799	3.47739	35.9	60
dDocent_Contig_27620	1	313	1	105	33.5463	0.335463	36.9	60
dDocent_Contig_27622	1	414	6	121	29.2271	1.75362	35.5	60
dDocent_Contig_27631	1	424	12	190	44.8113	3.44104	35.3	60
dDocent_Contig_27634	1	315	17	202	64.127	6.42857	35.5	60
dDocent_Contig_27635	1	500	2	94	18.8	0.376	37	60
dDocent_Contig_27640	1	363	9	182	50.1377	2.67493	35.4	60
dDocent_Contig_27641	1	467	1	150	32.1199	0.321199	36.3	60
dDocent_Contig_27643	1	433	1	139	32.1016	0.321016	36.4	60
dDocent_Contig_27652	1	241	20	218	90.4564	11.2075	34.7	60
dDocent_Contig_27666	1	326	15	202	61.9632	5.09202	36.7	60
dDocent_Contig_27670	1	339	11	178	52.5074	4.0531	35.7	60
dDocent_Contig_27671	1	386	18	224	58.0311	5.88083	36.2	60
dDocent_Contig_27674	1	395	15	236	59.7468	4.3443	36.3	59.6
dDocent_Contig_27676	1	296	7	182	61.4865	2.80743	36.7	60
dDocent_Contig_27678	1	356	4	118	33.1461	0.859551	35.9	60
dDocent_Contig_27680	1	263	1	131	49.8099	0.498099	37	60
dDocent_Contig_27683	1	278	9	230	82.7338	3.07554	36.8	60
dDocent_Contig_27684	1	348	25	228	65.5172	9.31609	36.3	60
dDocent_Contig_27692	1	362	27	166	45.8564	8.9116	36	60
dDocent_Contig_27694	1	369	4	104	28.1843	1.08401	36.7	60
dDocent_Contig_27702	1	351	82	257	73.2194	26.1852	36.2	60
dDocent_Contig_27704	1	451	3	107	23.7251	0.687361	36.7	60
dDocent_Contig_27710	1	392	1	100	25.5102	0.255102	36.8	60
dDocent_Contig_27715	1	400	8	169	42.25	2.4375	36.2	60
dDocent_Contig_27717	1	332	8	129	38.8554	2.40361	36.8	60
dDocent_Contig_27725	1	359	57	277	77.1588	16.4624	36.3	53.5
dDocent_Contig_27731	1	353	20	213	60.3399	6.75637	36	60
dDocent_Contig_27733	1	331	15	178	53.7764	4.72508	35.5	60
dDocent_Contig_27734	1	390	19	243	62.3077	5.09744	36.4	60
dDocent_Contig_27736	1	457	4	126	27.5711	0.866521	36.4	60
dDocent_Contig_27740	1	232	15	219	94.3966	7.94397	35.9	60
dDocent_Contig_27741	1	387	13	143	36.9509	3.62791	36.7	60
dDocent_Contig_27742	1	320	9	218	68.125	2.97812	35.6	60
dDocent_Contig_27745	1	350	1	126	36	0.36	36.8	60
dDocent_Contig_27746	1	381	12	177	46.4567	3.39633	36.3	60
dDocent_Contig_27754	1	451	11	199	44.1242	2.86031	36.8	60
dDocent_Contig_27755	1	500	59	196	39.2	15.062	36.2	60
dDocent_Contig_27760	1	348	3	101	29.023	0.66092	36.5	60
dDocent_Contig_27763	1	503	2	99	19.6819	0.393638	36.8	60
dDocent_Contig_27766	1	342	8	277	80.9942	3.24561	34.3	60
dDocent_Contig_27775	1	456	9	193	42.3246	2.55263	35.7	60
dDocent_Contig_27782	1	327	2	100	30.581	0.611621	36.9	60
dDocent_Contig_27799	1	401	3	198	49.3766	1.07232	33.8	60
dDocent_Contig_27801	1	375	20	204	54.4	7.208	36.1	60
dDocent_Contig_27802	1	426	14	235	55.1643	3.8662	36.1	60
dDocent_Contig_27806	1	280	21	191	68.2143	8.15714	35.2	60
dDocent_Contig_27808	1	433	101	401	92.6097	28.0924	36.1	58.1
dDocent_Contig_27813	1	341	7	195	57.1848	2.3695	36.2	60
dDocent_Contig_27820	1	483	15	280	57.971	3.20083	34.6	60
dDocent_Contig_27822	1	348	2	94	27.0115	0.54023	36.8	60
dDocent_Contig_27823	1	366	9	333	90.9836	3.16393	36.5	60
dDocent_Contig_27824	1	285	33	158	55.4386	12.4596	35.8	60
dDocent_Contig_27825	1	403	5	129	32.0099	1.25062	36.9	60
dDocent_Contig_27826	1	333	7	168	50.4505	2.51652	36.5	60
dDocent_Contig_27827	1	499	19	176	35.2705	3.76754	36.4	60
dDocent_Contig_27831	1	439	29	304	69.2483	6.97494	35.9	56.3
dDocent_Contig_27833	1	456	2	115	25.2193	0.504386	36.9	60
dDocent_Contig_27839	1	324	28	179	55.2469	10.3333	35.4	60
dDocent_Contig_27843	1	378	5	219	57.9365	1.67725	36.4	60
dDocent_Contig_27845	1	336	10	173	51.4881	3.82738	36.8	60
dDocent_Contig_27847	1	298	29	153	51.3423	12.094	35.4	59.3
dDocent_Contig_27848	1	420	6	118	28.0952	1.31667	36.1	60
dDocent_Contig_27849	1	322	21	208	64.5963	7.20807	36.4	60
dDocent_Contig_27850	1	276	36	223	80.7971	14.1268	35.2	60
dDocent_Contig_27858	1	352	44	279	79.2614	13.9943	36	60
dDocent_Contig_27866	1	373	7	145	38.874	1.6193	36.9	54.3
dDocent_Contig_27872	1	376	16	199	52.9255	4.67819	36.5	60
dDocent_Contig_27912	1	383	9	167	43.6031	3	36.1	60
dDocent_Contig_27915	1	269	15	218	81.0409	5.94052	36.4	60
dDocent_Contig_27921	1	413	2	125	30.2663	0.605327	36.5	60
dDocent_Contig_27926	1	329	1	141	42.8571	0.428571	36.9	60
dDocent_Contig_27927	1	404	17	249	61.6337	4.78713	35.2	58.7
dDocent_Contig_27935	1	357	2	134	37.535	0.677871	36.7	60
dDocent_Contig_27940	1	352	24	293	83.2386	7.6733	35.5	57
dDocent_Contig_27942	1	393	22	150	38.1679	6.62087	35.9	60
dDocent_Contig_27943	1	337	5	150	44.5104	1.60831	36.8	60
dDocent_Contig_27957	1	271	10	178	65.6827	4.64207	35.9	60
dDocent_Contig_27958	1	390	40	226	57.9487	11.7821	35.7	59.8
dDocent_Contig_27959	1	298	6	154	51.6779	1.94631	36.9	60
dDocent_Contig_27960	1	435	2	147	33.7931	0.675862	34	60
dDocent_Contig_27966	1	379	4	109	28.7599	0.934037	36.9	60
dDocent_Contig_27967	1	488	7	155	31.7623	1.41803	36.3	60
dDocent_Contig_27971	1	485	20	157	32.3711	3.64742	35.5	60
dDocent_Contig_27974	1	331	4	107	32.3263	1.29305	36.7	35
dDocent_Contig_27978	1	332	19	188	56.6265	5.81627	36	60
dDocent_Contig_27979	1	428	15	290	67.757	3.23598	36.1	60
dDocent_Contig_27980	1	430	12	214	49.7674	3.57209	36.3	60
dDocent_Contig_27981	1	410	20	188	45.8537	6.55854	36.4	60
dDocent_Contig_27999	1	440	4	181	41.1364	0.845455	35	60
dDocent_Contig_28003	1	335	29	222	66.2687	11.0269	35.4	60
dDocent_Contig_28008	1	302	14	192	63.5762	6.03642	35.9	60
dDocent_Contig_28021	1	380	37	189	49.7368	9.71053	35.2	60
dDocent_Contig_28023	1	338	11	172	50.8876	3.73373	36.7	60
dDocent_Contig_28029	1	390	1060	389	99.7436	313.005	35.8	45.9
dDocent_Contig_28047	1	333	27	195	58.5586	10.2703	35.5	60
dDocent_Contig_28050	1	491	14	376	76.5784	2.64155	36.8	58.4
dDocent_Contig_28052	1	434	29	348	80.1843	6.82258	36.8	53
dDocent_Contig_28054	1	357	5	142	39.7759	1.45378	36.9	60
dDocent_Contig_28055	1	346	2	95	27.4566	0.549133	37	60
dDocent_Contig_28063	1	415	9	194	46.747	2.56145	36.2	60
dDocent_Contig_28071	1	413	63	257	62.2276	12.8136	36.4	38.1
dDocent_Contig_28072	1	370	26	236	63.7838	8.74054	36.3	60
dDocent_Contig_28076	1	306	16	153	50	6.22549	34.8	60
dDocent_Contig_28078	1	395	10	158	40	2.32911	36.4	60
dDocent_Contig_28079	1	465	1	113	24.3011	0.243011	36.1	60
dDocent_Contig_28082	1	425	2	89	20.9412	0.418824	36.9	60
dDocent_Contig_28083	1	367	2	82	22.3433	0.386921	34.9	60
dDocent_Contig_28085	1	361	667	293	81.1634	202.191	35.6	59.9
dDocent_Contig_28087	1	280	6	224	80	2.72143	36.2	60
dDocent_Contig_28088	1	434	1	148	34.1014	0.341014	36.7	60
dDocent_Contig_28097	1	391	1361	333	85.1662	424.568	36.2	43.9
dDocent_Contig_28099	1	430	1	92	21.3953	0.213953	36.9	60
dDocent_Contig_28102	1	363	60	258	71.0744	13.0468	36.2	59.6
dDocent_Contig_28108	1	421	4	289	68.6461	1.37055	36.5	60
dDocent_Contig_28109	1	384	69	237	61.7188	23.0833	35.9	60
dDocent_Contig_28110	1	353	8	138	39.0935	2.3796	36.1	60
dDocent_Contig_28111	1	388	2	109	28.0928	0.561856	36.8	60
dDocent_Contig_28117	1	393	1	144	36.6412	0.366412	36.7	60
dDocent_Contig_28119	1	367	10	201	54.7684	2.25613	36.1	60
dDocent_Contig_28126	1	510	7	186	36.4706	1.39804	36.6	60
dDocent_Contig_28127	1	342	27	244	71.345	9.09942	36.5	60
dDocent_Contig_28134	1	388	22	216	55.6701	5.7268	36	53.6
dDocent_Contig_28136	1	378	18	290	76.7196	5.25132	36.2	60
dDocent_Contig_28140	1	247	9	148	59.919	4.65992	36.7	60
dDocent_Contig_28146	1	337	2	129	38.2789	0.765579	36.8	60
dDocent_Contig_28149	1	395	1	101	25.5696	0.255696	36.9	60
dDocent_Contig_28150	1	380	4	216	56.8421	1.13684	36.9	60
dDocent_Contig_28155	1	507	2	91	17.9487	0.358974	36.2	60
dDocent_Contig_28159	1	476	4	181	38.0252	0.890756	33.8	60
dDocent_Contig_28160	1	293	6	121	41.2969	1.93857	36.8	60
dDocent_Contig_28170	1	262	18	161	61.4504	4.87786	34.3	58.3
dDocent_Contig_28171	1	404	11	202	50	2.86634	36	60
dDocent_Contig_28174	1	297	24	223	75.0842	9.40741	36.3	60
dDocent_Contig_28176	1	433	8	179	41.3395	1.99076	36.9	60
dDocent_Contig_28178	1	429	10	200	46.62	2.48718	36.8	60
dDocent_Contig_28184	1	439	2	100	22.779	0.455581	36.9	60
dDocent_Contig_28186	1	388	17	178	45.8763	5.85825	36	60
dDocent_Contig_28188	1	374	1	143	38.2353	0.382353	36.8	60
dDocent_Contig_28191	1	394	30	198	50.2538	7.66751	35.7	60
dDocent_Contig_28192	1	415	13	148	35.6627	4.36627	34.8	60
dDocent_Contig_28198	1	400	7	125	31.25	1.5175	36.9	60
dDocent_Contig_28199	1	415	14	236	56.8675	4.2241	36.5	60
dDocent_Contig_28203	1	322	1	114	35.4037	0.354037	37	60
dDocent_Contig_28205	1	356	6	177	49.7191	2.43539	36.1	60
dDocent_Contig_28206	1	358	22	179	50	7.13128	35.7	60
dDocent_Contig_28207	1	464	3	97	20.9052	0.556034	34.6	60
dDocent_Contig_28208	1	383	17	285	74.4125	4.45953	36.7	60
dDocent_Contig_28209	1	407	6	135	33.1695	1.99017	36.5	60
dDocent_Contig_28213	1	311	44	216	69.4534	18.0772	35.8	59.5
dDocent_Contig_28214	1	386	2	141	36.5285	0.73057	36.7	60
dDocent_Contig_28219	1	383	11	177	46.2141	3.38381	35.6	60
dDocent_Contig_28220	1	381	4	191	50.1312	0.884514	36.9	60
dDocent_Contig_28227	1	313	6	275	87.8594	2.46326	36.8	60
dDocent_Contig_28230	1	371	2	209	56.3342	0.641509	34.6	60
dDocent_Contig_28233	1	399	13	172	43.1078	3.02256	36.5	60
dDocent_Contig_28241	1	399	45	351	87.9699	14.4185	35.7	60
dDocent_Contig_28243	1	305	16	215	70.4918	5.40328	36.2	60
dDocent_Contig_28254	1	330	5	139	42.1212	1.61212	36.2	60
dDocent_Contig_28257	1	279	15	155	55.5556	6.43728	35.7	60
dDocent_Contig_28258	1	345	4	148	42.8986	1.26377	36.3	60
dDocent_Contig_28263	1	380	10	288	75.7895	2.88158	36.1	58.5
dDocent_Contig_28268	1	331	6	176	53.1722	1.6858	35.2	60
dDocent_Contig_28269	1	422	5	156	36.9668	1.67299	34.9	60
dDocent_Contig_28276	1	328	14	205	62.5	5.0122	36.2	60
dDocent_Contig_28287	1	392	19	249	63.5204	5.34184	36.4	60
dDocent_Contig_28291	1	394	2	98	24.8731	0.497462	36.7	60
dDocent_Contig_28294	1	359	11	292	81.337	3.13928	36.2	60
dDocent_Contig_28298	1	309	42	229	74.11	17.0518	35.3	59.5
dDocent_Contig_28305	1	381	22	254	66.6667	6.27822	36.1	60
dDocent_Contig_28306	1	330	36	202	61.2121	11.5455	36	60
dDocent_Contig_28307	1	352	2	115	32.6705	0.653409	36.6	60
dDocent_Contig_28311	1	328	26	243	74.0854	9.5	35.4	60
dDocent_Contig_28312	1	346	2	140	40.4624	0.809249	36.5	60
dDocent_Contig_28314	1	336	2	124	36.9048	0.738095	37	43
dDocent_Contig_28316	1	376	40	316	84.0426	11.0984	36.6	56
dDocent_Contig_28335	1	350	2	69	19.7143	0.394286	37	60
dDocent_Contig_28340	1	439	66	205	46.697	18.9499	35.6	60
dDocent_Contig_28349	1	360	32	210	58.3333	10.2833	36.3	60
dDocent_Contig_28354	1	347	12	158	45.5331	2.97983	36.5	60
dDocent_Contig_28358	1	322	2	107	33.2298	0.664596	36.9	60
dDocent_Contig_28371	1	331	5	151	45.6193	1.5287	34	60
dDocent_Contig_28406	1	443	4	121	27.3138	0.907449	36.6	60
dDocent_Contig_28407	1	324	3	140	43.2099	1.04012	37	60
dDocent_Contig_28411	1	497	138	260	52.3139	28.6278	36.1	57.6
dDocent_Contig_28413	1	400	25	187	46.75	5.955	35.9	55.1
dDocent_Contig_28414	1	382	22	174	45.5497	5.60209	35.9	60
dDocent_Contig_28417	1	391	11	188	48.0818	2.79795	36.8	60
dDocent_Contig_28423	1	407	9	217	53.317	2.55037	36.8	60
dDocent_Contig_28433	1	360	9	179	49.7222	2.65	36.9	57.6
dDocent_Contig_28436	1	331	8	149	45.0151	2.60423	36.8	60
dDocent_Contig_28442	1	448	1	90	20.0893	0.200893	36.7	60
dDocent_Contig_28446	1	358	29	338	94.4134	8.86592	36.6	60
dDocent_Contig_28451	1	427	10	139	32.5527	2.38173	36.7	60
dDocent_Contig_28453	1	422	10	194	45.9716	2.94787	36.8	60
dDocent_Contig_28460	1	308	21	259	84.0909	6.5974	36.3	60
dDocent_Contig_28463	1	442	4	181	40.9502	1.0362	36.5	60
dDocent_Contig_28464	1	401	15	268	66.8329	4.65337	35.2	60
dDocent_Contig_28467	1	376	2	154	40.9574	0.760638	36.2	60
dDocent_Contig_28468	1	417	24	187	44.8441	6.88729	35	60
dDocent_Contig_28471	1	369	17	207	56.0976	5.7561	36.1	60
dDocent_Contig_28478	1	382	4	179	46.8586	0.937173	36.9	60
dDocent_Contig_28481	1	417	135	411	98.5612	33.5372	36.4	56.3
dDocent_Contig_28493	1	497	12	190	38.2294	2.49095	36	60
dDocent_Contig_28497	1	388	4	162	41.7526	1.06186	36.9	60
dDocent_Contig_28500	1	391	4	182	46.5473	1.0844	36.7	60
dDocent_Contig_28503	1	383	248	331	86.423	73.6266	36.2	59.3
dDocent_Contig_28505	1	389	28	196	50.3856	8.40874	36.1	60
dDocent_Contig_28508	1	332	2	121	36.4458	0.728916	36.6	60
dDocent_Contig_28509	1	420	27	174	41.4286	6.54762	36.3	51
dDocent_Contig_28510	1	519	2	93	17.9191	0.358382	37	60
dDocent_Contig_28513	1	389	6	184	47.3008	2.02828	36.1	60
dDocent_Contig_28523	1	282	18	244	86.5248	8.14184	36.1	60
dDocent_Contig_28527	1	357	9	197	55.1821	3.0056	36.5	60
dDocent_Contig_28537	1	353	2	98	27.762	0.555241	36.9	60
dDocent_Contig_28543	1	410	2	75	18.2927	0.365854	36.9	60
dDocent_Contig_28546	1	422	3	232	54.9763	1.01422	36.5	60
dDocent_Contig_28548	1	481	2	89	18.5031	0.370062	36	60
dDocent_Contig_28550	1	444	2	91	20.4955	0.40991	36.8	60
dDocent_Contig_28552	1	370	24	192	51.8919	8.37568	35.6	60
dDocent_Contig_28555	1	360	469	358	99.4444	140.789	35.9	57.9
dDocent_Contig_28558	1	267	111	267	100	43.6517	35.9	59.2
dDocent_Contig_28559	1	411	12	283	68.8564	2.90024	36.1	60
dDocent_Contig_28561	1	453	3	121	26.7108	0.602649	35.7	60
dDocent_Contig_28563	1	380	25	239	62.8947	8.33947	35.6	60
dDocent_Contig_28566	1	450	2	45	10	0.2	37	60
dDocent_Contig_28571	1	325	24	186	57.2308	8.64615	36	60
dDocent_Contig_28573	1	295	23	242	82.0339	9.71864	35.7	60
dDocent_Contig_28575	1	375	6	109	29.0667	1.44533	37	60
dDocent_Contig_28576	1	240	14	136	56.6667	6.09167	36.5	60
dDocent_Contig_28578	1	356	1	91	25.5618	0.255618	36.9	60
dDocent_Contig_28579	1	483	32	229	47.412	7.71222	36.4	59.2
dDocent_Contig_28584	1	425	4	126	29.6471	0.865882	36.8	60
dDocent_Contig_28585	1	306	89	305	99.6732	31.8007	36.3	56
dDocent_Contig_28586	1	336	209	281	83.631	64.8155	36.3	57.9
dDocent_Contig_28588	1	371	3	162	43.6658	0.83558	36.8	60
dDocent_Contig_28590	1	389	15	200	51.4139	4.57326	36.1	60
dDocent_Contig_28601	1	498	8	161	32.3293	1.74699	36.8	60
dDocent_Contig_28602	1	346	32	235	67.9191	11.2977	35.6	60
dDocent_Contig_28603	1	395	14	165	41.7722	3.68608	36.7	60
dDocent_Contig_28610	1	371	18	172	46.3612	5.23989	36.5	60
dDocent_Contig_28612	1	433	33	305	70.4388	9.06005	36.7	59.9
dDocent_Contig_28615	1	310	36	159	51.2903	12.6774	35	60
dDocent_Contig_28619	1	342	11	168	49.1228	3.14327	36.1	60
dDocent_Contig_28624	1	391	2	140	35.8056	0.705882	36.6	60
dDocent_Contig_28627	1	433	16	338	78.06	4.64434	36	60
dDocent_Contig_28632	1	328	22	196	59.7561	6.25	36.5	60
dDocent_Contig_28633	1	445	12	181	40.6742	2.65618	36	60
dDocent_Contig_28635	1	356	3	187	52.5281	0.983146	36.8	60
dDocent_Contig_28638	1	417	7	258	61.8705	1.7506	36.2	60
dDocent_Contig_28642	1	369	7	110	29.8103	2.01084	36.3	60
dDocent_Contig_28646	1	319	34	303	94.9843	11.2853	36.1	58.1
dDocent_Contig_28656	1	391	23	190	48.5934	6.44246	36.8	60
dDocent_Contig_28662	1	276	12	177	64.1304	4.09783	36.9	60
dDocent_Contig_28670	1	382	8	200	52.356	2.31937	35.8	60
dDocent_Contig_28672	1	349	17	184	52.7221	5.45272	36.1	60
dDocent_Contig_28677	1	342	2	67	19.5906	0.391813	36.3	60
dDocent_Contig_28678	1	416	23	193	46.3942	6.80288	36.6	60
dDocent_Contig_28684	1	353	8	224	63.4561	3.24646	36.3	60
dDocent_Contig_28687	1	402	2	57	14.1791	0.283582	37	60
dDocent_Contig_28688	1	353	1	99	28.0453	0.280453	37	60
dDocent_Contig_28689	1	277	10	167	60.2888	4.19134	35.9	60
dDocent_Contig_28691	1	469	22	213	45.4158	6.5032	36.3	60
dDocent_Contig_28693	1	450	4	114	25.3333	0.773333	37	60
dDocent_Contig_28698	1	399	5	227	56.8922	1.46115	36.5	60
dDocent_Contig_28701	1	377	13	187	49.6021	4.22281	36.4	60
dDocent_Contig_28702	1	417	42	234	56.1151	10.3405	35.9	60
dDocent_Contig_28706	1	390	50	325	83.3333	15.2949	36	60
dDocent_Contig_28710	1	421	27	403	95.7245	5.72447	36	53.4
dDocent_Contig_28711	1	363	8	161	44.3526	2.61983	36.7	60
dDocent_Contig_28712	1	451	86	431	95.5654	21.9645	36.3	53.6
dDocent_Contig_28714	1	435	16	199	45.7471	3.33793	36.5	60
dDocent_Contig_28718	1	372	9	222	59.6774	3.04032	35.9	60
dDocent_Contig_28720	1	406	18	165	40.6404	4.62562	36.1	60
dDocent_Contig_28724	1	302	2	78	25.8278	0.516556	36.7	60
dDocent_Contig_28735	1	284	14	169	59.507	5.22887	35.6	60
dDocent_Contig_28736	1	385	2	134	34.8052	0.696104	36.9	60
dDocent_Contig_28748	1	390	12	237	60.7692	2.81795	36.3	57.4
dDocent_Contig_28749	1	328	2	133	40.5488	0.810976	36.5	60
dDocent_Contig_28751	1	404	27	336	83.1683	7.13614	35.6	52.5
dDocent_Contig_28752	1	425	46	260	61.1765	12.8	36.1	60
dDocent_Contig_28754	1	300	32	233	77.6667	11.7033	36.1	60
dDocent_Contig_28762	1	388	6	154	39.6907	1.68814	35.7	60
dDocent_Contig_28764	1	372	28	220	59.1398	8.30376	35.7	59.6
dDocent_Contig_28787	1	465	27	431	92.6882	6.71183	36.3	59.9
dDocent_Contig_28788	1	437	43	210	48.0549	10.9771	35.7	60
dDocent_Contig_28789	1	382	1	125	32.7225	0.327225	36.8	60
dDocent_Contig_28793	1	290	1	48	16.5517	0.165517	36.8	60
dDocent_Contig_28794	1	386	7	125	32.3834	1.81865	36.8	60
dDocent_Contig_28795	1	369	4	86	23.3062	0.891599	36.8	27.2
dDocent_Contig_28797	1	381	11	152	39.895	2.70079	36.2	60
dDocent_Contig_28798	1	365	2	110	30.137	0.60274	36.7	60
dDocent_Contig_28799	1	373	9	185	49.5979	2.50938	36.7	60
dDocent_Contig_28800	1	357	36	313	87.6751	12.4342	35.7	60
dDocent_Contig_28808	1	288	4	133	46.1806	1.84722	36.8	60
dDocent_Contig_28809	1	458	13	208	45.4148	3.38865	35.8	60
dDocent_Contig_28811	1	406	11	140	34.4828	2.86946	34.9	60
dDocent_Contig_28812	1	414	13	170	41.0628	3.68116	36.6	60
dDocent_Contig_28815	1	407	18	257	63.145	4.00737	35.8	60
dDocent_Contig_28816	1	318	20	211	66.3522	7.93711	36	60
dDocent_Contig_28818	1	321	12	240	74.7664	4.2648	36.5	60
dDocent_Contig_28821	1	344	27	179	52.0349	9.15698	35.7	60
dDocent_Contig_28824	1	293	6	166	56.6553	2.5529	33.9	60
dDocent_Contig_28826	1	463	22	427	92.2246	5.28294	36.6	60
dDocent_Contig_28829	1	249	8	185	74.2972	4.19679	36.8	60
dDocent_Contig_28831	1	369	27	174	47.1545	7.24661	36.4	60
dDocent_Contig_28832	1	345	1	96	27.8261	0.278261	37	60
dDocent_Contig_28836	1	358	52	224	62.5698	14.2626	36.6	46.7
dDocent_Contig_28841	1	403	11	197	48.8834	3.04467	36.7	60
dDocent_Contig_28844	1	368	10	173	47.0109	2.73913	35.7	60
dDocent_Contig_28845	1	354	8	138	38.9831	2.48305	35.2	60
dDocent_Contig_28854	1	284	28	222	78.169	10.7324	36.1	60
dDocent_Contig_28855	1	379	15	158	41.6887	4.04222	35.5	60
dDocent_Contig_28856	1	303	22	147	48.5149	7.88449	35.8	60
dDocent_Contig_28857	1	467	20	212	45.3961	5.84368	35.4	60
dDocent_Contig_28858	1	400	7	209	52.25	2.07	35.5	60
dDocent_Contig_28859	1	376	5	180	47.8723	1.53457	36.9	60
dDocent_Contig_28869	1	364	104	283	77.7473	29.2005	36.4	59
dDocent_Contig_28872	1	435	34	201	46.2069	10.1862	35.2	60
dDocent_Contig_28880	1	428	2	83	19.3925	0.38785	36.9	60
dDocent_Contig_28894	1	351	10	244	69.5157	3.01994	36	60
dDocent_Contig_28895	1	388	10	285	73.4536	2.88144	36.9	60
dDocent_Contig_28907	1	313	695	263	84.0256	226.319	36.3	58.9
dDocent_Contig_28908	1	443	9	186	41.9865	2.25734	36.5	60
dDocent_Contig_28917	1	340	18	213	62.6471	6.29412	36	60
dDocent_Contig_28919	1	388	26	268	69.0722	8.82216	35.7	60
dDocent_Contig_28920	1	366	10	238	65.0273	3.94536	36.8	60
dDocent_Contig_28921	1	407	15	194	47.6658	4.16953	36	60
dDocent_Contig_28924	1	386	6	130	33.6788	1.35751	36.3	60
dDocent_Contig_28929	1	463	19	267	57.6674	4.62419	36.1	60
dDocent_Contig_28934	1	437	6	140	32.0366	1.51487	36.8	60
dDocent_Contig_28936	1	409	15	286	69.9267	4.28851	36.4	58.7
dDocent_Contig_28937	1	440	5	163	37.0455	1.17727	36.9	60
dDocent_Contig_28940	1	348	30	228	65.5172	10.1868	35.6	60
dDocent_Contig_28941	1	457	16	277	60.6127	4.05689	35.3	60
dDocent_Contig_28942	1	378	8	220	58.2011	2.62434	36.4	60
dDocent_Contig_28943	1	382	17	162	42.4084	5.1623	35.7	60
dDocent_Contig_28947	1	374	2	123	32.8877	0.657754	36.7	60
dDocent_Contig_28949	1	390	19	187	47.9487	5.8641	36.1	60
dDocent_Contig_28966	1	370	19	199	53.7838	6.62162	36.3	60
dDocent_Contig_28967	1	365	290	351	96.1644	93.5014	35.8	59.9
dDocent_Contig_28968	1	297	20	257	86.532	7.73401	35.3	60
dDocent_Contig_28972	1	377	10	183	48.5411	2.89655	36.3	60
dDocent_Contig_28985	1	360	16	218	60.5556	3.94722	36.3	56.4
dDocent_Contig_28987	1	366	8	240	65.5738	2.60383	36.5	60
dDocent_Contig_28988	1	326	441	277	84.9693	154.193	36.1	53.8
dDocent_Contig_28990	1	253	5	223	88.1423	2.73913	35.5	60
dDocent_Contig_28992	1	425	30	232	54.5882	7.78588	36.5	59.9
dDocent_Contig_28994	1	353	11	257	72.8045	3.72805	36.4	60
dDocent_Contig_28995	1	324	13	159	49.0741	5.12654	35.8	60
dDocent_Contig_28999	1	342	5	201	58.7719	1.30409	35.3	60
dDocent_Contig_29000	1	315	79	308	97.7778	22.7968	36.7	59.7
dDocent_Contig_29001	1	373	27	175	46.9169	7.40214	36.3	60
dDocent_Contig_29002	1	245	14	222	90.6122	7.06531	34.9	60
dDocent_Contig_29006	1	299	15	263	87.9599	6.48161	36.1	60
dDocent_Contig_29008	1	395	22	176	44.557	6.62785	35.9	60
dDocent_Contig_29023	1	369	2769	369	100	875.626	36	56.5
dDocent_Contig_29026	1	512	9	189	36.9141	1.81055	36.7	60
dDocent_Contig_29028	1	457	5	180	39.3873	1.13348	35.1	60
dDocent_Contig_29032	1	326	19	273	83.7423	7.50307	35.9	60
dDocent_Contig_29033	1	431	25	361	83.7587	6.64037	35.4	60
dDocent_Contig_29036	1	352	10	255	72.4432	3.55114	36.6	60
dDocent_Contig_29044	1	379	2	152	40.1055	0.62533	36.9	60
dDocent_Contig_29049	1	263	26	224	85.1711	11.3118	35.7	60
dDocent_Contig_29052	1	319	9	257	80.5643	3.60502	36.5	60
dDocent_Contig_29053	1	398	17	170	42.7136	4.59799	36.7	60
dDocent_Contig_29056	1	368	2	105	28.5326	0.570652	36.6	60
dDocent_Contig_29057	1	385	4	119	30.9091	0.961039	35.2	60
dDocent_Contig_29062	1	430	17	203	47.2093	4.16279	36.8	60
dDocent_Contig_29063	1	287	3	71	24.7387	0.721254	36.8	60
dDocent_Contig_29064	1	340	92	259	76.1765	26.0824	36.5	59.4
dDocent_Contig_29065	1	398	5	154	38.6935	1.35427	36.9	60
dDocent_Contig_29066	1	313	36	228	72.8435	14.5367	36.1	60
dDocent_Contig_29080	1	351	12	223	63.5328	3.96866	36.3	60
dDocent_Contig_29082	1	386	22	251	65.0259	7.11399	35.9	60
dDocent_Contig_29096	1	362	13	207	57.1823	3.79282	36.4	60
dDocent_Contig_29108	1	356	5	141	39.6067	1.51404	35.9	60
dDocent_Contig_29114	1	369	19	194	52.5745	5.63415	36.7	60
dDocent_Contig_29118	1	376	23	186	49.4681	7.52926	36.5	60
dDocent_Contig_29121	1	366	2	111	30.3279	0.606557	36.7	60
dDocent_Contig_29126	1	401	23	206	51.3716	6.64589	35.7	60
dDocent_Contig_29128	1	411	26	241	58.6375	7.59124	36.4	60
dDocent_Contig_29129	1	418	1	94	22.488	0.22488	36.9	28
dDocent_Contig_29130	1	340	10	219	64.4118	3.88529	36.7	60
dDocent_Contig_29138	1	353	14	204	57.7904	4	36.3	60
dDocent_Contig_29146	1	376	24	241	64.0957	7.22606	35.5	60
dDocent_Contig_29147	1	479	2	100	20.8768	0.417537	36.9	60
dDocent_Contig_29150	1	351	23	220	62.6781	8.28205	36.1	60
dDocent_Contig_29152	1	269	10	158	58.7361	3.76952	36	60
dDocent_Contig_29163	1	377	12	274	72.679	3.68966	36.9	60
dDocent_Contig_29164	1	405	10	159	39.2593	2.69136	36.9	60
dDocent_Contig_29166	1	378	3	169	44.709	1.19048	36.9	60
dDocent_Contig_29168	1	360	20	184	51.1111	6.02778	36.6	60
dDocent_Contig_29169	1	339	3	228	67.2566	0.905605	36.5	49
dDocent_Contig_29170	1	371	17	217	58.4906	5.54178	35.8	60
dDocent_Contig_29171	1	403	7	198	49.1315	2.18859	36	60
dDocent_Contig_29174	1	311	8	142	45.6592	3.15434	36	60
dDocent_Contig_29175	1	458	5	143	31.2227	0.893013	34.2	60
dDocent_Contig_29178	1	426	79	334	78.4038	20.1479	35.9	46.6
dDocent_Contig_29185	1	340	17	199	58.5294	6.08824	36.2	60
dDocent_Contig_29189	1	483	6	160	33.1263	1.57971	35.5	60
dDocent_Contig_29192	1	434	21	219	50.4608	5.56452	36.5	60
dDocent_Contig_29196	1	356	60	290	81.4607	16.8876	36.7	42
dDocent_Contig_29198	1	352	29	196	55.6818	10.0909	35.5	60
dDocent_Contig_29201	1	274	4	213	77.7372	1.31752	36.8	60
dDocent_Contig_29202	1	345	10	150	43.4783	2.71014	36.7	60
dDocent_Contig_29204	1	226	27	221	97.7876	15.6947	36.2	60
dDocent_Contig_29205	1	314	2	116	36.9427	0.738854	36.8	60
dDocent_Contig_29212	1	319	4	88	27.5862	1.10345	36.4	60
dDocent_Contig_29213	1	416	11	277	66.5865	3.0625	34.8	60
dDocent_Contig_29214	1	380	5	170	44.7368	1.60526	35.8	60
dDocent_Contig_29217	1	388	1265	387	99.7423	377.765	36	59.9
dDocent_Contig_29219	1	360	16	198	55	5.55278	36.4	60
dDocent_Contig_29223	1	394	15	209	53.0457	4.54822	35.9	60
dDocent_Contig_29229	1	239	10	146	61.0879	4.49372	36	60
dDocent_Contig_29230	1	398	2	52	13.0653	0.261307	36.9	60
dDocent_Contig_29231	1	337	62	249	73.8872	20.7893	36.4	59.7
dDocent_Contig_29234	1	400	21	204	51	6.065	35.7	60
dDocent_Contig_29238	1	403	13	188	46.6501	4.05955	36.3	60
dDocent_Contig_29240	1	281	22	219	77.9359	9.09609	36.2	60
dDocent_Contig_29241	1	361	29	151	41.8283	8.8338	35.9	60
dDocent_Contig_29243	1	298	5	129	43.2886	2.00671	36.4	60
dDocent_Contig_29244	1	338	6	142	42.0118	1.69527	36.9	60
dDocent_Contig_29248	1	336	14	161	47.9167	4.6369	35.5	60
dDocent_Contig_29250	1	410	20	214	52.1951	5.79024	35.6	60
dDocent_Contig_29251	1	494	1	139	28.1377	0.281377	36.8	60
dDocent_Contig_29253	1	424	42	270	63.6792	12.5118	36	60
dDocent_Contig_29254	1	389	11	240	61.6967	3.67352	35.4	60
dDocent_Contig_29263	1	285	5	158	55.4386	2.46316	34.2	60
dDocent_Contig_29264	1	384	19	225	58.5938	6.16146	35.9	60
dDocent_Contig_29267	1	373	16	277	74.2627	4.46649	36.5	55.9
dDocent_Contig_29269	1	241	62	224	92.9461	33.1535	34.6	60
dDocent_Contig_29286	1	414	33	218	52.657	9.49034	35.9	60
dDocent_Contig_29287	1	239	2	175	73.2218	0.866109	36.7	60
dDocent_Contig_29289	1	315	298	313	99.3651	109.613	36	60
dDocent_Contig_29290	1	357	4	131	36.6947	1.34454	36.9	60
dDocent_Contig_29291	1	399	51	188	47.1178	15.4536	35.1	59.3
dDocent_Contig_29294	1	334	16	233	69.7605	5.78743	35.8	60
dDocent_Contig_29295	1	358	15	266	74.3017	4.82682	35.8	60
dDocent_Contig_29296	1	298	18	237	79.5302	7.00336	35.2	60
dDocent_Contig_29297	1	432	36	236	54.6296	9.23148	35.7	60
dDocent_Contig_29298	1	401	1	104	25.9352	0.259352	36.9	60
dDocent_Contig_29302	1	368	46	367	99.7283	14.4783	36.3	34
dDocent_Contig_29303	1	348	48	207	59.4828	17.2184	36	60
dDocent_Contig_29306	1	377	6	244	64.7215	1.92573	34.8	60
dDocent_Contig_29314	1	330	34	250	75.7576	12.703	36.2	60
dDocent_Contig_29323	1	337	32	323	95.8457	9.12166	35.8	39.5
dDocent_Contig_29324	1	304	17	201	66.1184	6.50658	36.6	60
dDocent_Contig_29346	1	268	8	193	72.0149	3.23134	34.9	60
dDocent_Contig_29347	1	400	4	186	46.5	0.89	36.9	58.8
dDocent_Contig_29357	1	473	9	161	34.0381	1.89006	36.5	60
dDocent_Contig_29358	1	365	11	241	66.0274	3.42466	36.8	60
dDocent_Contig_29361	1	434	74	238	54.8387	18.5323	36.3	57.5
dDocent_Contig_29362	1	308	3	175	56.8182	0.87987	37	60
dDocent_Contig_29363	1	456	19	194	42.5439	4.45614	35.9	60
dDocent_Contig_29368	1	285	11	222	77.8947	4.5193	36.6	60
dDocent_Contig_29369	1	391	26	196	50.1279	8.72379	35.4	60
dDocent_Contig_29370	1	335	2	100	29.8507	0.597015	36.9	60
dDocent_Contig_29371	1	353	3	234	66.289	1.06516	36.8	50.3
dDocent_Contig_29372	1	312	26	184	58.9744	9.33333	36.4	60
dDocent_Contig_29381	1	330	4	207	62.7273	1.55455	36.5	60
dDocent_Contig_29382	1	327	52	196	59.9388	16.8257	36.2	50.8
dDocent_Contig_29392	1	355	5	290	81.6901	1.63944	36.3	60
dDocent_Contig_29404	1	401	1	133	33.1671	0.331671	34.4	60
dDocent_Contig_29406	1	342	2	106	30.9942	0.619883	36.8	60
dDocent_Contig_29408	1	383	5	169	44.1253	1.10705	36.9	60
dDocent_Contig_29416	1	470	17	240	51.0638	4.20851	35.5	60
dDocent_Contig_29418	1	431	3	197	45.7077	0.703016	35.9	36
dDocent_Contig_29424	1	376	7	261	69.4149	1.875	36.9	60
dDocent_Contig_29426	1	498	5	172	34.5382	1.31124	35.5	60
dDocent_Contig_29429	1	456	7	170	37.2807	1.45395	36.9	60
dDocent_Contig_29432	1	319	13	180	56.4263	3.89969	35.7	60
dDocent_Contig_29437	1	391	6	143	36.5729	1.70844	36.1	60
dDocent_Contig_29438	1	450	9	173	38.4444	2.17333	35.5	60
dDocent_Contig_29440	1	394	3	151	38.3249	1.14213	35	60
dDocent_Contig_29444	1	363	4	163	44.9036	1.23691	36.8	60
dDocent_Contig_29450	1	409	14	153	37.4083	3.8313	36.4	60
dDocent_Contig_29451	1	284	2	106	37.3239	0.746479	36.8	60
dDocent_Contig_29452	1	340	11	211	62.0588	3.85588	36.7	60
dDocent_Contig_29455	1	389	4	168	43.1877	1.54242	35.2	60
dDocent_Contig_29457	1	414	2	98	23.6715	0.47343	34.8	60
dDocent_Contig_29459	1	340	12	193	56.7647	3.65294	36.7	60
dDocent_Contig_29460	1	297	5	169	56.9024	1.51515	36.9	60
dDocent_Contig_29462	1	394	5	144	36.5482	1.21574	36.8	60
dDocent_Contig_29464	1	319	11	268	84.0125	4.09404	36.6	60
dDocent_Contig_29484	1	348	109	150	43.1034	33.6638	36.2	57
dDocent_Contig_29486	1	376	10	259	68.883	3.52128	35.4	60
dDocent_Contig_29489	1	349	19	195	55.8739	5.57593	35.9	58.1
dDocent_Contig_29490	1	355	12	202	56.9014	3.81972	36.5	60
dDocent_Contig_29493	1	438	3	164	37.4429	0.707763	36.8	60
dDocent_Contig_29494	1	439	4	140	31.8907	1.24829	36.2	60
dDocent_Contig_29498	1	381	19	163	42.7822	5.24409	35.5	60
dDocent_Contig_29502	1	351	10	185	52.7066	3.16524	35.7	60
dDocent_Contig_29514	1	403	8	145	35.9801	2.1067	36.8	60
dDocent_Contig_29516	1	453	9	221	48.7859	2.54084	36.3	60
dDocent_Contig_29517	1	330	43	220	66.6667	15.003	36.1	60
dDocent_Contig_29519	1	331	5	135	40.7855	1.46526	36.5	60
dDocent_Contig_29522	1	355	2	57	16.0563	0.321127	36.8	60
dDocent_Contig_29525	1	393	2	102	25.9542	0.519084	36.6	60
dDocent_Contig_29540	1	309	9	228	73.7864	3.63107	36.6	60
dDocent_Contig_29541	1	383	6	173	45.1697	1.70757	36.7	60
dDocent_Contig_29544	1	289	37	276	95.5017	13.3218	36.6	55.7
dDocent_Contig_29549	1	338	6	160	47.3373	1.69527	36.5	60
dDocent_Contig_29550	1	499	55	203	40.6814	12.4629	35	60
dDocent_Contig_29554	1	386	13	217	56.2176	3.96114	36.7	60
dDocent_Contig_29557	1	364	8	284	78.022	2.86538	36.2	60
dDocent_Contig_29565	1	379	3	180	47.4934	1.12929	36.7	60
dDocent_Contig_29570	1	442	42	377	85.2941	11.6968	36.3	60
dDocent_Contig_29572	1	346	32	184	53.1792	9.36416	36.6	60
dDocent_Contig_29573	1	363	25	343	94.4904	8.4022	35.2	55.9
dDocent_Contig_29583	1	416	28	154	37.0192	7.69471	36.3	60
dDocent_Contig_29596	1	386	7	192	49.7409	2.1399	36.9	60
dDocent_Contig_29598	1	342	4	207	60.5263	1.57602	36.8	60
dDocent_Contig_29601	1	373	3	166	44.504	1.18767	35.3	60
dDocent_Contig_29602	1	491	2	107	21.7923	0.435845	36.9	60
dDocent_Contig_29604	1	346	6	171	49.422	1.88439	36.9	60
dDocent_Contig_29613	1	382	9	303	79.3194	2.57068	36.6	60
dDocent_Contig_29617	1	410	5	146	35.6098	0.980488	36.9	60
dDocent_Contig_29619	1	399	11	166	41.604	3.41604	35.6	60
dDocent_Contig_29629	1	446	2	96	21.5247	0.430493	36.9	60
dDocent_Contig_29630	1	382	13	191	50	3.70157	36.1	56.5
dDocent_Contig_29631	1	384	19	258	67.1875	5.73177	35.8	60
dDocent_Contig_29636	1	324	8	115	35.4938	2.2716	35.9	60
dDocent_Contig_29638	1	349	10	152	43.553	2.67335	36.5	60
dDocent_Contig_29640	1	327	20	198	60.5505	7.14373	35.6	60
dDocent_Contig_29646	1	382	9	253	66.2304	3.06545	36.6	60
dDocent_Contig_29647	1	496	25	179	36.0887	5.03226	36.1	60
dDocent_Contig_29648	1	364	8	148	40.6593	2.94505	35.9	60
dDocent_Contig_29652	1	351	21	199	56.6952	6.98291	36.4	60
dDocent_Contig_29653	1	235	5	153	65.1064	1.71064	36.2	60
dDocent_Contig_29654	1	366	2	142	38.7978	0.773224	35.9	60
dDocent_Contig_29655	1	253	5	244	96.4427	2.14229	36.5	60
dDocent_Contig_29658	1	242	2	59	24.3802	0.487603	36.9	60
dDocent_Contig_29662	1	277	15	198	71.4801	6.47292	35.9	60
dDocent_Contig_29664	1	374	41	230	61.4973	12.5374	35.7	60
dDocent_Contig_29665	1	311	9	158	50.8039	2.94212	35.1	60
dDocent_Contig_29667	1	385	19	216	56.1039	5.42857	36.3	60
dDocent_Contig_29668	1	348	10	268	77.0115	3.29885	36.1	60
dDocent_Contig_29674	1	299	3	250	83.612	1.27759	37	60
dDocent_Contig_29675	1	292	2	82	28.0822	0.561644	36.9	60
dDocent_Contig_29678	1	345	2	200	57.971	0.57971	36.6	45.5
dDocent_Contig_29679	1	381	20	234	61.4173	5.95276	36.5	54.9
dDocent_Contig_29680	1	351	12	247	70.3704	4.22222	36.6	60
dDocent_Contig_29682	1	406	15	191	47.0443	4.46059	35.5	60
dDocent_Contig_29683	1	371	48	324	87.3315	14.5283	35.6	58.9
dDocent_Contig_29694	1	450	82	362	80.4444	20.0111	35.3	60
dDocent_Contig_29695	1	390	15	294	75.3846	4.78205	35.8	60
dDocent_Contig_29698	1	392	70	293	74.7449	21.148	35.9	60
dDocent_Contig_29700	1	449	13	176	39.1982	3.06236	35.6	25.7
dDocent_Contig_29703	1	382	100	212	55.4974	27.8874	36.5	53.8
dDocent_Contig_29707	1	367	34	196	53.406	11.0191	36.6	60
dDocent_Contig_29716	1	453	15	128	28.2561	3.16998	36.7	60
dDocent_Contig_29717	1	310	12	166	53.5484	4.16774	36.6	60
dDocent_Contig_29720	1	385	10	173	44.9351	2.85714	36.1	60
dDocent_Contig_29722	1	477	19	228	47.7987	4.47799	35.3	60
dDocent_Contig_29723	1	378	34	332	87.8307	9.90476	36.3	60
dDocent_Contig_29724	1	385	17	316	82.0779	4.97662	36.6	60
dDocent_Contig_29725	1	443	7	257	58.0135	1.60722	36.8	60
dDocent_Contig_29727	1	372	22	245	65.8602	5.10215	36.6	32.4
dDocent_Contig_29729	1	372	2	114	30.6452	0.612903	36.1	60
dDocent_Contig_29733	1	470	10	168	35.7447	1.80426	35.3	60
dDocent_Contig_29734	1	394	4	166	42.132	1.1599	35.2	60
dDocent_Contig_29735	1	374	4	155	41.4439	0.84492	36.7	60
dDocent_Contig_29737	1	507	5	262	51.6765	1.17751	35.9	60
dDocent_Contig_29738	1	399	22	219	54.8872	6.46867	36.1	60
dDocent_Contig_29750	1	371	40	281	75.7412	12.5526	36.4	60
dDocent_Contig_29751	1	426	26	274	64.3192	6.68545	35.7	60
dDocent_Contig_29752	1	379	13	261	68.8654	4.15303	35.3	60
dDocent_Contig_29760	1	375	36	260	69.3333	11.8373	36.2	60
dDocent_Contig_29766	1	316	40	210	66.4557	14.4241	35.9	57.4
dDocent_Contig_29784	1	416	14	158	37.9808	3.25962	35.5	60
dDocent_Contig_29790	1	341	9	210	61.5836	2.90323	36.3	60
dDocent_Contig_29795	1	502	2	110	21.9124	0.438247	36.9	60
dDocent_Contig_29801	1	428	2	122	28.5047	0.570093	36.8	60
dDocent_Contig_29804	1	280	8	183	65.3571	2.57857	36.8	60
dDocent_Contig_29806	1	360	21	200	55.5556	6.76944	35.9	60
dDocent_Contig_29807	1	443	2	95	21.4447	0.428894	37	60
dDocent_Contig_29818	1	436	4	202	46.3303	0.926606	35.3	60
dDocent_Contig_29829	1	296	1	107	36.1486	0.361486	36.8	60
dDocent_Contig_29831	1	385	152	363	94.2857	48.2597	36.1	33.7
dDocent_Contig_29837	1	376	2	90	23.9362	0.478723	36.8	60
dDocent_Contig_29838	1	417	8	169	40.5276	2.54916	36.9	60
dDocent_Contig_29841	1	326	19	179	54.908	6.41104	34.8	60
dDocent_Contig_29851	1	351	14	228	64.9573	4.41311	36.3	60
dDocent_Contig_29856	1	298	9	213	71.4765	3.35235	36.7	60
dDocent_Contig_29858	1	390	20	208	53.3333	5.65385	35.9	59
dDocent_Contig_29859	1	487	40	282	57.9055	9.82136	35.6	60
dDocent_Contig_29868	1	364	44	217	59.6154	15.1676	35.8	60
dDocent_Contig_29872	1	330	11	193	58.4848	4.32727	36.2	60
dDocent_Contig_29874	1	396	3	207	52.2727	1.13636	36.6	60
dDocent_Contig_29885	1	406	41	268	66.0099	10.0222	35.7	60
dDocent_Contig_29891	1	437	1	98	22.4256	0.224256	36.3	60
dDocent_Contig_29893	1	371	2	231	62.2642	0.622642	36.9	60
dDocent_Contig_29895	1	374	2	73	19.5187	0.390374	36.8	60
dDocent_Contig_29896	1	378	1	43	11.3757	0.113757	36.7	60
dDocent_Contig_29907	1	335	17	258	77.0149	5.78507	34.9	60
dDocent_Contig_29910	1	282	8	144	51.0638	3.42199	36.7	60
dDocent_Contig_29911	1	395	26	194	49.1139	7.66835	35.6	60
dDocent_Contig_29913	1	379	2	93	24.5383	0.490765	36.7	60
dDocent_Contig_29917	1	383	4	120	31.3316	1.25326	36.5	60
dDocent_Contig_29920	1	425	9	205	48.2353	2.19059	36.6	58.2
dDocent_Contig_29921	1	352	4	103	29.2614	0.977273	36	51.8
dDocent_Contig_29923	1	263	16	156	59.3156	6.12167	36.8	60
dDocent_Contig_29932	1	434	5	138	31.7972	1.12212	36.9	60
dDocent_Contig_29933	1	243	10	199	81.893	5.64198	36.4	60
dDocent_Contig_29936	1	374	1	53	14.1711	0.141711	36.5	60
dDocent_Contig_29937	1	351	4	112	31.9088	1.20798	36.9	60
dDocent_Contig_29939	1	300	2	128	42.6667	0.853333	36.8	60
dDocent_Contig_29952	1	391	9	126	32.2251	2.03325	35.8	60
dDocent_Contig_29953	1	328	24	171	52.1341	7.69512	36.1	60
dDocent_Contig_29956	1	418	2	133	31.8182	0.636364	37	60
dDocent_Contig_29970	1	318	11	187	58.805	4.20126	36.4	60
dDocent_Contig_29976	1	328	8	157	47.8659	2.39329	36.5	60
dDocent_Contig_29977	1	383	4	222	57.9634	1.08355	36.9	60
dDocent_Contig_29978	1	403	24	204	50.6203	5.81886	36.3	60
dDocent_Contig_29981	1	319	22	216	67.7116	8.23511	35.5	60
dDocent_Contig_29982	1	285	2	110	38.5965	0.77193	36.9	60
dDocent_Contig_29983	1	413	26	387	93.7046	7.07022	36	48.9
dDocent_Contig_29993	1	382	20	243	63.6126	5.81675	36.4	60
dDocent_Contig_29996	1	381	4	129	33.8583	0.971129	36.8	60
dDocent_Contig_29997	1	363	4	303	83.4711	1.13223	35	60
dDocent_Contig_30008	1	355	11	205	57.7465	3.02254	36.2	60
dDocent_Contig_30009	1	388	11	191	49.2268	2.93814	36.3	60
dDocent_Contig_30012	1	332	4	87	26.2048	1.04819	36.8	60
dDocent_Contig_30013	1	341	3	156	45.7478	1.24927	36.9	60
dDocent_Contig_30016	1	421	1	58	13.7767	0.137767	36.6	60
dDocent_Contig_30020	1	349	18	237	67.9083	5.8596	36.4	60
dDocent_Contig_30021	1	338	12	167	49.4083	4.30769	36.2	60
dDocent_Contig_30022	1	407	206	370	90.9091	59.8354	35.8	58.4
dDocent_Contig_30023	1	340	6	103	30.2941	1.46765	35.6	60
dDocent_Contig_30028	1	341	9	104	30.4985	2.51026	35.7	60
dDocent_Contig_30029	1	281	4	152	54.0925	1.63701	36.8	60
dDocent_Contig_30034	1	412	2	107	25.9709	0.519417	36.9	60
dDocent_Contig_30045	1	355	2	121	34.0845	0.68169	37	60
dDocent_Contig_30047	1	263	2	64	24.3346	0.486692	37	60
dDocent_Contig_30048	1	296	7	219	73.9865	3.17905	36.9	60
dDocent_Contig_30064	1	375	2	113	30.1333	0.602667	36.9	60
dDocent_Contig_30071	1	335	2	115	34.3284	0.686567	36.7	60
dDocent_Contig_30074	1	351	9	195	55.5556	3.00855	35.9	60
dDocent_Contig_30075	1	348	56	312	89.6552	20.5316	35.1	60
dDocent_Contig_30076	1	472	18	276	58.4746	4.37712	36.7	60
dDocent_Contig_30077	1	337	11	152	45.1039	2.97626	36.4	60
dDocent_Contig_30084	1	397	2	83	20.9068	0.418136	36.6	60
dDocent_Contig_30088	1	385	3	119	30.9091	0.851948	36.9	60
dDocent_Contig_30089	1	368	22	360	97.8261	7.39946	35.9	60
dDocent_Contig_30090	1	378	2	125	33.0688	0.661376	36.9	60
dDocent_Contig_30097	1	406	2	87	21.4286	0.428571	36.1	60
dDocent_Contig_30113	1	390	25	96	24.6154	4.82564	36	60
dDocent_Contig_30116	1	390	9	233	59.7436	3.18462	36.7	60
dDocent_Contig_30117	1	395	11	190	48.1013	3.44304	36.4	60
dDocent_Contig_30129	1	454	12	164	36.1233	2.63436	36.7	60
dDocent_Contig_30133	1	446	21	193	43.2735	5.25561	36.1	60
dDocent_Contig_30137	1	439	2	99	22.5513	0.451025	37	60
dDocent_Contig_30138	1	406	19	291	71.6749	6.04187	36.3	60
dDocent_Contig_30141	1	356	25	175	49.1573	7.05337	36.2	60
dDocent_Contig_30159	1	350	4	122	34.8571	1.02286	36.8	60
dDocent_Contig_30163	1	320	2	102	31.875	0.6375	36.9	60
dDocent_Contig_30166	1	292	27	272	93.1507	10.8425	36.6	60
dDocent_Contig_30169	1	406	12	198	48.7685	3.37438	36.4	60
dDocent_Contig_30175	1	387	2	116	29.9742	0.599483	32.9	60
dDocent_Contig_30178	1	325	4	280	86.1538	1.53538	36.8	60
dDocent_Contig_30179	1	425	6	156	36.7059	1.40235	35.9	60
dDocent_Contig_30181	1	373	7	182	48.7936	1.87668	35.3	60
dDocent_Contig_30183	1	424	55	350	82.5472	14.0236	36.6	57.9
dDocent_Contig_30184	1	364	5	214	58.7912	1.6456	36.8	60
dDocent_Contig_30187	1	433	2	86	19.8614	0.397229	37	60
dDocent_Contig_30189	1	354	3	143	40.3955	1.07062	33.9	60
dDocent_Contig_30203	1	405	20	162	40	5.60247	36	60
dDocent_Contig_30207	1	278	20	217	78.0576	6.65827	36.7	60
dDocent_Contig_30208	1	449	243	424	94.4321	68.6303	35.9	60
dDocent_Contig_30211	1	361	6	242	67.036	2.09418	36.6	60
dDocent_Contig_30212	1	353	4	122	34.5609	1.38244	36.2	60
dDocent_Contig_30214	1	509	4	196	38.5069	0.770138	36.9	60
dDocent_Contig_30222	1	467	23	301	64.454	5.12206	36.8	60
dDocent_Contig_30226	1	423	11	145	34.279	2.73286	36.1	60
dDocent_Contig_30231	1	383	2	114	29.765	0.5953	36.9	29
dDocent_Contig_30232	1	309	12	257	83.1715	4.67961	36.7	60
dDocent_Contig_30240	1	379	19	267	70.4485	6.1847	36.3	60
dDocent_Contig_30243	1	319	6	141	44.2006	1.81818	37	60
dDocent_Contig_30246	1	425	3	184	43.2941	0.647059	36.9	60
dDocent_Contig_30252	1	356	13	214	60.1124	5.01966	35.7	60
dDocent_Contig_30261	1	314	23	229	72.9299	8.98408	35.6	60
dDocent_Contig_30262	1	387	30	207	53.4884	8.96124	35.4	60
dDocent_Contig_30266	1	370	15	175	47.2973	4.11081	36.8	60
dDocent_Contig_30268	1	255	18	254	99.6078	7.95294	35.8	60
dDocent_Contig_30271	1	224	20	199	88.8393	10.2455	35.7	60
dDocent_Contig_30275	1	413	11	173	41.8886	3.10654	35.3	60
dDocent_Contig_30277	1	258	1	85	32.9457	0.329457	36.9	60
dDocent_Contig_30278	1	373	11	152	40.7507	3.25469	34.6	60
dDocent_Contig_30279	1	387	21	240	62.0155	6.86047	36.1	60
dDocent_Contig_30292	1	392	5	113	28.8265	1.35969	36.8	60
dDocent_Contig_30296	1	439	9	163	37.1298	2.48519	35.8	60
dDocent_Contig_30298	1	371	50	272	73.3154	12.7143	35.8	60
dDocent_Contig_30300	1	355	3198	354	99.7183	1097.12	36.2	42.8
dDocent_Contig_30301	1	430	12	231	53.7209	3.3907	36.3	60
dDocent_Contig_30315	1	309	4	115	37.2168	1.48867	35.7	60
dDocent_Contig_30317	1	445	10	109	24.4944	2.00449	36.4	60
dDocent_Contig_30335	1	364	7	140	38.4615	2.08242	36.8	60
dDocent_Contig_30347	1	350	14	219	62.5714	4.17714	34.5	60
dDocent_Contig_30348	1	397	24	357	89.9244	6.54156	36.3	60
dDocent_Contig_30349	1	375	3	123	32.8	0.866667	36.7	60
dDocent_Contig_30353	1	368	4	136	36.9565	1.15761	36.7	60
dDocent_Contig_30354	1	375	13	248	66.1333	4.54667	36.5	60
dDocent_Contig_30356	1	324	87	188	58.0247	31.108	35.6	60
dDocent_Contig_30361	1	360	2	72	20	0.4	36.3	60
dDocent_Contig_30364	1	464	6	116	25	1.40517	36.8	60
dDocent_Contig_30368	1	366	16	157	42.8962	5.37978	36	60
dDocent_Contig_30375	1	329	9	120	36.4742	2.55015	35.9	40.9
dDocent_Contig_30376	1	360	1	150	41.6667	0.416667	36.7	60
dDocent_Contig_30391	1	416	3	109	26.2019	0.762019	36.8	60
dDocent_Contig_30393	1	423	6	151	35.6974	1.24586	36.9	60
dDocent_Contig_30396	1	432	4	141	32.6389	1.30556	36.6	60
dDocent_Contig_30397	1	433	2	109	25.1732	0.503464	36.8	60
dDocent_Contig_30401	1	417	2	87	20.8633	0.417266	36.7	52
dDocent_Contig_30406	1	302	2	122	40.3974	0.807947	36.2	60
dDocent_Contig_30408	1	365	9	297	81.3699	2.85753	36.5	60
dDocent_Contig_30409	1	406	3	117	28.8177	0.514778	35.8	60
dDocent_Contig_30410	1	352	19	181	51.4205	6.125	35.7	60
dDocent_Contig_30412	1	434	4	116	26.7281	0.827189	36.2	60
dDocent_Contig_30418	1	273	20	160	58.6081	8.31136	35	60
dDocent_Contig_30420	1	419	4	181	43.1981	1.09069	34.6	60
dDocent_Contig_30423	1	388	6	229	59.0206	1.58763	36.5	60
dDocent_Contig_30425	1	332	13	225	67.7711	5.53012	36	60
dDocent_Contig_30429	1	447	2	90	20.1342	0.402685	36.9	60
dDocent_Contig_30437	1	447	21	166	37.1365	5.03579	35.8	60
dDocent_Contig_30438	1	329	58	240	72.9483	22.6778	35.6	60
dDocent_Contig_30439	1	350	10	189	54	3.09143	34.5	60
dDocent_Contig_30441	1	367	2	117	31.8801	0.637602	36.9	60
dDocent_Contig_30446	1	282	4	205	72.695	1.63121	35.7	60
dDocent_Contig_30449	1	390	10	189	48.4615	2.89231	36.5	60
dDocent_Contig_30450	1	344	13	335	97.3837	4.24709	36.8	58
dDocent_Contig_30457	1	266	47	204	76.6917	23.406	36	42.7
dDocent_Contig_30458	1	394	5	160	40.6091	1.65736	35.9	60
dDocent_Contig_30474	1	342	1039	292	85.3801	328.898	36.2	58.6
dDocent_Contig_30475	1	352	44	286	81.25	13.9148	36.4	59.9
dDocent_Contig_30479	1	341	11	234	68.6217	3.8827	36.5	60
dDocent_Contig_30484	1	321	11	200	62.3053	3.5109	35.4	60
dDocent_Contig_30486	1	362	12	172	47.5138	2.34254	36.1	49.2
dDocent_Contig_30488	1	470	11	174	37.0213	2.74894	36.3	60
dDocent_Contig_30500	1	407	53	184	45.2088	13.2457	36.4	57
dDocent_Contig_30503	1	413	13	182	44.0678	4.0799	35.3	60
dDocent_Contig_30506	1	408	27	208	50.9804	7.31618	36.4	60
dDocent_Contig_30507	1	365	24	158	43.2877	8.2137	36.5	60
dDocent_Contig_30508	1	293	24	243	82.9352	11.041	35.3	60
dDocent_Contig_30511	1	325	14	197	60.6154	4.40308	35.9	60
dDocent_Contig_30512	1	328	29	195	59.4512	9.82012	35.7	60
dDocent_Contig_30514	1	340	2	93	27.3529	0.547059	36.6	47
dDocent_Contig_30515	1	378	1	106	28.0423	0.280423	37	60
dDocent_Contig_30516	1	387	3	120	31.0078	0.878553	36.9	60
dDocent_Contig_30520	1	306	13	216	70.5882	5.4902	35.5	60
dDocent_Contig_30522	1	386	24	262	67.8756	6.27202	36.4	60
dDocent_Contig_30523	1	373	10	116	31.0992	2.83646	35.5	60
dDocent_Contig_30530	1	439	26	357	81.3212	7.06378	35.8	56.3
dDocent_Contig_30531	1	331	19	306	92.4471	7.41088	35	60
dDocent_Contig_30532	1	412	10	282	68.4466	2.87136	36.3	60
dDocent_Contig_30533	1	372	12	225	60.4839	4.08871	36.8	60
dDocent_Contig_30537	1	339	2	89	26.2537	0.525074	36.9	60
dDocent_Contig_30541	1	489	5	266	54.3967	1.17178	36.6	60
dDocent_Contig_30547	1	305	30	206	67.541	10.1508	35.7	60
dDocent_Contig_30549	1	395	4	188	47.5949	1.16962	36.5	60
dDocent_Contig_30550	1	415	3230	336	80.9639	921.458	36.1	54.4
dDocent_Contig_30556	1	340	6	244	71.7647	1.85588	36.8	60
dDocent_Contig_30559	1	377	8	182	48.2759	2.4191	36.9	60
dDocent_Contig_30562	1	393	21	213	54.1985	6.40204	35.7	60
dDocent_Contig_30587	1	382	36	234	61.2565	10.712	36.6	60
dDocent_Contig_30594	1	396	3	196	49.4949	0.901515	36.5	60
dDocent_Contig_30597	1	491	8	175	35.6415	1.92261	36.3	60
dDocent_Contig_30603	1	344	1	94	27.3256	0.273256	37	60
dDocent_Contig_30606	1	306	10	194	63.3987	2.94771	35.3	58.8
dDocent_Contig_30609	1	441	22	173	39.229	5.40136	36	60
dDocent_Contig_30611	1	384	22	186	48.4375	7.0599	35.5	60
dDocent_Contig_30612	1	395	4	91	23.038	0.921519	36	60
dDocent_Contig_30614	1	383	7	157	40.9922	2.03133	36.6	60
dDocent_Contig_30617	1	347	30	198	57.0605	10.8329	35.5	60
dDocent_Contig_30637	1	342	14	209	61.1111	4.5614	35.8	60
dDocent_Contig_30640	1	406	2	132	32.5123	0.650246	36.8	60
dDocent_Contig_30646	1	249	4	200	80.3213	2.28514	35.7	60
dDocent_Contig_30650	1	369	26	193	52.3035	7.33333	36.5	60
dDocent_Contig_30655	1	395	6	222	56.2025	1.73671	36.8	60
dDocent_Contig_30661	1	410	17	205	50	4.39756	36.2	60
dDocent_Contig_30663	1	325	5	143	44	1.54154	35.9	60
dDocent_Contig_30675	1	242	13	158	65.2893	6.16529	35.6	60
dDocent_Contig_30679	1	388	14	193	49.7423	3.88402	35.9	60
dDocent_Contig_30680	1	354	12	173	48.8701	3.75141	36.6	60
dDocent_Contig_30689	1	371	5	216	58.221	1.44744	36.8	60
dDocent_Contig_30691	1	334	6	196	58.6826	2.03593	36.6	60
dDocent_Contig_30693	1	416	2	128	30.7692	0.307692	33	60
dDocent_Contig_30697	1	278	2	52	18.705	0.374101	36.9	60
dDocent_Contig_30698	1	313	4	170	54.3131	1.7508	36.8	60
dDocent_Contig_30700	1	250	6	209	83.6	1.78	36.2	60
dDocent_Contig_30701	1	382	14	218	57.0681	4.45288	36.8	60
dDocent_Contig_30702	1	436	568	433	99.3119	150.413	36.2	57.9
dDocent_Contig_30704	1	343	6	149	43.4402	1.73469	36.9	60
dDocent_Contig_30705	1	332	17	163	49.0964	5.9488	35.5	60
dDocent_Contig_30706	1	508	3	90	17.7165	0.498031	34	60
dDocent_Contig_30708	1	376	3	136	36.1702	0.75	36.5	60
dDocent_Contig_30714	1	468	28	219	46.7949	7.3547	35.9	60
dDocent_Contig_30720	1	232	9	176	75.8621	3.89224	35.6	60
dDocent_Contig_30723	1	353	4	144	40.7932	1.63173	36.8	60
dDocent_Contig_30735	1	362	9	266	73.4807	3.09945	36.7	60
dDocent_Contig_30736	1	261	20	162	62.069	7.34866	36.5	60
dDocent_Contig_30741	1	360	7	139	38.6111	2.26111	36.8	60
dDocent_Contig_30742	1	302	13	191	63.245	5.06954	36.8	60
dDocent_Contig_30743	1	434	7	151	34.7926	1.97005	36.6	60
dDocent_Contig_30747	1	357	7	132	36.9748	2.09804	35.4	60
dDocent_Contig_30753	1	287	26	219	76.3066	10.1638	36	60
dDocent_Contig_30756	1	350	18	255	72.8571	6.40571	36.4	60
dDocent_Contig_30757	1	441	4	93	21.0884	0.843537	36.8	60
dDocent_Contig_30758	1	445	2	124	27.8652	0.557303	36.6	60
dDocent_Contig_30765	1	366	44	179	48.9071	14.8716	34.3	58.9
dDocent_Contig_30766	1	355	18	201	56.6197	5.69577	36.2	60
dDocent_Contig_30769	1	434	18	231	53.2258	5.36636	35.8	60
dDocent_Contig_30770	1	374	19	162	43.3155	6.81283	36.6	60
dDocent_Contig_30772	1	507	2	119	23.4714	0.469428	36.8	60
dDocent_Contig_30780	1	395	15	177	44.8101	4.04557	36.8	60
dDocent_Contig_30781	1	427	2	101	23.6534	0.473068	35.3	60
dDocent_Contig_30786	1	325	4	190	58.4615	1.69846	36.9	60
dDocent_Contig_30787	1	392	3	191	48.7245	1.11735	36.9	60
dDocent_Contig_30790	1	287	26	204	71.0801	9.32404	35.8	60
dDocent_Contig_30797	1	415	11	245	59.0361	3.10361	36	57.7
dDocent_Contig_30812	1	338	20	272	80.4734	6.73964	36.2	60
dDocent_Contig_30813	1	383	6	255	66.5796	1.75718	36.3	60
dDocent_Contig_30821	1	431	29	331	76.7981	7.74478	35.9	60
dDocent_Contig_30824	1	335	11	196	58.5075	3.82388	36.2	60
dDocent_Contig_30827	1	381	12	158	41.4698	3.2336	36.6	60
dDocent_Contig_30830	1	292	17	181	61.9863	5.2226	34.9	60
dDocent_Contig_30839	1	318	1	131	41.195	0.41195	36.6	60
dDocent_Contig_30844	1	299	50	173	57.8595	14.1672	36.5	52.9
dDocent_Contig_30847	1	338	6	219	64.7929	1.89941	36.8	60
dDocent_Contig_30848	1	389	8	124	31.8766	2.11311	34.7	60
dDocent_Contig_30853	1	407	13	267	65.602	3.85504	36.7	60
dDocent_Contig_30857	1	327	19	320	97.8593	6.29969	36.1	55.1
dDocent_Contig_30858	1	385	28	263	68.3117	8.91688	36	60
dDocent_Contig_30863	1	394	4	143	36.2944	1.28426	36.9	60
dDocent_Contig_30864	1	413	10	166	40.1937	2.25182	36.8	60
dDocent_Contig_30865	1	389	2	99	25.4499	0.508997	36.9	60
dDocent_Contig_30871	1	339	26	200	58.9971	7.61947	35.4	58.2
dDocent_Contig_30872	1	282	218	281	99.6454	79.3333	36.1	58.5
dDocent_Contig_30874	1	399	2	103	25.8145	0.516291	36.9	60
dDocent_Contig_30875	1	310	37	304	98.0645	14.4806	36.5	43
dDocent_Contig_30876	1	387	16	141	36.4341	4.61499	36.7	60
dDocent_Contig_30878	1	247	16	214	86.6397	7.04453	36.8	60
dDocent_Contig_30889	1	341	40	224	65.6891	14.8886	35.8	60
dDocent_Contig_30896	1	386	28	174	45.0777	9.66839	35.7	60
dDocent_Contig_30898	1	476	10	358	75.2101	2.68908	36	60
dDocent_Contig_30902	1	371	21	157	42.3181	6.92183	35.5	60
dDocent_Contig_30905	1	397	19	203	51.1335	6.06045	35.3	60
dDocent_Contig_30909	1	249	14	188	75.502	7.08434	36.1	60
dDocent_Contig_30912	1	435	41	198	45.5172	12.2207	35.4	60
dDocent_Contig_30917	1	305	2	81	26.5574	0.452459	36.8	53
dDocent_Contig_30918	1	376	14	293	77.9255	4.56383	35.3	60
dDocent_Contig_30919	1	489	20	295	60.3272	4.10429	36.1	60
dDocent_Contig_30924	1	339	26	169	49.8525	9.34513	36.1	60
dDocent_Contig_30926	1	412	9	274	66.5049	2.63835	35.6	60
dDocent_Contig_30928	1	431	45	264	61.2529	11.3828	35.3	60
dDocent_Contig_30935	1	374	22	216	57.754	6.97059	36.3	60
dDocent_Contig_30937	1	374	20	197	52.6738	6.21925	36.2	60
dDocent_Contig_30938	1	309	13	231	74.7573	5.18123	36.1	60
dDocent_Contig_30939	1	378	8	185	48.9418	2.60317	35.2	60
dDocent_Contig_30944	1	412	5	222	53.8835	1.33495	36.7	60
dDocent_Contig_30946	1	303	761	218	71.9472	276.904	36.1	46.1
dDocent_Contig_30947	1	381	11	185	48.5564	3.1706	36.8	60
dDocent_Contig_30949	1	335	59	333	99.403	17.0388	35.7	58.4
dDocent_Contig_30954	1	404	23	212	52.4752	6.42079	36	60
dDocent_Contig_30955	1	324	13	244	75.3086	5.31173	34.4	60
dDocent_Contig_30960	1	322	11	150	46.5839	4.15528	36.8	60
dDocent_Contig_30963	1	384	8	191	49.7396	2.10677	36.8	60
dDocent_Contig_30971	1	359	1	106	29.5265	0.295265	37	60
dDocent_Contig_30976	1	394	97	334	84.7716	27.4695	36.3	52
dDocent_Contig_30977	1	357	44	354	99.1597	13.1261	36.1	60
dDocent_Contig_30978	1	418	5	205	49.0431	1.26555	36.8	60
dDocent_Contig_30979	1	293	25	225	76.7918	9.74744	35.9	56.2
dDocent_Contig_30980	1	366	6	180	49.1803	1.78142	36.7	60
dDocent_Contig_30987	1	394	26	189	47.9695	7.93147	35.9	60
dDocent_Contig_30989	1	319	8	225	70.5329	2.96552	36.4	60
dDocent_Contig_30992	1	436	7	147	33.7156	1.68578	36.5	60
dDocent_Contig_30997	1	409	8	180	44.0098	2.68949	36.6	60
dDocent_Contig_31002	1	303	2	115	37.9538	0.759076	36.8	60
dDocent_Contig_31003	1	322	2	98	30.4348	0.608696	36.9	60
dDocent_Contig_31006	1	391	4	164	41.9437	0.946292	36.7	60
dDocent_Contig_31008	1	330	3	106	32.1212	0.963636	36.5	60
dDocent_Contig_31014	1	281	7	158	56.2278	2.71886	36.2	60
dDocent_Contig_31015	1	346	22	209	60.4046	7.88439	35.8	60
dDocent_Contig_31019	1	348	2	151	43.3908	0.862069	36.5	60
dDocent_Contig_31022	1	410	25	389	94.878	6.9	36.6	60
dDocent_Contig_31024	1	329	23	224	68.0851	7.72036	36	60
dDocent_Contig_31027	1	475	2	67	14.1053	0.282105	36.9	60
dDocent_Contig_31028	1	277	2	131	47.2924	0.945848	36.8	60
dDocent_Contig_31029	1	397	1	114	28.7154	0.287154	36.9	60
dDocent_Contig_31030	1	358	25	279	77.933	9.01955	36.1	60
dDocent_Contig_31033	1	382	5	183	47.9058	1.4555	36.6	60
dDocent_Contig_31039	1	312	7	224	71.7949	2.6859	36.9	60
dDocent_Contig_31040	1	396	7	209	52.7778	2.18182	36.8	60
dDocent_Contig_31043	1	511	12	179	35.0294	2.50685	35.2	60
dDocent_Contig_31044	1	350	6	178	50.8571	2.04	36.1	60
dDocent_Contig_31047	1	421	2	121	28.7411	0.574822	36.7	60
dDocent_Contig_31059	1	228	4	179	78.5088	2.09649	36.8	60
dDocent_Contig_31064	1	318	2	148	46.5409	0.575472	36.5	60
dDocent_Contig_31065	1	247	34	198	80.1619	17.749	35.2	60
dDocent_Contig_31068	1	474	3	105	22.1519	0.664557	35.9	60
dDocent_Contig_31071	1	392	14	310	79.0816	4.16071	36.3	60
dDocent_Contig_31072	1	454	25	238	52.4229	6.38546	36.5	60
dDocent_Contig_31078	1	368	24	212	57.6087	8.09783	36.1	60
dDocent_Contig_31079	1	462	3	146	31.6017	0.681818	36.9	60
dDocent_Contig_31081	1	424	180	310	73.1132	50.3208	35.3	60
dDocent_Contig_31096	1	369	1	138	37.3984	0.373984	36.5	60
dDocent_Contig_31102	1	497	8	198	39.839	1.56539	36.9	60
dDocent_Contig_31109	1	314	22	285	90.7643	7.08917	35.4	60
dDocent_Contig_31116	1	447	30	209	46.7562	7.76957	36.6	60
dDocent_Contig_31119	1	374	39	276	73.7968	12.139	35.4	60
dDocent_Contig_31124	1	427	9	205	48.0094	2.25059	36.9	51
dDocent_Contig_31131	1	412	2	104	25.2427	0.504854	35.2	60
dDocent_Contig_31139	1	313	6	184	58.7859	1.40575	36.7	60
dDocent_Contig_31140	1	461	45	190	41.2148	11.6855	35.6	60
dDocent_Contig_31141	1	377	27	209	55.4377	8.33156	36.1	59.1
dDocent_Contig_31142	1	350	8	162	46.2857	2.25143	36	60
dDocent_Contig_31148	1	303	25	299	98.6799	8.90759	36.6	56.8
dDocent_Contig_31158	1	323	10	175	54.1796	3.64706	36.6	60
dDocent_Contig_31161	1	399	6	262	65.6642	1.82456	36.7	60
dDocent_Contig_31167	1	374	9	298	79.6791	2.93048	36.8	53.8
dDocent_Contig_31169	1	386	23	212	54.9223	7.23316	35.7	54.3
dDocent_Contig_31170	1	364	17	171	46.978	6.25	35.4	48.5
dDocent_Contig_31179	1	407	41	243	59.7052	11.5946	36.5	60
dDocent_Contig_31185	1	413	30	222	53.753	9.18644	36.5	60
dDocent_Contig_31186	1	399	34	202	50.6266	10.5138	35.8	60
dDocent_Contig_31187	1	399	10	218	54.6366	3.26065	35.9	60
dDocent_Contig_31190	1	421	4	119	28.266	0.945368	36.8	60
dDocent_Contig_31201	1	379	8	165	43.5356	2.04749	36.9	60
dDocent_Contig_31202	1	418	2	88	21.0526	0.421053	36.9	60
dDocent_Contig_31210	1	267	29	239	89.5131	11.7566	35.9	60
dDocent_Contig_31220	1	393	14	168	42.7481	3.44529	36.6	60
dDocent_Contig_31237	1	381	1	90	23.622	0.23622	35.8	60
dDocent_Contig_31238	1	470	17	283	60.2128	3.68936	36.7	60
dDocent_Contig_31246	1	417	7	225	53.9568	1.65468	36	60
dDocent_Contig_31253	1	383	4	148	38.6423	1.44386	36.2	60
dDocent_Contig_31257	1	289	42	279	96.5398	16.8754	36.1	60
dDocent_Contig_31260	1	250	24	218	87.2	11.132	36.1	60
dDocent_Contig_31263	1	416	1	124	29.8077	0.298077	36.4	60
dDocent_Contig_31270	1	353	4	118	33.4278	1.13314	36.9	60
dDocent_Contig_31273	1	365	23	179	49.0411	7.35616	36.4	60
dDocent_Contig_31274	1	320	1	86	26.875	0.26875	36.1	60
dDocent_Contig_31275	1	372	8	225	60.4839	2.21505	36.8	60
dDocent_Contig_31276	1	361	19	154	42.6593	5.46537	34.2	60
dDocent_Contig_31277	1	351	2	80	22.792	0.45584	30.8	21
dDocent_Contig_31278	1	459	2	117	25.4902	0.509804	37	60
dDocent_Contig_31281	1	381	2	115	30.1837	0.603675	36.9	60
dDocent_Contig_31283	1	309	29	203	65.6958	10.0129	36.4	60
dDocent_Contig_31284	1	357	19	271	75.9104	6.11765	35.2	60
dDocent_Contig_31286	1	377	18	237	62.8647	5.57294	35.8	60
dDocent_Contig_31289	1	363	2	59	16.2534	0.325069	37	60
dDocent_Contig_31295	1	373	14	232	62.1984	4.45576	36.7	60
dDocent_Contig_31296	1	340	13	241	70.8824	4.42353	36.7	60
dDocent_Contig_31297	1	436	4	189	43.3486	1.34404	36.3	60
dDocent_Contig_31305	1	368	2	105	28.5326	0.570652	36.6	60
dDocent_Contig_31306	1	362	7	175	48.3425	2.77901	36.6	60
dDocent_Contig_31308	1	437	13	186	42.5629	3.11442	36.3	60
dDocent_Contig_31318	1	386	12	188	48.7047	3.26425	35.4	60
dDocent_Contig_31319	1	345	10	140	40.5797	3.22899	36.8	60
dDocent_Contig_31324	1	417	2	114	27.3381	0.546763	36	60
dDocent_Contig_31330	1	362	25	274	75.6906	9.41989	35.2	60
dDocent_Contig_31334	1	364	51	227	62.3626	15.3956	35.6	60
dDocent_Contig_31340	1	299	7	106	35.4515	2.08696	34.8	60
dDocent_Contig_31341	1	378	66	239	63.2275	22.4101	35.9	60
dDocent_Contig_31342	1	516	5	157	30.4264	1.22287	36.6	60
dDocent_Contig_31346	1	437	13	215	49.1991	3.36156	36	60
dDocent_Contig_31347	1	392	62	235	59.949	16.6633	36.2	60
dDocent_Contig_31348	1	336	3	85	25.2976	0.705357	36.9	51
dDocent_Contig_31353	1	410	13	282	68.7805	2.7561	36.8	60
dDocent_Contig_31355	1	403	6	169	41.9355	1.63772	37	60
dDocent_Contig_31356	1	338	10	136	40.2367	3.39645	36	60
dDocent_Contig_31362	1	344	6	157	45.6395	1.97093	36.1	60
dDocent_Contig_31366	1	362	17	230	63.5359	5.3895	36.2	60
dDocent_Contig_31374	1	253	4	147	58.1028	2.32411	36.5	60
dDocent_Contig_31376	1	398	3	126	31.6583	0.949749	33.7	60
dDocent_Contig_31384	1	396	169	208	52.5253	44.346	36.4	40.1
dDocent_Contig_31386	1	351	12	259	73.7892	3.1567	36.4	60
dDocent_Contig_31387	1	355	10	180	50.7042	3.54366	35.4	60
dDocent_Contig_31400	1	312	18	213	68.2692	6.32051	35.2	60
dDocent_Contig_31404	1	384	17	236	61.4583	4.35677	35.2	60
dDocent_Contig_31406	1	411	4	152	36.983	1.22628	36.8	60
dDocent_Contig_31407	1	368	8	172	46.7391	2.4375	35.5	60
dDocent_Contig_31411	1	272	6	265	97.4265	2.60294	36.5	60
dDocent_Contig_31423	1	395	9	199	50.3797	2.38734	36.9	60
dDocent_Contig_31434	1	406	27	285	70.197	8.21921	36	60
dDocent_Contig_31435	1	388	16	190	48.9691	4.72165	36.6	60
dDocent_Contig_31436	1	328	2	146	44.5122	0.890244	36.8	60
dDocent_Contig_31441	1	347	11	213	61.3833	4.36023	36.1	60
dDocent_Contig_31442	1	315	20	177	56.1905	7.40317	36.2	60
dDocent_Contig_31443	1	386	4	115	29.7927	1.19171	36.9	60
dDocent_Contig_31453	1	399	3	117	29.3233	0.709273	36.9	60
dDocent_Contig_31456	1	364	2	120	32.967	0.659341	36.7	60
dDocent_Contig_31466	1	387	4	154	39.7933	0.94832	37	60
dDocent_Contig_31468	1	360	18	181	50.2778	6.55556	36.3	60
dDocent_Contig_31471	1	415	84	327	78.7952	22.2024	36.2	58.4
dDocent_Contig_31482	1	377	30	239	63.3952	9.08488	35.8	60
dDocent_Contig_31485	1	314	2	48	15.2866	0.305732	35.4	60
dDocent_Contig_31486	1	336	9	115	34.2262	2.47917	36.7	60
dDocent_Contig_31487	1	331	9	181	54.6828	3.03323	36.7	60
dDocent_Contig_31489	1	293	29	218	74.4027	11.8464	36.3	60
dDocent_Contig_31490	1	391	3	135	34.5269	0.803069	36.9	60
dDocent_Contig_31492	1	324	10	208	64.1975	3.85802	35.2	60
dDocent_Contig_31496	1	413	19	325	78.6925	4.75061	36.7	60
dDocent_Contig_31502	1	434	13	149	34.3318	3.5553	36.3	60
dDocent_Contig_31504	1	484	5	245	50.6198	0.871901	34.1	44.6
dDocent_Contig_31505	1	466	16	188	40.3433	3.60944	36.2	60
dDocent_Contig_31511	1	398	32	186	46.7337	9.25126	35.4	60
dDocent_Contig_31512	1	335	1	62	18.5075	0.185075	36.8	60
dDocent_Contig_31514	1	348	12	200	57.4713	3.46552	36.6	60
dDocent_Contig_31516	1	402	6	221	54.9751	1.4204	36.9	60
dDocent_Contig_31534	1	475	19	191	40.2105	4.36842	36.6	60
dDocent_Contig_31535	1	470	5	168	35.7447	1.47447	34.6	60
dDocent_Contig_31537	1	367	6	121	32.97	1.49319	36.7	60
dDocent_Contig_31538	1	347	26	201	57.9251	9.53314	35.9	60
dDocent_Contig_31539	1	446	19	327	73.3184	4.72422	36.5	60
dDocent_Contig_31540	1	290	13	176	60.6897	4.75172	36.7	60
dDocent_Contig_31545	1	374	12	235	62.8342	3.5615	35.7	60
dDocent_Contig_31546	1	371	729	304	81.9407	241.137	36.1	41.5
dDocent_Contig_31550	1	382	62	218	57.0681	17.7199	36	59.8
dDocent_Contig_31553	1	390	223	208	53.3333	62.5103	35.4	59.9
dDocent_Contig_31559	1	367	42	209	56.9482	13.5695	36.4	58.5
dDocent_Contig_31561	1	384	88	369	96.0938	24.112	36.2	58.3
dDocent_Contig_31562	1	436	2	113	25.9174	0.518349	36.9	60
dDocent_Contig_31566	1	399	65	398	99.7494	17.5338	36.2	52.6
dDocent_Contig_31568	1	452	24	214	47.3451	5.87168	36.2	60
dDocent_Contig_31571	1	401	14	274	68.3292	3.42145	36.8	60
dDocent_Contig_31572	1	400	19	184	46	5.6075	36	60
dDocent_Contig_31577	1	452	9	115	25.4425	1.87389	36	60
dDocent_Contig_31580	1	323	14	295	91.3313	4.63158	36.8	60
dDocent_Contig_31589	1	382	14	176	46.0733	4.82723	36.6	60
dDocent_Contig_31591	1	395	2	124	31.3924	0.627848	37	60
dDocent_Contig_31594	1	351	26	211	60.114	7.89744	36.1	59.3
dDocent_Contig_31600	1	293	3	98	33.4471	0.90785	36.8	60
dDocent_Contig_31601	1	384	13	199	51.8229	3.94531	36	60
dDocent_Contig_31604	1	377	60	342	90.7162	16.9523	35.7	55.5
dDocent_Contig_31605	1	514	2	44	8.56031	0.171206	37	60
dDocent_Contig_31610	1	418	2	63	15.0718	0.301435	36.7	60
dDocent_Contig_31618	1	282	2	158	56.0284	1.02837	36.7	60
dDocent_Contig_31627	1	425	2	74	17.4118	0.348235	36.4	60
dDocent_Contig_31630	1	476	9	273	57.3529	2.02311	36.6	60
dDocent_Contig_31632	1	332	13	179	53.9157	4.13855	36.7	60
dDocent_Contig_31641	1	366	13	280	76.5027	4.65847	36.7	60
dDocent_Contig_31642	1	357	22	190	53.2213	7.86275	36.6	60
dDocent_Contig_31650	1	413	2	102	24.6973	0.493947	36.8	60
dDocent_Contig_31655	1	346	7	147	42.4855	2.08382	37	60
dDocent_Contig_31660	1	321	6	165	51.4019	2.09657	36.9	60
dDocent_Contig_31665	1	452	2	45	9.95575	0.199115	37	60
dDocent_Contig_31669	1	362	17	261	72.0994	5.75138	35.7	60
dDocent_Contig_31672	1	382	7	154	40.3141	2.17016	36.7	60
dDocent_Contig_31673	1	286	2	99	34.6154	0.692308	36.7	60
dDocent_Contig_31688	1	312	14	236	75.641	5.61218	35.9	59.3
dDocent_Contig_31700	1	358	14	240	67.0391	3.80447	35.7	60
dDocent_Contig_31701	1	395	8	136	34.4304	1.56456	36.7	60
dDocent_Contig_31702	1	297	2	170	57.2391	1.0101	36.3	60
dDocent_Contig_31703	1	374	758	254	67.9144	226.107	36.2	42.1
dDocent_Contig_31707	1	352	19	172	48.8636	4.86364	36.3	53.3
dDocent_Contig_31708	1	454	5	154	33.9207	1.64317	34.4	60
dDocent_Contig_31717	1	394	1	148	37.5635	0.375635	36.9	33
dDocent_Contig_31718	1	408	43	302	74.0196	12.7892	36.1	60
dDocent_Contig_31731	1	375	40	263	70.1333	12.6107	35.8	60
dDocent_Contig_31736	1	501	7	239	47.7046	1.61477	36.2	60
dDocent_Contig_31739	1	393	25	188	47.8372	6.91349	36.3	60
dDocent_Contig_31741	1	456	7	150	32.8947	1.50219	36.5	60
dDocent_Contig_31749	1	321	19	197	61.3707	7.48287	36.1	60
dDocent_Contig_31750	1	387	2	112	28.9406	0.578811	36.9	60
dDocent_Contig_31753	1	349	1	96	27.5072	0.275072	36.6	60
dDocent_Contig_31759	1	343	10	167	48.688	3.1137	36	60
dDocent_Contig_31764	1	436	135	435	99.7706	23.9725	35.2	51.1
dDocent_Contig_31765	1	481	20	208	43.2432	5.34304	34.7	60
dDocent_Contig_31768	1	293	15	189	64.5051	6.27986	36.4	60
dDocent_Contig_31769	1	445	27	304	68.3146	5.73483	35.8	60
dDocent_Contig_31785	1	295	1	77	26.1017	0.261017	36.7	60
dDocent_Contig_31789	1	384	3	147	38.2812	0.559896	36.9	60
dDocent_Contig_31790	1	320	12	164	51.25	3.81875	36.8	60
dDocent_Contig_31798	1	339	10	220	64.8968	2.69027	36.3	60
dDocent_Contig_31800	1	459	2	212	46.1874	0.488017	36	60
dDocent_Contig_31807	1	325	26	298	91.6923	9.89231	36.3	60
dDocent_Contig_31808	1	416	10	237	56.9712	2.84135	35.8	60
dDocent_Contig_31809	1	373	71	300	80.429	23.5094	35.9	60
dDocent_Contig_31810	1	299	11	195	65.2174	4.00669	36.9	60
dDocent_Contig_31824	1	448	4	117	26.1161	0.870536	36.8	60
dDocent_Contig_31830	1	402	2	121	30.0995	0.60199	36.8	60
dDocent_Contig_31834	1	380	12	302	79.4737	3.54737	36.5	60
dDocent_Contig_31837	1	375	29	199	53.0667	7.87733	35.7	60
dDocent_Contig_31841	1	420	2	113	26.9048	0.538095	36.8	60
dDocent_Contig_31845	1	361	3	120	33.241	0.66205	35.9	60
dDocent_Contig_31847	1	448	33	241	53.7946	9.95312	35.7	60
dDocent_Contig_31856	1	340	10	179	52.6471	3.00294	36.5	60
dDocent_Contig_31859	1	430	8	300	69.7674	1.63023	36.5	60
dDocent_Contig_31861	1	328	2	98	29.878	0.579268	36.9	47
dDocent_Contig_31862	1	328	8	204	62.1951	2.9878	36.8	60
dDocent_Contig_31864	1	419	6	157	37.4702	1.67064	36.9	60
dDocent_Contig_31865	1	285	2	92	32.2807	0.645614	36.8	60
dDocent_Contig_31866	1	387	28	149	38.5013	8.28682	35.1	60
dDocent_Contig_31868	1	388	16	230	59.2784	4.45619	36.6	60
dDocent_Contig_31869	1	351	14	196	55.8405	4.77778	36.4	60
dDocent_Contig_31870	1	275	26	246	89.4545	11.7018	35.8	60
dDocent_Contig_31871	1	382	6	209	54.712	1.99476	36.3	60
dDocent_Contig_31876	1	407	8	173	42.5061	2.22604	36.7	60
dDocent_Contig_31877	1	236	2	71	30.0847	0.601695	36.7	60
dDocent_Contig_31878	1	375	29	165	44	8.60267	35.4	60
dDocent_Contig_31883	1	381	38	283	74.2782	12.0656	35.6	60
dDocent_Contig_31886	1	363	28	276	76.0331	6.52066	35.9	60
dDocent_Contig_31890	1	390	6	128	32.8205	1.75897	35.7	60
dDocent_Contig_31891	1	381	8	164	43.0446	2.17323	36.8	60
dDocent_Contig_31893	1	368	1	104	28.2609	0.282609	36.4	60
dDocent_Contig_31896	1	260	7	211	81.1538	3.14231	36.6	48.9
dDocent_Contig_31898	1	394	5	171	43.401	1.09391	36.7	60
dDocent_Contig_31908	1	387	2	149	38.5013	0.770026	36.8	60
dDocent_Contig_31915	1	388	26	332	85.567	7.59794	34.9	60
dDocent_Contig_31916	1	365	28	363	99.4521	7.96986	36.4	58.6
dDocent_Contig_31918	1	337	2	68	20.178	0.403561	37	60
dDocent_Contig_31921	1	456	15	216	47.3684	3.97807	35.9	60
dDocent_Contig_31935	1	426	10	156	36.6197	2.56338	36	60
dDocent_Contig_31936	1	409	4	150	36.6748	1.1956	36.7	60
dDocent_Contig_31937	1	349	23	209	59.8854	7.84527	35.4	60
dDocent_Contig_31948	1	342	26	272	79.5322	8.85673	36.5	60
dDocent_Contig_31954	1	457	4	187	40.919	1.20788	36.6	60
dDocent_Contig_31956	1	373	2	74	19.8391	0.396783	36.5	60
dDocent_Contig_31959	1	402	9	167	41.5423	2.64428	36.6	60
dDocent_Contig_31960	1	465	2	109	23.4409	0.468817	36.8	60
dDocent_Contig_31961	1	364	18	264	72.5275	5.24725	36.3	60
dDocent_Contig_31973	1	434	1	115	26.4977	0.264977	36.8	60
dDocent_Contig_31984	1	314	33	196	62.4204	13.086	35.8	60
dDocent_Contig_31986	1	383	22	275	71.8016	6.25065	36.4	60
dDocent_Contig_31989	1	431	12	375	87.007	3.60789	35.9	59.7
dDocent_Contig_31995	1	384	17	285	74.2188	6.01042	35.4	60
dDocent_Contig_31996	1	263	51	219	83.27	24.9354	35.7	60
dDocent_Contig_31998	1	400	21	339	84.75	5.335	36.4	47.8
dDocent_Contig_31999	1	364	15	177	48.6264	4.50549	36.3	60
dDocent_Contig_32000	1	390	12	263	67.4359	2.90769	36.6	60
dDocent_Contig_32012	1	422	2	96	22.7488	0.454976	36.5	60
dDocent_Contig_32013	1	349	12	259	74.212	3.60458	36.9	60
dDocent_Contig_32019	1	291	18	165	56.701	5.87285	36.4	60
dDocent_Contig_32020	1	316	5	152	48.1013	1.24684	36.1	41.6
dDocent_Contig_32022	1	385	2	82	21.2987	0.425974	36.9	60
dDocent_Contig_32034	1	365	6	163	44.6575	1.93973	36.7	60
dDocent_Contig_32039	1	406	13	312	76.8473	3.47044	35.5	60
dDocent_Contig_32054	1	336	16	216	64.2857	5.65476	35.8	60
dDocent_Contig_32076	1	390	1	84	21.5385	0.215385	37	60
dDocent_Contig_32077	1	358	16	220	61.4525	4.70391	36.5	60
dDocent_Contig_32078	1	393	15	352	89.5674	4.26972	36.2	50.7
dDocent_Contig_32079	1	306	2	97	31.6993	0.633987	36.7	60
dDocent_Contig_32084	1	460	3	139	30.2174	0.906522	36.2	60
dDocent_Contig_32087	1	463	11	191	41.2527	2.77106	35.8	60
dDocent_Contig_32093	1	383	6	152	39.6867	1.61619	36.7	60
dDocent_Contig_32095	1	376	11	183	48.6702	3.83245	36.8	60
dDocent_Contig_32099	1	351	7	193	54.9858	2.23647	36.7	60
dDocent_Contig_32101	1	351	11	174	49.5726	3.64387	36.2	60
dDocent_Contig_32105	1	329	3	98	29.7872	0.893617	33.5	50.3
dDocent_Contig_32106	1	406	7	151	37.1921	1.867	36	60
dDocent_Contig_32108	1	372	16	168	45.1613	4.86559	36.1	60
dDocent_Contig_32109	1	435	2	86	19.7701	0.395402	36.7	60
dDocent_Contig_32110	1	389	3	162	41.6452	0.807198	36.8	60
dDocent_Contig_32111	1	366	13	139	37.9781	4.00546	36	60
dDocent_Contig_32116	1	316	10	165	52.2152	3.37658	35.8	60
dDocent_Contig_32117	1	331	11	210	63.4441	3.61329	36.7	54
dDocent_Contig_32118	1	250	28	209	83.6	13.676	36	60
dDocent_Contig_32125	1	493	5	173	35.0913	1.31846	34.1	58
dDocent_Contig_32127	1	320	166	264	82.5	61.9906	35.3	60
dDocent_Contig_32128	1	411	25	233	56.691	7.37226	35.9	60
dDocent_Contig_32134	1	246	1	60	24.3902	0.243902	36.2	60
dDocent_Contig_32141	1	476	1	55	11.5546	0.115546	36.3	60
dDocent_Contig_32152	1	454	22	187	41.1894	5.34802	36.5	59.9
dDocent_Contig_32157	1	404	6	143	35.396	1.78218	36.9	60
dDocent_Contig_32162	1	405	2	140	34.5679	0.691358	34	60
dDocent_Contig_32165	1	409	2154	409	100	574.313	36.2	58.5
dDocent_Contig_32167	1	378	29	189	50	8.75926	35.4	60
dDocent_Contig_32170	1	308	344	206	66.8831	129.591	36.4	39.5
dDocent_Contig_32171	1	364	7	154	42.3077	1.82143	36.7	60
dDocent_Contig_32174	1	345	20	188	54.4928	5.65217	35.8	60
dDocent_Contig_32175	1	330	11	141	42.7273	3.18485	36.1	60
dDocent_Contig_32176	1	472	3	144	30.5085	0.620763	36.7	60
dDocent_Contig_32180	1	352	2	98	27.8409	0.556818	36.3	60
dDocent_Contig_32185	1	386	47	265	68.6528	14.1088	35.8	60
dDocent_Contig_32186	1	325	9	219	67.3846	3.33846	36.6	60
dDocent_Contig_32189	1	355	11	199	56.0563	4.06197	36	60
dDocent_Contig_32192	1	420	25	318	75.7143	5.85476	36.4	60
dDocent_Contig_32205	1	474	2	115	24.2616	0.394515	34.5	60
dDocent_Contig_32206	1	408	3	180	44.1176	0.688725	37	60
dDocent_Contig_32222	1	290	11	158	54.4828	3.48276	36.5	60
dDocent_Contig_32227	1	300	28	250	83.3333	11.1333	35.8	60
dDocent_Contig_32228	1	498	12	176	35.3414	2.15863	36.9	60
dDocent_Contig_32232	1	341	18	205	60.1173	6.60997	36.8	60
dDocent_Contig_32233	1	402	11	179	44.5274	3.03483	36.6	60
dDocent_Contig_32234	1	446	4	157	35.2018	0.766816	35.9	60
dDocent_Contig_32246	1	397	5	131	32.9975	1.39295	36.8	60
dDocent_Contig_32249	1	436	6	313	71.789	1.88761	35.7	60
dDocent_Contig_32254	1	310	14	258	83.2258	5.54516	36.1	60
dDocent_Contig_32255	1	383	5	126	32.8982	0.934726	36.2	52.8
dDocent_Contig_32260	1	361	6	153	42.3823	1.85319	36.8	60
dDocent_Contig_32273	1	426	2	113	26.5258	0.530516	36.9	60
dDocent_Contig_32276	1	420	13	187	44.5238	2.95238	36.6	60
dDocent_Contig_32288	1	404	5	181	44.802	1.56683	34.8	60
dDocent_Contig_32296	1	342	9	190	55.5556	3.36842	36.4	60
dDocent_Contig_32297	1	374	26	184	49.1979	7.70588	36.4	60
dDocent_Contig_32300	1	358	9	180	50.2793	2.73184	36.7	60
dDocent_Contig_32301	1	319	5	107	33.5423	1.4326	36.5	60
dDocent_Contig_32310	1	392	2	49	12.5	0.25	33	60
dDocent_Contig_32311	1	407	16	266	65.3563	4.20393	36.7	60
dDocent_Contig_32314	1	333	17	227	68.1682	6.46246	36.6	60
dDocent_Contig_32316	1	390	19	226	57.9487	5.62051	36.4	60
dDocent_Contig_32321	1	301	5	140	46.5116	1.50498	36.9	60
dDocent_Contig_32322	1	301	5	199	66.113	1.87375	36.1	60
dDocent_Contig_32332	1	410	5	144	35.122	1.32195	36.6	60
dDocent_Contig_32333	1	377	10	230	61.008	2.13793	36	52.8
dDocent_Contig_32334	1	333	7	322	96.6967	2.18018	36.2	50.3
dDocent_Contig_32335	1	424	1	63	14.8585	0.148585	36.4	42
dDocent_Contig_32340	1	382	6	118	30.8901	1.31414	36.9	60
dDocent_Contig_32342	1	445	44	236	53.0337	11.8494	35.3	59.6
dDocent_Contig_32343	1	331	14	254	76.7372	4.42296	36.5	60
dDocent_Contig_32344	1	425	5	139	32.7059	1.25412	36.9	60
dDocent_Contig_32347	1	375	23	201	53.6	7.56533	36.3	39.2
dDocent_Contig_32349	1	402	19	284	70.6468	4.5597	35.4	58
dDocent_Contig_32350	1	397	6	176	44.3325	1.76322	35.5	58.3
dDocent_Contig_32351	1	467	19	130	27.8373	3.98929	36.1	55.8
dDocent_Contig_32352	1	415	10	318	76.6265	2.73976	36.7	52
dDocent_Contig_32355	1	479	2	77	16.0752	0.321503	36.5	60
dDocent_Contig_32356	1	470	13	186	39.5745	3.5234	36.2	60
dDocent_Contig_32357	1	421	12	179	42.5178	3.04276	35.6	60
dDocent_Contig_32362	1	438	12	190	43.379	3.57991	36.4	60
dDocent_Contig_32383	1	413	2	57	13.8015	0.276029	36.9	21
dDocent_Contig_32388	1	384	23	257	66.9271	6.96875	36.2	60
dDocent_Contig_32390	1	289	23	231	79.9308	8.86505	35.3	57.6
dDocent_Contig_32391	1	311	12	190	61.0932	4.3119	35.9	60
dDocent_Contig_32399	1	379	9	154	40.6332	2.68338	36.8	60
dDocent_Contig_32406	1	425	5	144	33.8824	1.33176	36.5	45.2
dDocent_Contig_32407	1	379	25	185	48.8127	6.74406	36.3	55.8
dDocent_Contig_32413	1	363	2	174	47.9339	0.743802	36.6	60
dDocent_Contig_32417	1	382	12	172	45.0262	3.63874	36.7	60
dDocent_Contig_32420	1	398	22	187	46.9849	6.48744	36.5	60
dDocent_Contig_32421	1	458	25	156	34.0611	6.02183	35.6	60
dDocent_Contig_32422	1	296	7	228	77.027	3.0473	36.8	60
dDocent_Contig_32423	1	357	3	194	54.3417	1.18207	36.6	60
dDocent_Contig_32427	1	372	5	140	37.6344	1.41667	36.9	60
dDocent_Contig_32428	1	381	4	148	38.8451	1.55381	36.5	60
dDocent_Contig_32433	1	263	8	160	60.8365	3.79087	36.7	60
dDocent_Contig_32438	1	393	17	317	80.6616	5.12468	36.7	43.2
dDocent_Contig_32443	1	360	16	282	78.3333	3.83611	36.3	59.2
dDocent_Contig_32444	1	374	10	209	55.8824	3.02674	36.3	60
dDocent_Contig_32445	1	291	4	71	24.3986	0.831615	36.7	50
dDocent_Contig_32446	1	414	4	113	27.2947	1.07246	36.7	60
dDocent_Contig_32453	1	368	45	357	97.0109	13.5707	36.1	56.1
dDocent_Contig_32454	1	299	4	137	45.8194	1.31104	36.7	60
dDocent_Contig_32455	1	516	6	111	21.5116	1.18992	36.6	60
dDocent_Contig_32462	1	406	4	117	28.8177	0.985222	36.7	60
dDocent_Contig_32467	1	245	6	175	71.4286	3.18367	35.1	60
dDocent_Contig_32493	1	371	2	80	21.5633	0.431267	36.5	60
dDocent_Contig_32509	1	317	22	272	85.8044	9.11356	36.6	60
dDocent_Contig_32510	1	372	9	178	47.8495	2.82796	36.3	60
dDocent_Contig_32511	1	339	17	308	90.8555	5.11799	36.8	56.9
dDocent_Contig_32513	1	249	9	235	94.3775	4.20884	36.7	60
dDocent_Contig_32516	1	344	12	210	61.0465	3.77326	36.3	60
dDocent_Contig_32517	1	268	2	131	48.8806	0.977612	36.9	60
dDocent_Contig_32521	1	438	11	199	45.4338	2.87443	36.9	60
dDocent_Contig_32523	1	362	10	242	66.8508	2.80663	36.6	60
dDocent_Contig_32526	1	349	15	282	80.8023	5.3553	35.6	60
dDocent_Contig_32527	1	357	1	72	20.1681	0.201681	36.8	20
dDocent_Contig_32529	1	357	8	182	50.9804	2.7451	36.8	60
dDocent_Contig_32530	1	368	55	265	72.0109	16.9837	36.1	60
dDocent_Contig_32531	1	507	6	150	29.5858	1.66469	35.2	60
dDocent_Contig_32532	1	425	2	98	23.0588	0.461176	36.3	60
dDocent_Contig_32533	1	349	6	130	37.2493	1.79943	36.6	60
dDocent_Contig_32534	1	349	14	193	55.3009	4.5616	36.3	60
dDocent_Contig_32549	1	361	3	99	27.4238	0.822715	33.1	60
dDocent_Contig_32558	1	421	4	177	42.0428	1.04988	35.6	60
dDocent_Contig_32567	1	412	4	238	57.767	1.29612	36.6	60
dDocent_Contig_32570	1	434	6	246	56.682	1.58065	35.4	60
dDocent_Contig_32577	1	418	29	254	60.7656	6.71053	36.1	42.7
dDocent_Contig_32585	1	309	15	177	57.2816	6.05825	36.7	46.9
dDocent_Contig_32589	1	421	116	400	95.0119	25.5701	36.1	37.5
dDocent_Contig_32598	1	375	47	328	87.4667	14.1867	36.2	36.8
dDocent_Contig_32603	1	396	34	323	81.5657	9.42929	36.6	57.4
dDocent_Contig_32611	1	393	8	308	78.3715	2.24936	36.4	60
dDocent_Contig_32612	1	393	2	86	21.883	0.437659	36.9	37
dDocent_Contig_32615	1	281	16	178	63.3452	5.92883	35.7	60
dDocent_Contig_32616	1	332	193	285	85.8434	45.8223	34.9	53.4
dDocent_Contig_32619	1	350	17	136	38.8571	4.59143	36.1	44.8
dDocent_Contig_32631	1	264	13	219	82.9545	5.40909	36.1	60
dDocent_Contig_32639	1	331	2	56	16.9184	0.338369	36.7	60
dDocent_Contig_32640	1	437	19	206	47.1396	4.71396	35.9	60
dDocent_Contig_32644	1	386	5	169	43.7824	1.20984	36.9	60
dDocent_Contig_32645	1	393	6	175	44.5293	1.51399	36.8	60
dDocent_Contig_32649	1	277	7	122	44.0433	2.53069	35.1	60
dDocent_Contig_32653	1	363	13	195	53.719	3.5124	36.4	60
dDocent_Contig_32660	1	471	2	53	11.2527	0.225053	36.5	60
dDocent_Contig_32663	1	457	4	154	33.698	1.20569	36.5	60
dDocent_Contig_32664	1	377	14	162	42.9708	4.12732	36.7	60
dDocent_Contig_32665	1	322	5	150	46.5839	1.86335	36.3	60
dDocent_Contig_32673	1	411	9	239	58.1509	3.16545	35.2	60
dDocent_Contig_32677	1	352	37	211	59.9432	11.8722	36.4	59.5
dDocent_Contig_32678	1	370	8	139	37.5676	2.24595	36.8	60
dDocent_Contig_32681	1	443	3	222	50.1129	0.75395	36.7	60
dDocent_Contig_32694	1	380	14	199	52.3684	4.33421	36.5	60
dDocent_Contig_32695	1	407	69	377	92.629	17.57	36.1	56.7
dDocent_Contig_32701	1	427	8	223	52.2248	2.45902	36.6	60
dDocent_Contig_32703	1	347	10	345	99.4236	2.98559	36.5	58.8
dDocent_Contig_32705	1	494	12	189	38.2591	2.74494	34.4	60
dDocent_Contig_32710	1	416	4	251	60.3365	1.44231	36.8	60
dDocent_Contig_32721	1	515	363	514	99.8058	91.6602	36	37.9
dDocent_Contig_32722	1	253	1344	220	86.9565	588.739	36.1	59.3
dDocent_Contig_32723	1	362	544	362	100	164.967	36	41.7
dDocent_Contig_32724	1	392	214	378	96.4286	55.5383	35.9	56
dDocent_Contig_32725	1	390	106	253	64.8718	30.6513	36.1	59.5
dDocent_Contig_32726	1	278	5	171	61.5108	2.41367	36.9	60
dDocent_Contig_32727	1	462	1334	393	85.0649	344.673	35.8	48.6
dDocent_Contig_32730	1	462	5	161	34.8485	1.62338	34.7	60
dDocent_Contig_32731	1	335	11	330	98.5075	3.92537	36.4	60
dDocent_Contig_32732	1	387	4	162	41.8605	0.868217	36.9	60
dDocent_Contig_32733	1	395	22	259	65.5696	4.73418	36.6	59.3
dDocent_Contig_32739	1	347	12	197	56.7723	4.48991	36.4	60
dDocent_Contig_32751	1	440	2	215	48.8636	0.681818	36.8	60
dDocent_Contig_32756	1	294	22	197	67.0068	6.38095	35.8	59.6
dDocent_Contig_32760	1	369	57	203	55.0136	15.8509	36.6	51.4
dDocent_Contig_32763	1	379	3	226	59.6306	0.992084	34.8	37.7
dDocent_Contig_32764	1	305	24	177	58.0328	8.1541	35.5	60
dDocent_Contig_32765	1	332	110	327	98.494	34.6807	36.3	53
dDocent_Contig_32775	1	462	19	176	38.0952	4.30087	36	60
dDocent_Contig_32783	1	381	5	185	48.5564	1.75328	36	60
dDocent_Contig_32788	1	362	11	213	58.8398	3.34254	36.5	60
dDocent_Contig_32789	1	351	2	98	27.9202	0.558405	36	60
dDocent_Contig_32793	1	363	2	57	15.7025	0.311295	33.9	60
dDocent_Contig_32797	1	366	1	150	40.9836	0.409836	36.4	60
dDocent_Contig_32799	1	360	8	164	45.5556	2.59444	35.7	60
dDocent_Contig_32802	1	286	14	228	79.7203	5.48951	36.8	60
dDocent_Contig_32804	1	433	9	226	52.194	2.36952	36.6	60
dDocent_Contig_32825	1	355	2	89	25.0704	0.250704	35.6	55.5
dDocent_Contig_32826	1	424	2	81	19.1038	0.382075	36.3	60
dDocent_Contig_32832	1	443	7	228	51.4673	1.63205	36.9	60
dDocent_Contig_32833	1	463	18	256	55.2916	4.60691	36.4	60
dDocent_Contig_32842	1	362	739	259	71.547	204.528	35.9	38.6
dDocent_Contig_32845	1	394	1	81	20.5584	0.205584	36.6	60
dDocent_Contig_32852	1	364	26	212	58.2418	8.91209	36.7	60
dDocent_Contig_32858	1	411	3	157	38.1995	0.722628	36.9	60
dDocent_Contig_32859	1	363	4	237	65.2893	1.29752	35.5	60
dDocent_Contig_32866	1	416	4	100	24.0385	0.879808	36.9	60
dDocent_Contig_32878	1	447	7	320	71.5884	1.71812	36.4	54.1
dDocent_Contig_32888	1	337	42	217	64.3917	15.6706	35.9	60
dDocent_Contig_32889	1	348	13	200	57.4713	4.36207	35.5	60
dDocent_Contig_32902	1	359	4	134	37.3259	1.14206	36.9	60
dDocent_Contig_32906	1	428	41	411	96.028	11.035	36.4	60
dDocent_Contig_32908	1	391	5	148	37.8517	1.48849	36.8	60
dDocent_Contig_32909	1	301	13	222	73.7542	4.88372	36.7	55.2
dDocent_Contig_32910	1	343	7	139	40.5248	2.55685	36.5	60
dDocent_Contig_32911	1	381	525	354	92.9134	149.323	36.4	59.7
dDocent_Contig_32918	1	338	15	206	60.9467	6.0355	34.6	60
dDocent_Contig_32929	1	276	11	152	55.0725	4.13406	36.7	60
dDocent_Contig_32931	1	449	21	204	45.4343	5.40312	35.9	60
dDocent_Contig_32935	1	396	5	151	38.1313	1.2096	36.9	60
dDocent_Contig_32936	1	450	378	367	81.5556	89.2578	36.3	52.5
dDocent_Contig_32949	1	392	14	187	47.7041	4.08929	35.2	60
dDocent_Contig_32950	1	330	28	240	72.7273	10.3424	36	60
dDocent_Contig_32951	1	347	17	266	76.6571	6.56484	35.5	60
dDocent_Contig_32952	1	474	36	329	69.4093	8.56751	36	58.8
dDocent_Contig_32956	1	412	35	272	66.0194	11.1189	36.1	60
dDocent_Contig_32970	1	393	61	260	66.1578	18.1272	36.4	55.1
dDocent_Contig_32971	1	386	1	105	27.2021	0.272021	36.6	60
dDocent_Contig_32981	1	348	11	168	48.2759	3.05747	36.7	57.5
dDocent_Contig_32990	1	340	11	157	46.1765	3.92647	35	60
dDocent_Contig_32991	1	343	8	118	34.4023	2.75219	35.2	60
dDocent_Contig_32992	1	376	24	195	51.8617	7.81117	35.7	60
dDocent_Contig_32995	1	342	578	236	69.0058	207.906	36.2	36.2
dDocent_Contig_33001	1	317	1	131	41.3249	0.413249	36.5	60
dDocent_Contig_33004	1	398	41	234	58.794	11.9472	36.2	60
dDocent_Contig_33012	1	406	3	184	45.3202	0.633005	36.8	60
dDocent_Contig_33013	1	391	11	342	87.468	2.8133	36.8	49.4
dDocent_Contig_33014	1	357	11	162	45.3782	3.43978	36.3	60
dDocent_Contig_33015	1	364	112	363	99.7253	33.7115	36	44.1
dDocent_Contig_33016	1	490	16	167	34.0816	3.27143	36.6	53.9
dDocent_Contig_33023	1	409	11	287	70.1711	2.62836	36.6	60
dDocent_Contig_33024	1	309	2	48	15.534	0.31068	36.9	60
dDocent_Contig_33026	1	410	16	216	52.6829	4.23659	35.9	60
dDocent_Contig_33027	1	357	21	158	44.2577	6.35854	36.1	60
dDocent_Contig_33031	1	377	257	357	94.695	73.2149	36.5	50.9
dDocent_Contig_33033	1	441	2	102	23.1293	0.462585	36.6	60
dDocent_Contig_33034	1	363	8	142	39.1185	2.7438	36	60
dDocent_Contig_33035	1	387	1	94	24.2894	0.242894	36.9	60
dDocent_Contig_33039	1	383	2	78	20.3655	0.407311	36.9	60
dDocent_Contig_33042	1	331	33	223	67.3716	11.0302	36.2	60
dDocent_Contig_33043	1	303	9	181	59.736	3.90099	35.3	60
dDocent_Contig_33055	1	349	13	249	71.3467	4.29226	36	60
dDocent_Contig_33058	1	439	15	256	58.3144	3.87699	36.8	60
dDocent_Contig_33060	1	385	7	214	55.5844	1.89351	36.8	60
dDocent_Contig_33064	1	398	1	88	22.1106	0.221106	36.9	60
dDocent_Contig_33065	1	347	38	206	59.366	12.8646	35.3	60
dDocent_Contig_33066	1	294	2	118	40.1361	0.802721	36.7	60
dDocent_Contig_33067	1	354	23	234	66.1017	8.10734	36.4	60
dDocent_Contig_33074	1	421	1	83	19.715	0.19715	36	60
dDocent_Contig_33076	1	393	65	385	97.9644	18.8575	35.4	55.8
dDocent_Contig_33080	1	413	3	186	45.0363	0.937046	36.5	60
dDocent_Contig_33081	1	397	2	82	20.6549	0.413098	36.8	60
dDocent_Contig_33082	1	462	19	244	52.8139	4.97403	36.7	60
dDocent_Contig_33083	1	280	19	194	69.2857	7.27857	36.7	50.2
dDocent_Contig_33088	1	373	8	168	45.0402	2.29759	36	60
dDocent_Contig_33090	1	341	2	103	30.2053	0.604106	36.6	60
dDocent_Contig_33093	1	310	38	244	78.7097	15.0032	35.5	60
dDocent_Contig_33098	1	411	16	156	37.9562	4.09976	36.3	60
dDocent_Contig_33099	1	369	12	148	40.1084	3.46612	35.6	60
dDocent_Contig_33100	1	400	1	136	34	0.34	36.9	60
dDocent_Contig_33105	1	324	6	178	54.9383	1.68519	36.8	39.3
dDocent_Contig_33107	1	430	5	201	46.7442	1.23488	36.3	60
dDocent_Contig_33109	1	503	31	187	37.1769	7.53479	36.2	60
dDocent_Contig_33113	1	353	12	165	46.7422	3.77337	36.2	60
dDocent_Contig_33122	1	304	95	303	99.6711	29.75	36.4	45.4
dDocent_Contig_33124	1	337	73	238	70.6231	23.8427	36.5	48.2
dDocent_Contig_33125	1	351	15	171	48.7179	4.0114	36.4	60
dDocent_Contig_33126	1	382	2	104	27.2251	0.544503	36.8	60
dDocent_Contig_33128	1	316	9	160	50.6329	2.58544	36.9	60
dDocent_Contig_33136	1	266	12	252	94.7368	5.27068	36.4	55.8
dDocent_Contig_33137	1	313	12	166	53.0351	5.19489	35.9	60
dDocent_Contig_33138	1	292	3	103	35.274	1.05822	36.8	60
dDocent_Contig_33144	1	287	1	128	44.5993	0.445993	36.8	60
dDocent_Contig_33147	1	373	4	181	48.5255	1.11528	36.9	60
dDocent_Contig_33150	1	313	16	204	65.1757	6.23323	35.7	60
dDocent_Contig_33151	1	276	13	209	75.7246	5.63768	35.9	60
dDocent_Contig_33152	1	249	14	210	84.3373	7.50602	36.2	60
dDocent_Contig_33153	1	378	14	296	78.3069	3.7381	36.8	60
dDocent_Contig_33156	1	342	10	95	27.7778	2.39766	35	60
dDocent_Contig_33157	1	361	2	77	21.3296	0.426593	36.8	60
dDocent_Contig_33162	1	305	2	150	49.1803	0.980328	32.7	60
dDocent_Contig_33163	1	329	212	328	99.696	69.9088	36	55.3
dDocent_Contig_33164	1	419	31	121	28.8783	6.35322	36.6	57.8
dDocent_Contig_33170	1	338	1	118	34.9112	0.349112	36.8	60
dDocent_Contig_33171	1	365	1	99	27.1233	0.271233	37	60
dDocent_Contig_33173	1	420	13	207	49.2857	3.00952	36.8	60
dDocent_Contig_33174	1	349	59	243	69.6275	20.3725	35.8	60
dDocent_Contig_33191	1	325	194	322	99.0769	71.8123	35.9	59.2
dDocent_Contig_33205	1	456	7	168	36.8421	1.86623	34.7	60
dDocent_Contig_33206	1	374	2	101	27.0053	0.540107	36.6	60
dDocent_Contig_33207	1	387	68	188	48.5788	21.5607	34.7	59.7
dDocent_Contig_33208	1	377	4	141	37.4005	0.875332	36.8	60
dDocent_Contig_33211	1	249	12	204	81.9277	5.53815	36.8	60
dDocent_Contig_33212	1	409	2	96	23.4719	0.469438	36.6	60
dDocent_Contig_33217	1	398	10	168	42.2111	3.38191	36.5	60
dDocent_Contig_33219	1	480	14	270	56.25	3.46667	36.4	60
dDocent_Contig_33220	1	322	13	224	69.5652	4.10559	36.8	60
dDocent_Contig_33221	1	395	9	268	67.8481	3.30127	36.8	60
dDocent_Contig_33223	1	407	1	108	26.5356	0.265356	35.9	60
dDocent_Contig_33226	1	365	13	217	59.4521	4.09863	36.6	57.2
dDocent_Contig_33230	1	349	23	168	48.1375	8.55301	36	60
dDocent_Contig_33231	1	390	2	53	13.5897	0.271795	37	60
dDocent_Contig_33237	1	377	15	359	95.2255	4.34748	35.6	41.8
dDocent_Contig_33239	1	407	23	168	41.2776	6.66339	36.4	60
dDocent_Contig_33242	1	383	28	165	43.0809	4.60313	35.8	52.1
dDocent_Contig_33243	1	395	15	257	65.0633	3.52405	36.5	60
dDocent_Contig_33250	1	282	5	126	44.6809	1.68794	35.7	60
dDocent_Contig_33251	1	422	18	163	38.6256	4.13981	36.7	60
dDocent_Contig_33255	1	321	14	272	84.7352	5.5109	35.3	60
dDocent_Contig_33263	1	393	18	161	40.9669	5.04326	36.6	60
dDocent_Contig_33267	1	482	2	91	18.8797	0.377593	34.2	60
dDocent_Contig_33279	1	405	6	200	49.3827	1.59506	36.5	60
dDocent_Contig_33280	1	349	9	190	54.4413	3.02006	36.5	60
dDocent_Contig_33282	1	404	10	224	55.4455	2.32673	36.6	60
dDocent_Contig_33287	1	372	2	85	22.8495	0.456989	37	60
dDocent_Contig_33289	1	462	10	132	28.5714	2.41558	36.8	60
dDocent_Contig_33290	1	313	24	210	67.0927	9.28754	36.2	60
dDocent_Contig_33296	1	321	2	72	22.4299	0.448598	37	60
dDocent_Contig_33307	1	421	15	184	43.7055	3.34679	34.6	60
dDocent_Contig_33314	1	335	5	118	35.2239	1.25672	36.7	60
dDocent_Contig_33316	1	248	24	167	67.3387	10.9839	36.3	60
dDocent_Contig_33326	1	292	7	154	52.7397	3.16438	35	60
dDocent_Contig_33329	1	416	5	125	30.0481	1.5024	35.3	60
dDocent_Contig_33331	1	393	61	321	81.6794	18.4809	34.8	59.7
dDocent_Contig_33339	1	412	25	289	70.1456	7.78641	36	60
dDocent_Contig_33340	1	301	17	233	77.4086	7.04983	36.2	60
dDocent_Contig_33341	1	395	13	299	75.6962	3.83038	36.7	60
dDocent_Contig_33345	1	379	2	75	19.7889	0.395778	36.9	60
dDocent_Contig_33346	1	421	91	298	70.7838	23.3539	36.3	57.8
dDocent_Contig_33356	1	398	8	116	29.1457	1.68844	35.7	32.5
dDocent_Contig_33358	1	401	85	323	80.5486	23.0424	36.6	37.2
dDocent_Contig_33361	1	407	9	216	53.0713	2.34644	36.7	60
dDocent_Contig_33362	1	324	3	175	54.0123	1.02469	36.7	60
dDocent_Contig_33364	1	369	6	175	47.4255	1.43089	36	60
dDocent_Contig_33368	1	345	21	270	78.2609	6.92174	36.5	60
dDocent_Contig_33375	1	278	6	105	37.7698	2.26619	35.3	60
dDocent_Contig_33376	1	446	11	244	54.7085	2.69731	36.7	60
dDocent_Contig_33382	1	374	1710	373	99.7326	532.759	36.2	55.6
dDocent_Contig_33383	1	349	1	85	24.3553	0.243553	36.9	60
dDocent_Contig_33390	1	387	7	188	48.5788	2.29199	36.6	60
dDocent_Contig_33391	1	323	2	139	43.0341	0.860681	34.1	60
dDocent_Contig_33399	1	388	3	272	70.1031	1.04381	36.8	60
dDocent_Contig_33404	1	311	26	297	95.4984	9.84566	36.2	60
dDocent_Contig_33405	1	387	2	30	7.75194	0.155039	36.4	33
dDocent_Contig_33406	1	387	2	97	25.0646	0.501292	36.8	60
dDocent_Contig_33410	1	402	2	148	36.8159	0.736318	36.8	60
dDocent_Contig_33413	1	330	19	246	74.5455	6.75152	36.5	60
dDocent_Contig_33419	1	435	42	295	67.8161	11.4897	35.8	60
dDocent_Contig_33421	1	349	10	247	70.7736	2.60745	36.4	45.6
dDocent_Contig_33428	1	358	6	293	81.8436	1.88547	36.6	60
dDocent_Contig_33429	1	319	24	182	57.0533	7.68339	35.1	60
dDocent_Contig_33430	1	412	5	160	38.835	0.997573	36.7	60
dDocent_Contig_33439	1	370	4	102	27.5676	0.851351	36.8	60
dDocent_Contig_33442	1	383	2	45	11.7493	0.234987	36.9	60
dDocent_Contig_33443	1	360	23	183	50.8333	6.98333	35.6	60
dDocent_Contig_33447	1	413	303	412	99.7579	84.1864	35.9	59.2
dDocent_Contig_33449	1	276	463	276	100	201.71	36	59.8
dDocent_Contig_33461	1	310	23	207	66.7742	7.4129	36.6	59.3
dDocent_Contig_33470	1	457	5	205	44.8578	1.23195	36.8	60
dDocent_Contig_33472	1	424	17	168	39.6226	4.58491	35.5	60
dDocent_Contig_33473	1	366	17	198	54.0984	4.9153	35.8	60
dDocent_Contig_33480	1	272	185	235	86.3971	75.9522	36.2	47.2
dDocent_Contig_33488	1	373	6	210	56.3003	2.05362	36.9	60
dDocent_Contig_33489	1	399	8	217	54.386	2.28321	36.2	60
dDocent_Contig_33491	1	363	23	210	57.8512	6.49036	36.4	56.6
dDocent_Contig_33502	1	421	11	241	57.2447	2.63658	36.1	60
dDocent_Contig_33504	1	415	16	272	65.5422	3.72048	36.4	60
dDocent_Contig_33505	1	398	21	223	56.0302	6.24121	36.1	60
dDocent_Contig_33508	1	441	8	203	46.0317	2.1542	36.7	60
dDocent_Contig_33515	1	388	4	180	46.3918	0.927835	36.9	60
dDocent_Contig_33517	1	420	13	194	46.1905	3.19762	36.6	60
dDocent_Contig_33518	1	324	2	241	74.3827	0.743827	36.7	60
dDocent_Contig_33525	1	287	39	262	91.2892	18.2857	35.4	60
dDocent_Contig_33532	1	347	21	225	64.8415	7.25648	36.3	60
dDocent_Contig_33533	1	381	5	132	34.6457	1.39633	36.4	60
dDocent_Contig_33537	1	338	9	209	61.8343	3.54734	35.7	60
dDocent_Contig_33546	1	345	39	203	58.8406	13.7681	36	60
dDocent_Contig_33547	1	405	24	220	54.321	7.31111	35.6	60
dDocent_Contig_33550	1	347	14	212	61.0951	5.4438	35.6	60
dDocent_Contig_33553	1	418	9	173	41.3876	2.19378	36.5	60
dDocent_Contig_33559	1	385	3	144	37.4026	1.03377	36.4	60
dDocent_Contig_33568	1	340	13	275	80.8824	5.15294	35.9	60
dDocent_Contig_33573	1	404	12	242	59.901	3.89356	36.6	60
dDocent_Contig_33575	1	364	2	68	18.6813	0.373626	36.7	60
dDocent_Contig_33580	1	380	21	195	51.3158	6.03421	35.7	60
dDocent_Contig_33582	1	429	9	220	51.2821	2.34499	36.9	60
dDocent_Contig_33587	1	432	2	127	29.3981	0.587963	36.4	60
dDocent_Contig_33594	1	388	14	247	63.6598	4.31186	36.1	60
dDocent_Contig_33597	1	426	20	214	50.2347	5.65493	35.8	60
dDocent_Contig_33599	1	451	24	209	46.3415	6.11308	35.8	60
dDocent_Contig_33612	1	341	9	201	58.9443	2.39883	35.8	60
dDocent_Contig_33614	1	496	10	175	35.2823	2.62298	36.4	60
dDocent_Contig_33617	1	329	21	251	76.2918	6.08207	36.5	59.3
dDocent_Contig_33618	1	362	10	148	40.884	2.66851	36.4	60
dDocent_Contig_33623	1	485	32	233	48.0412	6.97938	35.8	60
dDocent_Contig_33636	1	395	53	323	81.7722	16.8278	35	60
dDocent_Contig_33640	1	356	31	257	72.191	9.45787	36.3	60
dDocent_Contig_33641	1	394	14	162	41.1168	4.82487	36.5	60
dDocent_Contig_33642	1	349	12	242	69.341	4.49857	36.9	60
dDocent_Contig_33650	1	365	14	292	80	3.78082	36.7	60
dDocent_Contig_33652	1	369	10	202	54.7425	3.22222	36.9	60
dDocent_Contig_33653	1	347	12	168	48.415	3.78098	36.6	60
dDocent_Contig_33656	1	475	31	224	47.1579	8.52842	35.5	60
dDocent_Contig_33660	1	253	15	153	60.4743	5.70356	36.4	60
dDocent_Contig_33666	1	463	1	88	19.0065	0.190065	37	60
dDocent_Contig_33684	1	291	2	86	29.5533	0.591065	35.6	60
dDocent_Contig_33701	1	409	10	128	31.2958	2.54768	35	60
dDocent_Contig_33706	1	318	31	263	82.7044	12.0346	36	60
dDocent_Contig_33711	1	406	12	207	50.9852	4.03448	36.7	60
dDocent_Contig_33714	1	391	6	148	37.8517	1.75448	35.3	60
dDocent_Contig_33715	1	358	17	89	24.8603	3.68994	36.5	60
dDocent_Contig_33725	1	321	9	245	76.324	2.98754	36.7	60
dDocent_Contig_33728	1	386	8	165	42.7461	2.05181	36.3	60
dDocent_Contig_33729	1	462	2	95	20.5628	0.411255	36.9	60
dDocent_Contig_33741	1	359	4	125	34.8189	1.00836	36.9	60
dDocent_Contig_33748	1	378	17	352	93.1217	4.60582	35.8	60
dDocent_Contig_33750	1	334	7	142	42.515	2.63772	36.3	60
dDocent_Contig_33755	1	358	16	240	67.0391	5.28492	35.2	60
dDocent_Contig_33757	1	429	11	168	39.1608	3.10723	36.9	60
dDocent_Contig_33760	1	388	16	363	93.5567	4.9433	34.9	54.6
dDocent_Contig_33763	1	330	15	219	66.3636	6.07576	36.8	60
dDocent_Contig_33764	1	422	8	117	27.7251	2.09953	35.3	60
dDocent_Contig_33766	1	472	6	160	33.8983	1.44492	35.3	60
dDocent_Contig_33768	1	306	11	159	51.9608	4.29412	36.3	60
dDocent_Contig_33776	1	436	20	250	57.3394	5.44725	36.9	60
dDocent_Contig_33777	1	357	11	196	54.902	3.66387	36.1	60
dDocent_Contig_33778	1	415	2	75	18.0723	0.361446	36.7	60
dDocent_Contig_33781	1	451	14	271	60.0887	3.40133	35.9	60
dDocent_Contig_33783	1	402	15	272	67.6617	3.66169	36.9	57.6
dDocent_Contig_33792	1	371	26	247	66.5768	8.30997	36.7	60
dDocent_Contig_33801	1	437	15	242	55.3776	4.09153	36.4	60
dDocent_Contig_33803	1	458	16	302	65.9389	4.11135	35.9	60
dDocent_Contig_33804	1	281	23	266	94.6619	10.6406	36.4	60
dDocent_Contig_33806	1	432	5	160	37.037	1.18519	36.3	60
dDocent_Contig_33814	1	382	9	159	41.623	2.43455	36.7	60
dDocent_Contig_33817	1	255	8	196	76.8627	4.14118	36.5	60
dDocent_Contig_33818	1	349	8	280	80.2292	2.24642	36.9	60
dDocent_Contig_33819	1	394	2	240	60.9137	0.664975	36.9	60
dDocent_Contig_33822	1	377	10	118	31.2997	2.51989	36.2	35.6
dDocent_Contig_33823	1	373	23	177	47.4531	7.43164	36	60
dDocent_Contig_33824	1	385	15	153	39.7403	3.93247	36.3	60
dDocent_Contig_33835	1	293	358	288	98.2935	134.096	36.2	57.6
dDocent_Contig_33837	1	426	13	151	35.446	3.34507	35.8	60
dDocent_Contig_33841	1	387	20	328	84.7545	5.94574	36.1	60
dDocent_Contig_33846	1	390	1	112	28.7179	0.287179	37	60
dDocent_Contig_33849	1	312	25	206	66.0256	10.109	36.1	60
dDocent_Contig_33851	1	367	4	100	27.248	1.02452	36.9	60
dDocent_Contig_33860	1	337	12	144	42.73	3.66766	36.4	60
dDocent_Contig_33865	1	338	3	193	57.1006	1.1213	36.7	60
dDocent_Contig_33866	1	416	1	96	23.0769	0.230769	37	60
dDocent_Contig_33868	1	363	7	170	46.832	2.54545	35.3	60
dDocent_Contig_33875	1	505	6	133	26.3366	0.966337	36.9	60
dDocent_Contig_33899	1	355	22	321	90.4225	7.05915	35.6	54.6
dDocent_Contig_33902	1	372	101	351	94.3548	31.4597	36.1	54.3
dDocent_Contig_33905	1	308	563	307	99.6753	190.078	36.4	55.4
dDocent_Contig_33916	1	387	53	372	96.124	14.3463	35.6	55.2
dDocent_Contig_33917	1	487	48	125	25.6674	9.96715	35.9	60
dDocent_Contig_33922	1	351	19	221	62.963	6.32194	35.9	60
dDocent_Contig_33927	1	270	22	172	63.7037	9.28148	36.8	60
dDocent_Contig_33930	1	368	4927	368	100	1641.11	35.9	59.7
dDocent_Contig_33931	1	462	4	118	25.5411	0.948052	36.6	60
dDocent_Contig_33933	1	313	3	150	47.9233	1.13099	36.5	60
dDocent_Contig_33949	1	373	19	220	58.9812	6.51475	35.9	60
dDocent_Contig_33950	1	401	13	217	54.1147	3.49626	36.8	60
dDocent_Contig_33965	1	425	17	184	43.2941	3.98353	36.2	60
dDocent_Contig_33972	1	424	2	111	26.1792	0.523585	36.7	60
dDocent_Contig_33986	1	331	28	281	84.8943	10.0363	35.4	60
dDocent_Contig_34002	1	402	5	141	35.0746	1.19403	36.9	60
dDocent_Contig_34005	1	391	2	152	38.8747	0.767263	36.6	60
dDocent_Contig_34071	1	470	9	144	30.6383	2.14894	36.4	60
dDocent_Contig_34079	1	387	15	212	54.7804	4.07235	35.1	60
dDocent_Contig_34082	1	370	16	147	39.7297	4.22162	36.4	60
dDocent_Contig_34088	1	438	32	157	35.8447	8.33105	34.9	60
dDocent_Contig_34090	1	304	5	180	59.2105	2.12829	36.6	60
dDocent_Contig_34092	1	375	24	231	61.6	8.352	36.3	60
dDocent_Contig_34097	1	361	14	192	53.1856	4.36565	36.8	60
dDocent_Contig_34099	1	420	32	188	44.7619	8.0619	35.7	60
dDocent_Contig_34104	1	266	21	245	92.1053	10.218	36.4	60
dDocent_Contig_34105	1	363	2	131	36.0882	0.721763	36.8	60
dDocent_Contig_34106	1	416	27	350	84.1346	7.96635	36.3	60
dDocent_Contig_34108	1	266	12	191	71.8045	5.10526	36.3	60
dDocent_Contig_34111	1	417	6	328	78.6571	1.53477	36.8	60
dDocent_Contig_34114	1	361	11	193	53.4626	3.80332	36.1	60
dDocent_Contig_34115	1	368	21	194	52.7174	6.58967	36.8	60
dDocent_Contig_34116	1	378	16	152	40.2116	4.30423	36.4	60
dDocent_Contig_34121	1	413	40	281	68.0387	9.73608	36.2	59.8
dDocent_Contig_34124	1	334	21	221	66.1677	8.02395	36.3	60
dDocent_Contig_34126	1	370	11	201	54.3243	3.69189	36.6	60
dDocent_Contig_34133	1	403	10	178	44.1687	2.61042	34.9	60
dDocent_Contig_34134	1	376	1	44	11.7021	0.117021	31.3	60
dDocent_Contig_34135	1	411	2	79	19.2214	0.384428	36.5	60
dDocent_Contig_34137	1	398	11	196	49.2462	2.82412	37	60
dDocent_Contig_34139	1	349	3	177	50.7163	0.911175	33.9	60
dDocent_Contig_34142	1	341	17	258	75.6598	5.261	36.4	60
dDocent_Contig_34150	1	402	10	254	63.1841	3.10199	36.8	60
dDocent_Contig_34161	1	390	10	222	56.9231	3.26923	35.3	60
dDocent_Contig_34162	1	402	2	101	25.1244	0.502488	37	60
dDocent_Contig_34167	1	395	2	136	34.4304	0.688608	36.3	60
dDocent_Contig_34171	1	364	17	224	61.5385	5.79396	36.2	60
dDocent_Contig_34173	1	407	21	203	49.8771	6.35627	35.8	60
dDocent_Contig_34179	1	287	19	223	77.7003	6.86411	36.9	60
dDocent_Contig_34185	1	351	4	116	33.0484	1.32194	36.8	60
dDocent_Contig_34188	1	458	15	226	49.345	4.36245	36.1	60
dDocent_Contig_34191	1	386	13	185	47.9275	3.81865	36.7	60
dDocent_Contig_34193	1	380	2	101	26.5789	0.531579	36.8	60
dDocent_Contig_34199	1	398	2	55	13.8191	0.276382	36.1	60
dDocent_Contig_34200	1	357	2	102	28.5714	0.571429	36.4	60
dDocent_Contig_34201	1	392	10	161	41.0714	2.71684	36.3	60
dDocent_Contig_34204	1	408	1	128	31.3725	0.313725	36.8	60
dDocent_Contig_34207	1	401	23	210	52.3691	6.33167	36.1	60
dDocent_Contig_34208	1	438	1	117	26.7123	0.267123	36.3	60
dDocent_Contig_34210	1	378	8	167	44.1799	2.66402	36.2	60
dDocent_Contig_34218	1	385	6	177	45.974	1.51169	36.9	60
dDocent_Contig_34219	1	393	9	156	39.6947	2.62341	36.3	60
dDocent_Contig_34220	1	378	10	171	45.2381	3.79365	35.9	60
dDocent_Contig_34234	1	267	4	104	38.9513	1.42322	36.8	60
dDocent_Contig_34235	1	375	5	150	40	1.296	35.1	60
dDocent_Contig_34237	1	362	2	94	25.9669	0.519337	36.8	60
dDocent_Contig_34238	1	404	18	319	78.9604	5.31931	36.7	60
dDocent_Contig_34240	1	335	10	235	70.1493	4.09851	36.8	60
dDocent_Contig_34241	1	368	57	198	53.8043	19	35.6	60
dDocent_Contig_34244	1	365	30	219	60	10.1123	35.2	60
dDocent_Contig_34248	1	440	2	134	30.4545	0.609091	36.9	60
dDocent_Contig_34255	1	412	29	331	80.3398	6.77184	36.8	60
dDocent_Contig_34265	1	324	17	153	47.2222	5.9784	36.4	60
dDocent_Contig_34266	1	317	974	316	99.6845	348.284	36	59.7
dDocent_Contig_34277	1	382	4	118	30.8901	0.832461	36.6	60
dDocent_Contig_34280	1	361	2	124	34.349	0.609418	36.9	60
dDocent_Contig_34283	1	379	16	224	59.1029	5.2533	36.7	60
dDocent_Contig_34290	1	411	8	200	48.6618	2.49392	36.8	59.9
dDocent_Contig_34299	1	373	15	192	51.4745	4.60322	35.5	58
dDocent_Contig_34310	1	364	127	326	89.5604	34.3654	36.4	56.9
dDocent_Contig_34316	1	426	48	190	44.6009	13.4366	35.6	59.8
dDocent_Contig_34331	1	369	41	311	84.2818	11.4715	35.3	60
dDocent_Contig_34333	1	388	4	113	29.1237	0.876289	37	60
dDocent_Contig_34343	1	457	19	305	66.7396	5.0919	36.7	60
dDocent_Contig_34347	1	312	11	242	77.5641	3.5641	36.7	60
dDocent_Contig_34354	1	417	75	306	73.3813	22.8969	35.4	60
dDocent_Contig_34355	1	289	16	197	68.1661	6.61246	36.4	60
dDocent_Contig_34358	1	443	4	253	57.1106	1.11061	36.5	60
dDocent_Contig_34360	1	302	6	136	45.0331	1.8543	36.8	60
dDocent_Contig_34368	1	324	42	324	100	12.1728	35.8	55.7
dDocent_Contig_34369	1	448	3	96	21.4286	0.642857	36.6	60
dDocent_Contig_34371	1	348	7	177	50.8621	2.10345	36.9	60
dDocent_Contig_34372	1	299	9	233	77.9264	2.98997	36.9	60
dDocent_Contig_34373	1	368	63	310	84.2391	18.538	35.4	59.9
dDocent_Contig_34376	1	366	4	124	33.8798	1.07104	36.8	60
dDocent_Contig_34381	1	371	4	104	28.0323	0.997305	36.6	60
dDocent_Contig_34382	1	397	19	248	62.4685	5.99496	35.6	60
dDocent_Contig_34389	1	429	16	159	37.0629	4.75291	35.1	60
dDocent_Contig_34390	1	390	2	114	29.2308	0.584615	35.8	60
dDocent_Contig_34396	1	378	7	141	37.3016	1.71164	36.1	60
dDocent_Contig_34397	1	463	33	183	39.5248	7.62851	35.9	60
dDocent_Contig_34401	1	305	11	223	73.1148	3.59016	36.1	60
dDocent_Contig_34402	1	360	22	209	58.0556	6.75278	36	60
dDocent_Contig_34403	1	434	17	208	47.9263	4.87097	36.5	60
dDocent_Contig_34407	1	359	53	325	90.5292	15.4095	36.3	46.3
dDocent_Contig_34415	1	279	42	269	96.4158	19.2975	35.2	60
dDocent_Contig_34418	1	380	3	150	39.4737	0.973684	36.8	60
dDocent_Contig_34421	1	353	32	351	99.4334	11.0368	36.5	60
dDocent_Contig_34422	1	350	4	176	50.2857	1.51429	36.4	60
dDocent_Contig_34423	1	269	4	169	62.8253	1.78439	36.8	60
dDocent_Contig_34427	1	339	81	315	92.9204	24.3717	36.3	57.2
dDocent_Contig_34430	1	420	2	99	23.5714	0.471429	36.8	60
dDocent_Contig_34432	1	455	41	218	47.9121	11.3736	35.5	60
dDocent_Contig_34433	1	358	3	128	35.7542	0.801676	36.8	60
dDocent_Contig_34434	1	335	7	129	38.5075	2.41493	36.7	60
dDocent_Contig_34435	1	367	23	236	64.3052	7.76567	35.9	60
dDocent_Contig_34442	1	333	9	235	70.5706	3.46246	35.3	60
dDocent_Contig_34443	1	418	19	177	42.3445	4.67703	35.2	60
dDocent_Contig_34448	1	410	9	182	44.3902	2.38049	36.6	60
dDocent_Contig_34450	1	373	6	204	54.6917	1.63539	36	60
dDocent_Contig_34451	1	272	6	146	53.6765	2.55147	36.5	60
dDocent_Contig_34454	1	292	3	213	72.9452	0.976027	36.7	60
dDocent_Contig_34457	1	359	6	152	42.3398	1.70474	37	60
dDocent_Contig_34464	1	348	17	227	65.2299	4.78161	36.5	60
dDocent_Contig_34469	1	332	127	218	65.6627	42.5994	35.5	51.5
dDocent_Contig_34471	1	302	6	150	49.6689	2.01987	34.7	60
dDocent_Contig_34472	1	337	8	168	49.8516	2.67062	36.1	60
dDocent_Contig_34473	1	375	8	199	53.0667	2.16533	36.8	60
dDocent_Contig_34475	1	394	2	91	23.0964	0.461929	36.7	60
dDocent_Contig_34480	1	517	4	145	28.0464	0.560928	36.4	60
dDocent_Contig_34482	1	391	2	101	25.8312	0.516624	36.9	60
dDocent_Contig_34491	1	380	32	306	80.5263	9.49737	36.1	53.4
dDocent_Contig_34492	1	372	84	204	54.8387	28.2285	35.5	60
dDocent_Contig_34494	1	427	2	167	39.1101	0.608899	36.9	60
dDocent_Contig_34495	1	369	7	140	37.9404	1.87534	36.9	60
dDocent_Contig_34497	1	339	43	243	71.6814	14.6519	35.6	60
dDocent_Contig_34498	1	298	2	78	26.1745	0.52349	36.5	60
dDocent_Contig_34501	1	268	23	225	83.9552	9.54851	36.5	58.6
dDocent_Contig_34506	1	348	26	207	59.4828	8.60632	36.4	60
dDocent_Contig_34513	1	461	2	105	22.7766	0.453362	34.7	60
dDocent_Contig_34515	1	412	12	338	82.0388	3.2233	34.9	60
dDocent_Contig_34517	1	282	9	196	69.5035	3.87589	36.8	60
dDocent_Contig_34523	1	339	16	290	85.5457	5.0885	35.3	60
dDocent_Contig_34534	1	386	5	233	60.3627	1.23575	36.9	60
dDocent_Contig_34551	1	391	20	221	56.5217	6.71611	35.4	60
dDocent_Contig_34559	1	382	5	143	37.4346	1.25654	36.6	60
dDocent_Contig_34561	1	428	4	148	34.5794	0.925234	35.7	60
dDocent_Contig_34562	1	241	40	239	99.1701	20.3195	36.1	60
dDocent_Contig_34566	1	395	10	135	34.1772	2.43291	36.5	60
dDocent_Contig_34568	1	435	32	225	51.7241	8.96552	35.7	60
dDocent_Contig_34569	1	305	5	166	54.4262	2.05902	36.7	60
dDocent_Contig_34570	1	372	16	237	63.7097	4.94624	36.1	60
dDocent_Contig_34571	1	330	4	141	42.7273	1.38788	34.3	60
dDocent_Contig_34572	1	381	1	73	19.1601	0.191601	36.7	60
dDocent_Contig_34574	1	294	24	272	92.517	10.119	36.3	60
dDocent_Contig_34581	1	473	15	169	35.7294	3.45032	36.8	60
dDocent_Contig_34584	1	316	39	215	68.038	14.5918	35.2	60
dDocent_Contig_34589	1	301	21	253	84.0532	6.92027	36.5	60
dDocent_Contig_34591	1	407	6	259	63.6364	1.54545	36.3	60
dDocent_Contig_34592	1	334	7	154	46.1078	2.13473	36.8	60
dDocent_Contig_34596	1	411	3	233	56.691	0.734793	37	60
dDocent_Contig_34603	1	290	15	194	66.8966	5.8069	35.8	60
dDocent_Contig_34606	1	322	17	224	69.5652	6.10248	35.9	60
dDocent_Contig_34610	1	348	10	246	70.6897	2.87069	36.9	60
dDocent_Contig_34612	1	420	22	325	77.381	5.83095	36.1	60
dDocent_Contig_34615	1	340	22	293	86.1765	7.22353	35.5	60
dDocent_Contig_34616	1	350	29	234	66.8571	7.34857	36.6	59.3
dDocent_Contig_34620	1	251	8	209	83.2669	4.27092	36.4	60
dDocent_Contig_34622	1	403	21	191	47.3945	5.52109	35.5	39.8
dDocent_Contig_34623	1	389	18	208	53.4704	5.80463	34.4	60
dDocent_Contig_34627	1	340	14	151	44.4118	4.19412	35.9	60
dDocent_Contig_34629	1	489	81	406	83.0266	19.8303	36.1	60
dDocent_Contig_34633	1	325	20	305	93.8462	7.25846	36.6	57.8
dDocent_Contig_34634	1	306	8	106	34.6405	2.47712	35.7	58.5
dDocent_Contig_34640	1	359	148	353	98.3287	50.9471	35.8	59.8
dDocent_Contig_34643	1	250	15	218	87.2	7.012	36.7	60
dDocent_Contig_34644	1	461	15	323	70.0651	4.08894	35.6	60
dDocent_Contig_34648	1	373	10	230	61.6622	3.43968	35.4	60
dDocent_Contig_34650	1	377	4	183	48.5411	1.23077	36.9	60
dDocent_Contig_34654	1	390	6	137	35.1282	1.86667	35.4	60
dDocent_Contig_34658	1	378	20	261	69.0476	6.60847	35.3	60
dDocent_Contig_34659	1	423	36	329	77.7778	9.26005	36	60
dDocent_Contig_34667	1	452	25	204	45.1327	5.84071	36.5	60
dDocent_Contig_34671	1	356	13	158	44.382	3.19382	36.7	60
dDocent_Contig_34675	1	351	1186	331	94.302	372.809	36.2	57.2
dDocent_Contig_34676	1	278	2	100	35.9712	0.719424	36.4	60
dDocent_Contig_34679	1	320	10	164	51.25	3.72187	36.2	60
dDocent_Contig_34684	1	321	84	196	61.0592	30.7383	35.5	60
dDocent_Contig_34686	1	382	16	167	43.7173	4.5445	36	60
dDocent_Contig_34692	1	299	21	189	63.2107	8.28428	36.9	60
dDocent_Contig_34694	1	430	10	159	36.9767	2.33953	36.8	60
dDocent_Contig_34700	1	370	2	133	35.9459	0.718919	36.9	60
dDocent_Contig_34707	1	406	4	113	27.8325	0.931034	36.2	60
dDocent_Contig_34716	1	341	20	185	54.2522	6.15249	36.1	60
dDocent_Contig_34717	1	317	46	274	86.4353	16.9527	36	60
dDocent_Contig_34726	1	385	5	189	49.0909	1.22857	36.8	60
dDocent_Contig_34731	1	394	14	210	53.2995	4.41371	35.6	59.3
dDocent_Contig_34733	1	354	11	202	57.0621	3.44915	36.7	60
dDocent_Contig_34734	1	341	1	130	38.1232	0.381232	36.9	60
dDocent_Contig_34736	1	384	9	138	35.9375	3.05469	36.9	60
dDocent_Contig_34741	1	471	331	445	94.4798	77.9597	35.9	57.6
dDocent_Contig_34742	1	335	13	184	54.9254	4.53731	36.2	60
dDocent_Contig_34753	1	399	3	146	36.5915	0.586466	36.8	60
dDocent_Contig_34755	1	268	103	267	99.6269	40.7985	36.5	56.6
dDocent_Contig_34756	1	362	9	171	47.2376	2.62431	36.8	60
dDocent_Contig_34757	1	298	14	188	63.0872	5.34228	36.8	60
dDocent_Contig_34762	1	451	7	136	30.1552	1.30599	36.7	60
dDocent_Contig_34765	1	286	2	67	23.4266	0.468531	36.3	60
dDocent_Contig_34766	1	347	39	216	62.2478	13.8588	36.2	60
dDocent_Contig_34767	1	443	17	212	47.8555	5.17156	36.2	60
dDocent_Contig_34770	1	360	11	210	58.3333	3.38889	36.8	60
dDocent_Contig_34773	1	389	19	165	42.4165	5.57584	35.7	60
dDocent_Contig_34774	1	347	28	298	85.879	9.65706	34.6	60
dDocent_Contig_34776	1	303	5	136	44.8845	1.42244	36.7	60
dDocent_Contig_34785	1	343	20	135	39.3586	6.80466	36.4	60
dDocent_Contig_34788	1	281	3	151	53.7367	1.10676	36.9	60
dDocent_Contig_34791	1	319	1	117	36.6771	0.366771	35.4	60
dDocent_Contig_34793	1	327	1	104	31.8043	0.318043	36.8	60
dDocent_Contig_34797	1	323	2	59	18.2663	0.297214	36.5	52.5
dDocent_Contig_34806	1	397	3	148	37.2796	0.79597	36.5	60
dDocent_Contig_34807	1	277	14	176	63.5379	5.63899	36.7	59.3
dDocent_Contig_34808	1	371	11	174	46.9003	2.97844	36.6	60
dDocent_Contig_34818	1	407	5	201	49.3857	1.457	36.7	60
dDocent_Contig_34821	1	398	14	237	59.5477	4.4799	35.4	60
dDocent_Contig_34823	1	304	3	211	69.4079	0.957237	36.7	60
dDocent_Contig_34824	1	278	10	257	92.446	4.43885	36.8	60
dDocent_Contig_34825	1	322	43	242	75.1553	15.264	36.1	57.5
dDocent_Contig_34827	1	304	9	127	41.7763	2.98355	35.8	60
dDocent_Contig_34829	1	307	15	204	66.4495	5.62215	34.2	60
dDocent_Contig_34830	1	480	40	356	74.1667	8.81667	36.4	38.1
dDocent_Contig_34831	1	398	10	175	43.9698	3.05528	35.2	60
dDocent_Contig_34832	1	359	157	272	75.766	47.4457	36.4	53.4
dDocent_Contig_34833	1	438	31	268	61.1872	8.02055	36.5	59.1
dDocent_Contig_34834	1	381	93	379	99.4751	28.7323	35.7	46.6
dDocent_Contig_34837	1	386	9	255	66.0622	2.59585	35.4	60
dDocent_Contig_34838	1	284	57	280	98.5915	19.8592	35.9	56.6
dDocent_Contig_34852	1	416	10	174	41.8269	3.00962	35.8	60
dDocent_Contig_34858	1	371	10	211	56.8733	2.99461	36.7	60
dDocent_Contig_34869	1	383	6	169	44.1253	1.66057	36.8	60
dDocent_Contig_34872	1	333	23	210	63.0631	8.00601	36.7	60
dDocent_Contig_34876	1	359	2	121	33.7047	0.674095	36.9	60
dDocent_Contig_34877	1	399	12	191	47.8697	3.56892	36	59.2
dDocent_Contig_34881	1	496	11	300	60.4839	2.77016	35.9	60
dDocent_Contig_34882	1	445	42	191	42.9213	10.8674	35.8	60
dDocent_Contig_34883	1	384	21	228	59.375	5.90885	35.8	60
dDocent_Contig_34896	1	421	3	127	30.1663	0.805226	36.9	60
dDocent_Contig_34899	1	413	7	220	53.2688	2.00969	35.5	60
dDocent_Contig_34901	1	423	604	389	91.9622	161.726	35.9	43.5
dDocent_Contig_34917	1	421	32	254	60.3325	8.57957	36.2	60
dDocent_Contig_34918	1	484	3	144	29.7521	0.642562	37	60
dDocent_Contig_34919	1	267	2	116	43.4457	0.868914	36.9	60
dDocent_Contig_34920	1	263	11	214	81.3688	5.04563	36.7	60
dDocent_Contig_34921	1	397	41	222	55.9194	12	35.2	60
dDocent_Contig_34923	1	408	26	218	53.4314	7.48039	36.2	60
dDocent_Contig_34924	1	248	3	103	41.5323	1.24597	36.6	60
dDocent_Contig_34929	1	451	2	166	36.8071	0.662971	34.2	60
dDocent_Contig_34931	1	368	17	204	55.4348	5.47011	35.9	60
dDocent_Contig_34933	1	426	3	150	35.2113	0.943662	35.2	60
dDocent_Contig_34934	1	416	13	172	41.3462	3.10577	36.8	54.5
dDocent_Contig_34938	1	470	16	196	41.7021	3.86809	35.1	60
dDocent_Contig_34944	1	357	21	209	58.5434	6.34454	35.9	60
dDocent_Contig_34946	1	400	3	126	31.5	0.945	36.6	60
dDocent_Contig_34947	1	364	5	168	46.1538	1.87088	36.5	60
dDocent_Contig_34953	1	451	1	95	21.0643	0.210643	36.5	60
dDocent_Contig_34956	1	306	4	141	46.0784	1.43137	36.9	60
dDocent_Contig_34964	1	404	1317	392	97.0297	352.903	36.3	59.2
dDocent_Contig_34965	1	455	2	84	18.4615	0.369231	36.3	60
dDocent_Contig_34966	1	453	7	144	31.7881	1.26711	36.6	60
dDocent_Contig_34967	1	391	12	151	38.6189	3.1202	36.8	60
dDocent_Contig_34969	1	267	4	71	26.5918	1.06367	36.8	51
dDocent_Contig_34971	1	415	1	108	26.0241	0.260241	36.9	60
dDocent_Contig_34972	1	307	23	237	77.1987	8.7329	36.6	60
dDocent_Contig_34985	1	376	31	224	59.5745	8.81649	35.8	60
dDocent_Contig_34986	1	342	12	237	69.2982	3.99708	36.7	60
dDocent_Contig_34988	1	368	1012	368	100	337.269	35.6	40.8
dDocent_Contig_34989	1	398	16	202	50.7538	4.24874	36.7	60
dDocent_Contig_34991	1	310	14	153	49.3548	4.84516	36.5	60
dDocent_Contig_34992	1	334	4	201	60.1796	1.31737	37	60
dDocent_Contig_34993	1	417	8	152	36.4508	2.79856	36.2	60
dDocent_Contig_35008	1	450	22	224	49.7778	5.54667	35.9	60
dDocent_Contig_35010	1	321	32	183	57.0093	12.134	36.4	60
dDocent_Contig_35011	1	370	1	74	20	0.2	34.8	20
dDocent_Contig_35016	1	382	2	83	21.7277	0.434555	36.9	60
dDocent_Contig_35018	1	369	21	276	74.7967	5.87263	36	60
dDocent_Contig_35020	1	414	54	244	58.9372	16.9541	35.7	60
dDocent_Contig_35023	1	486	7	208	42.7984	1.84362	35.4	60
dDocent_Contig_35026	1	429	16	205	47.7855	4.17249	35.5	60
dDocent_Contig_35029	1	413	2	100	24.2131	0.484262	36.8	60
dDocent_Contig_35033	1	378	17	278	73.545	6.36243	36.2	60
dDocent_Contig_35036	1	324	47	208	64.1975	16.8827	36.5	56.2
dDocent_Contig_35037	1	391	4	100	25.5754	0.85422	36.9	60
dDocent_Contig_35040	1	354	1	89	25.1412	0.251412	37	60
dDocent_Contig_35041	1	369	31	203	55.0136	9.59621	36.5	60
dDocent_Contig_35046	1	248	16	228	91.9355	8.41532	36	60
dDocent_Contig_35050	1	398	17	215	54.0201	4.30905	36.5	60
dDocent_Contig_35051	1	501	1	103	20.5589	0.205589	36.6	60
dDocent_Contig_35052	1	376	28	227	60.3723	8.44681	36.1	60
dDocent_Contig_35070	1	386	8	154	39.8964	2.43005	35.9	57.6
dDocent_Contig_35072	1	467	10	222	47.5375	2.49251	36.9	60
dDocent_Contig_35073	1	518	2	104	20.0772	0.401544	36.4	60
dDocent_Contig_35078	1	423	7	148	34.9882	1.83688	36.4	60
dDocent_Contig_35080	1	378	3	107	28.3069	0.679894	36.1	60
dDocent_Contig_35081	1	436	72	240	55.0459	18.9541	36	59.5
dDocent_Contig_35088	1	333	13	180	54.0541	4.36036	36.1	60
dDocent_Contig_35089	1	314	14	165	52.5478	5.13057	35.8	60
dDocent_Contig_35094	1	281	1	54	19.2171	0.192171	27	60
dDocent_Contig_35095	1	389	19	259	66.581	6.07969	35.5	48.1
dDocent_Contig_35096	1	404	26	278	68.8119	6.82178	36.8	60
dDocent_Contig_35099	1	402	661	400	99.5025	193.704	35.9	59.7
dDocent_Contig_35109	1	371	21	348	93.8005	7.19407	35.9	60
dDocent_Contig_35112	1	462	2	88	19.0476	0.380952	36.8	60
dDocent_Contig_35113	1	390	1	99	25.3846	0.253846	36.9	60
dDocent_Contig_35116	1	276	8	136	49.2754	2.42754	36.7	60
dDocent_Contig_35117	1	347	5	171	49.2795	1.79827	36.8	60
dDocent_Contig_35120	1	388	1	61	15.7216	0.157216	36.2	60
dDocent_Contig_35127	1	398	20	240	60.3015	6.72864	36.7	60
dDocent_Contig_35128	1	336	16	220	65.4762	5.6756	36	60
dDocent_Contig_35133	1	409	9	157	38.3863	2.54768	36	60
dDocent_Contig_35138	1	333	92	319	95.7958	28.8799	35	55.5
dDocent_Contig_35139	1	342	160	336	98.2456	52.652	35.9	59.8
dDocent_Contig_35140	1	397	8	151	38.0353	2.10831	35.1	60
dDocent_Contig_35157	1	342	271	341	99.7076	89.0409	35.9	48.9
dDocent_Contig_35160	1	279	9	220	78.853	4.09677	36.8	60
dDocent_Contig_35163	1	418	6	175	41.866	1.77273	36.7	60
dDocent_Contig_35169	1	318	2	119	37.4214	0.748428	36.8	60
dDocent_Contig_35174	1	396	21	308	77.7778	6.36616	36	60
dDocent_Contig_35184	1	385	26	206	53.5065	8.95584	36.3	60
dDocent_Contig_35185	1	375	1	68	18.1333	0.181333	36.6	60
dDocent_Contig_35190	1	440	25	239	54.3182	6.71364	36.3	60
dDocent_Contig_35191	1	366	11	195	53.2787	3.05738	36.8	60
dDocent_Contig_35192	1	388	16	149	38.4021	4.73196	36.4	60
dDocent_Contig_35197	1	403	2	88	21.8362	0.436725	34.9	60
dDocent_Contig_35200	1	302	2	72	23.8411	0.476821	36.9	60
dDocent_Contig_35203	1	439	3	103	23.4624	0.47836	36.8	60
dDocent_Contig_35205	1	438	1	79	18.0365	0.180365	35.7	60
dDocent_Contig_35209	1	389	11	244	62.7249	3.73779	36.1	60
dDocent_Contig_35217	1	355	15	165	46.4789	5.2169	35.9	60
dDocent_Contig_35219	1	392	2	76	19.3878	0.387755	36.7	60
dDocent_Contig_35223	1	433	8	128	29.5612	1.57506	36.7	57.6
dDocent_Contig_35226	1	363	1	79	21.7631	0.217631	27.7	33
dDocent_Contig_35228	1	419	10	264	63.0072	2.96659	36.3	60
dDocent_Contig_35233	1	514	19	365	71.0117	4.55253	35.3	60
dDocent_Contig_35240	1	295	12	143	48.4746	4.27119	36.7	60
dDocent_Contig_35244	1	395	17	245	62.0253	5.27595	36.1	60
dDocent_Contig_35245	1	260	7	164	63.0769	2.66923	34.9	60
dDocent_Contig_35249	1	366	6	126	34.4262	1.92896	36.7	60
dDocent_Contig_35255	1	467	49	213	45.6103	12.1991	35.4	60
dDocent_Contig_35256	1	394	7	234	59.3909	2.40609	36.4	60
dDocent_Contig_35257	1	372	5	107	28.7634	1.33602	36.8	60
dDocent_Contig_35260	1	363	23	161	44.3526	6.58953	36.2	60
dDocent_Contig_35266	1	344	55	227	65.9884	17.8837	35.8	59.7
dDocent_Contig_35268	1	362	42	252	69.6133	14.1243	35.7	60
dDocent_Contig_35271	1	335	4	166	49.5522	0.991045	36.3	60
dDocent_Contig_35287	1	360	2	88	24.4444	0.488889	36.8	60
dDocent_Contig_35290	1	388	21	275	70.8763	6.14691	35.5	60
dDocent_Contig_35295	1	347	2	151	43.5159	0.435159	36.6	60
dDocent_Contig_35296	1	294	16	192	65.3061	5.7619	36.8	60
dDocent_Contig_35299	1	409	17	256	62.5917	4.65526	36.2	60
dDocent_Contig_35304	1	412	2	99	24.0291	0.480583	36.8	60
dDocent_Contig_35312	1	374	24	115	30.7487	6.2861	36.5	45.6
dDocent_Contig_35315	1	418	2	111	26.555	0.5311	36	60
dDocent_Contig_35319	1	352	67	154	43.75	13.3494	35.8	53.4
dDocent_Contig_35320	1	333	4	127	38.1381	1.08108	36.9	60
dDocent_Contig_35326	1	375	1	150	40	0.4	36.4	60
dDocent_Contig_35328	1	368	7	161	43.75	2.08424	36.8	60
dDocent_Contig_35332	1	393	14	186	47.3282	2.97964	36.1	60
dDocent_Contig_35333	1	298	7	137	45.9732	2.15772	36.8	60
dDocent_Contig_35336	1	317	16	230	72.5552	5.4858	36.3	60
dDocent_Contig_35337	1	367	9	207	56.4033	2.79292	36.7	60
dDocent_Contig_35344	1	314	5	192	61.1465	1.6879	36.9	60
dDocent_Contig_35346	1	372	13	171	45.9677	4.34409	36.2	60
dDocent_Contig_35348	1	386	2	84	21.7617	0.435233	36.9	60
dDocent_Contig_35362	1	380	2	40	10.5263	0.210526	36.9	60
dDocent_Contig_35363	1	486	2	110	22.6337	0.452675	36.2	60
dDocent_Contig_35375	1	381	7	152	39.895	1.86614	36.9	60
dDocent_Contig_35380	1	326	49	273	83.7423	18.8528	35.8	60
dDocent_Contig_35381	1	378	125	239	63.2275	37.873	36.4	46.7
dDocent_Contig_35385	1	433	24	190	43.8799	6.70439	35.2	60
dDocent_Contig_35387	1	383	12	232	60.5744	3.56919	36.4	60
dDocent_Contig_35390	1	331	5	46	13.8973	0.607251	36.1	51.2
dDocent_Contig_35391	1	257	7	253	98.4436	3.5642	36.8	60
dDocent_Contig_35422	1	376	13	241	64.0957	4.44415	36.1	60
dDocent_Contig_35423	1	454	9	267	58.8106	2.1696	36.6	60
dDocent_Contig_35426	1	327	7	156	47.7064	2.77676	35.8	60
dDocent_Contig_35434	1	391	3	137	35.0384	0.902813	36.8	60
dDocent_Contig_35439	1	340	7	127	37.3529	1.77647	35.7	60
dDocent_Contig_35441	1	380	139	366	96.3158	39.6474	36.3	41.2
dDocent_Contig_35442	1	346	10	192	55.4913	3.08092	36.3	60
dDocent_Contig_35443	1	459	91	139	30.2832	15.4684	36.2	45.5
dDocent_Contig_35444	1	367	23	152	41.4169	8.37602	35.8	60
dDocent_Contig_35446	1	415	3	129	31.0843	0.804819	36.6	60
dDocent_Contig_35448	1	303	2	126	41.5842	0.831683	36.9	60
dDocent_Contig_35449	1	390	9	137	35.1282	2.17179	36.8	60
dDocent_Contig_35455	1	300	8	118	39.3333	3.14	36.5	60
dDocent_Contig_35458	1	376	6	244	64.8936	1.43617	36.7	60
dDocent_Contig_35459	1	293	104	250	85.3242	42.9044	35.6	59.6
dDocent_Contig_35465	1	454	29	188	41.4097	6.77533	36.3	60
dDocent_Contig_35468	1	367	12	297	80.9264	4.28338	35.4	60
dDocent_Contig_35469	1	359	2	70	19.4986	0.389972	37	60
dDocent_Contig_35474	1	258	10	165	63.9535	3.9031	36.6	60
dDocent_Contig_35483	1	312	21	248	79.4872	8.625	36.3	60
dDocent_Contig_35491	1	440	11	157	35.6818	3.06591	34.4	60
dDocent_Contig_35492	1	390	26	247	63.3333	7.7641	36.2	60
dDocent_Contig_35494	1	442	4	132	29.8643	1.0362	36.9	60
dDocent_Contig_35499	1	357	4	186	52.1008	1.13445	36.8	50.5
dDocent_Contig_35501	1	395	20	168	42.5316	6.33924	35.9	60
dDocent_Contig_35507	1	240	2	96	40	0.8	36.8	60
dDocent_Contig_35511	1	410	6	172	41.9512	1.4439	36.7	60
dDocent_Contig_35512	1	436	14	201	46.1009	4.37615	35.5	60
dDocent_Contig_35513	1	453	7	258	56.9536	1.97792	34.9	60
dDocent_Contig_35518	1	434	30	189	43.5484	9.30184	35.8	60
dDocent_Contig_35521	1	283	21	191	67.4912	8.08481	35.8	60
dDocent_Contig_35524	1	258	1	145	56.2016	0.562016	37	60
dDocent_Contig_35531	1	380	3	122	32.1053	0.963158	34.7	60
dDocent_Contig_35535	1	299	17	189	63.2107	6.20067	36.4	60
dDocent_Contig_35540	1	371	2	46	12.3989	0.247978	37	60
dDocent_Contig_35542	1	445	11	130	29.2135	2.59101	36.7	60
dDocent_Contig_35543	1	387	6	157	40.5685	1.51421	35.4	60
dDocent_Contig_35545	1	342	2	78	22.807	0.45614	36.8	60
dDocent_Contig_35551	1	367	9	148	40.327	2.79564	36.8	60
dDocent_Contig_35552	1	367	2	107	29.1553	0.583106	36.5	60
dDocent_Contig_35553	1	330	6	149	45.1515	1.72727	36.3	60
dDocent_Contig_35567	1	249	8	247	99.1968	3.22088	36.9	60
dDocent_Contig_35569	1	334	1	104	31.1377	0.311377	36.9	60
dDocent_Contig_35573	1	408	1	138	33.8235	0.338235	36.1	60
dDocent_Contig_35574	1	355	2	108	30.4225	0.605634	31.7	60
dDocent_Contig_35577	1	393	4	134	34.0967	0.916031	35.2	60
dDocent_Contig_35578	1	300	12	187	62.3333	3.87667	36.9	60
dDocent_Contig_35584	1	374	17	254	67.9144	4.79144	35.9	60
dDocent_Contig_35586	1	287	24	215	74.9129	9.51916	36.6	60
dDocent_Contig_35587	1	359	17	176	49.0251	5.37883	36.4	60
dDocent_Contig_35590	1	400	22	262	65.5	6.0225	36.4	60
dDocent_Contig_35598	1	446	27	171	38.3408	6.31839	36.7	60
dDocent_Contig_35599	1	376	2	97	25.7979	0.515957	36.9	22
dDocent_Contig_35600	1	414	13	209	50.4831	3.31884	35.7	60
dDocent_Contig_35601	1	383	7	141	36.8146	2.19843	36.3	60
dDocent_Contig_35603	1	446	11	190	42.6009	3.02691	36.3	60
dDocent_Contig_35604	1	325	4	166	51.0769	1.43385	36.8	60
dDocent_Contig_35607	1	380	22	283	74.4737	6.37632	36.6	60
dDocent_Contig_35613	1	327	34	237	72.4771	11.5994	35.8	60
dDocent_Contig_35617	1	430	11	178	41.3953	2.58372	36.3	60
dDocent_Contig_35618	1	390	13	205	52.5641	3.30769	34.8	60
dDocent_Contig_35625	1	338	21	150	44.3787	6.48521	35.9	60
dDocent_Contig_35634	1	439	6	154	35.0797	1.66515	36.8	60
dDocent_Contig_35636	1	393	6	208	52.9262	1.49364	35.9	60
dDocent_Contig_35637	1	411	2	128	31.1436	0.622871	36.5	60
dDocent_Contig_35640	1	289	15	285	98.6159	5.98616	36.5	60
dDocent_Contig_35641	1	431	5	135	31.3225	1.32947	36.8	60
dDocent_Contig_35642	1	350	20	246	70.2857	8.06857	36.3	60
dDocent_Contig_35643	1	271	7	158	58.3026	3.28413	35.7	60
dDocent_Contig_35644	1	396	9	182	45.9596	2.80303	34.8	60
dDocent_Contig_35647	1	356	17	199	55.8989	5.95506	35.4	60
dDocent_Contig_35650	1	420	2	127	30.2381	0.588095	37	52.5
dDocent_Contig_35652	1	396	53	275	69.4444	15.7172	35.7	60
dDocent_Contig_35653	1	274	2	108	39.4161	0.788321	36.9	60
dDocent_Contig_35657	1	368	16	225	61.1413	4.19022	35.7	49.4
dDocent_Contig_35658	1	377	9	153	40.5836	2.64987	36.7	60
dDocent_Contig_35660	1	385	36	236	61.2987	11.4494	36.4	60
dDocent_Contig_35661	1	354	5	209	59.0395	1.45198	36.2	60
dDocent_Contig_35668	1	302	89	202	66.8874	27.149	36.4	49.1
dDocent_Contig_35669	1	326	3	120	36.8098	0.871166	36	53.7
dDocent_Contig_35671	1	446	2	148	33.1839	0.663677	31.9	20
dDocent_Contig_35673	1	324	21	285	87.963	7.79321	35.1	59.2
dDocent_Contig_35678	1	274	11	198	72.2628	4.20438	36.8	60
dDocent_Contig_35681	1	377	17	244	64.7215	5.45093	35.5	60
dDocent_Contig_35682	1	426	15	379	88.9671	4.53756	36.6	60
dDocent_Contig_35684	1	345	19	153	44.3478	6.04348	34.8	60
dDocent_Contig_35690	1	403	4	144	35.732	1.03722	36.8	60
dDocent_Contig_35695	1	494	4	289	58.502	1.17004	34.8	60
dDocent_Contig_35699	1	495	13	200	40.404	3.18586	36.7	60
dDocent_Contig_35700	1	404	10	196	48.5149	2.96782	36.3	60
dDocent_Contig_35703	1	368	12	328	89.1304	4.88859	36.3	60
dDocent_Contig_35704	1	419	20	303	72.315	4.82578	36.5	43.3
dDocent_Contig_35705	1	374	13	176	47.0588	4.18984	35.9	60
dDocent_Contig_35710	1	358	30	207	57.8212	9.06983	36.6	60
dDocent_Contig_35711	1	407	19	192	47.1744	5.12776	36.2	60
dDocent_Contig_35712	1	385	19	373	96.8831	5.43377	36.4	57.5
dDocent_Contig_35728	1	379	12	195	51.4512	3.79683	36.1	60
dDocent_Contig_35732	1	408	2	48	11.7647	0.235294	36.8	60
dDocent_Contig_35733	1	360	7	285	79.1667	2.35556	36.7	60
dDocent_Contig_35738	1	303	2	104	34.3234	0.686469	36.6	60
dDocent_Contig_35744	1	396	21	233	58.8384	6.44949	36	60
dDocent_Contig_35746	1	379	11	133	35.0923	2.74934	35.7	60
dDocent_Contig_35748	1	379	1	117	30.8707	0.308707	36.6	60
dDocent_Contig_35750	1	494	3	147	29.7571	0.510121	36.9	60
dDocent_Contig_35758	1	246	6	105	42.6829	2.22764	36.7	60
dDocent_Contig_35762	1	460	5	199	43.2609	1.57826	36.3	60
dDocent_Contig_35767	1	406	8	140	34.4828	2.26108	36.8	60
dDocent_Contig_35768	1	400	24	265	66.25	7.93	36.6	60
dDocent_Contig_35769	1	400	11	224	56	3.25	36.6	60
dDocent_Contig_35775	1	346	11	284	82.0809	3.73699	36.5	48.4
dDocent_Contig_35776	1	363	12	202	55.6474	3.89532	35.7	60
dDocent_Contig_35784	1	400	3	208	52	0.9425	36.6	60
dDocent_Contig_35797	1	386	20	194	50.2591	6.73316	35.3	60
dDocent_Contig_35800	1	385	10	108	28.0519	2.3039	36.1	60
dDocent_Contig_35802	1	445	6	138	31.0112	1.46966	36.5	60
dDocent_Contig_35803	1	351	4	108	30.7692	1.04274	36.8	60
dDocent_Contig_35805	1	386	16	170	44.0415	3.97409	35.5	53.2
dDocent_Contig_35806	1	480	25	211	43.9583	6.73333	35.9	60
dDocent_Contig_35810	1	290	2	52	17.931	0.358621	36.8	24
dDocent_Contig_35813	1	396	51	226	57.0707	15.1061	35.5	60
dDocent_Contig_35814	1	435	2	134	30.8046	0.616092	36.9	60
dDocent_Contig_35817	1	376	11	248	65.9574	3.48138	36.7	59.2
dDocent_Contig_35819	1	442	6	104	23.5294	1.21719	36.9	60
dDocent_Contig_35826	1	334	11	166	49.7006	3.15269	36	60
dDocent_Contig_35827	1	394	16	354	89.8477	4.79695	36	60
dDocent_Contig_35829	1	331	1815	320	96.6767	642.541	35.3	50.2
dDocent_Contig_35830	1	395	17	191	48.3544	4.1519	36.3	60
dDocent_Contig_35831	1	462	2	103	22.2944	0.445887	36.9	60
dDocent_Contig_35834	1	397	1	88	22.1662	0.221662	37	60
dDocent_Contig_35837	1	387	6	168	43.4109	2.17054	34.2	60
dDocent_Contig_35846	1	362	20	195	53.8674	6.81492	36.5	60
dDocent_Contig_35847	1	465	17	210	45.1613	4.21935	36.6	60
dDocent_Contig_35849	1	330	8	160	48.4848	2.52727	36.5	60
dDocent_Contig_35850	1	340	9	277	81.4706	2.91471	36.7	60
dDocent_Contig_35851	1	243	2	76	31.2757	0.625514	37	60
dDocent_Contig_35856	1	291	10	172	59.1065	3.36426	35.3	60
dDocent_Contig_35867	1	353	13	169	47.8754	3.84419	35.5	60
dDocent_Contig_35868	1	338	2	94	27.8107	0.556213	37	60
dDocent_Contig_35872	1	358	17	290	81.0056	5.55028	35.6	60
dDocent_Contig_35875	1	442	14	183	41.4027	3.01357	36.8	60
dDocent_Contig_35883	1	421	2	89	21.1401	0.422803	37	60
dDocent_Contig_35886	1	371	23	307	82.7493	6.62803	36.5	60
dDocent_Contig_35896	1	396	14	150	37.8788	3.72222	35.7	60
dDocent_Contig_35897	1	359	19	283	78.8301	5.50975	35.6	60
dDocent_Contig_35900	1	279	13	190	68.1004	6.13262	35.6	60
dDocent_Contig_35901	1	376	19	134	35.6383	6.11968	36.1	60
dDocent_Contig_35907	1	272	139	197	72.4265	56.8199	36.1	60
dDocent_Contig_35908	1	360	14	215	59.7222	5.01667	35	60
dDocent_Contig_35909	1	388	39	186	47.9381	11.2784	35.8	59.3
dDocent_Contig_35911	1	474	4	152	32.0675	0.763713	36.9	60
dDocent_Contig_35912	1	295	12	214	72.5424	5.05424	35.5	60
dDocent_Contig_35913	1	355	19	197	55.493	5.55775	36.1	60
dDocent_Contig_35914	1	376	12	297	78.9894	3.30585	36.5	57
dDocent_Contig_35915	1	474	24	205	43.2489	6.81857	36.2	60
dDocent_Contig_35920	1	347	5	243	70.0288	1.82709	36.3	60
dDocent_Contig_35924	1	310	20	178	57.4194	7.75484	36	60
dDocent_Contig_35926	1	262	22	260	99.2366	10.5	35.7	60
dDocent_Contig_35927	1	341	40	205	60.1173	13.0997	35.8	60
dDocent_Contig_35938	1	382	6	185	48.4293	1.38743	36.8	60
dDocent_Contig_35940	1	272	14	224	82.3529	6.8125	35.9	60
dDocent_Contig_35941	1	355	20	166	46.7606	6.27887	36.3	60
dDocent_Contig_35942	1	443	5	132	29.7968	1.1851	35.4	60
dDocent_Contig_35945	1	393	6	117	29.771	1.64885	35	60
dDocent_Contig_35946	1	250	21	193	77.2	10.488	35.8	60
dDocent_Contig_35951	1	298	1195	297	99.6644	469.953	35.8	58.7
dDocent_Contig_35952	1	324	1	134	41.358	0.41358	34.8	60
dDocent_Contig_35953	1	382	1	83	21.7277	0.217277	33.5	60
dDocent_Contig_35957	1	455	94	296	65.0549	23.8176	35.7	59.7
dDocent_Contig_35958	1	329	25	196	59.5745	8.92401	36.5	60
dDocent_Contig_35961	1	326	80	307	94.1718	28.7055	35.1	60
dDocent_Contig_35963	1	373	5	228	61.126	1.80965	36.4	60
dDocent_Contig_35972	1	430	20	192	44.6512	5.94651	35.7	60
dDocent_Contig_35973	1	395	46	194	49.1139	15.1949	36	60
dDocent_Contig_35975	1	280	27	225	80.3571	10.1321	36.4	60
dDocent_Contig_35976	1	474	29	213	44.9367	7.76371	36.1	60
dDocent_Contig_35977	1	429	8	123	28.6713	2.03263	36.7	60
dDocent_Contig_35978	1	287	13	187	65.1568	4.43902	36.7	60
dDocent_Contig_35984	1	404	35	240	59.4059	9.55693	36.2	60
dDocent_Contig_35985	1	395	6	152	38.481	1.76709	36.9	42
dDocent_Contig_35995	1	386	5	113	29.2746	1.32383	36.1	60
dDocent_Contig_35997	1	377	2	117	31.0345	0.62069	36.8	60
dDocent_Contig_36000	1	398	15	350	87.9397	4.51508	35.4	60
dDocent_Contig_36003	1	260	12	254	97.6923	5.65385	35.9	55.8
dDocent_Contig_36004	1	323	37	182	56.3467	13.9938	35.6	60
dDocent_Contig_36006	1	366	1	115	31.4208	0.314208	36.8	60
dDocent_Contig_36013	1	292	9	75	25.6849	2.30479	35.5	60
dDocent_Contig_36014	1	376	19	320	85.1064	6.19415	35.3	60
dDocent_Contig_36015	1	330	8	212	64.2424	3.04545	36.7	60
dDocent_Contig_36017	1	305	14	147	48.1967	4.27541	36.4	60
dDocent_Contig_36018	1	369	5	181	49.0515	1.82114	36.4	60
dDocent_Contig_36020	1	329	20	192	58.3587	7.28571	35.9	60
dDocent_Contig_36021	1	366	14	212	57.9235	4.70219	35.8	60
dDocent_Contig_36024	1	375	18	196	52.2667	4.73067	36.4	55.6
dDocent_Contig_36025	1	368	10	219	59.5109	3.30978	36.1	59.4
dDocent_Contig_36026	1	300	4	145	48.3333	1.49333	36.9	60
dDocent_Contig_36027	1	369	2	126	34.1463	0.682927	36.9	60
dDocent_Contig_36029	1	304	12	245	80.5921	5.09868	36.6	60
dDocent_Contig_36032	1	281	19	204	72.5979	6.24199	36.6	60
dDocent_Contig_36033	1	411	6	150	36.4964	1.61071	36.7	60
dDocent_Contig_36037	1	477	3	225	47.1698	0.620545	35.2	60
dDocent_Contig_36040	1	353	6	142	40.2266	1.82153	36.4	60
dDocent_Contig_36041	1	283	9	199	70.318	3.85159	36.5	60
dDocent_Contig_36045	1	468	6	212	45.2991	1.16667	36.8	60
dDocent_Contig_36047	1	429	6	125	29.1375	1.59907	36.8	60
dDocent_Contig_36052	1	322	13	216	67.0807	4.66149	35.9	60
dDocent_Contig_36053	1	266	16	204	76.6917	6.4812	36.5	60
dDocent_Contig_36057	1	284	3	169	59.507	1.05634	36.7	60
dDocent_Contig_36059	1	403	11	196	48.6352	2.75434	35.9	60
dDocent_Contig_36060	1	322	68	236	73.2919	18.6242	36.4	58.1
dDocent_Contig_36063	1	338	10	121	35.7988	2.78994	35.7	60
dDocent_Contig_36064	1	256	13	189	73.8281	6.47656	36.6	60
dDocent_Contig_36066	1	336	19	160	47.619	4.6875	36.2	59.5
dDocent_Contig_36068	1	300	3	136	45.3333	1	36.7	46
dDocent_Contig_36069	1	348	27	188	54.023	8.87356	36	60
dDocent_Contig_36070	1	274	60	248	90.5109	24.2482	35.5	60
dDocent_Contig_36071	1	483	8	170	35.1967	1.93375	36.7	60
dDocent_Contig_1300	1	438	0	0	0	0	0	0
dDocent_Contig_1905	1	398	0	0	0	0	0	0
dDocent_Contig_1953	1	397	0	0	0	0	0	0
dDocent_Contig_2092	1	399	0	0	0	0	0	0
dDocent_Contig_2273	1	414	0	0	0	0	0	0
dDocent_Contig_2698	1	419	0	0	0	0	0	0
dDocent_Contig_2949	1	337	0	0	0	0	0	0
dDocent_Contig_3011	1	463	0	0	0	0	0	0
dDocent_Contig_3166	1	416	0	0	0	0	0	0
dDocent_Contig_3575	1	459	0	0	0	0	0	0
dDocent_Contig_3995	1	437	0	0	0	0	0	0
dDocent_Contig_4686	1	411	0	0	0	0	0	0
dDocent_Contig_5338	1	426	0	0	0	0	0	0
dDocent_Contig_5581	1	403	0	0	0	0	0	0
dDocent_Contig_5866	1	433	0	0	0	0	0	0
dDocent_Contig_6187	1	358	0	0	0	0	0	0
dDocent_Contig_6393	1	365	0	0	0	0	0	0
dDocent_Contig_6418	1	396	0	0	0	0	0	0
dDocent_Contig_6615	1	401	0	0	0	0	0	0
dDocent_Contig_6700	1	421	0	0	0	0	0	0
dDocent_Contig_6734	1	360	0	0	0	0	0	0
dDocent_Contig_6792	1	386	0	0	0	0	0	0
dDocent_Contig_6929	1	441	0	0	0	0	0	0
dDocent_Contig_6983	1	397	0	0	0	0	0	0
dDocent_Contig_7364	1	465	0	0	0	0	0	0
dDocent_Contig_7962	1	404	0	0	0	0	0	0
dDocent_Contig_8186	1	365	0	0	0	0	0	0
dDocent_Contig_8248	1	416	0	0	0	0	0	0
dDocent_Contig_8683	1	370	0	0	0	0	0	0
dDocent_Contig_8812	1	413	0	0	0	0	0	0
dDocent_Contig_8973	1	510	0	0	0	0	0	0
dDocent_Contig_9135	1	395	0	0	0	0	0	0
dDocent_Contig_9328	1	453	0	0	0	0	0	0
dDocent_Contig_9414	1	362	0	0	0	0	0	0
dDocent_Contig_9565	1	441	0	0	0	0	0	0
dDocent_Contig_9576	1	334	0	0	0	0	0	0
dDocent_Contig_9617	1	377	0	0	0	0	0	0
dDocent_Contig_9705	1	364	0	0	0	0	0	0
dDocent_Contig_10012	1	303	0	0	0	0	0	0
dDocent_Contig_10235	1	367	0	0	0	0	0	0
dDocent_Contig_10262	1	431	0	0	0	0	0	0
dDocent_Contig_10930	1	405	0	0	0	0	0	0
dDocent_Contig_11108	1	342	0	0	0	0	0	0
dDocent_Contig_11219	1	405	0	0	0	0	0	0
dDocent_Contig_11265	1	368	0	0	0	0	0	0
dDocent_Contig_11367	1	314	0	0	0	0	0	0
dDocent_Contig_11683	1	368	0	0	0	0	0	0
dDocent_Contig_11687	1	410	0	0	0	0	0	0
dDocent_Contig_11833	1	396	0	0	0	0	0	0
dDocent_Contig_11955	1	503	0	0	0	0	0	0
dDocent_Contig_12034	1	385	0	0	0	0	0	0
dDocent_Contig_12089	1	353	0	0	0	0	0	0
dDocent_Contig_12317	1	345	0	0	0	0	0	0
dDocent_Contig_12466	1	370	0	0	0	0	0	0
dDocent_Contig_12540	1	484	0	0	0	0	0	0
dDocent_Contig_12592	1	448	0	0	0	0	0	0
dDocent_Contig_12609	1	385	0	0	0	0	0	0
dDocent_Contig_12914	1	398	0	0	0	0	0	0
dDocent_Contig_13235	1	417	0	0	0	0	0	0
dDocent_Contig_13273	1	367	0	0	0	0	0	0
dDocent_Contig_13353	1	466	0	0	0	0	0	0
dDocent_Contig_13862	1	380	0	0	0	0	0	0
dDocent_Contig_13932	1	484	0	0	0	0	0	0
dDocent_Contig_14026	1	494	0	0	0	0	0	0
dDocent_Contig_14058	1	508	0	0	0	0	0	0
dDocent_Contig_14706	1	389	0	0	0	0	0	0
dDocent_Contig_14758	1	371	0	0	0	0	0	0
dDocent_Contig_14854	1	386	0	0	0	0	0	0
dDocent_Contig_14885	1	390	0	0	0	0	0	0
dDocent_Contig_14906	1	392	0	0	0	0	0	0
dDocent_Contig_14975	1	440	0	0	0	0	0	0
dDocent_Contig_15031	1	476	0	0	0	0	0	0
dDocent_Contig_15051	1	381	0	0	0	0	0	0
dDocent_Contig_15106	1	461	0	0	0	0	0	0
dDocent_Contig_15891	1	436	0	0	0	0	0	0
dDocent_Contig_15978	1	349	0	0	0	0	0	0
dDocent_Contig_16270	1	406	0	0	0	0	0	0
dDocent_Contig_16475	1	395	0	0	0	0	0	0
dDocent_Contig_17015	1	361	0	0	0	0	0	0
dDocent_Contig_17386	1	334	0	0	0	0	0	0
dDocent_Contig_17517	1	307	0	0	0	0	0	0
dDocent_Contig_17687	1	437	0	0	0	0	0	0
dDocent_Contig_17702	1	406	0	0	0	0	0	0
dDocent_Contig_17811	1	358	0	0	0	0	0	0
dDocent_Contig_17825	1	479	0	0	0	0	0	0
dDocent_Contig_17868	1	477	0	0	0	0	0	0
dDocent_Contig_17915	1	427	0	0	0	0	0	0
dDocent_Contig_18032	1	458	0	0	0	0	0	0
dDocent_Contig_18044	1	402	0	0	0	0	0	0
dDocent_Contig_18449	1	376	0	0	0	0	0	0
dDocent_Contig_18856	1	464	0	0	0	0	0	0
dDocent_Contig_20289	1	436	0	0	0	0	0	0
dDocent_Contig_20516	1	393	0	0	0	0	0	0
dDocent_Contig_20529	1	418	0	0	0	0	0	0
dDocent_Contig_20672	1	488	0	0	0	0	0	0
dDocent_Contig_20721	1	423	0	0	0	0	0	0
dDocent_Contig_21105	1	426	0	0	0	0	0	0
dDocent_Contig_21306	1	382	0	0	0	0	0	0
dDocent_Contig_21640	1	502	0	0	0	0	0	0
dDocent_Contig_21678	1	473	0	0	0	0	0	0
dDocent_Contig_21748	1	325	0	0	0	0	0	0
dDocent_Contig_21823	1	423	0	0	0	0	0	0
dDocent_Contig_21862	1	375	0	0	0	0	0	0
dDocent_Contig_21897	1	393	0	0	0	0	0	0
dDocent_Contig_21938	1	409	0	0	0	0	0	0
dDocent_Contig_22040	1	359	0	0	0	0	0	0
dDocent_Contig_22073	1	441	0	0	0	0	0	0
dDocent_Contig_22366	1	394	0	0	0	0	0	0
dDocent_Contig_22367	1	293	0	0	0	0	0	0
dDocent_Contig_22409	1	308	0	0	0	0	0	0
dDocent_Contig_22554	1	319	0	0	0	0	0	0
dDocent_Contig_22709	1	372	0	0	0	0	0	0
dDocent_Contig_22724	1	396	0	0	0	0	0	0
dDocent_Contig_22725	1	498	0	0	0	0	0	0
dDocent_Contig_22737	1	383	0	0	0	0	0	0
dDocent_Contig_22864	1	349	0	0	0	0	0	0
dDocent_Contig_23427	1	370	0	0	0	0	0	0
dDocent_Contig_23475	1	412	0	0	0	0	0	0
dDocent_Contig_23628	1	370	0	0	0	0	0	0
dDocent_Contig_23864	1	451	0	0	0	0	0	0
dDocent_Contig_24292	1	347	0	0	0	0	0	0
dDocent_Contig_24295	1	427	0	0	0	0	0	0
dDocent_Contig_24462	1	512	0	0	0	0	0	0
dDocent_Contig_24494	1	441	0	0	0	0	0	0
dDocent_Contig_24642	1	389	0	0	0	0	0	0
dDocent_Contig_24760	1	319	0	0	0	0	0	0
dDocent_Contig_24814	1	447	0	0	0	0	0	0
dDocent_Contig_24850	1	348	0	0	0	0	0	0
dDocent_Contig_24905	1	394	0	0	0	0	0	0
dDocent_Contig_25020	1	394	0	0	0	0	0	0
dDocent_Contig_25189	1	340	0	0	0	0	0	0
dDocent_Contig_25210	1	437	0	0	0	0	0	0
dDocent_Contig_25335	1	396	0	0	0	0	0	0
dDocent_Contig_25390	1	460	0	0	0	0	0	0
dDocent_Contig_25425	1	334	0	0	0	0	0	0
dDocent_Contig_25468	1	406	0	0	0	0	0	0
dDocent_Contig_25745	1	397	0	0	0	0	0	0
dDocent_Contig_26196	1	405	0	0	0	0	0	0
dDocent_Contig_26315	1	456	0	0	0	0	0	0
dDocent_Contig_26491	1	379	0	0	0	0	0	0
dDocent_Contig_27360	1	468	0	0	0	0	0	0
dDocent_Contig_27436	1	393	0	0	0	0	0	0
dDocent_Contig_27681	1	328	0	0	0	0	0	0
dDocent_Contig_28020	1	368	0	0	0	0	0	0
dDocent_Contig_28226	1	488	0	0	0	0	0	0
dDocent_Contig_28295	1	467	0	0	0	0	0	0
dDocent_Contig_28482	1	383	0	0	0	0	0	0
dDocent_Contig_28594	1	480	0	0	0	0	0	0
dDocent_Contig_28950	1	450	0	0	0	0	0	0
dDocent_Contig_29115	1	421	0	0	0	0	0	0
dDocent_Contig_29390	1	424	0	0	0	0	0	0
dDocent_Contig_29467	1	452	0	0	0	0	0	0
dDocent_Contig_29495	1	500	0	0	0	0	0	0
dDocent_Contig_29559	1	308	0	0	0	0	0	0
dDocent_Contig_29881	1	341	0	0	0	0	0	0
dDocent_Contig_29894	1	414	0	0	0	0	0	0
dDocent_Contig_30170	1	405	0	0	0	0	0	0
dDocent_Contig_30200	1	499	0	0	0	0	0	0
dDocent_Contig_30209	1	409	0	0	0	0	0	0
dDocent_Contig_30600	1	362	0	0	0	0	0	0
dDocent_Contig_30613	1	446	0	0	0	0	0	0
dDocent_Contig_30906	1	395	0	0	0	0	0	0
dDocent_Contig_31503	1	318	0	0	0	0	0	0
dDocent_Contig_31719	1	382	0	0	0	0	0	0
dDocent_Contig_31735	1	455	0	0	0	0	0	0
dDocent_Contig_31939	1	429	0	0	0	0	0	0
dDocent_Contig_31944	1	422	0	0	0	0	0	0
dDocent_Contig_32088	1	494	0	0	0	0	0	0
dDocent_Contig_32278	1	439	0	0	0	0	0	0
dDocent_Contig_32675	1	500	0	0	0	0	0	0
dDocent_Contig_32985	1	484	0	0	0	0	0	0
dDocent_Contig_33129	1	416	0	0	0	0	0	0
dDocent_Contig_33166	1	379	0	0	0	0	0	0
dDocent_Contig_33459	1	478	0	0	0	0	0	0
dDocent_Contig_33490	1	359	0	0	0	0	0	0
dDocent_Contig_34705	1	394	0	0	0	0	0	0
dDocent_Contig_34790	1	415	0	0	0	0	0	0
dDocent_Contig_34835	1	396	0	0	0	0	0	0
dDocent_Contig_34970	1	412	0	0	0	0	0	0
dDocent_Contig_35076	1	368	0	0	0	0	0	0
dDocent_Contig_35254	1	429	0	0	0	0	0	0
dDocent_Contig_35334	1	381	0	0	0	0	0	0
dDocent_Contig_35495	1	401	0	0	0	0	0	0
dDocent_Contig_35862	1	463	0	0	0	0	0	0
dDocent_Contig_57	1	328	0	0	0	0	0	0
dDocent_Contig_60	1	307	0	0	0	0	0	0
dDocent_Contig_74	1	504	0	0	0	0	0	0
dDocent_Contig_207	1	468	0	0	0	0	0	0
dDocent_Contig_242	1	411	0	0	0	0	0	0
dDocent_Contig_318	1	482	0	0	0	0	0	0
dDocent_Contig_326	1	458	0	0	0	0	0	0
dDocent_Contig_821	1	357	0	0	0	0	0	0
dDocent_Contig_830	1	415	0	0	0	0	0	0
dDocent_Contig_1269	1	355	0	0	0	0	0	0
dDocent_Contig_1282	1	423	0	0	0	0	0	0
dDocent_Contig_1283	1	321	0	0	0	0	0	0
dDocent_Contig_1285	1	451	0	0	0	0	0	0
dDocent_Contig_1287	1	373	0	0	0	0	0	0
dDocent_Contig_1295	1	382	0	0	0	0	0	0
dDocent_Contig_1296	1	333	0	0	0	0	0	0
dDocent_Contig_1298	1	297	0	0	0	0	0	0
dDocent_Contig_1309	1	381	0	0	0	0	0	0
dDocent_Contig_1311	1	402	0	0	0	0	0	0
dDocent_Contig_1312	1	317	0	0	0	0	0	0
dDocent_Contig_1317	1	340	0	0	0	0	0	0
dDocent_Contig_1319	1	259	0	0	0	0	0	0
dDocent_Contig_1322	1	335	0	0	0	0	0	0
dDocent_Contig_1325	1	348	0	0	0	0	0	0
dDocent_Contig_1330	1	330	0	0	0	0	0	0
dDocent_Contig_1339	1	442	0	0	0	0	0	0
dDocent_Contig_1345	1	273	0	0	0	0	0	0
dDocent_Contig_1376	1	447	0	0	0	0	0	0
dDocent_Contig_1383	1	308	0	0	0	0	0	0
dDocent_Contig_1384	1	472	0	0	0	0	0	0
dDocent_Contig_1394	1	304	0	0	0	0	0	0
dDocent_Contig_1395	1	311	0	0	0	0	0	0
dDocent_Contig_1401	1	423	0	0	0	0	0	0
dDocent_Contig_1402	1	456	0	0	0	0	0	0
dDocent_Contig_1405	1	311	0	0	0	0	0	0
dDocent_Contig_1407	1	441	0	0	0	0	0	0
dDocent_Contig_1408	1	362	0	0	0	0	0	0
dDocent_Contig_1409	1	476	0	0	0	0	0	0
dDocent_Contig_1410	1	390	0	0	0	0	0	0
dDocent_Contig_1414	1	398	0	0	0	0	0	0
dDocent_Contig_1415	1	473	0	0	0	0	0	0
dDocent_Contig_1419	1	386	0	0	0	0	0	0
dDocent_Contig_1434	1	401	0	0	0	0	0	0
dDocent_Contig_1463	1	368	0	0	0	0	0	0
dDocent_Contig_1466	1	302	0	0	0	0	0	0
dDocent_Contig_1468	1	350	0	0	0	0	0	0
dDocent_Contig_1471	1	386	0	0	0	0	0	0
dDocent_Contig_1472	1	345	0	0	0	0	0	0
dDocent_Contig_1473	1	381	0	0	0	0	0	0
dDocent_Contig_1475	1	395	0	0	0	0	0	0
dDocent_Contig_1477	1	380	0	0	0	0	0	0
dDocent_Contig_1479	1	401	0	0	0	0	0	0
dDocent_Contig_1480	1	274	0	0	0	0	0	0
dDocent_Contig_1503	1	361	0	0	0	0	0	0
dDocent_Contig_1504	1	391	0	0	0	0	0	0
dDocent_Contig_1506	1	379	0	0	0	0	0	0
dDocent_Contig_1508	1	361	0	0	0	0	0	0
dDocent_Contig_1510	1	373	0	0	0	0	0	0
dDocent_Contig_1511	1	400	0	0	0	0	0	0
dDocent_Contig_1518	1	346	0	0	0	0	0	0
dDocent_Contig_1519	1	284	0	0	0	0	0	0
dDocent_Contig_1524	1	279	0	0	0	0	0	0
dDocent_Contig_1529	1	407	0	0	0	0	0	0
dDocent_Contig_1533	1	322	0	0	0	0	0	0
dDocent_Contig_1535	1	414	0	0	0	0	0	0
dDocent_Contig_1537	1	391	0	0	0	0	0	0
dDocent_Contig_1541	1	434	0	0	0	0	0	0
dDocent_Contig_1543	1	451	0	0	0	0	0	0
dDocent_Contig_1549	1	295	0	0	0	0	0	0
dDocent_Contig_1555	1	357	0	0	0	0	0	0
dDocent_Contig_1564	1	408	0	0	0	0	0	0
dDocent_Contig_1577	1	397	0	0	0	0	0	0
dDocent_Contig_1590	1	337	0	0	0	0	0	0
dDocent_Contig_1591	1	285	0	0	0	0	0	0
dDocent_Contig_1592	1	407	0	0	0	0	0	0
dDocent_Contig_1596	1	391	0	0	0	0	0	0
dDocent_Contig_1597	1	279	0	0	0	0	0	0
dDocent_Contig_1602	1	382	0	0	0	0	0	0
dDocent_Contig_1603	1	294	0	0	0	0	0	0
dDocent_Contig_1604	1	405	0	0	0	0	0	0
dDocent_Contig_1605	1	373	0	0	0	0	0	0
dDocent_Contig_1606	1	276	0	0	0	0	0	0
dDocent_Contig_1607	1	272	0	0	0	0	0	0
dDocent_Contig_1608	1	263	0	0	0	0	0	0
dDocent_Contig_1614	1	434	0	0	0	0	0	0
dDocent_Contig_1616	1	410	0	0	0	0	0	0
dDocent_Contig_1621	1	397	0	0	0	0	0	0
dDocent_Contig_1622	1	407	0	0	0	0	0	0
dDocent_Contig_1623	1	314	0	0	0	0	0	0
dDocent_Contig_1624	1	397	0	0	0	0	0	0
dDocent_Contig_1632	1	348	0	0	0	0	0	0
dDocent_Contig_1633	1	393	0	0	0	0	0	0
dDocent_Contig_1634	1	382	0	0	0	0	0	0
dDocent_Contig_1636	1	410	0	0	0	0	0	0
dDocent_Contig_1640	1	421	0	0	0	0	0	0
dDocent_Contig_1644	1	445	0	0	0	0	0	0
dDocent_Contig_1646	1	382	0	0	0	0	0	0
dDocent_Contig_1647	1	416	0	0	0	0	0	0
dDocent_Contig_1651	1	260	0	0	0	0	0	0
dDocent_Contig_1655	1	382	0	0	0	0	0	0
dDocent_Contig_1664	1	365	0	0	0	0	0	0
dDocent_Contig_1669	1	366	0	0	0	0	0	0
dDocent_Contig_1674	1	338	0	0	0	0	0	0
dDocent_Contig_1675	1	388	0	0	0	0	0	0
dDocent_Contig_1680	1	369	0	0	0	0	0	0
dDocent_Contig_1684	1	385	0	0	0	0	0	0
dDocent_Contig_1689	1	370	0	0	0	0	0	0
dDocent_Contig_1698	1	394	0	0	0	0	0	0
dDocent_Contig_1705	1	355	0	0	0	0	0	0
dDocent_Contig_1706	1	387	0	0	0	0	0	0
dDocent_Contig_1710	1	414	0	0	0	0	0	0
dDocent_Contig_1712	1	292	0	0	0	0	0	0
dDocent_Contig_1713	1	313	0	0	0	0	0	0
dDocent_Contig_1716	1	471	0	0	0	0	0	0
dDocent_Contig_1720	1	271	0	0	0	0	0	0
dDocent_Contig_1724	1	358	0	0	0	0	0	0
dDocent_Contig_1725	1	358	0	0	0	0	0	0
dDocent_Contig_1726	1	324	0	0	0	0	0	0
dDocent_Contig_1727	1	351	0	0	0	0	0	0
dDocent_Contig_1731	1	294	0	0	0	0	0	0
dDocent_Contig_1732	1	422	0	0	0	0	0	0
dDocent_Contig_1733	1	380	0	0	0	0	0	0
dDocent_Contig_1734	1	383	0	0	0	0	0	0
dDocent_Contig_1740	1	468	0	0	0	0	0	0
dDocent_Contig_1743	1	360	0	0	0	0	0	0
dDocent_Contig_1768	1	279	0	0	0	0	0	0
dDocent_Contig_1769	1	326	0	0	0	0	0	0
dDocent_Contig_1776	1	356	0	0	0	0	0	0
dDocent_Contig_1790	1	317	0	0	0	0	0	0
dDocent_Contig_1791	1	360	0	0	0	0	0	0
dDocent_Contig_1796	1	436	0	0	0	0	0	0
dDocent_Contig_1800	1	406	0	0	0	0	0	0
dDocent_Contig_1804	1	373	0	0	0	0	0	0
dDocent_Contig_1805	1	376	0	0	0	0	0	0
dDocent_Contig_1812	1	436	0	0	0	0	0	0
dDocent_Contig_1821	1	413	0	0	0	0	0	0
dDocent_Contig_1825	1	308	0	0	0	0	0	0
dDocent_Contig_1830	1	257	0	0	0	0	0	0
dDocent_Contig_1833	1	319	0	0	0	0	0	0
dDocent_Contig_1850	1	375	0	0	0	0	0	0
dDocent_Contig_1862	1	302	0	0	0	0	0	0
dDocent_Contig_1864	1	309	0	0	0	0	0	0
dDocent_Contig_1867	1	401	0	0	0	0	0	0
dDocent_Contig_1869	1	408	0	0	0	0	0	0
dDocent_Contig_1882	1	319	0	0	0	0	0	0
dDocent_Contig_1889	1	334	0	0	0	0	0	0
dDocent_Contig_1890	1	335	0	0	0	0	0	0
dDocent_Contig_1901	1	390	0	0	0	0	0	0
dDocent_Contig_1902	1	288	0	0	0	0	0	0
dDocent_Contig_1903	1	402	0	0	0	0	0	0
dDocent_Contig_1908	1	450	0	0	0	0	0	0
dDocent_Contig_1923	1	442	0	0	0	0	0	0
dDocent_Contig_1925	1	397	0	0	0	0	0	0
dDocent_Contig_1926	1	290	0	0	0	0	0	0
dDocent_Contig_1928	1	377	0	0	0	0	0	0
dDocent_Contig_1929	1	405	0	0	0	0	0	0
dDocent_Contig_1931	1	280	0	0	0	0	0	0
dDocent_Contig_1932	1	329	0	0	0	0	0	0
dDocent_Contig_1935	1	270	0	0	0	0	0	0
dDocent_Contig_1937	1	397	0	0	0	0	0	0
dDocent_Contig_1938	1	413	0	0	0	0	0	0
dDocent_Contig_1939	1	389	0	0	0	0	0	0
dDocent_Contig_1944	1	385	0	0	0	0	0	0
dDocent_Contig_1951	1	392	0	0	0	0	0	0
dDocent_Contig_1952	1	311	0	0	0	0	0	0
dDocent_Contig_1955	1	389	0	0	0	0	0	0
dDocent_Contig_1956	1	354	0	0	0	0	0	0
dDocent_Contig_1957	1	413	0	0	0	0	0	0
dDocent_Contig_1965	1	435	0	0	0	0	0	0
dDocent_Contig_1970	1	368	0	0	0	0	0	0
dDocent_Contig_1977	1	329	0	0	0	0	0	0
dDocent_Contig_1983	1	385	0	0	0	0	0	0
dDocent_Contig_1994	1	403	0	0	0	0	0	0
dDocent_Contig_1998	1	368	0	0	0	0	0	0
dDocent_Contig_2003	1	455	0	0	0	0	0	0
dDocent_Contig_2011	1	408	0	0	0	0	0	0
dDocent_Contig_2018	1	383	0	0	0	0	0	0
dDocent_Contig_2023	1	414	0	0	0	0	0	0
dDocent_Contig_2024	1	387	0	0	0	0	0	0
dDocent_Contig_2026	1	320	0	0	0	0	0	0
dDocent_Contig_2027	1	297	0	0	0	0	0	0
dDocent_Contig_2031	1	420	0	0	0	0	0	0
dDocent_Contig_2033	1	313	0	0	0	0	0	0
dDocent_Contig_2036	1	384	0	0	0	0	0	0
dDocent_Contig_2037	1	385	0	0	0	0	0	0
dDocent_Contig_2038	1	432	0	0	0	0	0	0
dDocent_Contig_2041	1	273	0	0	0	0	0	0
dDocent_Contig_2043	1	337	0	0	0	0	0	0
dDocent_Contig_2051	1	256	0	0	0	0	0	0
dDocent_Contig_2056	1	440	0	0	0	0	0	0
dDocent_Contig_2064	1	330	0	0	0	0	0	0
dDocent_Contig_2067	1	345	0	0	0	0	0	0
dDocent_Contig_2071	1	331	0	0	0	0	0	0
dDocent_Contig_2075	1	416	0	0	0	0	0	0
dDocent_Contig_2079	1	372	0	0	0	0	0	0
dDocent_Contig_2081	1	334	0	0	0	0	0	0
dDocent_Contig_2083	1	355	0	0	0	0	0	0
dDocent_Contig_2088	1	396	0	0	0	0	0	0
dDocent_Contig_2094	1	337	0	0	0	0	0	0
dDocent_Contig_2097	1	380	0	0	0	0	0	0
dDocent_Contig_2099	1	329	0	0	0	0	0	0
dDocent_Contig_2153	1	433	0	0	0	0	0	0
dDocent_Contig_2156	1	292	0	0	0	0	0	0
dDocent_Contig_2157	1	388	0	0	0	0	0	0
dDocent_Contig_2159	1	420	0	0	0	0	0	0
dDocent_Contig_2164	1	344	0	0	0	0	0	0
dDocent_Contig_2168	1	389	0	0	0	0	0	0
dDocent_Contig_2169	1	373	0	0	0	0	0	0
dDocent_Contig_2172	1	395	0	0	0	0	0	0
dDocent_Contig_2173	1	405	0	0	0	0	0	0
dDocent_Contig_2174	1	457	0	0	0	0	0	0
dDocent_Contig_2176	1	354	0	0	0	0	0	0
dDocent_Contig_2181	1	445	0	0	0	0	0	0
dDocent_Contig_2186	1	454	0	0	0	0	0	0
dDocent_Contig_2187	1	369	0	0	0	0	0	0
dDocent_Contig_2188	1	336	0	0	0	0	0	0
dDocent_Contig_2191	1	418	0	0	0	0	0	0
dDocent_Contig_2201	1	379	0	0	0	0	0	0
dDocent_Contig_2222	1	462	0	0	0	0	0	0
dDocent_Contig_2228	1	390	0	0	0	0	0	0
dDocent_Contig_2236	1	364	0	0	0	0	0	0
dDocent_Contig_2241	1	415	0	0	0	0	0	0
dDocent_Contig_2246	1	299	0	0	0	0	0	0
dDocent_Contig_2247	1	395	0	0	0	0	0	0
dDocent_Contig_2251	1	421	0	0	0	0	0	0
dDocent_Contig_2256	1	470	0	0	0	0	0	0
dDocent_Contig_2276	1	390	0	0	0	0	0	0
dDocent_Contig_2277	1	413	0	0	0	0	0	0
dDocent_Contig_2300	1	403	0	0	0	0	0	0
dDocent_Contig_2304	1	362	0	0	0	0	0	0
dDocent_Contig_2311	1	287	0	0	0	0	0	0
dDocent_Contig_2318	1	370	0	0	0	0	0	0
dDocent_Contig_2319	1	399	0	0	0	0	0	0
dDocent_Contig_2324	1	421	0	0	0	0	0	0
dDocent_Contig_2326	1	358	0	0	0	0	0	0
dDocent_Contig_2330	1	411	0	0	0	0	0	0
dDocent_Contig_2331	1	513	0	0	0	0	0	0
dDocent_Contig_2339	1	504	0	0	0	0	0	0
dDocent_Contig_2342	1	382	0	0	0	0	0	0
dDocent_Contig_2346	1	409	0	0	0	0	0	0
dDocent_Contig_2349	1	316	0	0	0	0	0	0
dDocent_Contig_2370	1	338	0	0	0	0	0	0
dDocent_Contig_2371	1	274	0	0	0	0	0	0
dDocent_Contig_2380	1	336	0	0	0	0	0	0
dDocent_Contig_2382	1	394	0	0	0	0	0	0
dDocent_Contig_2402	1	415	0	0	0	0	0	0
dDocent_Contig_2421	1	330	0	0	0	0	0	0
dDocent_Contig_2422	1	333	0	0	0	0	0	0
dDocent_Contig_2429	1	388	0	0	0	0	0	0
dDocent_Contig_2430	1	380	0	0	0	0	0	0
dDocent_Contig_2439	1	305	0	0	0	0	0	0
dDocent_Contig_2441	1	425	0	0	0	0	0	0
dDocent_Contig_2442	1	284	0	0	0	0	0	0
dDocent_Contig_2444	1	357	0	0	0	0	0	0
dDocent_Contig_2445	1	366	0	0	0	0	0	0
dDocent_Contig_2446	1	435	0	0	0	0	0	0
dDocent_Contig_2451	1	451	0	0	0	0	0	0
dDocent_Contig_2453	1	391	0	0	0	0	0	0
dDocent_Contig_2456	1	385	0	0	0	0	0	0
dDocent_Contig_2463	1	388	0	0	0	0	0	0
dDocent_Contig_2465	1	373	0	0	0	0	0	0
dDocent_Contig_2484	1	298	0	0	0	0	0	0
dDocent_Contig_2509	1	401	0	0	0	0	0	0
dDocent_Contig_2513	1	440	0	0	0	0	0	0
dDocent_Contig_2514	1	234	0	0	0	0	0	0
dDocent_Contig_2521	1	424	0	0	0	0	0	0
dDocent_Contig_2522	1	363	0	0	0	0	0	0
dDocent_Contig_2523	1	437	0	0	0	0	0	0
dDocent_Contig_2524	1	402	0	0	0	0	0	0
dDocent_Contig_2579	1	370	0	0	0	0	0	0
dDocent_Contig_2586	1	390	0	0	0	0	0	0
dDocent_Contig_2591	1	367	0	0	0	0	0	0
dDocent_Contig_2600	1	327	0	0	0	0	0	0
dDocent_Contig_2602	1	435	0	0	0	0	0	0
dDocent_Contig_2616	1	329	0	0	0	0	0	0
dDocent_Contig_2638	1	384	0	0	0	0	0	0
dDocent_Contig_2640	1	400	0	0	0	0	0	0
dDocent_Contig_2641	1	350	0	0	0	0	0	0
dDocent_Contig_2642	1	465	0	0	0	0	0	0
dDocent_Contig_2648	1	380	0	0	0	0	0	0
dDocent_Contig_2655	1	340	0	0	0	0	0	0
dDocent_Contig_2680	1	343	0	0	0	0	0	0
dDocent_Contig_2682	1	351	0	0	0	0	0	0
dDocent_Contig_2684	1	355	0	0	0	0	0	0
dDocent_Contig_2685	1	315	0	0	0	0	0	0
dDocent_Contig_2690	1	373	0	0	0	0	0	0
dDocent_Contig_2691	1	301	0	0	0	0	0	0
dDocent_Contig_2696	1	401	0	0	0	0	0	0
dDocent_Contig_2697	1	283	0	0	0	0	0	0
dDocent_Contig_2700	1	481	0	0	0	0	0	0
dDocent_Contig_2719	1	421	0	0	0	0	0	0
dDocent_Contig_2728	1	320	0	0	0	0	0	0
dDocent_Contig_2736	1	301	0	0	0	0	0	0
dDocent_Contig_2740	1	306	0	0	0	0	0	0
dDocent_Contig_2741	1	302	0	0	0	0	0	0
dDocent_Contig_2746	1	434	0	0	0	0	0	0
dDocent_Contig_2769	1	373	0	0	0	0	0	0
dDocent_Contig_2772	1	381	0	0	0	0	0	0
dDocent_Contig_2775	1	431	0	0	0	0	0	0
dDocent_Contig_2781	1	323	0	0	0	0	0	0
dDocent_Contig_2795	1	407	0	0	0	0	0	0
dDocent_Contig_2797	1	468	0	0	0	0	0	0
dDocent_Contig_2799	1	359	0	0	0	0	0	0
dDocent_Contig_2800	1	367	0	0	0	0	0	0
dDocent_Contig_2802	1	352	0	0	0	0	0	0
dDocent_Contig_2806	1	325	0	0	0	0	0	0
dDocent_Contig_2808	1	304	0	0	0	0	0	0
dDocent_Contig_2811	1	371	0	0	0	0	0	0
dDocent_Contig_2822	1	371	0	0	0	0	0	0
dDocent_Contig_2824	1	332	0	0	0	0	0	0
dDocent_Contig_2828	1	362	0	0	0	0	0	0
dDocent_Contig_2830	1	396	0	0	0	0	0	0
dDocent_Contig_2833	1	380	0	0	0	0	0	0
dDocent_Contig_2834	1	243	0	0	0	0	0	0
dDocent_Contig_2835	1	397	0	0	0	0	0	0
dDocent_Contig_2841	1	409	0	0	0	0	0	0
dDocent_Contig_2843	1	466	0	0	0	0	0	0
dDocent_Contig_2851	1	364	0	0	0	0	0	0
dDocent_Contig_2854	1	345	0	0	0	0	0	0
dDocent_Contig_2861	1	367	0	0	0	0	0	0
dDocent_Contig_2863	1	486	0	0	0	0	0	0
dDocent_Contig_2867	1	410	0	0	0	0	0	0
dDocent_Contig_2868	1	279	0	0	0	0	0	0
dDocent_Contig_2872	1	364	0	0	0	0	0	0
dDocent_Contig_2873	1	494	0	0	0	0	0	0
dDocent_Contig_2875	1	373	0	0	0	0	0	0
dDocent_Contig_2882	1	384	0	0	0	0	0	0
dDocent_Contig_2886	1	310	0	0	0	0	0	0
dDocent_Contig_2890	1	399	0	0	0	0	0	0
dDocent_Contig_2893	1	412	0	0	0	0	0	0
dDocent_Contig_2895	1	442	0	0	0	0	0	0
dDocent_Contig_2897	1	424	0	0	0	0	0	0
dDocent_Contig_2904	1	310	0	0	0	0	0	0
dDocent_Contig_2911	1	329	0	0	0	0	0	0
dDocent_Contig_2912	1	405	0	0	0	0	0	0
dDocent_Contig_2922	1	353	0	0	0	0	0	0
dDocent_Contig_2923	1	451	0	0	0	0	0	0
dDocent_Contig_2928	1	330	0	0	0	0	0	0
dDocent_Contig_2929	1	354	0	0	0	0	0	0
dDocent_Contig_2935	1	408	0	0	0	0	0	0
dDocent_Contig_2941	1	410	0	0	0	0	0	0
dDocent_Contig_2946	1	412	0	0	0	0	0	0
dDocent_Contig_2951	1	363	0	0	0	0	0	0
dDocent_Contig_2952	1	226	0	0	0	0	0	0
dDocent_Contig_2954	1	475	0	0	0	0	0	0
dDocent_Contig_2957	1	389	0	0	0	0	0	0
dDocent_Contig_2958	1	278	0	0	0	0	0	0
dDocent_Contig_2959	1	316	0	0	0	0	0	0
dDocent_Contig_2962	1	375	0	0	0	0	0	0
dDocent_Contig_2967	1	380	0	0	0	0	0	0
dDocent_Contig_2976	1	364	0	0	0	0	0	0
dDocent_Contig_2980	1	428	0	0	0	0	0	0
dDocent_Contig_2982	1	233	0	0	0	0	0	0
dDocent_Contig_2987	1	453	0	0	0	0	0	0
dDocent_Contig_2990	1	362	0	0	0	0	0	0
dDocent_Contig_2999	1	307	0	0	0	0	0	0
dDocent_Contig_3001	1	250	0	0	0	0	0	0
dDocent_Contig_3002	1	405	0	0	0	0	0	0
dDocent_Contig_3004	1	451	0	0	0	0	0	0
dDocent_Contig_3006	1	321	0	0	0	0	0	0
dDocent_Contig_3008	1	400	0	0	0	0	0	0
dDocent_Contig_3010	1	319	0	0	0	0	0	0
dDocent_Contig_3031	1	397	0	0	0	0	0	0
dDocent_Contig_3034	1	406	0	0	0	0	0	0
dDocent_Contig_3037	1	417	0	0	0	0	0	0
dDocent_Contig_3040	1	306	0	0	0	0	0	0
dDocent_Contig_3041	1	372	0	0	0	0	0	0
dDocent_Contig_3043	1	363	0	0	0	0	0	0
dDocent_Contig_3044	1	431	0	0	0	0	0	0
dDocent_Contig_3050	1	445	0	0	0	0	0	0
dDocent_Contig_3053	1	415	0	0	0	0	0	0
dDocent_Contig_3055	1	332	0	0	0	0	0	0
dDocent_Contig_3056	1	339	0	0	0	0	0	0
dDocent_Contig_3060	1	359	0	0	0	0	0	0
dDocent_Contig_3061	1	259	0	0	0	0	0	0
dDocent_Contig_3085	1	392	0	0	0	0	0	0
dDocent_Contig_3088	1	351	0	0	0	0	0	0
dDocent_Contig_3097	1	414	0	0	0	0	0	0
dDocent_Contig_3098	1	409	0	0	0	0	0	0
dDocent_Contig_3102	1	444	0	0	0	0	0	0
dDocent_Contig_3103	1	320	0	0	0	0	0	0
dDocent_Contig_3110	1	332	0	0	0	0	0	0
dDocent_Contig_3117	1	360	0	0	0	0	0	0
dDocent_Contig_3142	1	358	0	0	0	0	0	0
dDocent_Contig_3144	1	384	0	0	0	0	0	0
dDocent_Contig_3145	1	396	0	0	0	0	0	0
dDocent_Contig_3146	1	410	0	0	0	0	0	0
dDocent_Contig_3148	1	382	0	0	0	0	0	0
dDocent_Contig_3151	1	387	0	0	0	0	0	0
dDocent_Contig_3152	1	406	0	0	0	0	0	0
dDocent_Contig_3156	1	330	0	0	0	0	0	0
dDocent_Contig_3160	1	368	0	0	0	0	0	0
dDocent_Contig_3178	1	378	0	0	0	0	0	0
dDocent_Contig_3185	1	344	0	0	0	0	0	0
dDocent_Contig_3186	1	410	0	0	0	0	0	0
dDocent_Contig_3188	1	487	0	0	0	0	0	0
dDocent_Contig_3189	1	383	0	0	0	0	0	0
dDocent_Contig_3205	1	392	0	0	0	0	0	0
dDocent_Contig_3207	1	332	0	0	0	0	0	0
dDocent_Contig_3208	1	358	0	0	0	0	0	0
dDocent_Contig_3211	1	411	0	0	0	0	0	0
dDocent_Contig_3212	1	313	0	0	0	0	0	0
dDocent_Contig_3213	1	511	0	0	0	0	0	0
dDocent_Contig_3219	1	314	0	0	0	0	0	0
dDocent_Contig_3224	1	249	0	0	0	0	0	0
dDocent_Contig_3227	1	304	0	0	0	0	0	0
dDocent_Contig_3229	1	322	0	0	0	0	0	0
dDocent_Contig_3231	1	286	0	0	0	0	0	0
dDocent_Contig_3233	1	382	0	0	0	0	0	0
dDocent_Contig_3234	1	466	0	0	0	0	0	0
dDocent_Contig_3235	1	360	0	0	0	0	0	0
dDocent_Contig_3237	1	349	0	0	0	0	0	0
dDocent_Contig_3238	1	373	0	0	0	0	0	0
dDocent_Contig_3241	1	390	0	0	0	0	0	0
dDocent_Contig_3242	1	224	0	0	0	0	0	0
dDocent_Contig_3243	1	380	0	0	0	0	0	0
dDocent_Contig_3244	1	452	0	0	0	0	0	0
dDocent_Contig_3253	1	278	0	0	0	0	0	0
dDocent_Contig_3264	1	362	0	0	0	0	0	0
dDocent_Contig_3265	1	379	0	0	0	0	0	0
dDocent_Contig_3268	1	382	0	0	0	0	0	0
dDocent_Contig_3269	1	327	0	0	0	0	0	0
dDocent_Contig_3273	1	358	0	0	0	0	0	0
dDocent_Contig_3276	1	398	0	0	0	0	0	0
dDocent_Contig_3280	1	301	0	0	0	0	0	0
dDocent_Contig_3283	1	408	0	0	0	0	0	0
dDocent_Contig_3285	1	292	0	0	0	0	0	0
dDocent_Contig_3286	1	393	0	0	0	0	0	0
dDocent_Contig_3288	1	348	0	0	0	0	0	0
dDocent_Contig_3298	1	252	0	0	0	0	0	0
dDocent_Contig_3303	1	369	0	0	0	0	0	0
dDocent_Contig_3307	1	356	0	0	0	0	0	0
dDocent_Contig_3310	1	360	0	0	0	0	0	0
dDocent_Contig_3313	1	506	0	0	0	0	0	0
dDocent_Contig_3316	1	441	0	0	0	0	0	0
dDocent_Contig_3318	1	346	0	0	0	0	0	0
dDocent_Contig_3321	1	360	0	0	0	0	0	0
dDocent_Contig_3324	1	393	0	0	0	0	0	0
dDocent_Contig_3325	1	437	0	0	0	0	0	0
dDocent_Contig_3326	1	425	0	0	0	0	0	0
dDocent_Contig_3336	1	319	0	0	0	0	0	0
dDocent_Contig_3347	1	424	0	0	0	0	0	0
dDocent_Contig_3358	1	449	0	0	0	0	0	0
dDocent_Contig_3360	1	353	0	0	0	0	0	0
dDocent_Contig_3366	1	443	0	0	0	0	0	0
dDocent_Contig_3370	1	419	0	0	0	0	0	0
dDocent_Contig_3371	1	425	0	0	0	0	0	0
dDocent_Contig_3374	1	440	0	0	0	0	0	0
dDocent_Contig_3379	1	381	0	0	0	0	0	0
dDocent_Contig_3384	1	420	0	0	0	0	0	0
dDocent_Contig_3386	1	345	0	0	0	0	0	0
dDocent_Contig_3388	1	367	0	0	0	0	0	0
dDocent_Contig_3400	1	416	0	0	0	0	0	0
dDocent_Contig_3404	1	387	0	0	0	0	0	0
dDocent_Contig_3424	1	310	0	0	0	0	0	0
dDocent_Contig_3437	1	402	0	0	0	0	0	0
dDocent_Contig_3442	1	386	0	0	0	0	0	0
dDocent_Contig_3445	1	432	0	0	0	0	0	0
dDocent_Contig_3446	1	316	0	0	0	0	0	0
dDocent_Contig_3447	1	293	0	0	0	0	0	0
dDocent_Contig_3448	1	317	0	0	0	0	0	0
dDocent_Contig_3455	1	258	0	0	0	0	0	0
dDocent_Contig_3470	1	295	0	0	0	0	0	0
dDocent_Contig_3471	1	351	0	0	0	0	0	0
dDocent_Contig_3477	1	316	0	0	0	0	0	0
dDocent_Contig_3478	1	332	0	0	0	0	0	0
dDocent_Contig_3479	1	336	0	0	0	0	0	0
dDocent_Contig_3488	1	427	0	0	0	0	0	0
dDocent_Contig_3491	1	321	0	0	0	0	0	0
dDocent_Contig_3496	1	407	0	0	0	0	0	0
dDocent_Contig_3502	1	330	0	0	0	0	0	0
dDocent_Contig_3512	1	359	0	0	0	0	0	0
dDocent_Contig_3514	1	418	0	0	0	0	0	0
dDocent_Contig_3515	1	356	0	0	0	0	0	0
dDocent_Contig_3516	1	396	0	0	0	0	0	0
dDocent_Contig_3517	1	346	0	0	0	0	0	0
dDocent_Contig_3521	1	286	0	0	0	0	0	0
dDocent_Contig_3522	1	382	0	0	0	0	0	0
dDocent_Contig_3531	1	401	0	0	0	0	0	0
dDocent_Contig_3535	1	256	0	0	0	0	0	0
dDocent_Contig_3539	1	260	0	0	0	0	0	0
dDocent_Contig_3545	1	395	0	0	0	0	0	0
dDocent_Contig_3547	1	275	0	0	0	0	0	0
dDocent_Contig_3549	1	491	0	0	0	0	0	0
dDocent_Contig_3550	1	409	0	0	0	0	0	0
dDocent_Contig_3559	1	278	0	0	0	0	0	0
dDocent_Contig_3560	1	436	0	0	0	0	0	0
dDocent_Contig_3563	1	457	0	0	0	0	0	0
dDocent_Contig_3566	1	274	0	0	0	0	0	0
dDocent_Contig_3573	1	280	0	0	0	0	0	0
dDocent_Contig_3574	1	340	0	0	0	0	0	0
dDocent_Contig_3577	1	430	0	0	0	0	0	0
dDocent_Contig_3687	1	412	0	0	0	0	0	0
dDocent_Contig_3735	1	491	0	0	0	0	0	0
dDocent_Contig_3737	1	293	0	0	0	0	0	0
dDocent_Contig_3751	1	345	0	0	0	0	0	0
dDocent_Contig_3753	1	327	0	0	0	0	0	0
dDocent_Contig_3760	1	425	0	0	0	0	0	0
dDocent_Contig_3761	1	490	0	0	0	0	0	0
dDocent_Contig_3770	1	412	0	0	0	0	0	0
dDocent_Contig_3782	1	345	0	0	0	0	0	0
dDocent_Contig_3787	1	420	0	0	0	0	0	0
dDocent_Contig_3789	1	425	0	0	0	0	0	0
dDocent_Contig_3790	1	265	0	0	0	0	0	0
dDocent_Contig_3792	1	453	0	0	0	0	0	0
dDocent_Contig_3794	1	408	0	0	0	0	0	0
dDocent_Contig_3798	1	389	0	0	0	0	0	0
dDocent_Contig_3805	1	417	0	0	0	0	0	0
dDocent_Contig_3807	1	297	0	0	0	0	0	0
dDocent_Contig_3809	1	360	0	0	0	0	0	0
dDocent_Contig_3830	1	373	0	0	0	0	0	0
dDocent_Contig_3845	1	349	0	0	0	0	0	0
dDocent_Contig_3889	1	251	0	0	0	0	0	0
dDocent_Contig_3891	1	388	0	0	0	0	0	0
dDocent_Contig_3897	1	241	0	0	0	0	0	0
dDocent_Contig_3901	1	332	0	0	0	0	0	0
dDocent_Contig_3902	1	357	0	0	0	0	0	0
dDocent_Contig_3905	1	412	0	0	0	0	0	0
dDocent_Contig_3908	1	496	0	0	0	0	0	0
dDocent_Contig_3923	1	352	0	0	0	0	0	0
dDocent_Contig_3931	1	346	0	0	0	0	0	0
dDocent_Contig_3937	1	448	0	0	0	0	0	0
dDocent_Contig_3950	1	399	0	0	0	0	0	0
dDocent_Contig_3967	1	438	0	0	0	0	0	0
dDocent_Contig_3976	1	440	0	0	0	0	0	0
dDocent_Contig_3977	1	456	0	0	0	0	0	0
dDocent_Contig_3978	1	421	0	0	0	0	0	0
dDocent_Contig_3998	1	341	0	0	0	0	0	0
dDocent_Contig_4010	1	382	0	0	0	0	0	0
dDocent_Contig_4015	1	290	0	0	0	0	0	0
dDocent_Contig_4026	1	514	0	0	0	0	0	0
dDocent_Contig_4029	1	447	0	0	0	0	0	0
dDocent_Contig_4031	1	355	0	0	0	0	0	0
dDocent_Contig_4067	1	305	0	0	0	0	0	0
dDocent_Contig_4084	1	360	0	0	0	0	0	0
dDocent_Contig_4102	1	404	0	0	0	0	0	0
dDocent_Contig_4105	1	297	0	0	0	0	0	0
dDocent_Contig_4116	1	296	0	0	0	0	0	0
dDocent_Contig_4117	1	446	0	0	0	0	0	0
dDocent_Contig_4121	1	284	0	0	0	0	0	0
dDocent_Contig_4130	1	388	0	0	0	0	0	0
dDocent_Contig_4140	1	382	0	0	0	0	0	0
dDocent_Contig_4158	1	375	0	0	0	0	0	0
dDocent_Contig_4175	1	387	0	0	0	0	0	0
dDocent_Contig_4183	1	265	0	0	0	0	0	0
dDocent_Contig_4184	1	408	0	0	0	0	0	0
dDocent_Contig_4186	1	301	0	0	0	0	0	0
dDocent_Contig_4194	1	343	0	0	0	0	0	0
dDocent_Contig_4198	1	446	0	0	0	0	0	0
dDocent_Contig_4207	1	378	0	0	0	0	0	0
dDocent_Contig_4211	1	355	0	0	0	0	0	0
dDocent_Contig_4215	1	387	0	0	0	0	0	0
dDocent_Contig_4223	1	435	0	0	0	0	0	0
dDocent_Contig_4249	1	461	0	0	0	0	0	0
dDocent_Contig_4259	1	338	0	0	0	0	0	0
dDocent_Contig_4262	1	336	0	0	0	0	0	0
dDocent_Contig_4267	1	384	0	0	0	0	0	0
dDocent_Contig_4269	1	412	0	0	0	0	0	0
dDocent_Contig_4274	1	310	0	0	0	0	0	0
dDocent_Contig_4286	1	447	0	0	0	0	0	0
dDocent_Contig_4295	1	483	0	0	0	0	0	0
dDocent_Contig_4297	1	340	0	0	0	0	0	0
dDocent_Contig_4299	1	281	0	0	0	0	0	0
dDocent_Contig_4303	1	381	0	0	0	0	0	0
dDocent_Contig_4324	1	285	0	0	0	0	0	0
dDocent_Contig_4342	1	324	0	0	0	0	0	0
dDocent_Contig_4345	1	486	0	0	0	0	0	0
dDocent_Contig_4348	1	363	0	0	0	0	0	0
dDocent_Contig_4365	1	303	0	0	0	0	0	0
dDocent_Contig_4373	1	321	0	0	0	0	0	0
dDocent_Contig_4375	1	476	0	0	0	0	0	0
dDocent_Contig_4389	1	384	0	0	0	0	0	0
dDocent_Contig_4391	1	395	0	0	0	0	0	0
dDocent_Contig_4393	1	495	0	0	0	0	0	0
dDocent_Contig_4403	1	467	0	0	0	0	0	0
dDocent_Contig_4417	1	388	0	0	0	0	0	0
dDocent_Contig_4422	1	405	0	0	0	0	0	0
dDocent_Contig_4426	1	346	0	0	0	0	0	0
dDocent_Contig_4435	1	409	0	0	0	0	0	0
dDocent_Contig_4453	1	340	0	0	0	0	0	0
dDocent_Contig_4455	1	384	0	0	0	0	0	0
dDocent_Contig_4494	1	339	0	0	0	0	0	0
dDocent_Contig_4509	1	393	0	0	0	0	0	0
dDocent_Contig_4510	1	325	0	0	0	0	0	0
dDocent_Contig_4515	1	449	0	0	0	0	0	0
dDocent_Contig_4528	1	324	0	0	0	0	0	0
dDocent_Contig_4535	1	454	0	0	0	0	0	0
dDocent_Contig_4541	1	388	0	0	0	0	0	0
dDocent_Contig_4557	1	354	0	0	0	0	0	0
dDocent_Contig_4561	1	429	0	0	0	0	0	0
dDocent_Contig_4562	1	422	0	0	0	0	0	0
dDocent_Contig_4586	1	289	0	0	0	0	0	0
dDocent_Contig_4588	1	352	0	0	0	0	0	0
dDocent_Contig_4616	1	519	0	0	0	0	0	0
dDocent_Contig_4622	1	395	0	0	0	0	0	0
dDocent_Contig_4630	1	399	0	0	0	0	0	0
dDocent_Contig_4666	1	418	0	0	0	0	0	0
dDocent_Contig_4667	1	400	0	0	0	0	0	0
dDocent_Contig_4679	1	399	0	0	0	0	0	0
dDocent_Contig_4680	1	363	0	0	0	0	0	0
dDocent_Contig_4691	1	352	0	0	0	0	0	0
dDocent_Contig_4705	1	348	0	0	0	0	0	0
dDocent_Contig_4707	1	372	0	0	0	0	0	0
dDocent_Contig_4716	1	418	0	0	0	0	0	0
dDocent_Contig_4735	1	414	0	0	0	0	0	0
dDocent_Contig_4738	1	348	0	0	0	0	0	0
dDocent_Contig_4743	1	419	0	0	0	0	0	0
dDocent_Contig_4787	1	388	0	0	0	0	0	0
dDocent_Contig_4801	1	256	0	0	0	0	0	0
dDocent_Contig_4811	1	368	0	0	0	0	0	0
dDocent_Contig_4815	1	386	0	0	0	0	0	0
dDocent_Contig_4816	1	373	0	0	0	0	0	0
dDocent_Contig_4817	1	359	0	0	0	0	0	0
dDocent_Contig_4818	1	435	0	0	0	0	0	0
dDocent_Contig_4828	1	272	0	0	0	0	0	0
dDocent_Contig_4830	1	360	0	0	0	0	0	0
dDocent_Contig_4833	1	410	0	0	0	0	0	0
dDocent_Contig_4836	1	378	0	0	0	0	0	0
dDocent_Contig_4871	1	392	0	0	0	0	0	0
dDocent_Contig_4877	1	273	0	0	0	0	0	0
dDocent_Contig_4894	1	402	0	0	0	0	0	0
dDocent_Contig_4918	1	418	0	0	0	0	0	0
dDocent_Contig_4928	1	414	0	0	0	0	0	0
dDocent_Contig_4931	1	441	0	0	0	0	0	0
dDocent_Contig_4937	1	388	0	0	0	0	0	0
dDocent_Contig_4942	1	446	0	0	0	0	0	0
dDocent_Contig_4943	1	382	0	0	0	0	0	0
dDocent_Contig_4944	1	477	0	0	0	0	0	0
dDocent_Contig_4958	1	401	0	0	0	0	0	0
dDocent_Contig_4967	1	501	0	0	0	0	0	0
dDocent_Contig_4969	1	412	0	0	0	0	0	0
dDocent_Contig_5009	1	388	0	0	0	0	0	0
dDocent_Contig_5010	1	427	0	0	0	0	0	0
dDocent_Contig_5012	1	430	0	0	0	0	0	0
dDocent_Contig_5015	1	401	0	0	0	0	0	0
dDocent_Contig_5027	1	283	0	0	0	0	0	0
dDocent_Contig_5030	1	405	0	0	0	0	0	0
dDocent_Contig_5033	1	308	0	0	0	0	0	0
dDocent_Contig_5040	1	360	0	0	0	0	0	0
dDocent_Contig_5043	1	452	0	0	0	0	0	0
dDocent_Contig_5045	1	416	0	0	0	0	0	0
dDocent_Contig_5047	1	372	0	0	0	0	0	0
dDocent_Contig_5053	1	374	0	0	0	0	0	0
dDocent_Contig_5056	1	438	0	0	0	0	0	0
dDocent_Contig_5064	1	372	0	0	0	0	0	0
dDocent_Contig_5070	1	391	0	0	0	0	0	0
dDocent_Contig_5072	1	479	0	0	0	0	0	0
dDocent_Contig_5074	1	375	0	0	0	0	0	0
dDocent_Contig_5081	1	352	0	0	0	0	0	0
dDocent_Contig_5088	1	366	0	0	0	0	0	0
dDocent_Contig_5091	1	413	0	0	0	0	0	0
dDocent_Contig_5106	1	381	0	0	0	0	0	0
dDocent_Contig_5126	1	442	0	0	0	0	0	0
dDocent_Contig_5130	1	305	0	0	0	0	0	0
dDocent_Contig_5138	1	441	0	0	0	0	0	0
dDocent_Contig_5144	1	394	0	0	0	0	0	0
dDocent_Contig_5155	1	334	0	0	0	0	0	0
dDocent_Contig_5191	1	303	0	0	0	0	0	0
dDocent_Contig_5192	1	493	0	0	0	0	0	0
dDocent_Contig_5209	1	364	0	0	0	0	0	0
dDocent_Contig_5213	1	480	0	0	0	0	0	0
dDocent_Contig_5216	1	463	0	0	0	0	0	0
dDocent_Contig_5219	1	446	0	0	0	0	0	0
dDocent_Contig_5221	1	407	0	0	0	0	0	0
dDocent_Contig_5235	1	413	0	0	0	0	0	0
dDocent_Contig_5236	1	354	0	0	0	0	0	0
dDocent_Contig_5237	1	434	0	0	0	0	0	0
dDocent_Contig_5246	1	365	0	0	0	0	0	0
dDocent_Contig_5249	1	399	0	0	0	0	0	0
dDocent_Contig_5280	1	433	0	0	0	0	0	0
dDocent_Contig_5284	1	488	0	0	0	0	0	0
dDocent_Contig_5292	1	390	0	0	0	0	0	0
dDocent_Contig_5295	1	435	0	0	0	0	0	0
dDocent_Contig_5299	1	377	0	0	0	0	0	0
dDocent_Contig_5311	1	413	0	0	0	0	0	0
dDocent_Contig_5318	1	342	0	0	0	0	0	0
dDocent_Contig_5324	1	390	0	0	0	0	0	0
dDocent_Contig_5334	1	394	0	0	0	0	0	0
dDocent_Contig_5357	1	355	0	0	0	0	0	0
dDocent_Contig_5358	1	337	0	0	0	0	0	0
dDocent_Contig_5366	1	454	0	0	0	0	0	0
dDocent_Contig_5378	1	374	0	0	0	0	0	0
dDocent_Contig_5398	1	336	0	0	0	0	0	0
dDocent_Contig_5399	1	478	0	0	0	0	0	0
dDocent_Contig_5408	1	376	0	0	0	0	0	0
dDocent_Contig_5416	1	454	0	0	0	0	0	0
dDocent_Contig_5419	1	328	0	0	0	0	0	0
dDocent_Contig_5424	1	240	0	0	0	0	0	0
dDocent_Contig_5441	1	380	0	0	0	0	0	0
dDocent_Contig_5444	1	264	0	0	0	0	0	0
dDocent_Contig_5451	1	507	0	0	0	0	0	0
dDocent_Contig_5454	1	337	0	0	0	0	0	0
dDocent_Contig_5458	1	351	0	0	0	0	0	0
dDocent_Contig_5467	1	496	0	0	0	0	0	0
dDocent_Contig_5473	1	311	0	0	0	0	0	0
dDocent_Contig_5474	1	402	0	0	0	0	0	0
dDocent_Contig_5484	1	383	0	0	0	0	0	0
dDocent_Contig_5500	1	284	0	0	0	0	0	0
dDocent_Contig_5504	1	411	0	0	0	0	0	0
dDocent_Contig_5506	1	273	0	0	0	0	0	0
dDocent_Contig_5525	1	330	0	0	0	0	0	0
dDocent_Contig_5557	1	433	0	0	0	0	0	0
dDocent_Contig_5558	1	397	0	0	0	0	0	0
dDocent_Contig_5563	1	358	0	0	0	0	0	0
dDocent_Contig_5568	1	422	0	0	0	0	0	0
dDocent_Contig_5570	1	310	0	0	0	0	0	0
dDocent_Contig_5574	1	380	0	0	0	0	0	0
dDocent_Contig_5580	1	355	0	0	0	0	0	0
dDocent_Contig_5591	1	302	0	0	0	0	0	0
dDocent_Contig_5604	1	394	0	0	0	0	0	0
dDocent_Contig_5605	1	414	0	0	0	0	0	0
dDocent_Contig_5607	1	458	0	0	0	0	0	0
dDocent_Contig_5610	1	457	0	0	0	0	0	0
dDocent_Contig_5622	1	401	0	0	0	0	0	0
dDocent_Contig_5633	1	443	0	0	0	0	0	0
dDocent_Contig_5637	1	394	0	0	0	0	0	0
dDocent_Contig_5650	1	421	0	0	0	0	0	0
dDocent_Contig_5664	1	456	0	0	0	0	0	0
dDocent_Contig_5666	1	326	0	0	0	0	0	0
dDocent_Contig_5681	1	375	0	0	0	0	0	0
dDocent_Contig_5689	1	271	0	0	0	0	0	0
dDocent_Contig_5700	1	505	0	0	0	0	0	0
dDocent_Contig_5716	1	416	0	0	0	0	0	0
dDocent_Contig_5722	1	391	0	0	0	0	0	0
dDocent_Contig_5723	1	355	0	0	0	0	0	0
dDocent_Contig_5734	1	387	0	0	0	0	0	0
dDocent_Contig_5738	1	414	0	0	0	0	0	0
dDocent_Contig_5740	1	301	0	0	0	0	0	0
dDocent_Contig_5743	1	384	0	0	0	0	0	0
dDocent_Contig_5753	1	385	0	0	0	0	0	0
dDocent_Contig_5756	1	326	0	0	0	0	0	0
dDocent_Contig_5767	1	309	0	0	0	0	0	0
dDocent_Contig_5781	1	352	0	0	0	0	0	0
dDocent_Contig_5792	1	462	0	0	0	0	0	0
dDocent_Contig_5799	1	386	0	0	0	0	0	0
dDocent_Contig_5805	1	495	0	0	0	0	0	0
dDocent_Contig_5808	1	376	0	0	0	0	0	0
dDocent_Contig_5809	1	459	0	0	0	0	0	0
dDocent_Contig_5810	1	333	0	0	0	0	0	0
dDocent_Contig_5822	1	339	0	0	0	0	0	0
dDocent_Contig_5825	1	462	0	0	0	0	0	0
dDocent_Contig_5828	1	326	0	0	0	0	0	0
dDocent_Contig_5835	1	440	0	0	0	0	0	0
dDocent_Contig_5841	1	383	0	0	0	0	0	0
dDocent_Contig_5843	1	387	0	0	0	0	0	0
dDocent_Contig_5845	1	383	0	0	0	0	0	0
dDocent_Contig_5872	1	358	0	0	0	0	0	0
dDocent_Contig_5874	1	300	0	0	0	0	0	0
dDocent_Contig_5876	1	396	0	0	0	0	0	0
dDocent_Contig_5892	1	398	0	0	0	0	0	0
dDocent_Contig_5897	1	342	0	0	0	0	0	0
dDocent_Contig_5920	1	408	0	0	0	0	0	0
dDocent_Contig_5928	1	449	0	0	0	0	0	0
dDocent_Contig_5929	1	306	0	0	0	0	0	0
dDocent_Contig_5945	1	400	0	0	0	0	0	0
dDocent_Contig_5957	1	312	0	0	0	0	0	0
dDocent_Contig_5960	1	398	0	0	0	0	0	0
dDocent_Contig_5970	1	387	0	0	0	0	0	0
dDocent_Contig_5978	1	338	0	0	0	0	0	0
dDocent_Contig_5981	1	458	0	0	0	0	0	0
dDocent_Contig_5985	1	479	0	0	0	0	0	0
dDocent_Contig_5989	1	335	0	0	0	0	0	0
dDocent_Contig_5990	1	430	0	0	0	0	0	0
dDocent_Contig_5991	1	451	0	0	0	0	0	0
dDocent_Contig_6000	1	463	0	0	0	0	0	0
dDocent_Contig_6008	1	492	0	0	0	0	0	0
dDocent_Contig_6009	1	380	0	0	0	0	0	0
dDocent_Contig_6035	1	488	0	0	0	0	0	0
dDocent_Contig_6044	1	454	0	0	0	0	0	0
dDocent_Contig_6066	1	375	0	0	0	0	0	0
dDocent_Contig_6072	1	386	0	0	0	0	0	0
dDocent_Contig_6078	1	456	0	0	0	0	0	0
dDocent_Contig_6082	1	345	0	0	0	0	0	0
dDocent_Contig_6111	1	378	0	0	0	0	0	0
dDocent_Contig_6117	1	441	0	0	0	0	0	0
dDocent_Contig_6119	1	237	0	0	0	0	0	0
dDocent_Contig_6153	1	298	0	0	0	0	0	0
dDocent_Contig_6164	1	431	0	0	0	0	0	0
dDocent_Contig_6169	1	364	0	0	0	0	0	0
dDocent_Contig_6174	1	368	0	0	0	0	0	0
dDocent_Contig_6179	1	339	0	0	0	0	0	0
dDocent_Contig_6183	1	271	0	0	0	0	0	0
dDocent_Contig_6184	1	316	0	0	0	0	0	0
dDocent_Contig_6197	1	343	0	0	0	0	0	0
dDocent_Contig_6201	1	279	0	0	0	0	0	0
dDocent_Contig_6204	1	426	0	0	0	0	0	0
dDocent_Contig_6247	1	419	0	0	0	0	0	0
dDocent_Contig_6249	1	468	0	0	0	0	0	0
dDocent_Contig_6252	1	386	0	0	0	0	0	0
dDocent_Contig_6256	1	420	0	0	0	0	0	0
dDocent_Contig_6274	1	490	0	0	0	0	0	0
dDocent_Contig_6279	1	435	0	0	0	0	0	0
dDocent_Contig_6292	1	274	0	0	0	0	0	0
dDocent_Contig_6294	1	454	0	0	0	0	0	0
dDocent_Contig_6299	1	345	0	0	0	0	0	0
dDocent_Contig_6301	1	433	0	0	0	0	0	0
dDocent_Contig_6308	1	360	0	0	0	0	0	0
dDocent_Contig_6309	1	425	0	0	0	0	0	0
dDocent_Contig_6313	1	402	0	0	0	0	0	0
dDocent_Contig_6315	1	383	0	0	0	0	0	0
dDocent_Contig_6320	1	268	0	0	0	0	0	0
dDocent_Contig_6322	1	381	0	0	0	0	0	0
dDocent_Contig_6323	1	227	0	0	0	0	0	0
dDocent_Contig_6328	1	379	0	0	0	0	0	0
dDocent_Contig_6346	1	389	0	0	0	0	0	0
dDocent_Contig_6354	1	490	0	0	0	0	0	0
dDocent_Contig_6355	1	435	0	0	0	0	0	0
dDocent_Contig_6365	1	328	0	0	0	0	0	0
dDocent_Contig_6378	1	399	0	0	0	0	0	0
dDocent_Contig_6380	1	459	0	0	0	0	0	0
dDocent_Contig_6391	1	393	0	0	0	0	0	0
dDocent_Contig_6406	1	400	0	0	0	0	0	0
dDocent_Contig_6425	1	381	0	0	0	0	0	0
dDocent_Contig_6436	1	515	0	0	0	0	0	0
dDocent_Contig_6447	1	364	0	0	0	0	0	0
dDocent_Contig_6451	1	440	0	0	0	0	0	0
dDocent_Contig_6454	1	437	0	0	0	0	0	0
dDocent_Contig_6457	1	413	0	0	0	0	0	0
dDocent_Contig_6467	1	331	0	0	0	0	0	0
dDocent_Contig_6473	1	470	0	0	0	0	0	0
dDocent_Contig_6475	1	320	0	0	0	0	0	0
dDocent_Contig_6476	1	439	0	0	0	0	0	0
dDocent_Contig_6479	1	518	0	0	0	0	0	0
dDocent_Contig_6511	1	375	0	0	0	0	0	0
dDocent_Contig_6522	1	253	0	0	0	0	0	0
dDocent_Contig_6525	1	385	0	0	0	0	0	0
dDocent_Contig_6571	1	377	0	0	0	0	0	0
dDocent_Contig_6572	1	399	0	0	0	0	0	0
dDocent_Contig_6576	1	228	0	0	0	0	0	0
dDocent_Contig_6594	1	387	0	0	0	0	0	0
dDocent_Contig_6616	1	356	0	0	0	0	0	0
dDocent_Contig_6617	1	341	0	0	0	0	0	0
dDocent_Contig_6636	1	372	0	0	0	0	0	0
dDocent_Contig_6671	1	364	0	0	0	0	0	0
dDocent_Contig_6689	1	289	0	0	0	0	0	0
dDocent_Contig_6699	1	331	0	0	0	0	0	0
dDocent_Contig_6710	1	464	0	0	0	0	0	0
dDocent_Contig_6712	1	339	0	0	0	0	0	0
dDocent_Contig_6713	1	434	0	0	0	0	0	0
dDocent_Contig_6714	1	403	0	0	0	0	0	0
dDocent_Contig_6716	1	430	0	0	0	0	0	0
dDocent_Contig_6717	1	254	0	0	0	0	0	0
dDocent_Contig_6720	1	385	0	0	0	0	0	0
dDocent_Contig_6730	1	369	0	0	0	0	0	0
dDocent_Contig_6754	1	465	0	0	0	0	0	0
dDocent_Contig_6758	1	400	0	0	0	0	0	0
dDocent_Contig_6764	1	312	0	0	0	0	0	0
dDocent_Contig_6766	1	389	0	0	0	0	0	0
dDocent_Contig_6767	1	409	0	0	0	0	0	0
dDocent_Contig_6777	1	360	0	0	0	0	0	0
dDocent_Contig_6790	1	276	0	0	0	0	0	0
dDocent_Contig_6791	1	362	0	0	0	0	0	0
dDocent_Contig_6819	1	453	0	0	0	0	0	0
dDocent_Contig_6877	1	476	0	0	0	0	0	0
dDocent_Contig_6882	1	245	0	0	0	0	0	0
dDocent_Contig_6897	1	336	0	0	0	0	0	0
dDocent_Contig_6922	1	357	0	0	0	0	0	0
dDocent_Contig_6927	1	420	0	0	0	0	0	0
dDocent_Contig_6938	1	377	0	0	0	0	0	0
dDocent_Contig_6939	1	429	0	0	0	0	0	0
dDocent_Contig_6948	1	286	0	0	0	0	0	0
dDocent_Contig_6949	1	399	0	0	0	0	0	0
dDocent_Contig_6950	1	357	0	0	0	0	0	0
dDocent_Contig_6952	1	456	0	0	0	0	0	0
dDocent_Contig_6953	1	372	0	0	0	0	0	0
dDocent_Contig_6954	1	396	0	0	0	0	0	0
dDocent_Contig_6956	1	368	0	0	0	0	0	0
dDocent_Contig_6961	1	372	0	0	0	0	0	0
dDocent_Contig_6967	1	469	0	0	0	0	0	0
dDocent_Contig_6972	1	384	0	0	0	0	0	0
dDocent_Contig_6974	1	423	0	0	0	0	0	0
dDocent_Contig_6978	1	406	0	0	0	0	0	0
dDocent_Contig_6980	1	309	0	0	0	0	0	0
dDocent_Contig_6996	1	419	0	0	0	0	0	0
dDocent_Contig_7009	1	475	0	0	0	0	0	0
dDocent_Contig_7012	1	398	0	0	0	0	0	0
dDocent_Contig_7019	1	428	0	0	0	0	0	0
dDocent_Contig_7020	1	327	0	0	0	0	0	0
dDocent_Contig_7021	1	445	0	0	0	0	0	0
dDocent_Contig_7023	1	402	0	0	0	0	0	0
dDocent_Contig_7030	1	381	0	0	0	0	0	0
dDocent_Contig_7032	1	418	0	0	0	0	0	0
dDocent_Contig_7036	1	361	0	0	0	0	0	0
dDocent_Contig_7061	1	488	0	0	0	0	0	0
dDocent_Contig_7102	1	491	0	0	0	0	0	0
dDocent_Contig_7105	1	305	0	0	0	0	0	0
dDocent_Contig_7114	1	252	0	0	0	0	0	0
dDocent_Contig_7117	1	506	0	0	0	0	0	0
dDocent_Contig_7118	1	316	0	0	0	0	0	0
dDocent_Contig_7129	1	374	0	0	0	0	0	0
dDocent_Contig_7143	1	347	0	0	0	0	0	0
dDocent_Contig_7145	1	342	0	0	0	0	0	0
dDocent_Contig_7150	1	381	0	0	0	0	0	0
dDocent_Contig_7151	1	401	0	0	0	0	0	0
dDocent_Contig_7164	1	491	0	0	0	0	0	0
dDocent_Contig_7176	1	416	0	0	0	0	0	0
dDocent_Contig_7177	1	397	0	0	0	0	0	0
dDocent_Contig_7178	1	385	0	0	0	0	0	0
dDocent_Contig_7179	1	462	0	0	0	0	0	0
dDocent_Contig_7180	1	451	0	0	0	0	0	0
dDocent_Contig_7193	1	458	0	0	0	0	0	0
dDocent_Contig_7204	1	374	0	0	0	0	0	0
dDocent_Contig_7206	1	337	0	0	0	0	0	0
dDocent_Contig_7208	1	249	0	0	0	0	0	0
dDocent_Contig_7220	1	320	0	0	0	0	0	0
dDocent_Contig_7223	1	380	0	0	0	0	0	0
dDocent_Contig_7227	1	430	0	0	0	0	0	0
dDocent_Contig_7230	1	304	0	0	0	0	0	0
dDocent_Contig_7232	1	343	0	0	0	0	0	0
dDocent_Contig_7236	1	310	0	0	0	0	0	0
dDocent_Contig_7238	1	308	0	0	0	0	0	0
dDocent_Contig_7240	1	321	0	0	0	0	0	0
dDocent_Contig_7245	1	354	0	0	0	0	0	0
dDocent_Contig_7246	1	308	0	0	0	0	0	0
dDocent_Contig_7247	1	300	0	0	0	0	0	0
dDocent_Contig_7262	1	339	0	0	0	0	0	0
dDocent_Contig_7285	1	343	0	0	0	0	0	0
dDocent_Contig_7287	1	348	0	0	0	0	0	0
dDocent_Contig_7290	1	333	0	0	0	0	0	0
dDocent_Contig_7291	1	429	0	0	0	0	0	0
dDocent_Contig_7299	1	333	0	0	0	0	0	0
dDocent_Contig_7303	1	362	0	0	0	0	0	0
dDocent_Contig_7304	1	377	0	0	0	0	0	0
dDocent_Contig_7306	1	375	0	0	0	0	0	0
dDocent_Contig_7307	1	392	0	0	0	0	0	0
dDocent_Contig_7315	1	436	0	0	0	0	0	0
dDocent_Contig_7352	1	354	0	0	0	0	0	0
dDocent_Contig_7354	1	373	0	0	0	0	0	0
dDocent_Contig_7362	1	499	0	0	0	0	0	0
dDocent_Contig_7370	1	344	0	0	0	0	0	0
dDocent_Contig_7372	1	337	0	0	0	0	0	0
dDocent_Contig_7384	1	466	0	0	0	0	0	0
dDocent_Contig_7395	1	348	0	0	0	0	0	0
dDocent_Contig_7399	1	445	0	0	0	0	0	0
dDocent_Contig_7400	1	489	0	0	0	0	0	0
dDocent_Contig_7402	1	390	0	0	0	0	0	0
dDocent_Contig_7406	1	402	0	0	0	0	0	0
dDocent_Contig_7413	1	379	0	0	0	0	0	0
dDocent_Contig_7416	1	492	0	0	0	0	0	0
dDocent_Contig_7432	1	501	0	0	0	0	0	0
dDocent_Contig_7435	1	413	0	0	0	0	0	0
dDocent_Contig_7453	1	462	0	0	0	0	0	0
dDocent_Contig_7454	1	340	0	0	0	0	0	0
dDocent_Contig_7461	1	319	0	0	0	0	0	0
dDocent_Contig_7471	1	455	0	0	0	0	0	0
dDocent_Contig_7478	1	292	0	0	0	0	0	0
dDocent_Contig_7480	1	454	0	0	0	0	0	0
dDocent_Contig_7481	1	464	0	0	0	0	0	0
dDocent_Contig_7502	1	233	0	0	0	0	0	0
dDocent_Contig_7505	1	396	0	0	0	0	0	0
dDocent_Contig_7510	1	315	0	0	0	0	0	0
dDocent_Contig_7513	1	370	0	0	0	0	0	0
dDocent_Contig_7515	1	397	0	0	0	0	0	0
dDocent_Contig_7517	1	401	0	0	0	0	0	0
dDocent_Contig_7527	1	349	0	0	0	0	0	0
dDocent_Contig_7529	1	309	0	0	0	0	0	0
dDocent_Contig_7534	1	419	0	0	0	0	0	0
dDocent_Contig_7543	1	390	0	0	0	0	0	0
dDocent_Contig_7555	1	483	0	0	0	0	0	0
dDocent_Contig_7567	1	370	0	0	0	0	0	0
dDocent_Contig_7585	1	486	0	0	0	0	0	0
dDocent_Contig_7587	1	459	0	0	0	0	0	0
dDocent_Contig_7597	1	310	0	0	0	0	0	0
dDocent_Contig_7620	1	399	0	0	0	0	0	0
dDocent_Contig_7629	1	478	0	0	0	0	0	0
dDocent_Contig_7636	1	412	0	0	0	0	0	0
dDocent_Contig_7638	1	369	0	0	0	0	0	0
dDocent_Contig_7645	1	482	0	0	0	0	0	0
dDocent_Contig_7668	1	278	0	0	0	0	0	0
dDocent_Contig_7671	1	354	0	0	0	0	0	0
dDocent_Contig_7680	1	347	0	0	0	0	0	0
dDocent_Contig_7682	1	273	0	0	0	0	0	0
dDocent_Contig_7701	1	388	0	0	0	0	0	0
dDocent_Contig_7729	1	470	0	0	0	0	0	0
dDocent_Contig_7731	1	320	0	0	0	0	0	0
dDocent_Contig_7737	1	484	0	0	0	0	0	0
dDocent_Contig_7745	1	439	0	0	0	0	0	0
dDocent_Contig_7769	1	369	0	0	0	0	0	0
dDocent_Contig_7779	1	404	0	0	0	0	0	0
dDocent_Contig_7784	1	459	0	0	0	0	0	0
dDocent_Contig_7791	1	484	0	0	0	0	0	0
dDocent_Contig_7799	1	394	0	0	0	0	0	0
dDocent_Contig_7800	1	370	0	0	0	0	0	0
dDocent_Contig_7801	1	357	0	0	0	0	0	0
dDocent_Contig_7804	1	350	0	0	0	0	0	0
dDocent_Contig_7805	1	432	0	0	0	0	0	0
dDocent_Contig_7812	1	433	0	0	0	0	0	0
dDocent_Contig_7813	1	395	0	0	0	0	0	0
dDocent_Contig_7816	1	487	0	0	0	0	0	0
dDocent_Contig_7825	1	439	0	0	0	0	0	0
dDocent_Contig_7830	1	388	0	0	0	0	0	0
dDocent_Contig_7831	1	296	0	0	0	0	0	0
dDocent_Contig_7836	1	328	0	0	0	0	0	0
dDocent_Contig_7845	1	445	0	0	0	0	0	0
dDocent_Contig_7854	1	378	0	0	0	0	0	0
dDocent_Contig_7855	1	438	0	0	0	0	0	0
dDocent_Contig_7856	1	500	0	0	0	0	0	0
dDocent_Contig_7867	1	468	0	0	0	0	0	0
dDocent_Contig_7873	1	397	0	0	0	0	0	0
dDocent_Contig_7880	1	363	0	0	0	0	0	0
dDocent_Contig_7883	1	441	0	0	0	0	0	0
dDocent_Contig_7890	1	403	0	0	0	0	0	0
dDocent_Contig_7910	1	247	0	0	0	0	0	0
dDocent_Contig_7911	1	388	0	0	0	0	0	0
dDocent_Contig_7913	1	499	0	0	0	0	0	0
dDocent_Contig_7916	1	510	0	0	0	0	0	0
dDocent_Contig_7919	1	376	0	0	0	0	0	0
dDocent_Contig_7921	1	350	0	0	0	0	0	0
dDocent_Contig_7923	1	277	0	0	0	0	0	0
dDocent_Contig_7927	1	419	0	0	0	0	0	0
dDocent_Contig_7958	1	364	0	0	0	0	0	0
dDocent_Contig_7971	1	452	0	0	0	0	0	0
dDocent_Contig_7975	1	351	0	0	0	0	0	0
dDocent_Contig_7978	1	386	0	0	0	0	0	0
dDocent_Contig_7980	1	375	0	0	0	0	0	0
dDocent_Contig_7981	1	471	0	0	0	0	0	0
dDocent_Contig_7993	1	393	0	0	0	0	0	0
dDocent_Contig_8005	1	314	0	0	0	0	0	0
dDocent_Contig_8006	1	424	0	0	0	0	0	0
dDocent_Contig_8031	1	311	0	0	0	0	0	0
dDocent_Contig_8032	1	258	0	0	0	0	0	0
dDocent_Contig_8038	1	433	0	0	0	0	0	0
dDocent_Contig_8041	1	503	0	0	0	0	0	0
dDocent_Contig_8044	1	349	0	0	0	0	0	0
dDocent_Contig_8047	1	413	0	0	0	0	0	0
dDocent_Contig_8062	1	427	0	0	0	0	0	0
dDocent_Contig_8067	1	412	0	0	0	0	0	0
dDocent_Contig_8074	1	399	0	0	0	0	0	0
dDocent_Contig_8075	1	339	0	0	0	0	0	0
dDocent_Contig_8076	1	419	0	0	0	0	0	0
dDocent_Contig_8083	1	373	0	0	0	0	0	0
dDocent_Contig_8110	1	273	0	0	0	0	0	0
dDocent_Contig_8116	1	393	0	0	0	0	0	0
dDocent_Contig_8125	1	448	0	0	0	0	0	0
dDocent_Contig_8138	1	449	0	0	0	0	0	0
dDocent_Contig_8141	1	314	0	0	0	0	0	0
dDocent_Contig_8142	1	295	0	0	0	0	0	0
dDocent_Contig_8148	1	414	0	0	0	0	0	0
dDocent_Contig_8155	1	398	0	0	0	0	0	0
dDocent_Contig_8167	1	436	0	0	0	0	0	0
dDocent_Contig_8183	1	381	0	0	0	0	0	0
dDocent_Contig_8192	1	432	0	0	0	0	0	0
dDocent_Contig_8206	1	452	0	0	0	0	0	0
dDocent_Contig_8214	1	252	0	0	0	0	0	0
dDocent_Contig_8223	1	462	0	0	0	0	0	0
dDocent_Contig_8230	1	307	0	0	0	0	0	0
dDocent_Contig_8231	1	432	0	0	0	0	0	0
dDocent_Contig_8235	1	458	0	0	0	0	0	0
dDocent_Contig_8241	1	385	0	0	0	0	0	0
dDocent_Contig_8243	1	381	0	0	0	0	0	0
dDocent_Contig_8260	1	306	0	0	0	0	0	0
dDocent_Contig_8286	1	252	0	0	0	0	0	0
dDocent_Contig_8291	1	368	0	0	0	0	0	0
dDocent_Contig_8306	1	343	0	0	0	0	0	0
dDocent_Contig_8339	1	290	0	0	0	0	0	0
dDocent_Contig_8342	1	374	0	0	0	0	0	0
dDocent_Contig_8343	1	400	0	0	0	0	0	0
dDocent_Contig_8347	1	402	0	0	0	0	0	0
dDocent_Contig_8363	1	469	0	0	0	0	0	0
dDocent_Contig_8364	1	409	0	0	0	0	0	0
dDocent_Contig_8378	1	264	0	0	0	0	0	0
dDocent_Contig_8380	1	493	0	0	0	0	0	0
dDocent_Contig_8382	1	344	0	0	0	0	0	0
dDocent_Contig_8385	1	330	0	0	0	0	0	0
dDocent_Contig_8392	1	299	0	0	0	0	0	0
dDocent_Contig_8396	1	279	0	0	0	0	0	0
dDocent_Contig_8408	1	363	0	0	0	0	0	0
dDocent_Contig_8410	1	459	0	0	0	0	0	0
dDocent_Contig_8412	1	389	0	0	0	0	0	0
dDocent_Contig_8415	1	426	0	0	0	0	0	0
dDocent_Contig_8416	1	340	0	0	0	0	0	0
dDocent_Contig_8417	1	418	0	0	0	0	0	0
dDocent_Contig_8422	1	332	0	0	0	0	0	0
dDocent_Contig_8429	1	409	0	0	0	0	0	0
dDocent_Contig_8431	1	352	0	0	0	0	0	0
dDocent_Contig_8435	1	405	0	0	0	0	0	0
dDocent_Contig_8438	1	370	0	0	0	0	0	0
dDocent_Contig_8447	1	297	0	0	0	0	0	0
dDocent_Contig_8454	1	436	0	0	0	0	0	0
dDocent_Contig_8463	1	316	0	0	0	0	0	0
dDocent_Contig_8464	1	434	0	0	0	0	0	0
dDocent_Contig_8465	1	320	0	0	0	0	0	0
dDocent_Contig_8472	1	483	0	0	0	0	0	0
dDocent_Contig_8475	1	510	0	0	0	0	0	0
dDocent_Contig_8476	1	502	0	0	0	0	0	0
dDocent_Contig_8486	1	350	0	0	0	0	0	0
dDocent_Contig_8487	1	377	0	0	0	0	0	0
dDocent_Contig_8496	1	395	0	0	0	0	0	0
dDocent_Contig_8501	1	374	0	0	0	0	0	0
dDocent_Contig_8506	1	380	0	0	0	0	0	0
dDocent_Contig_8507	1	372	0	0	0	0	0	0
dDocent_Contig_8518	1	265	0	0	0	0	0	0
dDocent_Contig_8524	1	324	0	0	0	0	0	0
dDocent_Contig_8535	1	402	0	0	0	0	0	0
dDocent_Contig_8554	1	385	0	0	0	0	0	0
dDocent_Contig_8564	1	350	0	0	0	0	0	0
dDocent_Contig_8569	1	465	0	0	0	0	0	0
dDocent_Contig_8580	1	313	0	0	0	0	0	0
dDocent_Contig_8583	1	390	0	0	0	0	0	0
dDocent_Contig_8597	1	368	0	0	0	0	0	0
dDocent_Contig_8607	1	394	0	0	0	0	0	0
dDocent_Contig_8623	1	382	0	0	0	0	0	0
dDocent_Contig_8630	1	294	0	0	0	0	0	0
dDocent_Contig_8631	1	283	0	0	0	0	0	0
dDocent_Contig_8633	1	454	0	0	0	0	0	0
dDocent_Contig_8634	1	505	0	0	0	0	0	0
dDocent_Contig_8650	1	310	0	0	0	0	0	0
dDocent_Contig_8667	1	375	0	0	0	0	0	0
dDocent_Contig_8671	1	337	0	0	0	0	0	0
dDocent_Contig_8672	1	372	0	0	0	0	0	0
dDocent_Contig_8673	1	404	0	0	0	0	0	0
dDocent_Contig_8698	1	479	0	0	0	0	0	0
dDocent_Contig_8724	1	405	0	0	0	0	0	0
dDocent_Contig_8728	1	301	0	0	0	0	0	0
dDocent_Contig_8744	1	431	0	0	0	0	0	0
dDocent_Contig_8751	1	353	0	0	0	0	0	0
dDocent_Contig_8774	1	466	0	0	0	0	0	0
dDocent_Contig_8779	1	283	0	0	0	0	0	0
dDocent_Contig_8793	1	387	0	0	0	0	0	0
dDocent_Contig_8796	1	441	0	0	0	0	0	0
dDocent_Contig_8820	1	421	0	0	0	0	0	0
dDocent_Contig_8822	1	461	0	0	0	0	0	0
dDocent_Contig_8842	1	429	0	0	0	0	0	0
dDocent_Contig_8843	1	358	0	0	0	0	0	0
dDocent_Contig_8871	1	418	0	0	0	0	0	0
dDocent_Contig_8872	1	405	0	0	0	0	0	0
dDocent_Contig_8887	1	363	0	0	0	0	0	0
dDocent_Contig_8892	1	384	0	0	0	0	0	0
dDocent_Contig_8937	1	306	0	0	0	0	0	0
dDocent_Contig_8944	1	319	0	0	0	0	0	0
dDocent_Contig_8945	1	400	0	0	0	0	0	0
dDocent_Contig_8984	1	394	0	0	0	0	0	0
dDocent_Contig_8988	1	436	0	0	0	0	0	0
dDocent_Contig_8993	1	301	0	0	0	0	0	0
dDocent_Contig_8994	1	392	0	0	0	0	0	0
dDocent_Contig_9001	1	430	0	0	0	0	0	0
dDocent_Contig_9009	1	371	0	0	0	0	0	0
dDocent_Contig_9021	1	416	0	0	0	0	0	0
dDocent_Contig_9025	1	419	0	0	0	0	0	0
dDocent_Contig_9033	1	335	0	0	0	0	0	0
dDocent_Contig_9037	1	455	0	0	0	0	0	0
dDocent_Contig_9042	1	430	0	0	0	0	0	0
dDocent_Contig_9044	1	265	0	0	0	0	0	0
dDocent_Contig_9049	1	421	0	0	0	0	0	0
dDocent_Contig_9078	1	451	0	0	0	0	0	0
dDocent_Contig_9084	1	444	0	0	0	0	0	0
dDocent_Contig_9085	1	424	0	0	0	0	0	0
dDocent_Contig_9087	1	333	0	0	0	0	0	0
dDocent_Contig_9088	1	381	0	0	0	0	0	0
dDocent_Contig_9104	1	495	0	0	0	0	0	0
dDocent_Contig_9105	1	345	0	0	0	0	0	0
dDocent_Contig_9106	1	389	0	0	0	0	0	0
dDocent_Contig_9107	1	360	0	0	0	0	0	0
dDocent_Contig_9108	1	306	0	0	0	0	0	0
dDocent_Contig_9113	1	432	0	0	0	0	0	0
dDocent_Contig_9117	1	373	0	0	0	0	0	0
dDocent_Contig_9120	1	375	0	0	0	0	0	0
dDocent_Contig_9127	1	337	0	0	0	0	0	0
dDocent_Contig_9130	1	307	0	0	0	0	0	0
dDocent_Contig_9131	1	499	0	0	0	0	0	0
dDocent_Contig_9134	1	407	0	0	0	0	0	0
dDocent_Contig_9141	1	393	0	0	0	0	0	0
dDocent_Contig_9142	1	354	0	0	0	0	0	0
dDocent_Contig_9144	1	404	0	0	0	0	0	0
dDocent_Contig_9145	1	266	0	0	0	0	0	0
dDocent_Contig_9146	1	338	0	0	0	0	0	0
dDocent_Contig_9148	1	284	0	0	0	0	0	0
dDocent_Contig_9151	1	437	0	0	0	0	0	0
dDocent_Contig_9154	1	283	0	0	0	0	0	0
dDocent_Contig_9155	1	408	0	0	0	0	0	0
dDocent_Contig_9168	1	279	0	0	0	0	0	0
dDocent_Contig_9172	1	286	0	0	0	0	0	0
dDocent_Contig_9175	1	387	0	0	0	0	0	0
dDocent_Contig_9176	1	348	0	0	0	0	0	0
dDocent_Contig_9183	1	386	0	0	0	0	0	0
dDocent_Contig_9197	1	363	0	0	0	0	0	0
dDocent_Contig_9211	1	396	0	0	0	0	0	0
dDocent_Contig_9212	1	426	0	0	0	0	0	0
dDocent_Contig_9231	1	364	0	0	0	0	0	0
dDocent_Contig_9234	1	408	0	0	0	0	0	0
dDocent_Contig_9237	1	489	0	0	0	0	0	0
dDocent_Contig_9238	1	377	0	0	0	0	0	0
dDocent_Contig_9244	1	388	0	0	0	0	0	0
dDocent_Contig_9248	1	442	0	0	0	0	0	0
dDocent_Contig_9250	1	344	0	0	0	0	0	0
dDocent_Contig_9251	1	240	0	0	0	0	0	0
dDocent_Contig_9252	1	442	0	0	0	0	0	0
dDocent_Contig_9257	1	412	0	0	0	0	0	0
dDocent_Contig_9258	1	308	0	0	0	0	0	0
dDocent_Contig_9268	1	381	0	0	0	0	0	0
dDocent_Contig_9279	1	398	0	0	0	0	0	0
dDocent_Contig_9280	1	383	0	0	0	0	0	0
dDocent_Contig_9288	1	345	0	0	0	0	0	0
dDocent_Contig_9295	1	434	0	0	0	0	0	0
dDocent_Contig_9301	1	292	0	0	0	0	0	0
dDocent_Contig_9303	1	458	0	0	0	0	0	0
dDocent_Contig_9304	1	473	0	0	0	0	0	0
dDocent_Contig_9307	1	308	0	0	0	0	0	0
dDocent_Contig_9311	1	438	0	0	0	0	0	0
dDocent_Contig_9312	1	363	0	0	0	0	0	0
dDocent_Contig_9316	1	421	0	0	0	0	0	0
dDocent_Contig_9318	1	460	0	0	0	0	0	0
dDocent_Contig_9319	1	346	0	0	0	0	0	0
dDocent_Contig_9320	1	351	0	0	0	0	0	0
dDocent_Contig_9325	1	440	0	0	0	0	0	0
dDocent_Contig_9326	1	381	0	0	0	0	0	0
dDocent_Contig_9330	1	358	0	0	0	0	0	0
dDocent_Contig_9346	1	483	0	0	0	0	0	0
dDocent_Contig_9351	1	353	0	0	0	0	0	0
dDocent_Contig_9352	1	338	0	0	0	0	0	0
dDocent_Contig_9353	1	425	0	0	0	0	0	0
dDocent_Contig_9354	1	319	0	0	0	0	0	0
dDocent_Contig_9355	1	391	0	0	0	0	0	0
dDocent_Contig_9367	1	382	0	0	0	0	0	0
dDocent_Contig_9368	1	422	0	0	0	0	0	0
dDocent_Contig_9376	1	340	0	0	0	0	0	0
dDocent_Contig_9382	1	237	0	0	0	0	0	0
dDocent_Contig_9384	1	424	0	0	0	0	0	0
dDocent_Contig_9387	1	442	0	0	0	0	0	0
dDocent_Contig_9395	1	402	0	0	0	0	0	0
dDocent_Contig_9397	1	319	0	0	0	0	0	0
dDocent_Contig_9398	1	246	0	0	0	0	0	0
dDocent_Contig_9400	1	319	0	0	0	0	0	0
dDocent_Contig_9402	1	264	0	0	0	0	0	0
dDocent_Contig_9404	1	227	0	0	0	0	0	0
dDocent_Contig_9413	1	224	0	0	0	0	0	0
dDocent_Contig_9415	1	423	0	0	0	0	0	0
dDocent_Contig_9416	1	400	0	0	0	0	0	0
dDocent_Contig_9420	1	316	0	0	0	0	0	0
dDocent_Contig_9421	1	406	0	0	0	0	0	0
dDocent_Contig_9422	1	419	0	0	0	0	0	0
dDocent_Contig_9433	1	348	0	0	0	0	0	0
dDocent_Contig_9444	1	306	0	0	0	0	0	0
dDocent_Contig_9446	1	240	0	0	0	0	0	0
dDocent_Contig_9448	1	392	0	0	0	0	0	0
dDocent_Contig_9452	1	404	0	0	0	0	0	0
dDocent_Contig_9465	1	357	0	0	0	0	0	0
dDocent_Contig_9473	1	342	0	0	0	0	0	0
dDocent_Contig_9487	1	349	0	0	0	0	0	0
dDocent_Contig_9488	1	286	0	0	0	0	0	0
dDocent_Contig_9489	1	363	0	0	0	0	0	0
dDocent_Contig_9490	1	409	0	0	0	0	0	0
dDocent_Contig_9491	1	405	0	0	0	0	0	0
dDocent_Contig_9495	1	327	0	0	0	0	0	0
dDocent_Contig_9498	1	430	0	0	0	0	0	0
dDocent_Contig_9500	1	421	0	0	0	0	0	0
dDocent_Contig_9501	1	304	0	0	0	0	0	0
dDocent_Contig_9502	1	494	0	0	0	0	0	0
dDocent_Contig_9517	1	323	0	0	0	0	0	0
dDocent_Contig_9526	1	249	0	0	0	0	0	0
dDocent_Contig_9529	1	393	0	0	0	0	0	0
dDocent_Contig_9534	1	294	0	0	0	0	0	0
dDocent_Contig_9536	1	383	0	0	0	0	0	0
dDocent_Contig_9540	1	486	0	0	0	0	0	0
dDocent_Contig_9543	1	334	0	0	0	0	0	0
dDocent_Contig_9544	1	295	0	0	0	0	0	0
dDocent_Contig_9545	1	354	0	0	0	0	0	0
dDocent_Contig_9548	1	409	0	0	0	0	0	0
dDocent_Contig_9551	1	371	0	0	0	0	0	0
dDocent_Contig_9552	1	458	0	0	0	0	0	0
dDocent_Contig_9557	1	388	0	0	0	0	0	0
dDocent_Contig_9559	1	403	0	0	0	0	0	0
dDocent_Contig_9562	1	417	0	0	0	0	0	0
dDocent_Contig_9573	1	362	0	0	0	0	0	0
dDocent_Contig_9578	1	362	0	0	0	0	0	0
dDocent_Contig_9583	1	398	0	0	0	0	0	0
dDocent_Contig_9584	1	381	0	0	0	0	0	0
dDocent_Contig_9585	1	329	0	0	0	0	0	0
dDocent_Contig_9587	1	405	0	0	0	0	0	0
dDocent_Contig_9588	1	364	0	0	0	0	0	0
dDocent_Contig_9590	1	354	0	0	0	0	0	0
dDocent_Contig_9594	1	457	0	0	0	0	0	0
dDocent_Contig_9599	1	376	0	0	0	0	0	0
dDocent_Contig_9601	1	447	0	0	0	0	0	0
dDocent_Contig_9602	1	460	0	0	0	0	0	0
dDocent_Contig_9606	1	415	0	0	0	0	0	0
dDocent_Contig_9613	1	441	0	0	0	0	0	0
dDocent_Contig_9614	1	407	0	0	0	0	0	0
dDocent_Contig_9626	1	301	0	0	0	0	0	0
dDocent_Contig_9634	1	437	0	0	0	0	0	0
dDocent_Contig_9638	1	406	0	0	0	0	0	0
dDocent_Contig_9639	1	286	0	0	0	0	0	0
dDocent_Contig_9642	1	406	0	0	0	0	0	0
dDocent_Contig_9643	1	357	0	0	0	0	0	0
dDocent_Contig_9654	1	343	0	0	0	0	0	0
dDocent_Contig_9657	1	377	0	0	0	0	0	0
dDocent_Contig_9658	1	381	0	0	0	0	0	0
dDocent_Contig_9664	1	425	0	0	0	0	0	0
dDocent_Contig_9665	1	399	0	0	0	0	0	0
dDocent_Contig_9667	1	398	0	0	0	0	0	0
dDocent_Contig_9668	1	446	0	0	0	0	0	0
dDocent_Contig_9670	1	371	0	0	0	0	0	0
dDocent_Contig_9671	1	378	0	0	0	0	0	0
dDocent_Contig_9676	1	434	0	0	0	0	0	0
dDocent_Contig_9684	1	344	0	0	0	0	0	0
dDocent_Contig_9685	1	316	0	0	0	0	0	0
dDocent_Contig_9686	1	400	0	0	0	0	0	0
dDocent_Contig_9687	1	401	0	0	0	0	0	0
dDocent_Contig_9688	1	400	0	0	0	0	0	0
dDocent_Contig_9700	1	409	0	0	0	0	0	0
dDocent_Contig_9704	1	313	0	0	0	0	0	0
dDocent_Contig_9710	1	409	0	0	0	0	0	0
dDocent_Contig_9711	1	363	0	0	0	0	0	0
dDocent_Contig_9713	1	336	0	0	0	0	0	0
dDocent_Contig_9715	1	439	0	0	0	0	0	0
dDocent_Contig_9718	1	507	0	0	0	0	0	0
dDocent_Contig_9720	1	467	0	0	0	0	0	0
dDocent_Contig_9722	1	355	0	0	0	0	0	0
dDocent_Contig_9724	1	346	0	0	0	0	0	0
dDocent_Contig_9732	1	349	0	0	0	0	0	0
dDocent_Contig_9737	1	494	0	0	0	0	0	0
dDocent_Contig_9741	1	357	0	0	0	0	0	0
dDocent_Contig_9743	1	357	0	0	0	0	0	0
dDocent_Contig_9746	1	347	0	0	0	0	0	0
dDocent_Contig_9747	1	412	0	0	0	0	0	0
dDocent_Contig_9748	1	382	0	0	0	0	0	0
dDocent_Contig_9750	1	305	0	0	0	0	0	0
dDocent_Contig_9753	1	423	0	0	0	0	0	0
dDocent_Contig_9754	1	392	0	0	0	0	0	0
dDocent_Contig_9756	1	367	0	0	0	0	0	0
dDocent_Contig_9757	1	343	0	0	0	0	0	0
dDocent_Contig_9758	1	396	0	0	0	0	0	0
dDocent_Contig_9759	1	376	0	0	0	0	0	0
dDocent_Contig_9760	1	344	0	0	0	0	0	0
dDocent_Contig_9762	1	358	0	0	0	0	0	0
dDocent_Contig_9769	1	402	0	0	0	0	0	0
dDocent_Contig_9775	1	378	0	0	0	0	0	0
dDocent_Contig_9781	1	478	0	0	0	0	0	0
dDocent_Contig_9784	1	419	0	0	0	0	0	0
dDocent_Contig_9787	1	391	0	0	0	0	0	0
dDocent_Contig_9790	1	304	0	0	0	0	0	0
dDocent_Contig_9791	1	396	0	0	0	0	0	0
dDocent_Contig_9793	1	364	0	0	0	0	0	0
dDocent_Contig_9794	1	387	0	0	0	0	0	0
dDocent_Contig_9803	1	325	0	0	0	0	0	0
dDocent_Contig_9804	1	376	0	0	0	0	0	0
dDocent_Contig_9805	1	408	0	0	0	0	0	0
dDocent_Contig_9811	1	289	0	0	0	0	0	0
dDocent_Contig_9821	1	403	0	0	0	0	0	0
dDocent_Contig_9822	1	329	0	0	0	0	0	0
dDocent_Contig_9823	1	334	0	0	0	0	0	0
dDocent_Contig_9824	1	385	0	0	0	0	0	0
dDocent_Contig_9826	1	362	0	0	0	0	0	0
dDocent_Contig_9829	1	394	0	0	0	0	0	0
dDocent_Contig_9831	1	370	0	0	0	0	0	0
dDocent_Contig_9835	1	316	0	0	0	0	0	0
dDocent_Contig_9837	1	398	0	0	0	0	0	0
dDocent_Contig_9838	1	408	0	0	0	0	0	0
dDocent_Contig_9839	1	340	0	0	0	0	0	0
dDocent_Contig_9844	1	396	0	0	0	0	0	0
dDocent_Contig_9845	1	432	0	0	0	0	0	0
dDocent_Contig_9847	1	451	0	0	0	0	0	0
dDocent_Contig_9849	1	239	0	0	0	0	0	0
dDocent_Contig_9850	1	363	0	0	0	0	0	0
dDocent_Contig_9855	1	354	0	0	0	0	0	0
dDocent_Contig_9858	1	369	0	0	0	0	0	0
dDocent_Contig_9860	1	435	0	0	0	0	0	0
dDocent_Contig_9866	1	404	0	0	0	0	0	0
dDocent_Contig_9872	1	340	0	0	0	0	0	0
dDocent_Contig_9873	1	449	0	0	0	0	0	0
dDocent_Contig_9880	1	463	0	0	0	0	0	0
dDocent_Contig_9881	1	457	0	0	0	0	0	0
dDocent_Contig_9895	1	411	0	0	0	0	0	0
dDocent_Contig_9899	1	301	0	0	0	0	0	0
dDocent_Contig_9900	1	357	0	0	0	0	0	0
dDocent_Contig_9904	1	454	0	0	0	0	0	0
dDocent_Contig_9905	1	266	0	0	0	0	0	0
dDocent_Contig_9907	1	383	0	0	0	0	0	0
dDocent_Contig_9910	1	397	0	0	0	0	0	0
dDocent_Contig_9915	1	402	0	0	0	0	0	0
dDocent_Contig_9921	1	387	0	0	0	0	0	0
dDocent_Contig_9922	1	426	0	0	0	0	0	0
dDocent_Contig_9925	1	396	0	0	0	0	0	0
dDocent_Contig_9926	1	285	0	0	0	0	0	0
dDocent_Contig_9932	1	399	0	0	0	0	0	0
dDocent_Contig_9938	1	386	0	0	0	0	0	0
dDocent_Contig_9939	1	261	0	0	0	0	0	0
dDocent_Contig_9940	1	321	0	0	0	0	0	0
dDocent_Contig_9941	1	375	0	0	0	0	0	0
dDocent_Contig_9947	1	350	0	0	0	0	0	0
dDocent_Contig_9948	1	473	0	0	0	0	0	0
dDocent_Contig_9962	1	406	0	0	0	0	0	0
dDocent_Contig_9965	1	357	0	0	0	0	0	0
dDocent_Contig_9966	1	397	0	0	0	0	0	0
dDocent_Contig_9975	1	396	0	0	0	0	0	0
dDocent_Contig_9980	1	339	0	0	0	0	0	0
dDocent_Contig_9982	1	427	0	0	0	0	0	0
dDocent_Contig_9986	1	385	0	0	0	0	0	0
dDocent_Contig_9988	1	421	0	0	0	0	0	0
dDocent_Contig_9990	1	329	0	0	0	0	0	0
dDocent_Contig_9991	1	346	0	0	0	0	0	0
dDocent_Contig_9997	1	297	0	0	0	0	0	0
dDocent_Contig_9998	1	371	0	0	0	0	0	0
dDocent_Contig_10002	1	295	0	0	0	0	0	0
dDocent_Contig_10037	1	386	0	0	0	0	0	0
dDocent_Contig_10046	1	326	0	0	0	0	0	0
dDocent_Contig_10050	1	389	0	0	0	0	0	0
dDocent_Contig_10051	1	460	0	0	0	0	0	0
dDocent_Contig_10060	1	344	0	0	0	0	0	0
dDocent_Contig_10066	1	326	0	0	0	0	0	0
dDocent_Contig_10067	1	298	0	0	0	0	0	0
dDocent_Contig_10085	1	287	0	0	0	0	0	0
dDocent_Contig_10089	1	358	0	0	0	0	0	0
dDocent_Contig_10090	1	413	0	0	0	0	0	0
dDocent_Contig_10091	1	465	0	0	0	0	0	0
dDocent_Contig_10092	1	486	0	0	0	0	0	0
dDocent_Contig_10111	1	331	0	0	0	0	0	0
dDocent_Contig_10112	1	401	0	0	0	0	0	0
dDocent_Contig_10116	1	493	0	0	0	0	0	0
dDocent_Contig_10129	1	408	0	0	0	0	0	0
dDocent_Contig_10137	1	234	0	0	0	0	0	0
dDocent_Contig_10168	1	383	0	0	0	0	0	0
dDocent_Contig_10177	1	423	0	0	0	0	0	0
dDocent_Contig_10178	1	436	0	0	0	0	0	0
dDocent_Contig_10183	1	419	0	0	0	0	0	0
dDocent_Contig_10187	1	386	0	0	0	0	0	0
dDocent_Contig_10207	1	326	0	0	0	0	0	0
dDocent_Contig_10214	1	401	0	0	0	0	0	0
dDocent_Contig_10237	1	423	0	0	0	0	0	0
dDocent_Contig_10247	1	478	0	0	0	0	0	0
dDocent_Contig_10252	1	416	0	0	0	0	0	0
dDocent_Contig_10253	1	388	0	0	0	0	0	0
dDocent_Contig_10256	1	442	0	0	0	0	0	0
dDocent_Contig_10258	1	363	0	0	0	0	0	0
dDocent_Contig_10263	1	306	0	0	0	0	0	0
dDocent_Contig_10264	1	447	0	0	0	0	0	0
dDocent_Contig_10281	1	263	0	0	0	0	0	0
dDocent_Contig_10284	1	445	0	0	0	0	0	0
dDocent_Contig_10289	1	335	0	0	0	0	0	0
dDocent_Contig_10290	1	408	0	0	0	0	0	0
dDocent_Contig_10299	1	343	0	0	0	0	0	0
dDocent_Contig_10411	1	476	0	0	0	0	0	0
dDocent_Contig_10420	1	474	0	0	0	0	0	0
dDocent_Contig_10421	1	402	0	0	0	0	0	0
dDocent_Contig_10433	1	398	0	0	0	0	0	0
dDocent_Contig_10436	1	466	0	0	0	0	0	0
dDocent_Contig_10439	1	380	0	0	0	0	0	0
dDocent_Contig_10481	1	467	0	0	0	0	0	0
dDocent_Contig_10482	1	425	0	0	0	0	0	0
dDocent_Contig_10497	1	418	0	0	0	0	0	0
dDocent_Contig_10502	1	460	0	0	0	0	0	0
dDocent_Contig_10510	1	313	0	0	0	0	0	0
dDocent_Contig_10524	1	469	0	0	0	0	0	0
dDocent_Contig_10525	1	229	0	0	0	0	0	0
dDocent_Contig_10533	1	324	0	0	0	0	0	0
dDocent_Contig_10536	1	330	0	0	0	0	0	0
dDocent_Contig_10539	1	342	0	0	0	0	0	0
dDocent_Contig_10542	1	398	0	0	0	0	0	0
dDocent_Contig_10544	1	315	0	0	0	0	0	0
dDocent_Contig_10545	1	367	0	0	0	0	0	0
dDocent_Contig_10546	1	320	0	0	0	0	0	0
dDocent_Contig_10548	1	509	0	0	0	0	0	0
dDocent_Contig_10550	1	324	0	0	0	0	0	0
dDocent_Contig_10555	1	432	0	0	0	0	0	0
dDocent_Contig_10559	1	447	0	0	0	0	0	0
dDocent_Contig_10567	1	375	0	0	0	0	0	0
dDocent_Contig_10569	1	357	0	0	0	0	0	0
dDocent_Contig_10570	1	427	0	0	0	0	0	0
dDocent_Contig_10587	1	296	0	0	0	0	0	0
dDocent_Contig_10593	1	322	0	0	0	0	0	0
dDocent_Contig_10612	1	449	0	0	0	0	0	0
dDocent_Contig_10623	1	264	0	0	0	0	0	0
dDocent_Contig_10628	1	398	0	0	0	0	0	0
dDocent_Contig_10633	1	278	0	0	0	0	0	0
dDocent_Contig_10637	1	381	0	0	0	0	0	0
dDocent_Contig_10641	1	330	0	0	0	0	0	0
dDocent_Contig_10653	1	401	0	0	0	0	0	0
dDocent_Contig_10657	1	298	0	0	0	0	0	0
dDocent_Contig_10718	1	417	0	0	0	0	0	0
dDocent_Contig_10733	1	453	0	0	0	0	0	0
dDocent_Contig_10746	1	329	0	0	0	0	0	0
dDocent_Contig_10752	1	358	0	0	0	0	0	0
dDocent_Contig_10753	1	345	0	0	0	0	0	0
dDocent_Contig_10786	1	331	0	0	0	0	0	0
dDocent_Contig_10810	1	233	0	0	0	0	0	0
dDocent_Contig_10814	1	307	0	0	0	0	0	0
dDocent_Contig_10817	1	414	0	0	0	0	0	0
dDocent_Contig_10853	1	454	0	0	0	0	0	0
dDocent_Contig_10873	1	447	0	0	0	0	0	0
dDocent_Contig_10879	1	370	0	0	0	0	0	0
dDocent_Contig_10884	1	270	0	0	0	0	0	0
dDocent_Contig_10887	1	463	0	0	0	0	0	0
dDocent_Contig_10892	1	400	0	0	0	0	0	0
dDocent_Contig_10897	1	298	0	0	0	0	0	0
dDocent_Contig_10898	1	289	0	0	0	0	0	0
dDocent_Contig_10900	1	255	0	0	0	0	0	0
dDocent_Contig_10905	1	385	0	0	0	0	0	0
dDocent_Contig_10919	1	374	0	0	0	0	0	0
dDocent_Contig_10934	1	338	0	0	0	0	0	0
dDocent_Contig_10939	1	406	0	0	0	0	0	0
dDocent_Contig_10948	1	413	0	0	0	0	0	0
dDocent_Contig_10950	1	290	0	0	0	0	0	0
dDocent_Contig_10951	1	360	0	0	0	0	0	0
dDocent_Contig_10952	1	407	0	0	0	0	0	0
dDocent_Contig_10966	1	481	0	0	0	0	0	0
dDocent_Contig_10968	1	287	0	0	0	0	0	0
dDocent_Contig_10972	1	427	0	0	0	0	0	0
dDocent_Contig_10976	1	431	0	0	0	0	0	0
dDocent_Contig_10981	1	417	0	0	0	0	0	0
dDocent_Contig_10983	1	388	0	0	0	0	0	0
dDocent_Contig_10998	1	508	0	0	0	0	0	0
dDocent_Contig_11001	1	341	0	0	0	0	0	0
dDocent_Contig_11008	1	243	0	0	0	0	0	0
dDocent_Contig_11009	1	403	0	0	0	0	0	0
dDocent_Contig_11011	1	439	0	0	0	0	0	0
dDocent_Contig_11031	1	332	0	0	0	0	0	0
dDocent_Contig_11033	1	405	0	0	0	0	0	0
dDocent_Contig_11034	1	349	0	0	0	0	0	0
dDocent_Contig_11051	1	311	0	0	0	0	0	0
dDocent_Contig_11054	1	369	0	0	0	0	0	0
dDocent_Contig_11055	1	380	0	0	0	0	0	0
dDocent_Contig_11059	1	290	0	0	0	0	0	0
dDocent_Contig_11064	1	286	0	0	0	0	0	0
dDocent_Contig_11067	1	310	0	0	0	0	0	0
dDocent_Contig_11077	1	303	0	0	0	0	0	0
dDocent_Contig_11089	1	471	0	0	0	0	0	0
dDocent_Contig_11092	1	469	0	0	0	0	0	0
dDocent_Contig_11094	1	356	0	0	0	0	0	0
dDocent_Contig_11099	1	336	0	0	0	0	0	0
dDocent_Contig_11105	1	340	0	0	0	0	0	0
dDocent_Contig_11122	1	329	0	0	0	0	0	0
dDocent_Contig_11127	1	317	0	0	0	0	0	0
dDocent_Contig_11143	1	472	0	0	0	0	0	0
dDocent_Contig_11172	1	381	0	0	0	0	0	0
dDocent_Contig_11174	1	249	0	0	0	0	0	0
dDocent_Contig_11177	1	372	0	0	0	0	0	0
dDocent_Contig_11180	1	360	0	0	0	0	0	0
dDocent_Contig_11183	1	455	0	0	0	0	0	0
dDocent_Contig_11200	1	351	0	0	0	0	0	0
dDocent_Contig_11201	1	414	0	0	0	0	0	0
dDocent_Contig_11209	1	384	0	0	0	0	0	0
dDocent_Contig_11210	1	412	0	0	0	0	0	0
dDocent_Contig_11240	1	361	0	0	0	0	0	0
dDocent_Contig_11248	1	371	0	0	0	0	0	0
dDocent_Contig_11252	1	357	0	0	0	0	0	0
dDocent_Contig_11257	1	334	0	0	0	0	0	0
dDocent_Contig_11261	1	305	0	0	0	0	0	0
dDocent_Contig_11262	1	404	0	0	0	0	0	0
dDocent_Contig_11275	1	480	0	0	0	0	0	0
dDocent_Contig_11303	1	388	0	0	0	0	0	0
dDocent_Contig_11308	1	407	0	0	0	0	0	0
dDocent_Contig_11322	1	378	0	0	0	0	0	0
dDocent_Contig_11341	1	279	0	0	0	0	0	0
dDocent_Contig_11350	1	338	0	0	0	0	0	0
dDocent_Contig_11419	1	411	0	0	0	0	0	0
dDocent_Contig_11424	1	273	0	0	0	0	0	0
dDocent_Contig_11443	1	443	0	0	0	0	0	0
dDocent_Contig_11444	1	394	0	0	0	0	0	0
dDocent_Contig_11446	1	493	0	0	0	0	0	0
dDocent_Contig_11457	1	361	0	0	0	0	0	0
dDocent_Contig_11459	1	405	0	0	0	0	0	0
dDocent_Contig_11475	1	380	0	0	0	0	0	0
dDocent_Contig_11494	1	395	0	0	0	0	0	0
dDocent_Contig_11495	1	387	0	0	0	0	0	0
dDocent_Contig_11508	1	499	0	0	0	0	0	0
dDocent_Contig_11518	1	295	0	0	0	0	0	0
dDocent_Contig_11558	1	353	0	0	0	0	0	0
dDocent_Contig_11562	1	344	0	0	0	0	0	0
dDocent_Contig_11563	1	305	0	0	0	0	0	0
dDocent_Contig_11564	1	331	0	0	0	0	0	0
dDocent_Contig_11573	1	427	0	0	0	0	0	0
dDocent_Contig_11576	1	314	0	0	0	0	0	0
dDocent_Contig_11586	1	461	0	0	0	0	0	0
dDocent_Contig_11593	1	356	0	0	0	0	0	0
dDocent_Contig_11616	1	358	0	0	0	0	0	0
dDocent_Contig_11624	1	423	0	0	0	0	0	0
dDocent_Contig_11631	1	303	0	0	0	0	0	0
dDocent_Contig_11632	1	313	0	0	0	0	0	0
dDocent_Contig_11635	1	438	0	0	0	0	0	0
dDocent_Contig_11646	1	391	0	0	0	0	0	0
dDocent_Contig_11660	1	365	0	0	0	0	0	0
dDocent_Contig_11682	1	392	0	0	0	0	0	0
dDocent_Contig_11685	1	332	0	0	0	0	0	0
dDocent_Contig_11688	1	420	0	0	0	0	0	0
dDocent_Contig_11690	1	357	0	0	0	0	0	0
dDocent_Contig_11734	1	315	0	0	0	0	0	0
dDocent_Contig_11737	1	411	0	0	0	0	0	0
dDocent_Contig_11739	1	354	0	0	0	0	0	0
dDocent_Contig_11763	1	374	0	0	0	0	0	0
dDocent_Contig_11785	1	311	0	0	0	0	0	0
dDocent_Contig_11796	1	381	0	0	0	0	0	0
dDocent_Contig_11797	1	401	0	0	0	0	0	0
dDocent_Contig_11803	1	380	0	0	0	0	0	0
dDocent_Contig_11811	1	382	0	0	0	0	0	0
dDocent_Contig_11827	1	345	0	0	0	0	0	0
dDocent_Contig_11829	1	392	0	0	0	0	0	0
dDocent_Contig_11832	1	394	0	0	0	0	0	0
dDocent_Contig_11841	1	354	0	0	0	0	0	0
dDocent_Contig_11844	1	445	0	0	0	0	0	0
dDocent_Contig_11851	1	409	0	0	0	0	0	0
dDocent_Contig_11857	1	437	0	0	0	0	0	0
dDocent_Contig_11861	1	335	0	0	0	0	0	0
dDocent_Contig_11872	1	398	0	0	0	0	0	0
dDocent_Contig_11878	1	412	0	0	0	0	0	0
dDocent_Contig_11895	1	403	0	0	0	0	0	0
dDocent_Contig_11899	1	399	0	0	0	0	0	0
dDocent_Contig_11903	1	343	0	0	0	0	0	0
dDocent_Contig_11906	1	246	0	0	0	0	0	0
dDocent_Contig_11912	1	499	0	0	0	0	0	0
dDocent_Contig_11914	1	457	0	0	0	0	0	0
dDocent_Contig_11916	1	413	0	0	0	0	0	0
dDocent_Contig_11917	1	495	0	0	0	0	0	0
dDocent_Contig_11935	1	436	0	0	0	0	0	0
dDocent_Contig_11939	1	362	0	0	0	0	0	0
dDocent_Contig_11941	1	373	0	0	0	0	0	0
dDocent_Contig_11951	1	396	0	0	0	0	0	0
dDocent_Contig_11958	1	397	0	0	0	0	0	0
dDocent_Contig_11968	1	465	0	0	0	0	0	0
dDocent_Contig_11972	1	344	0	0	0	0	0	0
dDocent_Contig_11975	1	428	0	0	0	0	0	0
dDocent_Contig_11982	1	350	0	0	0	0	0	0
dDocent_Contig_11988	1	487	0	0	0	0	0	0
dDocent_Contig_11995	1	359	0	0	0	0	0	0
dDocent_Contig_12013	1	430	0	0	0	0	0	0
dDocent_Contig_12015	1	374	0	0	0	0	0	0
dDocent_Contig_12016	1	384	0	0	0	0	0	0
dDocent_Contig_12025	1	251	0	0	0	0	0	0
dDocent_Contig_12035	1	309	0	0	0	0	0	0
dDocent_Contig_12039	1	432	0	0	0	0	0	0
dDocent_Contig_12058	1	365	0	0	0	0	0	0
dDocent_Contig_12069	1	433	0	0	0	0	0	0
dDocent_Contig_12073	1	354	0	0	0	0	0	0
dDocent_Contig_12076	1	488	0	0	0	0	0	0
dDocent_Contig_12084	1	456	0	0	0	0	0	0
dDocent_Contig_12086	1	493	0	0	0	0	0	0
dDocent_Contig_12088	1	436	0	0	0	0	0	0
dDocent_Contig_12092	1	420	0	0	0	0	0	0
dDocent_Contig_12098	1	355	0	0	0	0	0	0
dDocent_Contig_12112	1	472	0	0	0	0	0	0
dDocent_Contig_12122	1	340	0	0	0	0	0	0
dDocent_Contig_12138	1	436	0	0	0	0	0	0
dDocent_Contig_12141	1	439	0	0	0	0	0	0
dDocent_Contig_12147	1	395	0	0	0	0	0	0
dDocent_Contig_12168	1	241	0	0	0	0	0	0
dDocent_Contig_12174	1	447	0	0	0	0	0	0
dDocent_Contig_12178	1	517	0	0	0	0	0	0
dDocent_Contig_12180	1	407	0	0	0	0	0	0
dDocent_Contig_12204	1	366	0	0	0	0	0	0
dDocent_Contig_12250	1	435	0	0	0	0	0	0
dDocent_Contig_12260	1	306	0	0	0	0	0	0
dDocent_Contig_12278	1	373	0	0	0	0	0	0
dDocent_Contig_12282	1	362	0	0	0	0	0	0
dDocent_Contig_12284	1	252	0	0	0	0	0	0
dDocent_Contig_12287	1	332	0	0	0	0	0	0
dDocent_Contig_12288	1	333	0	0	0	0	0	0
dDocent_Contig_12294	1	348	0	0	0	0	0	0
dDocent_Contig_12300	1	299	0	0	0	0	0	0
dDocent_Contig_12303	1	399	0	0	0	0	0	0
dDocent_Contig_12316	1	452	0	0	0	0	0	0
dDocent_Contig_12322	1	390	0	0	0	0	0	0
dDocent_Contig_12325	1	287	0	0	0	0	0	0
dDocent_Contig_12328	1	281	0	0	0	0	0	0
dDocent_Contig_12331	1	428	0	0	0	0	0	0
dDocent_Contig_12345	1	313	0	0	0	0	0	0
dDocent_Contig_12349	1	383	0	0	0	0	0	0
dDocent_Contig_12356	1	363	0	0	0	0	0	0
dDocent_Contig_12358	1	393	0	0	0	0	0	0
dDocent_Contig_12363	1	326	0	0	0	0	0	0
dDocent_Contig_12370	1	366	0	0	0	0	0	0
dDocent_Contig_12372	1	319	0	0	0	0	0	0
dDocent_Contig_12373	1	431	0	0	0	0	0	0
dDocent_Contig_12414	1	496	0	0	0	0	0	0
dDocent_Contig_12417	1	308	0	0	0	0	0	0
dDocent_Contig_12424	1	400	0	0	0	0	0	0
dDocent_Contig_12430	1	384	0	0	0	0	0	0
dDocent_Contig_12436	1	409	0	0	0	0	0	0
dDocent_Contig_12442	1	424	0	0	0	0	0	0
dDocent_Contig_12448	1	374	0	0	0	0	0	0
dDocent_Contig_12473	1	401	0	0	0	0	0	0
dDocent_Contig_12476	1	331	0	0	0	0	0	0
dDocent_Contig_12479	1	454	0	0	0	0	0	0
dDocent_Contig_12491	1	518	0	0	0	0	0	0
dDocent_Contig_12497	1	332	0	0	0	0	0	0
dDocent_Contig_12500	1	419	0	0	0	0	0	0
dDocent_Contig_12508	1	354	0	0	0	0	0	0
dDocent_Contig_12517	1	408	0	0	0	0	0	0
dDocent_Contig_12542	1	361	0	0	0	0	0	0
dDocent_Contig_12546	1	410	0	0	0	0	0	0
dDocent_Contig_12548	1	420	0	0	0	0	0	0
dDocent_Contig_12550	1	326	0	0	0	0	0	0
dDocent_Contig_12553	1	367	0	0	0	0	0	0
dDocent_Contig_12561	1	324	0	0	0	0	0	0
dDocent_Contig_12564	1	323	0	0	0	0	0	0
dDocent_Contig_12567	1	383	0	0	0	0	0	0
dDocent_Contig_12570	1	395	0	0	0	0	0	0
dDocent_Contig_12576	1	349	0	0	0	0	0	0
dDocent_Contig_12601	1	410	0	0	0	0	0	0
dDocent_Contig_12610	1	312	0	0	0	0	0	0
dDocent_Contig_12641	1	389	0	0	0	0	0	0
dDocent_Contig_12642	1	329	0	0	0	0	0	0
dDocent_Contig_12643	1	402	0	0	0	0	0	0
dDocent_Contig_12644	1	283	0	0	0	0	0	0
dDocent_Contig_12646	1	349	0	0	0	0	0	0
dDocent_Contig_12653	1	351	0	0	0	0	0	0
dDocent_Contig_12654	1	424	0	0	0	0	0	0
dDocent_Contig_12656	1	328	0	0	0	0	0	0
dDocent_Contig_12659	1	392	0	0	0	0	0	0
dDocent_Contig_12677	1	278	0	0	0	0	0	0
dDocent_Contig_12678	1	407	0	0	0	0	0	0
dDocent_Contig_12681	1	385	0	0	0	0	0	0
dDocent_Contig_12689	1	380	0	0	0	0	0	0
dDocent_Contig_12691	1	297	0	0	0	0	0	0
dDocent_Contig_12694	1	472	0	0	0	0	0	0
dDocent_Contig_12702	1	328	0	0	0	0	0	0
dDocent_Contig_12703	1	403	0	0	0	0	0	0
dDocent_Contig_12705	1	442	0	0	0	0	0	0
dDocent_Contig_12707	1	402	0	0	0	0	0	0
dDocent_Contig_12718	1	519	0	0	0	0	0	0
dDocent_Contig_12720	1	356	0	0	0	0	0	0
dDocent_Contig_12727	1	385	0	0	0	0	0	0
dDocent_Contig_12728	1	408	0	0	0	0	0	0
dDocent_Contig_12730	1	440	0	0	0	0	0	0
dDocent_Contig_12731	1	401	0	0	0	0	0	0
dDocent_Contig_12736	1	398	0	0	0	0	0	0
dDocent_Contig_12742	1	429	0	0	0	0	0	0
dDocent_Contig_12743	1	376	0	0	0	0	0	0
dDocent_Contig_12753	1	410	0	0	0	0	0	0
dDocent_Contig_12754	1	434	0	0	0	0	0	0
dDocent_Contig_12758	1	386	0	0	0	0	0	0
dDocent_Contig_12767	1	425	0	0	0	0	0	0
dDocent_Contig_12770	1	427	0	0	0	0	0	0
dDocent_Contig_12775	1	406	0	0	0	0	0	0
dDocent_Contig_12778	1	360	0	0	0	0	0	0
dDocent_Contig_12780	1	418	0	0	0	0	0	0
dDocent_Contig_12782	1	477	0	0	0	0	0	0
dDocent_Contig_12783	1	384	0	0	0	0	0	0
dDocent_Contig_12792	1	385	0	0	0	0	0	0
dDocent_Contig_12810	1	379	0	0	0	0	0	0
dDocent_Contig_12831	1	244	0	0	0	0	0	0
dDocent_Contig_12836	1	427	0	0	0	0	0	0
dDocent_Contig_12840	1	425	0	0	0	0	0	0
dDocent_Contig_12859	1	401	0	0	0	0	0	0
dDocent_Contig_12868	1	448	0	0	0	0	0	0
dDocent_Contig_12870	1	490	0	0	0	0	0	0
dDocent_Contig_12875	1	346	0	0	0	0	0	0
dDocent_Contig_12884	1	499	0	0	0	0	0	0
dDocent_Contig_12908	1	382	0	0	0	0	0	0
dDocent_Contig_12909	1	404	0	0	0	0	0	0
dDocent_Contig_12917	1	358	0	0	0	0	0	0
dDocent_Contig_12928	1	410	0	0	0	0	0	0
dDocent_Contig_12931	1	484	0	0	0	0	0	0
dDocent_Contig_12938	1	450	0	0	0	0	0	0
dDocent_Contig_12941	1	333	0	0	0	0	0	0
dDocent_Contig_12942	1	419	0	0	0	0	0	0
dDocent_Contig_12945	1	410	0	0	0	0	0	0
dDocent_Contig_12963	1	379	0	0	0	0	0	0
dDocent_Contig_12980	1	269	0	0	0	0	0	0
dDocent_Contig_12984	1	265	0	0	0	0	0	0
dDocent_Contig_12991	1	354	0	0	0	0	0	0
dDocent_Contig_12999	1	367	0	0	0	0	0	0
dDocent_Contig_13004	1	395	0	0	0	0	0	0
dDocent_Contig_13017	1	331	0	0	0	0	0	0
dDocent_Contig_13028	1	390	0	0	0	0	0	0
dDocent_Contig_13047	1	332	0	0	0	0	0	0
dDocent_Contig_13048	1	372	0	0	0	0	0	0
dDocent_Contig_13049	1	293	0	0	0	0	0	0
dDocent_Contig_13051	1	374	0	0	0	0	0	0
dDocent_Contig_13059	1	360	0	0	0	0	0	0
dDocent_Contig_13061	1	399	0	0	0	0	0	0
dDocent_Contig_13081	1	284	0	0	0	0	0	0
dDocent_Contig_13095	1	352	0	0	0	0	0	0
dDocent_Contig_13100	1	321	0	0	0	0	0	0
dDocent_Contig_13117	1	357	0	0	0	0	0	0
dDocent_Contig_13125	1	460	0	0	0	0	0	0
dDocent_Contig_13127	1	413	0	0	0	0	0	0
dDocent_Contig_13131	1	366	0	0	0	0	0	0
dDocent_Contig_13146	1	267	0	0	0	0	0	0
dDocent_Contig_13171	1	418	0	0	0	0	0	0
dDocent_Contig_13174	1	303	0	0	0	0	0	0
dDocent_Contig_13206	1	376	0	0	0	0	0	0
dDocent_Contig_13222	1	435	0	0	0	0	0	0
dDocent_Contig_13224	1	365	0	0	0	0	0	0
dDocent_Contig_13226	1	423	0	0	0	0	0	0
dDocent_Contig_13231	1	391	0	0	0	0	0	0
dDocent_Contig_13239	1	360	0	0	0	0	0	0
dDocent_Contig_13240	1	458	0	0	0	0	0	0
dDocent_Contig_13247	1	299	0	0	0	0	0	0
dDocent_Contig_13251	1	322	0	0	0	0	0	0
dDocent_Contig_13257	1	421	0	0	0	0	0	0
dDocent_Contig_13270	1	415	0	0	0	0	0	0
dDocent_Contig_13276	1	426	0	0	0	0	0	0
dDocent_Contig_13293	1	339	0	0	0	0	0	0
dDocent_Contig_13334	1	413	0	0	0	0	0	0
dDocent_Contig_13336	1	366	0	0	0	0	0	0
dDocent_Contig_13346	1	479	0	0	0	0	0	0
dDocent_Contig_13365	1	325	0	0	0	0	0	0
dDocent_Contig_13368	1	382	0	0	0	0	0	0
dDocent_Contig_13373	1	381	0	0	0	0	0	0
dDocent_Contig_13377	1	387	0	0	0	0	0	0
dDocent_Contig_13379	1	481	0	0	0	0	0	0
dDocent_Contig_13395	1	297	0	0	0	0	0	0
dDocent_Contig_13408	1	306	0	0	0	0	0	0
dDocent_Contig_13413	1	369	0	0	0	0	0	0
dDocent_Contig_13426	1	292	0	0	0	0	0	0
dDocent_Contig_13430	1	402	0	0	0	0	0	0
dDocent_Contig_13437	1	469	0	0	0	0	0	0
dDocent_Contig_13453	1	468	0	0	0	0	0	0
dDocent_Contig_13455	1	404	0	0	0	0	0	0
dDocent_Contig_13459	1	226	0	0	0	0	0	0
dDocent_Contig_13460	1	367	0	0	0	0	0	0
dDocent_Contig_13464	1	346	0	0	0	0	0	0
dDocent_Contig_13469	1	411	0	0	0	0	0	0
dDocent_Contig_13473	1	305	0	0	0	0	0	0
dDocent_Contig_13481	1	420	0	0	0	0	0	0
dDocent_Contig_13503	1	341	0	0	0	0	0	0
dDocent_Contig_13518	1	499	0	0	0	0	0	0
dDocent_Contig_13545	1	338	0	0	0	0	0	0
dDocent_Contig_13555	1	337	0	0	0	0	0	0
dDocent_Contig_13558	1	419	0	0	0	0	0	0
dDocent_Contig_13570	1	326	0	0	0	0	0	0
dDocent_Contig_13582	1	419	0	0	0	0	0	0
dDocent_Contig_13586	1	434	0	0	0	0	0	0
dDocent_Contig_13608	1	341	0	0	0	0	0	0
dDocent_Contig_13618	1	413	0	0	0	0	0	0
dDocent_Contig_13629	1	445	0	0	0	0	0	0
dDocent_Contig_13638	1	390	0	0	0	0	0	0
dDocent_Contig_13644	1	407	0	0	0	0	0	0
dDocent_Contig_13657	1	245	0	0	0	0	0	0
dDocent_Contig_13661	1	470	0	0	0	0	0	0
dDocent_Contig_13694	1	400	0	0	0	0	0	0
dDocent_Contig_13700	1	399	0	0	0	0	0	0
dDocent_Contig_13705	1	325	0	0	0	0	0	0
dDocent_Contig_13710	1	351	0	0	0	0	0	0
dDocent_Contig_13711	1	243	0	0	0	0	0	0
dDocent_Contig_13733	1	267	0	0	0	0	0	0
dDocent_Contig_13734	1	479	0	0	0	0	0	0
dDocent_Contig_13736	1	439	0	0	0	0	0	0
dDocent_Contig_13757	1	348	0	0	0	0	0	0
dDocent_Contig_13768	1	411	0	0	0	0	0	0
dDocent_Contig_13770	1	436	0	0	0	0	0	0
dDocent_Contig_13780	1	363	0	0	0	0	0	0
dDocent_Contig_13803	1	323	0	0	0	0	0	0
dDocent_Contig_13805	1	397	0	0	0	0	0	0
dDocent_Contig_13807	1	399	0	0	0	0	0	0
dDocent_Contig_13817	1	299	0	0	0	0	0	0
dDocent_Contig_13818	1	366	0	0	0	0	0	0
dDocent_Contig_13822	1	391	0	0	0	0	0	0
dDocent_Contig_13826	1	268	0	0	0	0	0	0
dDocent_Contig_13830	1	402	0	0	0	0	0	0
dDocent_Contig_13855	1	427	0	0	0	0	0	0
dDocent_Contig_13857	1	331	0	0	0	0	0	0
dDocent_Contig_13859	1	456	0	0	0	0	0	0
dDocent_Contig_13881	1	511	0	0	0	0	0	0
dDocent_Contig_13934	1	338	0	0	0	0	0	0
dDocent_Contig_13935	1	327	0	0	0	0	0	0
dDocent_Contig_13950	1	327	0	0	0	0	0	0
dDocent_Contig_13983	1	371	0	0	0	0	0	0
dDocent_Contig_13985	1	439	0	0	0	0	0	0
dDocent_Contig_14003	1	446	0	0	0	0	0	0
dDocent_Contig_14005	1	290	0	0	0	0	0	0
dDocent_Contig_14006	1	299	0	0	0	0	0	0
dDocent_Contig_14010	1	509	0	0	0	0	0	0
dDocent_Contig_14016	1	320	0	0	0	0	0	0
dDocent_Contig_14025	1	369	0	0	0	0	0	0
dDocent_Contig_14029	1	418	0	0	0	0	0	0
dDocent_Contig_14031	1	386	0	0	0	0	0	0
dDocent_Contig_14033	1	443	0	0	0	0	0	0
dDocent_Contig_14036	1	369	0	0	0	0	0	0
dDocent_Contig_14043	1	324	0	0	0	0	0	0
dDocent_Contig_14047	1	369	0	0	0	0	0	0
dDocent_Contig_14049	1	320	0	0	0	0	0	0
dDocent_Contig_14056	1	354	0	0	0	0	0	0
dDocent_Contig_14076	1	482	0	0	0	0	0	0
dDocent_Contig_14087	1	391	0	0	0	0	0	0
dDocent_Contig_14088	1	425	0	0	0	0	0	0
dDocent_Contig_14089	1	393	0	0	0	0	0	0
dDocent_Contig_14102	1	292	0	0	0	0	0	0
dDocent_Contig_14104	1	409	0	0	0	0	0	0
dDocent_Contig_14105	1	362	0	0	0	0	0	0
dDocent_Contig_14107	1	482	0	0	0	0	0	0
dDocent_Contig_14109	1	379	0	0	0	0	0	0
dDocent_Contig_14120	1	370	0	0	0	0	0	0
dDocent_Contig_14123	1	254	0	0	0	0	0	0
dDocent_Contig_14125	1	323	0	0	0	0	0	0
dDocent_Contig_14128	1	391	0	0	0	0	0	0
dDocent_Contig_14131	1	318	0	0	0	0	0	0
dDocent_Contig_14153	1	369	0	0	0	0	0	0
dDocent_Contig_14165	1	372	0	0	0	0	0	0
dDocent_Contig_14176	1	414	0	0	0	0	0	0
dDocent_Contig_14195	1	351	0	0	0	0	0	0
dDocent_Contig_14210	1	404	0	0	0	0	0	0
dDocent_Contig_14214	1	490	0	0	0	0	0	0
dDocent_Contig_14218	1	351	0	0	0	0	0	0
dDocent_Contig_14219	1	381	0	0	0	0	0	0
dDocent_Contig_14225	1	345	0	0	0	0	0	0
dDocent_Contig_14226	1	408	0	0	0	0	0	0
dDocent_Contig_14238	1	435	0	0	0	0	0	0
dDocent_Contig_14264	1	319	0	0	0	0	0	0
dDocent_Contig_14272	1	407	0	0	0	0	0	0
dDocent_Contig_14273	1	379	0	0	0	0	0	0
dDocent_Contig_14281	1	484	0	0	0	0	0	0
dDocent_Contig_14286	1	407	0	0	0	0	0	0
dDocent_Contig_14294	1	429	0	0	0	0	0	0
dDocent_Contig_14297	1	481	0	0	0	0	0	0
dDocent_Contig_14300	1	362	0	0	0	0	0	0
dDocent_Contig_14326	1	299	0	0	0	0	0	0
dDocent_Contig_14328	1	295	0	0	0	0	0	0
dDocent_Contig_14330	1	391	0	0	0	0	0	0
dDocent_Contig_14335	1	313	0	0	0	0	0	0
dDocent_Contig_14345	1	424	0	0	0	0	0	0
dDocent_Contig_14354	1	362	0	0	0	0	0	0
dDocent_Contig_14357	1	410	0	0	0	0	0	0
dDocent_Contig_14373	1	397	0	0	0	0	0	0
dDocent_Contig_14377	1	449	0	0	0	0	0	0
dDocent_Contig_14380	1	347	0	0	0	0	0	0
dDocent_Contig_14381	1	436	0	0	0	0	0	0
dDocent_Contig_14396	1	339	0	0	0	0	0	0
dDocent_Contig_14407	1	363	0	0	0	0	0	0
dDocent_Contig_14439	1	269	0	0	0	0	0	0
dDocent_Contig_14451	1	429	0	0	0	0	0	0
dDocent_Contig_14461	1	323	0	0	0	0	0	0
dDocent_Contig_14465	1	261	0	0	0	0	0	0
dDocent_Contig_14476	1	251	0	0	0	0	0	0
dDocent_Contig_14494	1	409	0	0	0	0	0	0
dDocent_Contig_14505	1	323	0	0	0	0	0	0
dDocent_Contig_14512	1	321	0	0	0	0	0	0
dDocent_Contig_14516	1	452	0	0	0	0	0	0
dDocent_Contig_14523	1	419	0	0	0	0	0	0
dDocent_Contig_14530	1	321	0	0	0	0	0	0
dDocent_Contig_14533	1	366	0	0	0	0	0	0
dDocent_Contig_14537	1	393	0	0	0	0	0	0
dDocent_Contig_14541	1	432	0	0	0	0	0	0
dDocent_Contig_14546	1	360	0	0	0	0	0	0
dDocent_Contig_14562	1	355	0	0	0	0	0	0
dDocent_Contig_14564	1	441	0	0	0	0	0	0
dDocent_Contig_14565	1	420	0	0	0	0	0	0
dDocent_Contig_14570	1	404	0	0	0	0	0	0
dDocent_Contig_14593	1	466	0	0	0	0	0	0
dDocent_Contig_14596	1	346	0	0	0	0	0	0
dDocent_Contig_14612	1	411	0	0	0	0	0	0
dDocent_Contig_14616	1	249	0	0	0	0	0	0
dDocent_Contig_14621	1	420	0	0	0	0	0	0
dDocent_Contig_14641	1	421	0	0	0	0	0	0
dDocent_Contig_14644	1	367	0	0	0	0	0	0
dDocent_Contig_14649	1	396	0	0	0	0	0	0
dDocent_Contig_14651	1	404	0	0	0	0	0	0
dDocent_Contig_14655	1	357	0	0	0	0	0	0
dDocent_Contig_14665	1	335	0	0	0	0	0	0
dDocent_Contig_14671	1	332	0	0	0	0	0	0
dDocent_Contig_14675	1	371	0	0	0	0	0	0
dDocent_Contig_14676	1	403	0	0	0	0	0	0
dDocent_Contig_14680	1	239	0	0	0	0	0	0
dDocent_Contig_14683	1	374	0	0	0	0	0	0
dDocent_Contig_14686	1	243	0	0	0	0	0	0
dDocent_Contig_14697	1	382	0	0	0	0	0	0
dDocent_Contig_14698	1	300	0	0	0	0	0	0
dDocent_Contig_14707	1	371	0	0	0	0	0	0
dDocent_Contig_14708	1	352	0	0	0	0	0	0
dDocent_Contig_14712	1	503	0	0	0	0	0	0
dDocent_Contig_14715	1	379	0	0	0	0	0	0
dDocent_Contig_14729	1	392	0	0	0	0	0	0
dDocent_Contig_14731	1	445	0	0	0	0	0	0
dDocent_Contig_14734	1	449	0	0	0	0	0	0
dDocent_Contig_14735	1	347	0	0	0	0	0	0
dDocent_Contig_14737	1	401	0	0	0	0	0	0
dDocent_Contig_14741	1	270	0	0	0	0	0	0
dDocent_Contig_14757	1	411	0	0	0	0	0	0
dDocent_Contig_14771	1	487	0	0	0	0	0	0
dDocent_Contig_14774	1	400	0	0	0	0	0	0
dDocent_Contig_14785	1	331	0	0	0	0	0	0
dDocent_Contig_14786	1	483	0	0	0	0	0	0
dDocent_Contig_14788	1	485	0	0	0	0	0	0
dDocent_Contig_14797	1	403	0	0	0	0	0	0
dDocent_Contig_14799	1	414	0	0	0	0	0	0
dDocent_Contig_14803	1	443	0	0	0	0	0	0
dDocent_Contig_14806	1	267	0	0	0	0	0	0
dDocent_Contig_14812	1	401	0	0	0	0	0	0
dDocent_Contig_14813	1	483	0	0	0	0	0	0
dDocent_Contig_14823	1	447	0	0	0	0	0	0
dDocent_Contig_14828	1	489	0	0	0	0	0	0
dDocent_Contig_14842	1	472	0	0	0	0	0	0
dDocent_Contig_14856	1	402	0	0	0	0	0	0
dDocent_Contig_14868	1	379	0	0	0	0	0	0
dDocent_Contig_14870	1	362	0	0	0	0	0	0
dDocent_Contig_14873	1	437	0	0	0	0	0	0
dDocent_Contig_14876	1	451	0	0	0	0	0	0
dDocent_Contig_14888	1	500	0	0	0	0	0	0
dDocent_Contig_14889	1	370	0	0	0	0	0	0
dDocent_Contig_14894	1	356	0	0	0	0	0	0
dDocent_Contig_14897	1	519	0	0	0	0	0	0
dDocent_Contig_14933	1	434	0	0	0	0	0	0
dDocent_Contig_14946	1	288	0	0	0	0	0	0
dDocent_Contig_14961	1	391	0	0	0	0	0	0
dDocent_Contig_14965	1	381	0	0	0	0	0	0
dDocent_Contig_14974	1	426	0	0	0	0	0	0
dDocent_Contig_14993	1	328	0	0	0	0	0	0
dDocent_Contig_14997	1	346	0	0	0	0	0	0
dDocent_Contig_15000	1	428	0	0	0	0	0	0
dDocent_Contig_15001	1	353	0	0	0	0	0	0
dDocent_Contig_15005	1	348	0	0	0	0	0	0
dDocent_Contig_15006	1	337	0	0	0	0	0	0
dDocent_Contig_15012	1	397	0	0	0	0	0	0
dDocent_Contig_15019	1	426	0	0	0	0	0	0
dDocent_Contig_15021	1	392	0	0	0	0	0	0
dDocent_Contig_15022	1	449	0	0	0	0	0	0
dDocent_Contig_15025	1	317	0	0	0	0	0	0
dDocent_Contig_15030	1	510	0	0	0	0	0	0
dDocent_Contig_15038	1	436	0	0	0	0	0	0
dDocent_Contig_15052	1	340	0	0	0	0	0	0
dDocent_Contig_15057	1	275	0	0	0	0	0	0
dDocent_Contig_15063	1	305	0	0	0	0	0	0
dDocent_Contig_15082	1	324	0	0	0	0	0	0
dDocent_Contig_15083	1	395	0	0	0	0	0	0
dDocent_Contig_15095	1	295	0	0	0	0	0	0
dDocent_Contig_15099	1	349	0	0	0	0	0	0
dDocent_Contig_15100	1	317	0	0	0	0	0	0
dDocent_Contig_15115	1	387	0	0	0	0	0	0
dDocent_Contig_15125	1	379	0	0	0	0	0	0
dDocent_Contig_15126	1	276	0	0	0	0	0	0
dDocent_Contig_15127	1	411	0	0	0	0	0	0
dDocent_Contig_15132	1	438	0	0	0	0	0	0
dDocent_Contig_15137	1	495	0	0	0	0	0	0
dDocent_Contig_15149	1	498	0	0	0	0	0	0
dDocent_Contig_15151	1	430	0	0	0	0	0	0
dDocent_Contig_15163	1	431	0	0	0	0	0	0
dDocent_Contig_15170	1	391	0	0	0	0	0	0
dDocent_Contig_15172	1	454	0	0	0	0	0	0
dDocent_Contig_15175	1	429	0	0	0	0	0	0
dDocent_Contig_15181	1	372	0	0	0	0	0	0
dDocent_Contig_15182	1	448	0	0	0	0	0	0
dDocent_Contig_15190	1	509	0	0	0	0	0	0
dDocent_Contig_15193	1	363	0	0	0	0	0	0
dDocent_Contig_15203	1	345	0	0	0	0	0	0
dDocent_Contig_15224	1	488	0	0	0	0	0	0
dDocent_Contig_15238	1	363	0	0	0	0	0	0
dDocent_Contig_15239	1	407	0	0	0	0	0	0
dDocent_Contig_15243	1	377	0	0	0	0	0	0
dDocent_Contig_15251	1	356	0	0	0	0	0	0
dDocent_Contig_15274	1	412	0	0	0	0	0	0
dDocent_Contig_15277	1	383	0	0	0	0	0	0
dDocent_Contig_15291	1	334	0	0	0	0	0	0
dDocent_Contig_15301	1	355	0	0	0	0	0	0
dDocent_Contig_15312	1	437	0	0	0	0	0	0
dDocent_Contig_15317	1	419	0	0	0	0	0	0
dDocent_Contig_15321	1	419	0	0	0	0	0	0
dDocent_Contig_15365	1	389	0	0	0	0	0	0
dDocent_Contig_15366	1	452	0	0	0	0	0	0
dDocent_Contig_15368	1	466	0	0	0	0	0	0
dDocent_Contig_15372	1	452	0	0	0	0	0	0
dDocent_Contig_15381	1	282	0	0	0	0	0	0
dDocent_Contig_15382	1	416	0	0	0	0	0	0
dDocent_Contig_15385	1	295	0	0	0	0	0	0
dDocent_Contig_15390	1	367	0	0	0	0	0	0
dDocent_Contig_15410	1	350	0	0	0	0	0	0
dDocent_Contig_15430	1	362	0	0	0	0	0	0
dDocent_Contig_15438	1	415	0	0	0	0	0	0
dDocent_Contig_15445	1	418	0	0	0	0	0	0
dDocent_Contig_15473	1	401	0	0	0	0	0	0
dDocent_Contig_15477	1	240	0	0	0	0	0	0
dDocent_Contig_15490	1	439	0	0	0	0	0	0
dDocent_Contig_15501	1	393	0	0	0	0	0	0
dDocent_Contig_15511	1	424	0	0	0	0	0	0
dDocent_Contig_15512	1	468	0	0	0	0	0	0
dDocent_Contig_15513	1	455	0	0	0	0	0	0
dDocent_Contig_15516	1	418	0	0	0	0	0	0
dDocent_Contig_15521	1	394	0	0	0	0	0	0
dDocent_Contig_15530	1	360	0	0	0	0	0	0
dDocent_Contig_15531	1	379	0	0	0	0	0	0
dDocent_Contig_15545	1	412	0	0	0	0	0	0
dDocent_Contig_15555	1	380	0	0	0	0	0	0
dDocent_Contig_15556	1	352	0	0	0	0	0	0
dDocent_Contig_15559	1	400	0	0	0	0	0	0
dDocent_Contig_15565	1	307	0	0	0	0	0	0
dDocent_Contig_15570	1	447	0	0	0	0	0	0
dDocent_Contig_15583	1	409	0	0	0	0	0	0
dDocent_Contig_15584	1	356	0	0	0	0	0	0
dDocent_Contig_15619	1	351	0	0	0	0	0	0
dDocent_Contig_15632	1	448	0	0	0	0	0	0
dDocent_Contig_15636	1	392	0	0	0	0	0	0
dDocent_Contig_15639	1	266	0	0	0	0	0	0
dDocent_Contig_15698	1	314	0	0	0	0	0	0
dDocent_Contig_15703	1	400	0	0	0	0	0	0
dDocent_Contig_15714	1	368	0	0	0	0	0	0
dDocent_Contig_15728	1	481	0	0	0	0	0	0
dDocent_Contig_15734	1	395	0	0	0	0	0	0
dDocent_Contig_15737	1	397	0	0	0	0	0	0
dDocent_Contig_15738	1	377	0	0	0	0	0	0
dDocent_Contig_15744	1	330	0	0	0	0	0	0
dDocent_Contig_15747	1	417	0	0	0	0	0	0
dDocent_Contig_15751	1	424	0	0	0	0	0	0
dDocent_Contig_15758	1	394	0	0	0	0	0	0
dDocent_Contig_15759	1	399	0	0	0	0	0	0
dDocent_Contig_15765	1	439	0	0	0	0	0	0
dDocent_Contig_15767	1	317	0	0	0	0	0	0
dDocent_Contig_15769	1	325	0	0	0	0	0	0
dDocent_Contig_15771	1	390	0	0	0	0	0	0
dDocent_Contig_15788	1	452	0	0	0	0	0	0
dDocent_Contig_15790	1	313	0	0	0	0	0	0
dDocent_Contig_15801	1	295	0	0	0	0	0	0
dDocent_Contig_15807	1	271	0	0	0	0	0	0
dDocent_Contig_15826	1	290	0	0	0	0	0	0
dDocent_Contig_15838	1	337	0	0	0	0	0	0
dDocent_Contig_15845	1	387	0	0	0	0	0	0
dDocent_Contig_15849	1	303	0	0	0	0	0	0
dDocent_Contig_15870	1	422	0	0	0	0	0	0
dDocent_Contig_15872	1	453	0	0	0	0	0	0
dDocent_Contig_15873	1	501	0	0	0	0	0	0
dDocent_Contig_15875	1	354	0	0	0	0	0	0
dDocent_Contig_15885	1	506	0	0	0	0	0	0
dDocent_Contig_15886	1	407	0	0	0	0	0	0
dDocent_Contig_15887	1	414	0	0	0	0	0	0
dDocent_Contig_15903	1	412	0	0	0	0	0	0
dDocent_Contig_15906	1	397	0	0	0	0	0	0
dDocent_Contig_15914	1	467	0	0	0	0	0	0
dDocent_Contig_15919	1	334	0	0	0	0	0	0
dDocent_Contig_15925	1	382	0	0	0	0	0	0
dDocent_Contig_15933	1	355	0	0	0	0	0	0
dDocent_Contig_15937	1	476	0	0	0	0	0	0
dDocent_Contig_15942	1	379	0	0	0	0	0	0
dDocent_Contig_15956	1	340	0	0	0	0	0	0
dDocent_Contig_15962	1	278	0	0	0	0	0	0
dDocent_Contig_15974	1	329	0	0	0	0	0	0
dDocent_Contig_15975	1	377	0	0	0	0	0	0
dDocent_Contig_15989	1	438	0	0	0	0	0	0
dDocent_Contig_16011	1	429	0	0	0	0	0	0
dDocent_Contig_16020	1	378	0	0	0	0	0	0
dDocent_Contig_16021	1	310	0	0	0	0	0	0
dDocent_Contig_16022	1	417	0	0	0	0	0	0
dDocent_Contig_16025	1	450	0	0	0	0	0	0
dDocent_Contig_16036	1	282	0	0	0	0	0	0
dDocent_Contig_16038	1	408	0	0	0	0	0	0
dDocent_Contig_16050	1	330	0	0	0	0	0	0
dDocent_Contig_16051	1	410	0	0	0	0	0	0
dDocent_Contig_16054	1	405	0	0	0	0	0	0
dDocent_Contig_16055	1	419	0	0	0	0	0	0
dDocent_Contig_16058	1	501	0	0	0	0	0	0
dDocent_Contig_16060	1	313	0	0	0	0	0	0
dDocent_Contig_16062	1	363	0	0	0	0	0	0
dDocent_Contig_16065	1	228	0	0	0	0	0	0
dDocent_Contig_16068	1	407	0	0	0	0	0	0
dDocent_Contig_16072	1	456	0	0	0	0	0	0
dDocent_Contig_16076	1	470	0	0	0	0	0	0
dDocent_Contig_16079	1	392	0	0	0	0	0	0
dDocent_Contig_16080	1	418	0	0	0	0	0	0
dDocent_Contig_16082	1	358	0	0	0	0	0	0
dDocent_Contig_16102	1	424	0	0	0	0	0	0
dDocent_Contig_16108	1	353	0	0	0	0	0	0
dDocent_Contig_16130	1	383	0	0	0	0	0	0
dDocent_Contig_16131	1	364	0	0	0	0	0	0
dDocent_Contig_16132	1	370	0	0	0	0	0	0
dDocent_Contig_16137	1	462	0	0	0	0	0	0
dDocent_Contig_16141	1	386	0	0	0	0	0	0
dDocent_Contig_16144	1	344	0	0	0	0	0	0
dDocent_Contig_16168	1	225	0	0	0	0	0	0
dDocent_Contig_16177	1	400	0	0	0	0	0	0
dDocent_Contig_16193	1	293	0	0	0	0	0	0
dDocent_Contig_16198	1	294	0	0	0	0	0	0
dDocent_Contig_16200	1	468	0	0	0	0	0	0
dDocent_Contig_16206	1	393	0	0	0	0	0	0
dDocent_Contig_16207	1	402	0	0	0	0	0	0
dDocent_Contig_16217	1	431	0	0	0	0	0	0
dDocent_Contig_16231	1	283	0	0	0	0	0	0
dDocent_Contig_16232	1	395	0	0	0	0	0	0
dDocent_Contig_16246	1	386	0	0	0	0	0	0
dDocent_Contig_16252	1	416	0	0	0	0	0	0
dDocent_Contig_16263	1	390	0	0	0	0	0	0
dDocent_Contig_16279	1	435	0	0	0	0	0	0
dDocent_Contig_16281	1	401	0	0	0	0	0	0
dDocent_Contig_16286	1	415	0	0	0	0	0	0
dDocent_Contig_16305	1	374	0	0	0	0	0	0
dDocent_Contig_16334	1	313	0	0	0	0	0	0
dDocent_Contig_16335	1	368	0	0	0	0	0	0
dDocent_Contig_16362	1	348	0	0	0	0	0	0
dDocent_Contig_16376	1	371	0	0	0	0	0	0
dDocent_Contig_16378	1	445	0	0	0	0	0	0
dDocent_Contig_16384	1	348	0	0	0	0	0	0
dDocent_Contig_16385	1	361	0	0	0	0	0	0
dDocent_Contig_16386	1	463	0	0	0	0	0	0
dDocent_Contig_16387	1	477	0	0	0	0	0	0
dDocent_Contig_16390	1	370	0	0	0	0	0	0
dDocent_Contig_16403	1	481	0	0	0	0	0	0
dDocent_Contig_16408	1	330	0	0	0	0	0	0
dDocent_Contig_16410	1	452	0	0	0	0	0	0
dDocent_Contig_16412	1	345	0	0	0	0	0	0
dDocent_Contig_16418	1	356	0	0	0	0	0	0
dDocent_Contig_16426	1	393	0	0	0	0	0	0
dDocent_Contig_16431	1	284	0	0	0	0	0	0
dDocent_Contig_16441	1	338	0	0	0	0	0	0
dDocent_Contig_16456	1	385	0	0	0	0	0	0
dDocent_Contig_16459	1	496	0	0	0	0	0	0
dDocent_Contig_16461	1	502	0	0	0	0	0	0
dDocent_Contig_16465	1	450	0	0	0	0	0	0
dDocent_Contig_16510	1	361	0	0	0	0	0	0
dDocent_Contig_16527	1	387	0	0	0	0	0	0
dDocent_Contig_16531	1	378	0	0	0	0	0	0
dDocent_Contig_16533	1	337	0	0	0	0	0	0
dDocent_Contig_16543	1	405	0	0	0	0	0	0
dDocent_Contig_16549	1	383	0	0	0	0	0	0
dDocent_Contig_16559	1	449	0	0	0	0	0	0
dDocent_Contig_16571	1	320	0	0	0	0	0	0
dDocent_Contig_16578	1	426	0	0	0	0	0	0
dDocent_Contig_16583	1	436	0	0	0	0	0	0
dDocent_Contig_16592	1	373	0	0	0	0	0	0
dDocent_Contig_16597	1	408	0	0	0	0	0	0
dDocent_Contig_16602	1	295	0	0	0	0	0	0
dDocent_Contig_16610	1	491	0	0	0	0	0	0
dDocent_Contig_16615	1	297	0	0	0	0	0	0
dDocent_Contig_16634	1	397	0	0	0	0	0	0
dDocent_Contig_16635	1	443	0	0	0	0	0	0
dDocent_Contig_16636	1	420	0	0	0	0	0	0
dDocent_Contig_16637	1	394	0	0	0	0	0	0
dDocent_Contig_16653	1	407	0	0	0	0	0	0
dDocent_Contig_16689	1	394	0	0	0	0	0	0
dDocent_Contig_16701	1	393	0	0	0	0	0	0
dDocent_Contig_16707	1	345	0	0	0	0	0	0
dDocent_Contig_16718	1	391	0	0	0	0	0	0
dDocent_Contig_16734	1	438	0	0	0	0	0	0
dDocent_Contig_16750	1	354	0	0	0	0	0	0
dDocent_Contig_16768	1	276	0	0	0	0	0	0
dDocent_Contig_16784	1	364	0	0	0	0	0	0
dDocent_Contig_16792	1	361	0	0	0	0	0	0
dDocent_Contig_16795	1	448	0	0	0	0	0	0
dDocent_Contig_16802	1	425	0	0	0	0	0	0
dDocent_Contig_16820	1	231	0	0	0	0	0	0
dDocent_Contig_16828	1	414	0	0	0	0	0	0
dDocent_Contig_16836	1	435	0	0	0	0	0	0
dDocent_Contig_16843	1	473	0	0	0	0	0	0
dDocent_Contig_16854	1	422	0	0	0	0	0	0
dDocent_Contig_16856	1	300	0	0	0	0	0	0
dDocent_Contig_16872	1	402	0	0	0	0	0	0
dDocent_Contig_16878	1	393	0	0	0	0	0	0
dDocent_Contig_16890	1	272	0	0	0	0	0	0
dDocent_Contig_16893	1	416	0	0	0	0	0	0
dDocent_Contig_16895	1	395	0	0	0	0	0	0
dDocent_Contig_16901	1	334	0	0	0	0	0	0
dDocent_Contig_16915	1	308	0	0	0	0	0	0
dDocent_Contig_16922	1	399	0	0	0	0	0	0
dDocent_Contig_16924	1	379	0	0	0	0	0	0
dDocent_Contig_16929	1	280	0	0	0	0	0	0
dDocent_Contig_16942	1	351	0	0	0	0	0	0
dDocent_Contig_16949	1	340	0	0	0	0	0	0
dDocent_Contig_16956	1	374	0	0	0	0	0	0
dDocent_Contig_16961	1	462	0	0	0	0	0	0
dDocent_Contig_16967	1	469	0	0	0	0	0	0
dDocent_Contig_16971	1	422	0	0	0	0	0	0
dDocent_Contig_16990	1	454	0	0	0	0	0	0
dDocent_Contig_17031	1	341	0	0	0	0	0	0
dDocent_Contig_17038	1	367	0	0	0	0	0	0
dDocent_Contig_17055	1	291	0	0	0	0	0	0
dDocent_Contig_17068	1	337	0	0	0	0	0	0
dDocent_Contig_17069	1	357	0	0	0	0	0	0
dDocent_Contig_17070	1	360	0	0	0	0	0	0
dDocent_Contig_17076	1	403	0	0	0	0	0	0
dDocent_Contig_17077	1	455	0	0	0	0	0	0
dDocent_Contig_17092	1	405	0	0	0	0	0	0
dDocent_Contig_17103	1	379	0	0	0	0	0	0
dDocent_Contig_17112	1	315	0	0	0	0	0	0
dDocent_Contig_17114	1	352	0	0	0	0	0	0
dDocent_Contig_17128	1	427	0	0	0	0	0	0
dDocent_Contig_17133	1	452	0	0	0	0	0	0
dDocent_Contig_17135	1	396	0	0	0	0	0	0
dDocent_Contig_17166	1	287	0	0	0	0	0	0
dDocent_Contig_17168	1	360	0	0	0	0	0	0
dDocent_Contig_17180	1	350	0	0	0	0	0	0
dDocent_Contig_17182	1	250	0	0	0	0	0	0
dDocent_Contig_17190	1	431	0	0	0	0	0	0
dDocent_Contig_17200	1	411	0	0	0	0	0	0
dDocent_Contig_17214	1	320	0	0	0	0	0	0
dDocent_Contig_17222	1	343	0	0	0	0	0	0
dDocent_Contig_17238	1	332	0	0	0	0	0	0
dDocent_Contig_17247	1	347	0	0	0	0	0	0
dDocent_Contig_17250	1	418	0	0	0	0	0	0
dDocent_Contig_17260	1	278	0	0	0	0	0	0
dDocent_Contig_17261	1	332	0	0	0	0	0	0
dDocent_Contig_17265	1	404	0	0	0	0	0	0
dDocent_Contig_17277	1	307	0	0	0	0	0	0
dDocent_Contig_17278	1	411	0	0	0	0	0	0
dDocent_Contig_17294	1	259	0	0	0	0	0	0
dDocent_Contig_17304	1	379	0	0	0	0	0	0
dDocent_Contig_17314	1	414	0	0	0	0	0	0
dDocent_Contig_17319	1	324	0	0	0	0	0	0
dDocent_Contig_17325	1	344	0	0	0	0	0	0
dDocent_Contig_17330	1	337	0	0	0	0	0	0
dDocent_Contig_17334	1	233	0	0	0	0	0	0
dDocent_Contig_17338	1	405	0	0	0	0	0	0
dDocent_Contig_17342	1	319	0	0	0	0	0	0
dDocent_Contig_17367	1	268	0	0	0	0	0	0
dDocent_Contig_17371	1	374	0	0	0	0	0	0
dDocent_Contig_17373	1	421	0	0	0	0	0	0
dDocent_Contig_17375	1	382	0	0	0	0	0	0
dDocent_Contig_17378	1	424	0	0	0	0	0	0
dDocent_Contig_17380	1	497	0	0	0	0	0	0
dDocent_Contig_17404	1	299	0	0	0	0	0	0
dDocent_Contig_17413	1	399	0	0	0	0	0	0
dDocent_Contig_17418	1	407	0	0	0	0	0	0
dDocent_Contig_17424	1	268	0	0	0	0	0	0
dDocent_Contig_17437	1	428	0	0	0	0	0	0
dDocent_Contig_17445	1	386	0	0	0	0	0	0
dDocent_Contig_17458	1	466	0	0	0	0	0	0
dDocent_Contig_17463	1	319	0	0	0	0	0	0
dDocent_Contig_17464	1	464	0	0	0	0	0	0
dDocent_Contig_17466	1	407	0	0	0	0	0	0
dDocent_Contig_17467	1	386	0	0	0	0	0	0
dDocent_Contig_17473	1	370	0	0	0	0	0	0
dDocent_Contig_17487	1	415	0	0	0	0	0	0
dDocent_Contig_17495	1	397	0	0	0	0	0	0
dDocent_Contig_17501	1	396	0	0	0	0	0	0
dDocent_Contig_17507	1	379	0	0	0	0	0	0
dDocent_Contig_17512	1	443	0	0	0	0	0	0
dDocent_Contig_17524	1	395	0	0	0	0	0	0
dDocent_Contig_17525	1	423	0	0	0	0	0	0
dDocent_Contig_17527	1	451	0	0	0	0	0	0
dDocent_Contig_17533	1	456	0	0	0	0	0	0
dDocent_Contig_17537	1	424	0	0	0	0	0	0
dDocent_Contig_17541	1	377	0	0	0	0	0	0
dDocent_Contig_17606	1	358	0	0	0	0	0	0
dDocent_Contig_17616	1	380	0	0	0	0	0	0
dDocent_Contig_17631	1	280	0	0	0	0	0	0
dDocent_Contig_17633	1	495	0	0	0	0	0	0
dDocent_Contig_17634	1	440	0	0	0	0	0	0
dDocent_Contig_17638	1	414	0	0	0	0	0	0
dDocent_Contig_17652	1	441	0	0	0	0	0	0
dDocent_Contig_17672	1	388	0	0	0	0	0	0
dDocent_Contig_17673	1	454	0	0	0	0	0	0
dDocent_Contig_17674	1	284	0	0	0	0	0	0
dDocent_Contig_17679	1	370	0	0	0	0	0	0
dDocent_Contig_17682	1	301	0	0	0	0	0	0
dDocent_Contig_17701	1	394	0	0	0	0	0	0
dDocent_Contig_17709	1	340	0	0	0	0	0	0
dDocent_Contig_17713	1	348	0	0	0	0	0	0
dDocent_Contig_17714	1	414	0	0	0	0	0	0
dDocent_Contig_17721	1	246	0	0	0	0	0	0
dDocent_Contig_17728	1	329	0	0	0	0	0	0
dDocent_Contig_17733	1	426	0	0	0	0	0	0
dDocent_Contig_17736	1	464	0	0	0	0	0	0
dDocent_Contig_17749	1	404	0	0	0	0	0	0
dDocent_Contig_17765	1	367	0	0	0	0	0	0
dDocent_Contig_17781	1	240	0	0	0	0	0	0
dDocent_Contig_17783	1	491	0	0	0	0	0	0
dDocent_Contig_17786	1	358	0	0	0	0	0	0
dDocent_Contig_17788	1	473	0	0	0	0	0	0
dDocent_Contig_17795	1	398	0	0	0	0	0	0
dDocent_Contig_17812	1	386	0	0	0	0	0	0
dDocent_Contig_17814	1	470	0	0	0	0	0	0
dDocent_Contig_17816	1	339	0	0	0	0	0	0
dDocent_Contig_17819	1	360	0	0	0	0	0	0
dDocent_Contig_17824	1	320	0	0	0	0	0	0
dDocent_Contig_17831	1	467	0	0	0	0	0	0
dDocent_Contig_17844	1	418	0	0	0	0	0	0
dDocent_Contig_17846	1	481	0	0	0	0	0	0
dDocent_Contig_17850	1	393	0	0	0	0	0	0
dDocent_Contig_17855	1	432	0	0	0	0	0	0
dDocent_Contig_17864	1	430	0	0	0	0	0	0
dDocent_Contig_17873	1	393	0	0	0	0	0	0
dDocent_Contig_17894	1	500	0	0	0	0	0	0
dDocent_Contig_17896	1	407	0	0	0	0	0	0
dDocent_Contig_17904	1	408	0	0	0	0	0	0
dDocent_Contig_17907	1	417	0	0	0	0	0	0
dDocent_Contig_17913	1	412	0	0	0	0	0	0
dDocent_Contig_17914	1	411	0	0	0	0	0	0
dDocent_Contig_17922	1	382	0	0	0	0	0	0
dDocent_Contig_17929	1	350	0	0	0	0	0	0
dDocent_Contig_17930	1	396	0	0	0	0	0	0
dDocent_Contig_17936	1	396	0	0	0	0	0	0
dDocent_Contig_17957	1	350	0	0	0	0	0	0
dDocent_Contig_17969	1	391	0	0	0	0	0	0
dDocent_Contig_17981	1	397	0	0	0	0	0	0
dDocent_Contig_17987	1	304	0	0	0	0	0	0
dDocent_Contig_17994	1	303	0	0	0	0	0	0
dDocent_Contig_18014	1	350	0	0	0	0	0	0
dDocent_Contig_18017	1	365	0	0	0	0	0	0
dDocent_Contig_18024	1	493	0	0	0	0	0	0
dDocent_Contig_18035	1	409	0	0	0	0	0	0
dDocent_Contig_18040	1	403	0	0	0	0	0	0
dDocent_Contig_18049	1	459	0	0	0	0	0	0
dDocent_Contig_18071	1	410	0	0	0	0	0	0
dDocent_Contig_18081	1	455	0	0	0	0	0	0
dDocent_Contig_18085	1	393	0	0	0	0	0	0
dDocent_Contig_18087	1	409	0	0	0	0	0	0
dDocent_Contig_18102	1	396	0	0	0	0	0	0
dDocent_Contig_18112	1	450	0	0	0	0	0	0
dDocent_Contig_18125	1	345	0	0	0	0	0	0
dDocent_Contig_18143	1	455	0	0	0	0	0	0
dDocent_Contig_18147	1	477	0	0	0	0	0	0
dDocent_Contig_18150	1	376	0	0	0	0	0	0
dDocent_Contig_18163	1	470	0	0	0	0	0	0
dDocent_Contig_18167	1	360	0	0	0	0	0	0
dDocent_Contig_18180	1	356	0	0	0	0	0	0
dDocent_Contig_18181	1	519	0	0	0	0	0	0
dDocent_Contig_18194	1	339	0	0	0	0	0	0
dDocent_Contig_18195	1	334	0	0	0	0	0	0
dDocent_Contig_18196	1	396	0	0	0	0	0	0
dDocent_Contig_18207	1	350	0	0	0	0	0	0
dDocent_Contig_18214	1	321	0	0	0	0	0	0
dDocent_Contig_18228	1	364	0	0	0	0	0	0
dDocent_Contig_18230	1	318	0	0	0	0	0	0
dDocent_Contig_18262	1	313	0	0	0	0	0	0
dDocent_Contig_18266	1	311	0	0	0	0	0	0
dDocent_Contig_18267	1	396	0	0	0	0	0	0
dDocent_Contig_18273	1	368	0	0	0	0	0	0
dDocent_Contig_18278	1	422	0	0	0	0	0	0
dDocent_Contig_18293	1	379	0	0	0	0	0	0
dDocent_Contig_18304	1	333	0	0	0	0	0	0
dDocent_Contig_18305	1	473	0	0	0	0	0	0
dDocent_Contig_18314	1	340	0	0	0	0	0	0
dDocent_Contig_18316	1	326	0	0	0	0	0	0
dDocent_Contig_18327	1	405	0	0	0	0	0	0
dDocent_Contig_18328	1	357	0	0	0	0	0	0
dDocent_Contig_18332	1	472	0	0	0	0	0	0
dDocent_Contig_18337	1	311	0	0	0	0	0	0
dDocent_Contig_18342	1	364	0	0	0	0	0	0
dDocent_Contig_18343	1	420	0	0	0	0	0	0
dDocent_Contig_18344	1	487	0	0	0	0	0	0
dDocent_Contig_18347	1	502	0	0	0	0	0	0
dDocent_Contig_18349	1	451	0	0	0	0	0	0
dDocent_Contig_18358	1	346	0	0	0	0	0	0
dDocent_Contig_18374	1	388	0	0	0	0	0	0
dDocent_Contig_18375	1	438	0	0	0	0	0	0
dDocent_Contig_18378	1	276	0	0	0	0	0	0
dDocent_Contig_18380	1	320	0	0	0	0	0	0
dDocent_Contig_18383	1	413	0	0	0	0	0	0
dDocent_Contig_18384	1	406	0	0	0	0	0	0
dDocent_Contig_18392	1	395	0	0	0	0	0	0
dDocent_Contig_18422	1	454	0	0	0	0	0	0
dDocent_Contig_18438	1	441	0	0	0	0	0	0
dDocent_Contig_18447	1	255	0	0	0	0	0	0
dDocent_Contig_18451	1	491	0	0	0	0	0	0
dDocent_Contig_18459	1	403	0	0	0	0	0	0
dDocent_Contig_18479	1	365	0	0	0	0	0	0
dDocent_Contig_18480	1	356	0	0	0	0	0	0
dDocent_Contig_18482	1	332	0	0	0	0	0	0
dDocent_Contig_18493	1	443	0	0	0	0	0	0
dDocent_Contig_18495	1	420	0	0	0	0	0	0
dDocent_Contig_18502	1	436	0	0	0	0	0	0
dDocent_Contig_18514	1	397	0	0	0	0	0	0
dDocent_Contig_18515	1	450	0	0	0	0	0	0
dDocent_Contig_18517	1	439	0	0	0	0	0	0
dDocent_Contig_18520	1	446	0	0	0	0	0	0
dDocent_Contig_18527	1	238	0	0	0	0	0	0
dDocent_Contig_18540	1	291	0	0	0	0	0	0
dDocent_Contig_18557	1	294	0	0	0	0	0	0
dDocent_Contig_18574	1	442	0	0	0	0	0	0
dDocent_Contig_18578	1	440	0	0	0	0	0	0
dDocent_Contig_18580	1	365	0	0	0	0	0	0
dDocent_Contig_18594	1	383	0	0	0	0	0	0
dDocent_Contig_18595	1	368	0	0	0	0	0	0
dDocent_Contig_18609	1	350	0	0	0	0	0	0
dDocent_Contig_18619	1	324	0	0	0	0	0	0
dDocent_Contig_18622	1	328	0	0	0	0	0	0
dDocent_Contig_18630	1	389	0	0	0	0	0	0
dDocent_Contig_18631	1	358	0	0	0	0	0	0
dDocent_Contig_18660	1	460	0	0	0	0	0	0
dDocent_Contig_18662	1	462	0	0	0	0	0	0
dDocent_Contig_18666	1	487	0	0	0	0	0	0
dDocent_Contig_18718	1	383	0	0	0	0	0	0
dDocent_Contig_18727	1	272	0	0	0	0	0	0
dDocent_Contig_18741	1	423	0	0	0	0	0	0
dDocent_Contig_18743	1	405	0	0	0	0	0	0
dDocent_Contig_18744	1	375	0	0	0	0	0	0
dDocent_Contig_18746	1	287	0	0	0	0	0	0
dDocent_Contig_18760	1	418	0	0	0	0	0	0
dDocent_Contig_18767	1	443	0	0	0	0	0	0
dDocent_Contig_18771	1	335	0	0	0	0	0	0
dDocent_Contig_18774	1	226	0	0	0	0	0	0
dDocent_Contig_18782	1	389	0	0	0	0	0	0
dDocent_Contig_18795	1	382	0	0	0	0	0	0
dDocent_Contig_18818	1	355	0	0	0	0	0	0
dDocent_Contig_18821	1	338	0	0	0	0	0	0
dDocent_Contig_18822	1	376	0	0	0	0	0	0
dDocent_Contig_18841	1	498	0	0	0	0	0	0
dDocent_Contig_18842	1	411	0	0	0	0	0	0
dDocent_Contig_18844	1	362	0	0	0	0	0	0
dDocent_Contig_18849	1	322	0	0	0	0	0	0
dDocent_Contig_18855	1	422	0	0	0	0	0	0
dDocent_Contig_18868	1	412	0	0	0	0	0	0
dDocent_Contig_18909	1	364	0	0	0	0	0	0
dDocent_Contig_18914	1	408	0	0	0	0	0	0
dDocent_Contig_18936	1	362	0	0	0	0	0	0
dDocent_Contig_18939	1	376	0	0	0	0	0	0
dDocent_Contig_18943	1	386	0	0	0	0	0	0
dDocent_Contig_18944	1	344	0	0	0	0	0	0
dDocent_Contig_18948	1	288	0	0	0	0	0	0
dDocent_Contig_18951	1	302	0	0	0	0	0	0
dDocent_Contig_18967	1	436	0	0	0	0	0	0
dDocent_Contig_18981	1	326	0	0	0	0	0	0
dDocent_Contig_18982	1	420	0	0	0	0	0	0
dDocent_Contig_18995	1	368	0	0	0	0	0	0
dDocent_Contig_19000	1	354	0	0	0	0	0	0
dDocent_Contig_19001	1	355	0	0	0	0	0	0
dDocent_Contig_19003	1	372	0	0	0	0	0	0
dDocent_Contig_19004	1	449	0	0	0	0	0	0
dDocent_Contig_19006	1	414	0	0	0	0	0	0
dDocent_Contig_19009	1	349	0	0	0	0	0	0
dDocent_Contig_19010	1	489	0	0	0	0	0	0
dDocent_Contig_19012	1	425	0	0	0	0	0	0
dDocent_Contig_19020	1	359	0	0	0	0	0	0
dDocent_Contig_19027	1	443	0	0	0	0	0	0
dDocent_Contig_19028	1	329	0	0	0	0	0	0
dDocent_Contig_19039	1	369	0	0	0	0	0	0
dDocent_Contig_19040	1	425	0	0	0	0	0	0
dDocent_Contig_19045	1	317	0	0	0	0	0	0
dDocent_Contig_19046	1	327	0	0	0	0	0	0
dDocent_Contig_19051	1	410	0	0	0	0	0	0
dDocent_Contig_19053	1	411	0	0	0	0	0	0
dDocent_Contig_19054	1	324	0	0	0	0	0	0
dDocent_Contig_19062	1	503	0	0	0	0	0	0
dDocent_Contig_19072	1	346	0	0	0	0	0	0
dDocent_Contig_19077	1	351	0	0	0	0	0	0
dDocent_Contig_19082	1	384	0	0	0	0	0	0
dDocent_Contig_19089	1	352	0	0	0	0	0	0
dDocent_Contig_19094	1	411	0	0	0	0	0	0
dDocent_Contig_19096	1	439	0	0	0	0	0	0
dDocent_Contig_19209	1	314	0	0	0	0	0	0
dDocent_Contig_19210	1	345	0	0	0	0	0	0
dDocent_Contig_19215	1	334	0	0	0	0	0	0
dDocent_Contig_19222	1	349	0	0	0	0	0	0
dDocent_Contig_19230	1	245	0	0	0	0	0	0
dDocent_Contig_19257	1	264	0	0	0	0	0	0
dDocent_Contig_19279	1	302	0	0	0	0	0	0
dDocent_Contig_19281	1	406	0	0	0	0	0	0
dDocent_Contig_19283	1	439	0	0	0	0	0	0
dDocent_Contig_19290	1	390	0	0	0	0	0	0
dDocent_Contig_19291	1	394	0	0	0	0	0	0
dDocent_Contig_19301	1	364	0	0	0	0	0	0
dDocent_Contig_19303	1	421	0	0	0	0	0	0
dDocent_Contig_19307	1	376	0	0	0	0	0	0
dDocent_Contig_19317	1	368	0	0	0	0	0	0
dDocent_Contig_19349	1	309	0	0	0	0	0	0
dDocent_Contig_19359	1	428	0	0	0	0	0	0
dDocent_Contig_19360	1	367	0	0	0	0	0	0
dDocent_Contig_19392	1	403	0	0	0	0	0	0
dDocent_Contig_19393	1	367	0	0	0	0	0	0
dDocent_Contig_19431	1	395	0	0	0	0	0	0
dDocent_Contig_19439	1	326	0	0	0	0	0	0
dDocent_Contig_19443	1	382	0	0	0	0	0	0
dDocent_Contig_19456	1	301	0	0	0	0	0	0
dDocent_Contig_19457	1	415	0	0	0	0	0	0
dDocent_Contig_19459	1	377	0	0	0	0	0	0
dDocent_Contig_19461	1	430	0	0	0	0	0	0
dDocent_Contig_19482	1	405	0	0	0	0	0	0
dDocent_Contig_19483	1	343	0	0	0	0	0	0
dDocent_Contig_19485	1	271	0	0	0	0	0	0
dDocent_Contig_19510	1	274	0	0	0	0	0	0
dDocent_Contig_19525	1	429	0	0	0	0	0	0
dDocent_Contig_19531	1	389	0	0	0	0	0	0
dDocent_Contig_19533	1	305	0	0	0	0	0	0
dDocent_Contig_19535	1	351	0	0	0	0	0	0
dDocent_Contig_19542	1	382	0	0	0	0	0	0
dDocent_Contig_19543	1	486	0	0	0	0	0	0
dDocent_Contig_19554	1	386	0	0	0	0	0	0
dDocent_Contig_19609	1	492	0	0	0	0	0	0
dDocent_Contig_19612	1	508	0	0	0	0	0	0
dDocent_Contig_19615	1	422	0	0	0	0	0	0
dDocent_Contig_19624	1	393	0	0	0	0	0	0
dDocent_Contig_19633	1	423	0	0	0	0	0	0
dDocent_Contig_19658	1	375	0	0	0	0	0	0
dDocent_Contig_19666	1	443	0	0	0	0	0	0
dDocent_Contig_19672	1	420	0	0	0	0	0	0
dDocent_Contig_19678	1	428	0	0	0	0	0	0
dDocent_Contig_19691	1	395	0	0	0	0	0	0
dDocent_Contig_19696	1	369	0	0	0	0	0	0
dDocent_Contig_19732	1	401	0	0	0	0	0	0
dDocent_Contig_19762	1	326	0	0	0	0	0	0
dDocent_Contig_19763	1	373	0	0	0	0	0	0
dDocent_Contig_19775	1	298	0	0	0	0	0	0
dDocent_Contig_19776	1	334	0	0	0	0	0	0
dDocent_Contig_19787	1	334	0	0	0	0	0	0
dDocent_Contig_19808	1	407	0	0	0	0	0	0
dDocent_Contig_19811	1	428	0	0	0	0	0	0
dDocent_Contig_19814	1	402	0	0	0	0	0	0
dDocent_Contig_19835	1	416	0	0	0	0	0	0
dDocent_Contig_19839	1	387	0	0	0	0	0	0
dDocent_Contig_19865	1	287	0	0	0	0	0	0
dDocent_Contig_19869	1	436	0	0	0	0	0	0
dDocent_Contig_19875	1	444	0	0	0	0	0	0
dDocent_Contig_19876	1	399	0	0	0	0	0	0
dDocent_Contig_19878	1	373	0	0	0	0	0	0
dDocent_Contig_19880	1	365	0	0	0	0	0	0
dDocent_Contig_19887	1	375	0	0	0	0	0	0
dDocent_Contig_19915	1	455	0	0	0	0	0	0
dDocent_Contig_19924	1	361	0	0	0	0	0	0
dDocent_Contig_19936	1	407	0	0	0	0	0	0
dDocent_Contig_19938	1	339	0	0	0	0	0	0
dDocent_Contig_19940	1	395	0	0	0	0	0	0
dDocent_Contig_19962	1	386	0	0	0	0	0	0
dDocent_Contig_19977	1	288	0	0	0	0	0	0
dDocent_Contig_19979	1	327	0	0	0	0	0	0
dDocent_Contig_19980	1	460	0	0	0	0	0	0
dDocent_Contig_19993	1	378	0	0	0	0	0	0
dDocent_Contig_19994	1	315	0	0	0	0	0	0
dDocent_Contig_19998	1	443	0	0	0	0	0	0
dDocent_Contig_19999	1	355	0	0	0	0	0	0
dDocent_Contig_20000	1	383	0	0	0	0	0	0
dDocent_Contig_20001	1	427	0	0	0	0	0	0
dDocent_Contig_20002	1	225	0	0	0	0	0	0
dDocent_Contig_20014	1	506	0	0	0	0	0	0
dDocent_Contig_20018	1	292	0	0	0	0	0	0
dDocent_Contig_20026	1	453	0	0	0	0	0	0
dDocent_Contig_20030	1	332	0	0	0	0	0	0
dDocent_Contig_20031	1	301	0	0	0	0	0	0
dDocent_Contig_20032	1	382	0	0	0	0	0	0
dDocent_Contig_20036	1	376	0	0	0	0	0	0
dDocent_Contig_20038	1	486	0	0	0	0	0	0
dDocent_Contig_20058	1	303	0	0	0	0	0	0
dDocent_Contig_20061	1	476	0	0	0	0	0	0
dDocent_Contig_20067	1	337	0	0	0	0	0	0
dDocent_Contig_20068	1	338	0	0	0	0	0	0
dDocent_Contig_20069	1	325	0	0	0	0	0	0
dDocent_Contig_20083	1	318	0	0	0	0	0	0
dDocent_Contig_20107	1	365	0	0	0	0	0	0
dDocent_Contig_20115	1	429	0	0	0	0	0	0
dDocent_Contig_20127	1	420	0	0	0	0	0	0
dDocent_Contig_20146	1	393	0	0	0	0	0	0
dDocent_Contig_20156	1	388	0	0	0	0	0	0
dDocent_Contig_20158	1	385	0	0	0	0	0	0
dDocent_Contig_20175	1	297	0	0	0	0	0	0
dDocent_Contig_20207	1	428	0	0	0	0	0	0
dDocent_Contig_20212	1	381	0	0	0	0	0	0
dDocent_Contig_20213	1	339	0	0	0	0	0	0
dDocent_Contig_20215	1	353	0	0	0	0	0	0
dDocent_Contig_20216	1	298	0	0	0	0	0	0
dDocent_Contig_20222	1	391	0	0	0	0	0	0
dDocent_Contig_20223	1	453	0	0	0	0	0	0
dDocent_Contig_20250	1	279	0	0	0	0	0	0
dDocent_Contig_20255	1	337	0	0	0	0	0	0
dDocent_Contig_20266	1	378	0	0	0	0	0	0
dDocent_Contig_20269	1	412	0	0	0	0	0	0
dDocent_Contig_20271	1	408	0	0	0	0	0	0
dDocent_Contig_20275	1	352	0	0	0	0	0	0
dDocent_Contig_20281	1	381	0	0	0	0	0	0
dDocent_Contig_20283	1	359	0	0	0	0	0	0
dDocent_Contig_20288	1	413	0	0	0	0	0	0
dDocent_Contig_20305	1	460	0	0	0	0	0	0
dDocent_Contig_20320	1	329	0	0	0	0	0	0
dDocent_Contig_20325	1	450	0	0	0	0	0	0
dDocent_Contig_20331	1	397	0	0	0	0	0	0
dDocent_Contig_20332	1	378	0	0	0	0	0	0
dDocent_Contig_20334	1	386	0	0	0	0	0	0
dDocent_Contig_20345	1	388	0	0	0	0	0	0
dDocent_Contig_20347	1	391	0	0	0	0	0	0
dDocent_Contig_20349	1	337	0	0	0	0	0	0
dDocent_Contig_20368	1	386	0	0	0	0	0	0
dDocent_Contig_20375	1	353	0	0	0	0	0	0
dDocent_Contig_20385	1	378	0	0	0	0	0	0
dDocent_Contig_20388	1	373	0	0	0	0	0	0
dDocent_Contig_20390	1	350	0	0	0	0	0	0
dDocent_Contig_20402	1	394	0	0	0	0	0	0
dDocent_Contig_20408	1	397	0	0	0	0	0	0
dDocent_Contig_20430	1	437	0	0	0	0	0	0
dDocent_Contig_20432	1	402	0	0	0	0	0	0
dDocent_Contig_20439	1	399	0	0	0	0	0	0
dDocent_Contig_20454	1	373	0	0	0	0	0	0
dDocent_Contig_20468	1	353	0	0	0	0	0	0
dDocent_Contig_20490	1	401	0	0	0	0	0	0
dDocent_Contig_20505	1	408	0	0	0	0	0	0
dDocent_Contig_20514	1	385	0	0	0	0	0	0
dDocent_Contig_20518	1	410	0	0	0	0	0	0
dDocent_Contig_20519	1	391	0	0	0	0	0	0
dDocent_Contig_20526	1	316	0	0	0	0	0	0
dDocent_Contig_20537	1	334	0	0	0	0	0	0
dDocent_Contig_20538	1	374	0	0	0	0	0	0
dDocent_Contig_20555	1	420	0	0	0	0	0	0
dDocent_Contig_20557	1	323	0	0	0	0	0	0
dDocent_Contig_20561	1	367	0	0	0	0	0	0
dDocent_Contig_20565	1	427	0	0	0	0	0	0
dDocent_Contig_20568	1	375	0	0	0	0	0	0
dDocent_Contig_20584	1	413	0	0	0	0	0	0
dDocent_Contig_20585	1	347	0	0	0	0	0	0
dDocent_Contig_20612	1	424	0	0	0	0	0	0
dDocent_Contig_20615	1	428	0	0	0	0	0	0
dDocent_Contig_20627	1	399	0	0	0	0	0	0
dDocent_Contig_20637	1	389	0	0	0	0	0	0
dDocent_Contig_20650	1	411	0	0	0	0	0	0
dDocent_Contig_20656	1	311	0	0	0	0	0	0
dDocent_Contig_20659	1	382	0	0	0	0	0	0
dDocent_Contig_20660	1	375	0	0	0	0	0	0
dDocent_Contig_20662	1	388	0	0	0	0	0	0
dDocent_Contig_20671	1	414	0	0	0	0	0	0
dDocent_Contig_20684	1	359	0	0	0	0	0	0
dDocent_Contig_20685	1	368	0	0	0	0	0	0
dDocent_Contig_20693	1	404	0	0	0	0	0	0
dDocent_Contig_20696	1	385	0	0	0	0	0	0
dDocent_Contig_20706	1	407	0	0	0	0	0	0
dDocent_Contig_20712	1	389	0	0	0	0	0	0
dDocent_Contig_20716	1	370	0	0	0	0	0	0
dDocent_Contig_20717	1	377	0	0	0	0	0	0
dDocent_Contig_20720	1	395	0	0	0	0	0	0
dDocent_Contig_20728	1	358	0	0	0	0	0	0
dDocent_Contig_20730	1	355	0	0	0	0	0	0
dDocent_Contig_20734	1	402	0	0	0	0	0	0
dDocent_Contig_20738	1	451	0	0	0	0	0	0
dDocent_Contig_20748	1	376	0	0	0	0	0	0
dDocent_Contig_20753	1	360	0	0	0	0	0	0
dDocent_Contig_20762	1	266	0	0	0	0	0	0
dDocent_Contig_20763	1	366	0	0	0	0	0	0
dDocent_Contig_20788	1	518	0	0	0	0	0	0
dDocent_Contig_20810	1	468	0	0	0	0	0	0
dDocent_Contig_20813	1	382	0	0	0	0	0	0
dDocent_Contig_20814	1	500	0	0	0	0	0	0
dDocent_Contig_20828	1	480	0	0	0	0	0	0
dDocent_Contig_20831	1	500	0	0	0	0	0	0
dDocent_Contig_20880	1	383	0	0	0	0	0	0
dDocent_Contig_20881	1	363	0	0	0	0	0	0
dDocent_Contig_20899	1	348	0	0	0	0	0	0
dDocent_Contig_20901	1	415	0	0	0	0	0	0
dDocent_Contig_20902	1	323	0	0	0	0	0	0
dDocent_Contig_20903	1	389	0	0	0	0	0	0
dDocent_Contig_20916	1	399	0	0	0	0	0	0
dDocent_Contig_20921	1	418	0	0	0	0	0	0
dDocent_Contig_20926	1	400	0	0	0	0	0	0
dDocent_Contig_20928	1	437	0	0	0	0	0	0
dDocent_Contig_20932	1	365	0	0	0	0	0	0
dDocent_Contig_20933	1	431	0	0	0	0	0	0
dDocent_Contig_20945	1	512	0	0	0	0	0	0
dDocent_Contig_20947	1	313	0	0	0	0	0	0
dDocent_Contig_20951	1	435	0	0	0	0	0	0
dDocent_Contig_20953	1	401	0	0	0	0	0	0
dDocent_Contig_20979	1	388	0	0	0	0	0	0
dDocent_Contig_20991	1	377	0	0	0	0	0	0
dDocent_Contig_20992	1	309	0	0	0	0	0	0
dDocent_Contig_21003	1	476	0	0	0	0	0	0
dDocent_Contig_21035	1	301	0	0	0	0	0	0
dDocent_Contig_21036	1	387	0	0	0	0	0	0
dDocent_Contig_21050	1	382	0	0	0	0	0	0
dDocent_Contig_21058	1	324	0	0	0	0	0	0
dDocent_Contig_21088	1	492	0	0	0	0	0	0
dDocent_Contig_21103	1	441	0	0	0	0	0	0
dDocent_Contig_21125	1	284	0	0	0	0	0	0
dDocent_Contig_21130	1	384	0	0	0	0	0	0
dDocent_Contig_21139	1	507	0	0	0	0	0	0
dDocent_Contig_21146	1	394	0	0	0	0	0	0
dDocent_Contig_21167	1	310	0	0	0	0	0	0
dDocent_Contig_21170	1	429	0	0	0	0	0	0
dDocent_Contig_21177	1	401	0	0	0	0	0	0
dDocent_Contig_21191	1	359	0	0	0	0	0	0
dDocent_Contig_21194	1	440	0	0	0	0	0	0
dDocent_Contig_21196	1	315	0	0	0	0	0	0
dDocent_Contig_21205	1	411	0	0	0	0	0	0
dDocent_Contig_21206	1	347	0	0	0	0	0	0
dDocent_Contig_21207	1	456	0	0	0	0	0	0
dDocent_Contig_21213	1	485	0	0	0	0	0	0
dDocent_Contig_21228	1	426	0	0	0	0	0	0
dDocent_Contig_21230	1	354	0	0	0	0	0	0
dDocent_Contig_21239	1	385	0	0	0	0	0	0
dDocent_Contig_21242	1	438	0	0	0	0	0	0
dDocent_Contig_21256	1	371	0	0	0	0	0	0
dDocent_Contig_21264	1	320	0	0	0	0	0	0
dDocent_Contig_21265	1	453	0	0	0	0	0	0
dDocent_Contig_21280	1	313	0	0	0	0	0	0
dDocent_Contig_21291	1	426	0	0	0	0	0	0
dDocent_Contig_21299	1	471	0	0	0	0	0	0
dDocent_Contig_21303	1	363	0	0	0	0	0	0
dDocent_Contig_21305	1	431	0	0	0	0	0	0
dDocent_Contig_21332	1	472	0	0	0	0	0	0
dDocent_Contig_21353	1	377	0	0	0	0	0	0
dDocent_Contig_21360	1	324	0	0	0	0	0	0
dDocent_Contig_21366	1	291	0	0	0	0	0	0
dDocent_Contig_21383	1	417	0	0	0	0	0	0
dDocent_Contig_21397	1	298	0	0	0	0	0	0
dDocent_Contig_21402	1	300	0	0	0	0	0	0
dDocent_Contig_21403	1	290	0	0	0	0	0	0
dDocent_Contig_21411	1	414	0	0	0	0	0	0
dDocent_Contig_21421	1	396	0	0	0	0	0	0
dDocent_Contig_21424	1	443	0	0	0	0	0	0
dDocent_Contig_21444	1	371	0	0	0	0	0	0
dDocent_Contig_21457	1	349	0	0	0	0	0	0
dDocent_Contig_21461	1	351	0	0	0	0	0	0
dDocent_Contig_21465	1	375	0	0	0	0	0	0
dDocent_Contig_21470	1	419	0	0	0	0	0	0
dDocent_Contig_21480	1	490	0	0	0	0	0	0
dDocent_Contig_21483	1	388	0	0	0	0	0	0
dDocent_Contig_21491	1	452	0	0	0	0	0	0
dDocent_Contig_21498	1	395	0	0	0	0	0	0
dDocent_Contig_21502	1	317	0	0	0	0	0	0
dDocent_Contig_21509	1	374	0	0	0	0	0	0
dDocent_Contig_21512	1	439	0	0	0	0	0	0
dDocent_Contig_21520	1	485	0	0	0	0	0	0
dDocent_Contig_21524	1	408	0	0	0	0	0	0
dDocent_Contig_21527	1	439	0	0	0	0	0	0
dDocent_Contig_21528	1	384	0	0	0	0	0	0
dDocent_Contig_21531	1	486	0	0	0	0	0	0
dDocent_Contig_21532	1	426	0	0	0	0	0	0
dDocent_Contig_21533	1	299	0	0	0	0	0	0
dDocent_Contig_21535	1	415	0	0	0	0	0	0
dDocent_Contig_21538	1	357	0	0	0	0	0	0
dDocent_Contig_21549	1	377	0	0	0	0	0	0
dDocent_Contig_21557	1	377	0	0	0	0	0	0
dDocent_Contig_21560	1	453	0	0	0	0	0	0
dDocent_Contig_21570	1	380	0	0	0	0	0	0
dDocent_Contig_21575	1	383	0	0	0	0	0	0
dDocent_Contig_21581	1	311	0	0	0	0	0	0
dDocent_Contig_21591	1	414	0	0	0	0	0	0
dDocent_Contig_21637	1	344	0	0	0	0	0	0
dDocent_Contig_21642	1	418	0	0	0	0	0	0
dDocent_Contig_21647	1	491	0	0	0	0	0	0
dDocent_Contig_21649	1	397	0	0	0	0	0	0
dDocent_Contig_21685	1	245	0	0	0	0	0	0
dDocent_Contig_21692	1	327	0	0	0	0	0	0
dDocent_Contig_21694	1	414	0	0	0	0	0	0
dDocent_Contig_21738	1	383	0	0	0	0	0	0
dDocent_Contig_21749	1	382	0	0	0	0	0	0
dDocent_Contig_21766	1	389	0	0	0	0	0	0
dDocent_Contig_21784	1	347	0	0	0	0	0	0
dDocent_Contig_21789	1	261	0	0	0	0	0	0
dDocent_Contig_21804	1	363	0	0	0	0	0	0
dDocent_Contig_21806	1	324	0	0	0	0	0	0
dDocent_Contig_21816	1	265	0	0	0	0	0	0
dDocent_Contig_21825	1	413	0	0	0	0	0	0
dDocent_Contig_21831	1	351	0	0	0	0	0	0
dDocent_Contig_21834	1	498	0	0	0	0	0	0
dDocent_Contig_21849	1	345	0	0	0	0	0	0
dDocent_Contig_21860	1	319	0	0	0	0	0	0
dDocent_Contig_21865	1	433	0	0	0	0	0	0
dDocent_Contig_21872	1	509	0	0	0	0	0	0
dDocent_Contig_21877	1	252	0	0	0	0	0	0
dDocent_Contig_21878	1	367	0	0	0	0	0	0
dDocent_Contig_21880	1	434	0	0	0	0	0	0
dDocent_Contig_21885	1	384	0	0	0	0	0	0
dDocent_Contig_21894	1	424	0	0	0	0	0	0
dDocent_Contig_21902	1	487	0	0	0	0	0	0
dDocent_Contig_21916	1	515	0	0	0	0	0	0
dDocent_Contig_21918	1	350	0	0	0	0	0	0
dDocent_Contig_21919	1	467	0	0	0	0	0	0
dDocent_Contig_21925	1	440	0	0	0	0	0	0
dDocent_Contig_21937	1	385	0	0	0	0	0	0
dDocent_Contig_21940	1	361	0	0	0	0	0	0
dDocent_Contig_21963	1	346	0	0	0	0	0	0
dDocent_Contig_21965	1	374	0	0	0	0	0	0
dDocent_Contig_21966	1	442	0	0	0	0	0	0
dDocent_Contig_21979	1	386	0	0	0	0	0	0
dDocent_Contig_21981	1	411	0	0	0	0	0	0
dDocent_Contig_21982	1	451	0	0	0	0	0	0
dDocent_Contig_21986	1	297	0	0	0	0	0	0
dDocent_Contig_21990	1	306	0	0	0	0	0	0
dDocent_Contig_21992	1	343	0	0	0	0	0	0
dDocent_Contig_21994	1	225	0	0	0	0	0	0
dDocent_Contig_21995	1	430	0	0	0	0	0	0
dDocent_Contig_22000	1	362	0	0	0	0	0	0
dDocent_Contig_22003	1	298	0	0	0	0	0	0
dDocent_Contig_22007	1	263	0	0	0	0	0	0
dDocent_Contig_22010	1	366	0	0	0	0	0	0
dDocent_Contig_22015	1	353	0	0	0	0	0	0
dDocent_Contig_22025	1	384	0	0	0	0	0	0
dDocent_Contig_22026	1	425	0	0	0	0	0	0
dDocent_Contig_22027	1	384	0	0	0	0	0	0
dDocent_Contig_22029	1	261	0	0	0	0	0	0
dDocent_Contig_22041	1	321	0	0	0	0	0	0
dDocent_Contig_22053	1	337	0	0	0	0	0	0
dDocent_Contig_22069	1	414	0	0	0	0	0	0
dDocent_Contig_22072	1	471	0	0	0	0	0	0
dDocent_Contig_22075	1	408	0	0	0	0	0	0
dDocent_Contig_22077	1	398	0	0	0	0	0	0
dDocent_Contig_22098	1	404	0	0	0	0	0	0
dDocent_Contig_22108	1	381	0	0	0	0	0	0
dDocent_Contig_22111	1	388	0	0	0	0	0	0
dDocent_Contig_22113	1	401	0	0	0	0	0	0
dDocent_Contig_22164	1	374	0	0	0	0	0	0
dDocent_Contig_22178	1	385	0	0	0	0	0	0
dDocent_Contig_22190	1	488	0	0	0	0	0	0
dDocent_Contig_22192	1	275	0	0	0	0	0	0
dDocent_Contig_22195	1	338	0	0	0	0	0	0
dDocent_Contig_22198	1	300	0	0	0	0	0	0
dDocent_Contig_22199	1	498	0	0	0	0	0	0
dDocent_Contig_22203	1	435	0	0	0	0	0	0
dDocent_Contig_22214	1	430	0	0	0	0	0	0
dDocent_Contig_22218	1	294	0	0	0	0	0	0
dDocent_Contig_22222	1	449	0	0	0	0	0	0
dDocent_Contig_22229	1	454	0	0	0	0	0	0
dDocent_Contig_22240	1	479	0	0	0	0	0	0
dDocent_Contig_22258	1	340	0	0	0	0	0	0
dDocent_Contig_22260	1	480	0	0	0	0	0	0
dDocent_Contig_22261	1	419	0	0	0	0	0	0
dDocent_Contig_22265	1	436	0	0	0	0	0	0
dDocent_Contig_22268	1	406	0	0	0	0	0	0
dDocent_Contig_22273	1	395	0	0	0	0	0	0
dDocent_Contig_22275	1	403	0	0	0	0	0	0
dDocent_Contig_22280	1	285	0	0	0	0	0	0
dDocent_Contig_22281	1	419	0	0	0	0	0	0
dDocent_Contig_22283	1	405	0	0	0	0	0	0
dDocent_Contig_22284	1	360	0	0	0	0	0	0
dDocent_Contig_22304	1	397	0	0	0	0	0	0
dDocent_Contig_22326	1	445	0	0	0	0	0	0
dDocent_Contig_22328	1	300	0	0	0	0	0	0
dDocent_Contig_22336	1	318	0	0	0	0	0	0
dDocent_Contig_22337	1	377	0	0	0	0	0	0
dDocent_Contig_22351	1	373	0	0	0	0	0	0
dDocent_Contig_22352	1	475	0	0	0	0	0	0
dDocent_Contig_22360	1	345	0	0	0	0	0	0
dDocent_Contig_22363	1	381	0	0	0	0	0	0
dDocent_Contig_22365	1	396	0	0	0	0	0	0
dDocent_Contig_22376	1	317	0	0	0	0	0	0
dDocent_Contig_22379	1	306	0	0	0	0	0	0
dDocent_Contig_22381	1	395	0	0	0	0	0	0
dDocent_Contig_22390	1	438	0	0	0	0	0	0
dDocent_Contig_22400	1	376	0	0	0	0	0	0
dDocent_Contig_22413	1	382	0	0	0	0	0	0
dDocent_Contig_22419	1	417	0	0	0	0	0	0
dDocent_Contig_22422	1	424	0	0	0	0	0	0
dDocent_Contig_22424	1	453	0	0	0	0	0	0
dDocent_Contig_22428	1	318	0	0	0	0	0	0
dDocent_Contig_22442	1	318	0	0	0	0	0	0
dDocent_Contig_22444	1	403	0	0	0	0	0	0
dDocent_Contig_22446	1	257	0	0	0	0	0	0
dDocent_Contig_22455	1	399	0	0	0	0	0	0
dDocent_Contig_22458	1	469	0	0	0	0	0	0
dDocent_Contig_22468	1	393	0	0	0	0	0	0
dDocent_Contig_22469	1	362	0	0	0	0	0	0
dDocent_Contig_22488	1	395	0	0	0	0	0	0
dDocent_Contig_22495	1	440	0	0	0	0	0	0
dDocent_Contig_22498	1	490	0	0	0	0	0	0
dDocent_Contig_22499	1	336	0	0	0	0	0	0
dDocent_Contig_22501	1	385	0	0	0	0	0	0
dDocent_Contig_22509	1	357	0	0	0	0	0	0
dDocent_Contig_22510	1	473	0	0	0	0	0	0
dDocent_Contig_22518	1	371	0	0	0	0	0	0
dDocent_Contig_22523	1	275	0	0	0	0	0	0
dDocent_Contig_22538	1	400	0	0	0	0	0	0
dDocent_Contig_22544	1	398	0	0	0	0	0	0
dDocent_Contig_22559	1	404	0	0	0	0	0	0
dDocent_Contig_22571	1	466	0	0	0	0	0	0
dDocent_Contig_22580	1	410	0	0	0	0	0	0
dDocent_Contig_22602	1	384	0	0	0	0	0	0
dDocent_Contig_22603	1	456	0	0	0	0	0	0
dDocent_Contig_22605	1	458	0	0	0	0	0	0
dDocent_Contig_22613	1	497	0	0	0	0	0	0
dDocent_Contig_22631	1	380	0	0	0	0	0	0
dDocent_Contig_22637	1	400	0	0	0	0	0	0
dDocent_Contig_22640	1	313	0	0	0	0	0	0
dDocent_Contig_22646	1	415	0	0	0	0	0	0
dDocent_Contig_22651	1	431	0	0	0	0	0	0
dDocent_Contig_22665	1	296	0	0	0	0	0	0
dDocent_Contig_22669	1	358	0	0	0	0	0	0
dDocent_Contig_22671	1	374	0	0	0	0	0	0
dDocent_Contig_22680	1	383	0	0	0	0	0	0
dDocent_Contig_22694	1	417	0	0	0	0	0	0
dDocent_Contig_22698	1	426	0	0	0	0	0	0
dDocent_Contig_22700	1	425	0	0	0	0	0	0
dDocent_Contig_22702	1	414	0	0	0	0	0	0
dDocent_Contig_22712	1	338	0	0	0	0	0	0
dDocent_Contig_22714	1	323	0	0	0	0	0	0
dDocent_Contig_22716	1	357	0	0	0	0	0	0
dDocent_Contig_22723	1	373	0	0	0	0	0	0
dDocent_Contig_22731	1	467	0	0	0	0	0	0
dDocent_Contig_22733	1	327	0	0	0	0	0	0
dDocent_Contig_22735	1	403	0	0	0	0	0	0
dDocent_Contig_22740	1	492	0	0	0	0	0	0
dDocent_Contig_22742	1	357	0	0	0	0	0	0
dDocent_Contig_22743	1	381	0	0	0	0	0	0
dDocent_Contig_22746	1	401	0	0	0	0	0	0
dDocent_Contig_22748	1	450	0	0	0	0	0	0
dDocent_Contig_22749	1	247	0	0	0	0	0	0
dDocent_Contig_22757	1	331	0	0	0	0	0	0
dDocent_Contig_22758	1	417	0	0	0	0	0	0
dDocent_Contig_22761	1	282	0	0	0	0	0	0
dDocent_Contig_22764	1	373	0	0	0	0	0	0
dDocent_Contig_22765	1	331	0	0	0	0	0	0
dDocent_Contig_22769	1	411	0	0	0	0	0	0
dDocent_Contig_22784	1	396	0	0	0	0	0	0
dDocent_Contig_22785	1	430	0	0	0	0	0	0
dDocent_Contig_22808	1	512	0	0	0	0	0	0
dDocent_Contig_22811	1	383	0	0	0	0	0	0
dDocent_Contig_22818	1	446	0	0	0	0	0	0
dDocent_Contig_22819	1	448	0	0	0	0	0	0
dDocent_Contig_22822	1	474	0	0	0	0	0	0
dDocent_Contig_22826	1	406	0	0	0	0	0	0
dDocent_Contig_22844	1	476	0	0	0	0	0	0
dDocent_Contig_22856	1	418	0	0	0	0	0	0
dDocent_Contig_22865	1	318	0	0	0	0	0	0
dDocent_Contig_22877	1	411	0	0	0	0	0	0
dDocent_Contig_22886	1	334	0	0	0	0	0	0
dDocent_Contig_22889	1	402	0	0	0	0	0	0
dDocent_Contig_22908	1	280	0	0	0	0	0	0
dDocent_Contig_22917	1	279	0	0	0	0	0	0
dDocent_Contig_22925	1	361	0	0	0	0	0	0
dDocent_Contig_22936	1	248	0	0	0	0	0	0
dDocent_Contig_22939	1	380	0	0	0	0	0	0
dDocent_Contig_22942	1	476	0	0	0	0	0	0
dDocent_Contig_22949	1	396	0	0	0	0	0	0
dDocent_Contig_22959	1	341	0	0	0	0	0	0
dDocent_Contig_22960	1	303	0	0	0	0	0	0
dDocent_Contig_22966	1	306	0	0	0	0	0	0
dDocent_Contig_22976	1	369	0	0	0	0	0	0
dDocent_Contig_22980	1	401	0	0	0	0	0	0
dDocent_Contig_22990	1	429	0	0	0	0	0	0
dDocent_Contig_22991	1	482	0	0	0	0	0	0
dDocent_Contig_22995	1	362	0	0	0	0	0	0
dDocent_Contig_22998	1	393	0	0	0	0	0	0
dDocent_Contig_23002	1	289	0	0	0	0	0	0
dDocent_Contig_23005	1	277	0	0	0	0	0	0
dDocent_Contig_23015	1	425	0	0	0	0	0	0
dDocent_Contig_23016	1	336	0	0	0	0	0	0
dDocent_Contig_23034	1	480	0	0	0	0	0	0
dDocent_Contig_23035	1	452	0	0	0	0	0	0
dDocent_Contig_23038	1	334	0	0	0	0	0	0
dDocent_Contig_23054	1	443	0	0	0	0	0	0
dDocent_Contig_23064	1	402	0	0	0	0	0	0
dDocent_Contig_23066	1	413	0	0	0	0	0	0
dDocent_Contig_23071	1	290	0	0	0	0	0	0
dDocent_Contig_23074	1	288	0	0	0	0	0	0
dDocent_Contig_23086	1	434	0	0	0	0	0	0
dDocent_Contig_23094	1	291	0	0	0	0	0	0
dDocent_Contig_23099	1	373	0	0	0	0	0	0
dDocent_Contig_23106	1	439	0	0	0	0	0	0
dDocent_Contig_23108	1	415	0	0	0	0	0	0
dDocent_Contig_23115	1	370	0	0	0	0	0	0
dDocent_Contig_23118	1	415	0	0	0	0	0	0
dDocent_Contig_23125	1	378	0	0	0	0	0	0
dDocent_Contig_23181	1	416	0	0	0	0	0	0
dDocent_Contig_23182	1	313	0	0	0	0	0	0
dDocent_Contig_23191	1	451	0	0	0	0	0	0
dDocent_Contig_23193	1	474	0	0	0	0	0	0
dDocent_Contig_23196	1	323	0	0	0	0	0	0
dDocent_Contig_23204	1	390	0	0	0	0	0	0
dDocent_Contig_23205	1	381	0	0	0	0	0	0
dDocent_Contig_23208	1	338	0	0	0	0	0	0
dDocent_Contig_23218	1	378	0	0	0	0	0	0
dDocent_Contig_23220	1	452	0	0	0	0	0	0
dDocent_Contig_23223	1	400	0	0	0	0	0	0
dDocent_Contig_23225	1	336	0	0	0	0	0	0
dDocent_Contig_23232	1	468	0	0	0	0	0	0
dDocent_Contig_23237	1	317	0	0	0	0	0	0
dDocent_Contig_23240	1	470	0	0	0	0	0	0
dDocent_Contig_23244	1	331	0	0	0	0	0	0
dDocent_Contig_23246	1	354	0	0	0	0	0	0
dDocent_Contig_23258	1	428	0	0	0	0	0	0
dDocent_Contig_23262	1	450	0	0	0	0	0	0
dDocent_Contig_23263	1	380	0	0	0	0	0	0
dDocent_Contig_23264	1	235	0	0	0	0	0	0
dDocent_Contig_23265	1	397	0	0	0	0	0	0
dDocent_Contig_23280	1	339	0	0	0	0	0	0
dDocent_Contig_23302	1	469	0	0	0	0	0	0
dDocent_Contig_23305	1	412	0	0	0	0	0	0
dDocent_Contig_23307	1	361	0	0	0	0	0	0
dDocent_Contig_23310	1	268	0	0	0	0	0	0
dDocent_Contig_23313	1	226	0	0	0	0	0	0
dDocent_Contig_23337	1	296	0	0	0	0	0	0
dDocent_Contig_23345	1	451	0	0	0	0	0	0
dDocent_Contig_23346	1	394	0	0	0	0	0	0
dDocent_Contig_23349	1	497	0	0	0	0	0	0
dDocent_Contig_23359	1	334	0	0	0	0	0	0
dDocent_Contig_23363	1	306	0	0	0	0	0	0
dDocent_Contig_23364	1	309	0	0	0	0	0	0
dDocent_Contig_23367	1	380	0	0	0	0	0	0
dDocent_Contig_23376	1	357	0	0	0	0	0	0
dDocent_Contig_23380	1	351	0	0	0	0	0	0
dDocent_Contig_23383	1	413	0	0	0	0	0	0
dDocent_Contig_23394	1	443	0	0	0	0	0	0
dDocent_Contig_23400	1	408	0	0	0	0	0	0
dDocent_Contig_23405	1	328	0	0	0	0	0	0
dDocent_Contig_23415	1	411	0	0	0	0	0	0
dDocent_Contig_23445	1	372	0	0	0	0	0	0
dDocent_Contig_23447	1	426	0	0	0	0	0	0
dDocent_Contig_23456	1	426	0	0	0	0	0	0
dDocent_Contig_23465	1	333	0	0	0	0	0	0
dDocent_Contig_23467	1	347	0	0	0	0	0	0
dDocent_Contig_23472	1	277	0	0	0	0	0	0
dDocent_Contig_23479	1	321	0	0	0	0	0	0
dDocent_Contig_23545	1	382	0	0	0	0	0	0
dDocent_Contig_23549	1	383	0	0	0	0	0	0
dDocent_Contig_23550	1	395	0	0	0	0	0	0
dDocent_Contig_23551	1	394	0	0	0	0	0	0
dDocent_Contig_23555	1	351	0	0	0	0	0	0
dDocent_Contig_23567	1	433	0	0	0	0	0	0
dDocent_Contig_23581	1	455	0	0	0	0	0	0
dDocent_Contig_23583	1	373	0	0	0	0	0	0
dDocent_Contig_23585	1	435	0	0	0	0	0	0
dDocent_Contig_23588	1	360	0	0	0	0	0	0
dDocent_Contig_23592	1	268	0	0	0	0	0	0
dDocent_Contig_23594	1	393	0	0	0	0	0	0
dDocent_Contig_23602	1	325	0	0	0	0	0	0
dDocent_Contig_23604	1	394	0	0	0	0	0	0
dDocent_Contig_23605	1	437	0	0	0	0	0	0
dDocent_Contig_23607	1	360	0	0	0	0	0	0
dDocent_Contig_23611	1	394	0	0	0	0	0	0
dDocent_Contig_23613	1	353	0	0	0	0	0	0
dDocent_Contig_23615	1	414	0	0	0	0	0	0
dDocent_Contig_23618	1	432	0	0	0	0	0	0
dDocent_Contig_23631	1	445	0	0	0	0	0	0
dDocent_Contig_23635	1	333	0	0	0	0	0	0
dDocent_Contig_23636	1	299	0	0	0	0	0	0
dDocent_Contig_23637	1	479	0	0	0	0	0	0
dDocent_Contig_23638	1	407	0	0	0	0	0	0
dDocent_Contig_23640	1	391	0	0	0	0	0	0
dDocent_Contig_23649	1	361	0	0	0	0	0	0
dDocent_Contig_23650	1	438	0	0	0	0	0	0
dDocent_Contig_23680	1	382	0	0	0	0	0	0
dDocent_Contig_23684	1	441	0	0	0	0	0	0
dDocent_Contig_23685	1	248	0	0	0	0	0	0
dDocent_Contig_23690	1	461	0	0	0	0	0	0
dDocent_Contig_23692	1	382	0	0	0	0	0	0
dDocent_Contig_23698	1	429	0	0	0	0	0	0
dDocent_Contig_23730	1	359	0	0	0	0	0	0
dDocent_Contig_23737	1	393	0	0	0	0	0	0
dDocent_Contig_23745	1	270	0	0	0	0	0	0
dDocent_Contig_23746	1	419	0	0	0	0	0	0
dDocent_Contig_23780	1	445	0	0	0	0	0	0
dDocent_Contig_23785	1	376	0	0	0	0	0	0
dDocent_Contig_23787	1	367	0	0	0	0	0	0
dDocent_Contig_23788	1	325	0	0	0	0	0	0
dDocent_Contig_23792	1	333	0	0	0	0	0	0
dDocent_Contig_23793	1	308	0	0	0	0	0	0
dDocent_Contig_23796	1	378	0	0	0	0	0	0
dDocent_Contig_23798	1	374	0	0	0	0	0	0
dDocent_Contig_23800	1	332	0	0	0	0	0	0
dDocent_Contig_23801	1	335	0	0	0	0	0	0
dDocent_Contig_23805	1	400	0	0	0	0	0	0
dDocent_Contig_23813	1	404	0	0	0	0	0	0
dDocent_Contig_23816	1	419	0	0	0	0	0	0
dDocent_Contig_23817	1	384	0	0	0	0	0	0
dDocent_Contig_23825	1	316	0	0	0	0	0	0
dDocent_Contig_23827	1	404	0	0	0	0	0	0
dDocent_Contig_23841	1	399	0	0	0	0	0	0
dDocent_Contig_23851	1	384	0	0	0	0	0	0
dDocent_Contig_23859	1	382	0	0	0	0	0	0
dDocent_Contig_23863	1	428	0	0	0	0	0	0
dDocent_Contig_23871	1	384	0	0	0	0	0	0
dDocent_Contig_23891	1	475	0	0	0	0	0	0
dDocent_Contig_23927	1	372	0	0	0	0	0	0
dDocent_Contig_23929	1	342	0	0	0	0	0	0
dDocent_Contig_23943	1	369	0	0	0	0	0	0
dDocent_Contig_23944	1	491	0	0	0	0	0	0
dDocent_Contig_23954	1	389	0	0	0	0	0	0
dDocent_Contig_23977	1	249	0	0	0	0	0	0
dDocent_Contig_23983	1	465	0	0	0	0	0	0
dDocent_Contig_23994	1	311	0	0	0	0	0	0
dDocent_Contig_23997	1	371	0	0	0	0	0	0
dDocent_Contig_24004	1	285	0	0	0	0	0	0
dDocent_Contig_24005	1	326	0	0	0	0	0	0
dDocent_Contig_24008	1	388	0	0	0	0	0	0
dDocent_Contig_24029	1	415	0	0	0	0	0	0
dDocent_Contig_24034	1	451	0	0	0	0	0	0
dDocent_Contig_24052	1	319	0	0	0	0	0	0
dDocent_Contig_24056	1	333	0	0	0	0	0	0
dDocent_Contig_24057	1	397	0	0	0	0	0	0
dDocent_Contig_24068	1	460	0	0	0	0	0	0
dDocent_Contig_24088	1	272	0	0	0	0	0	0
dDocent_Contig_24089	1	487	0	0	0	0	0	0
dDocent_Contig_24099	1	356	0	0	0	0	0	0
dDocent_Contig_24201	1	409	0	0	0	0	0	0
dDocent_Contig_24203	1	368	0	0	0	0	0	0
dDocent_Contig_24228	1	372	0	0	0	0	0	0
dDocent_Contig_24230	1	347	0	0	0	0	0	0
dDocent_Contig_24233	1	347	0	0	0	0	0	0
dDocent_Contig_24251	1	348	0	0	0	0	0	0
dDocent_Contig_24258	1	289	0	0	0	0	0	0
dDocent_Contig_24277	1	427	0	0	0	0	0	0
dDocent_Contig_24280	1	460	0	0	0	0	0	0
dDocent_Contig_24284	1	494	0	0	0	0	0	0
dDocent_Contig_24291	1	374	0	0	0	0	0	0
dDocent_Contig_24293	1	358	0	0	0	0	0	0
dDocent_Contig_24302	1	421	0	0	0	0	0	0
dDocent_Contig_24303	1	473	0	0	0	0	0	0
dDocent_Contig_24310	1	347	0	0	0	0	0	0
dDocent_Contig_24312	1	321	0	0	0	0	0	0
dDocent_Contig_24314	1	453	0	0	0	0	0	0
dDocent_Contig_24315	1	247	0	0	0	0	0	0
dDocent_Contig_24319	1	431	0	0	0	0	0	0
dDocent_Contig_24325	1	436	0	0	0	0	0	0
dDocent_Contig_24327	1	382	0	0	0	0	0	0
dDocent_Contig_24344	1	447	0	0	0	0	0	0
dDocent_Contig_24346	1	312	0	0	0	0	0	0
dDocent_Contig_24348	1	314	0	0	0	0	0	0
dDocent_Contig_24352	1	294	0	0	0	0	0	0
dDocent_Contig_24355	1	375	0	0	0	0	0	0
dDocent_Contig_24369	1	376	0	0	0	0	0	0
dDocent_Contig_24371	1	427	0	0	0	0	0	0
dDocent_Contig_24378	1	365	0	0	0	0	0	0
dDocent_Contig_24382	1	380	0	0	0	0	0	0
dDocent_Contig_24393	1	432	0	0	0	0	0	0
dDocent_Contig_24396	1	404	0	0	0	0	0	0
dDocent_Contig_24398	1	365	0	0	0	0	0	0
dDocent_Contig_24405	1	312	0	0	0	0	0	0
dDocent_Contig_24415	1	276	0	0	0	0	0	0
dDocent_Contig_24423	1	307	0	0	0	0	0	0
dDocent_Contig_24432	1	258	0	0	0	0	0	0
dDocent_Contig_24440	1	388	0	0	0	0	0	0
dDocent_Contig_24444	1	388	0	0	0	0	0	0
dDocent_Contig_24448	1	254	0	0	0	0	0	0
dDocent_Contig_24450	1	351	0	0	0	0	0	0
dDocent_Contig_24453	1	478	0	0	0	0	0	0
dDocent_Contig_24480	1	447	0	0	0	0	0	0
dDocent_Contig_24492	1	274	0	0	0	0	0	0
dDocent_Contig_24514	1	364	0	0	0	0	0	0
dDocent_Contig_24518	1	301	0	0	0	0	0	0
dDocent_Contig_24527	1	505	0	0	0	0	0	0
dDocent_Contig_24529	1	451	0	0	0	0	0	0
dDocent_Contig_24530	1	416	0	0	0	0	0	0
dDocent_Contig_24534	1	335	0	0	0	0	0	0
dDocent_Contig_24544	1	398	0	0	0	0	0	0
dDocent_Contig_24571	1	400	0	0	0	0	0	0
dDocent_Contig_24595	1	385	0	0	0	0	0	0
dDocent_Contig_24597	1	338	0	0	0	0	0	0
dDocent_Contig_24600	1	396	0	0	0	0	0	0
dDocent_Contig_24606	1	466	0	0	0	0	0	0
dDocent_Contig_24610	1	270	0	0	0	0	0	0
dDocent_Contig_24612	1	278	0	0	0	0	0	0
dDocent_Contig_24613	1	262	0	0	0	0	0	0
dDocent_Contig_24614	1	377	0	0	0	0	0	0
dDocent_Contig_24620	1	406	0	0	0	0	0	0
dDocent_Contig_24622	1	458	0	0	0	0	0	0
dDocent_Contig_24634	1	384	0	0	0	0	0	0
dDocent_Contig_24649	1	260	0	0	0	0	0	0
dDocent_Contig_24650	1	296	0	0	0	0	0	0
dDocent_Contig_24655	1	246	0	0	0	0	0	0
dDocent_Contig_24656	1	297	0	0	0	0	0	0
dDocent_Contig_24659	1	367	0	0	0	0	0	0
dDocent_Contig_24660	1	400	0	0	0	0	0	0
dDocent_Contig_24662	1	301	0	0	0	0	0	0
dDocent_Contig_24681	1	375	0	0	0	0	0	0
dDocent_Contig_24683	1	446	0	0	0	0	0	0
dDocent_Contig_24690	1	395	0	0	0	0	0	0
dDocent_Contig_24692	1	334	0	0	0	0	0	0
dDocent_Contig_24694	1	454	0	0	0	0	0	0
dDocent_Contig_24696	1	315	0	0	0	0	0	0
dDocent_Contig_24698	1	396	0	0	0	0	0	0
dDocent_Contig_24701	1	347	0	0	0	0	0	0
dDocent_Contig_24708	1	275	0	0	0	0	0	0
dDocent_Contig_24717	1	339	0	0	0	0	0	0
dDocent_Contig_24718	1	276	0	0	0	0	0	0
dDocent_Contig_24727	1	386	0	0	0	0	0	0
dDocent_Contig_24733	1	350	0	0	0	0	0	0
dDocent_Contig_24742	1	399	0	0	0	0	0	0
dDocent_Contig_24743	1	509	0	0	0	0	0	0
dDocent_Contig_24745	1	407	0	0	0	0	0	0
dDocent_Contig_24752	1	337	0	0	0	0	0	0
dDocent_Contig_24753	1	461	0	0	0	0	0	0
dDocent_Contig_24754	1	418	0	0	0	0	0	0
dDocent_Contig_24756	1	497	0	0	0	0	0	0
dDocent_Contig_24800	1	373	0	0	0	0	0	0
dDocent_Contig_24802	1	286	0	0	0	0	0	0
dDocent_Contig_24828	1	401	0	0	0	0	0	0
dDocent_Contig_24835	1	327	0	0	0	0	0	0
dDocent_Contig_24842	1	432	0	0	0	0	0	0
dDocent_Contig_24844	1	444	0	0	0	0	0	0
dDocent_Contig_24861	1	491	0	0	0	0	0	0
dDocent_Contig_24864	1	230	0	0	0	0	0	0
dDocent_Contig_24867	1	388	0	0	0	0	0	0
dDocent_Contig_24869	1	372	0	0	0	0	0	0
dDocent_Contig_24888	1	390	0	0	0	0	0	0
dDocent_Contig_24889	1	443	0	0	0	0	0	0
dDocent_Contig_24893	1	367	0	0	0	0	0	0
dDocent_Contig_24902	1	353	0	0	0	0	0	0
dDocent_Contig_24908	1	389	0	0	0	0	0	0
dDocent_Contig_24912	1	346	0	0	0	0	0	0
dDocent_Contig_24915	1	474	0	0	0	0	0	0
dDocent_Contig_24931	1	424	0	0	0	0	0	0
dDocent_Contig_24933	1	475	0	0	0	0	0	0
dDocent_Contig_24940	1	348	0	0	0	0	0	0
dDocent_Contig_24949	1	468	0	0	0	0	0	0
dDocent_Contig_24958	1	444	0	0	0	0	0	0
dDocent_Contig_24961	1	432	0	0	0	0	0	0
dDocent_Contig_24965	1	317	0	0	0	0	0	0
dDocent_Contig_24966	1	392	0	0	0	0	0	0
dDocent_Contig_24971	1	393	0	0	0	0	0	0
dDocent_Contig_24974	1	383	0	0	0	0	0	0
dDocent_Contig_24975	1	299	0	0	0	0	0	0
dDocent_Contig_24978	1	491	0	0	0	0	0	0
dDocent_Contig_24982	1	373	0	0	0	0	0	0
dDocent_Contig_24986	1	401	0	0	0	0	0	0
dDocent_Contig_24988	1	430	0	0	0	0	0	0
dDocent_Contig_24989	1	347	0	0	0	0	0	0
dDocent_Contig_24991	1	437	0	0	0	0	0	0
dDocent_Contig_24992	1	442	0	0	0	0	0	0
dDocent_Contig_25006	1	420	0	0	0	0	0	0
dDocent_Contig_25008	1	480	0	0	0	0	0	0
dDocent_Contig_25010	1	498	0	0	0	0	0	0
dDocent_Contig_25013	1	425	0	0	0	0	0	0
dDocent_Contig_25018	1	351	0	0	0	0	0	0
dDocent_Contig_25024	1	264	0	0	0	0	0	0
dDocent_Contig_25031	1	507	0	0	0	0	0	0
dDocent_Contig_25038	1	289	0	0	0	0	0	0
dDocent_Contig_25044	1	483	0	0	0	0	0	0
dDocent_Contig_25070	1	401	0	0	0	0	0	0
dDocent_Contig_25073	1	487	0	0	0	0	0	0
dDocent_Contig_25082	1	389	0	0	0	0	0	0
dDocent_Contig_25083	1	405	0	0	0	0	0	0
dDocent_Contig_25087	1	417	0	0	0	0	0	0
dDocent_Contig_25089	1	328	0	0	0	0	0	0
dDocent_Contig_25095	1	263	0	0	0	0	0	0
dDocent_Contig_25108	1	314	0	0	0	0	0	0
dDocent_Contig_25109	1	360	0	0	0	0	0	0
dDocent_Contig_25113	1	405	0	0	0	0	0	0
dDocent_Contig_25125	1	406	0	0	0	0	0	0
dDocent_Contig_25132	1	409	0	0	0	0	0	0
dDocent_Contig_25140	1	365	0	0	0	0	0	0
dDocent_Contig_25141	1	376	0	0	0	0	0	0
dDocent_Contig_25144	1	433	0	0	0	0	0	0
dDocent_Contig_25155	1	461	0	0	0	0	0	0
dDocent_Contig_25162	1	306	0	0	0	0	0	0
dDocent_Contig_25164	1	373	0	0	0	0	0	0
dDocent_Contig_25175	1	373	0	0	0	0	0	0
dDocent_Contig_25176	1	464	0	0	0	0	0	0
dDocent_Contig_25192	1	352	0	0	0	0	0	0
dDocent_Contig_25194	1	231	0	0	0	0	0	0
dDocent_Contig_25212	1	256	0	0	0	0	0	0
dDocent_Contig_25213	1	414	0	0	0	0	0	0
dDocent_Contig_25215	1	381	0	0	0	0	0	0
dDocent_Contig_25219	1	259	0	0	0	0	0	0
dDocent_Contig_25223	1	419	0	0	0	0	0	0
dDocent_Contig_25253	1	375	0	0	0	0	0	0
dDocent_Contig_25256	1	469	0	0	0	0	0	0
dDocent_Contig_25262	1	374	0	0	0	0	0	0
dDocent_Contig_25272	1	459	0	0	0	0	0	0
dDocent_Contig_25273	1	361	0	0	0	0	0	0
dDocent_Contig_25298	1	332	0	0	0	0	0	0
dDocent_Contig_25313	1	307	0	0	0	0	0	0
dDocent_Contig_25317	1	440	0	0	0	0	0	0
dDocent_Contig_25324	1	359	0	0	0	0	0	0
dDocent_Contig_25327	1	277	0	0	0	0	0	0
dDocent_Contig_25330	1	341	0	0	0	0	0	0
dDocent_Contig_25332	1	352	0	0	0	0	0	0
dDocent_Contig_25356	1	265	0	0	0	0	0	0
dDocent_Contig_25357	1	374	0	0	0	0	0	0
dDocent_Contig_25360	1	352	0	0	0	0	0	0
dDocent_Contig_25382	1	488	0	0	0	0	0	0
dDocent_Contig_25391	1	460	0	0	0	0	0	0
dDocent_Contig_25394	1	433	0	0	0	0	0	0
dDocent_Contig_25411	1	360	0	0	0	0	0	0
dDocent_Contig_25414	1	459	0	0	0	0	0	0
dDocent_Contig_25417	1	461	0	0	0	0	0	0
dDocent_Contig_25419	1	389	0	0	0	0	0	0
dDocent_Contig_25421	1	359	0	0	0	0	0	0
dDocent_Contig_25423	1	290	0	0	0	0	0	0
dDocent_Contig_25427	1	434	0	0	0	0	0	0
dDocent_Contig_25430	1	303	0	0	0	0	0	0
dDocent_Contig_25437	1	403	0	0	0	0	0	0
dDocent_Contig_25438	1	360	0	0	0	0	0	0
dDocent_Contig_25440	1	443	0	0	0	0	0	0
dDocent_Contig_25441	1	408	0	0	0	0	0	0
dDocent_Contig_25447	1	457	0	0	0	0	0	0
dDocent_Contig_25452	1	400	0	0	0	0	0	0
dDocent_Contig_25462	1	390	0	0	0	0	0	0
dDocent_Contig_25464	1	377	0	0	0	0	0	0
dDocent_Contig_25471	1	387	0	0	0	0	0	0
dDocent_Contig_25484	1	362	0	0	0	0	0	0
dDocent_Contig_25490	1	392	0	0	0	0	0	0
dDocent_Contig_25508	1	433	0	0	0	0	0	0
dDocent_Contig_25518	1	395	0	0	0	0	0	0
dDocent_Contig_25523	1	451	0	0	0	0	0	0
dDocent_Contig_25533	1	416	0	0	0	0	0	0
dDocent_Contig_25573	1	443	0	0	0	0	0	0
dDocent_Contig_25579	1	340	0	0	0	0	0	0
dDocent_Contig_25584	1	375	0	0	0	0	0	0
dDocent_Contig_25616	1	402	0	0	0	0	0	0
dDocent_Contig_25620	1	367	0	0	0	0	0	0
dDocent_Contig_25629	1	408	0	0	0	0	0	0
dDocent_Contig_25636	1	417	0	0	0	0	0	0
dDocent_Contig_25647	1	418	0	0	0	0	0	0
dDocent_Contig_25652	1	362	0	0	0	0	0	0
dDocent_Contig_25666	1	293	0	0	0	0	0	0
dDocent_Contig_25687	1	399	0	0	0	0	0	0
dDocent_Contig_25688	1	304	0	0	0	0	0	0
dDocent_Contig_25693	1	444	0	0	0	0	0	0
dDocent_Contig_25731	1	387	0	0	0	0	0	0
dDocent_Contig_25744	1	321	0	0	0	0	0	0
dDocent_Contig_25747	1	386	0	0	0	0	0	0
dDocent_Contig_25761	1	431	0	0	0	0	0	0
dDocent_Contig_25794	1	355	0	0	0	0	0	0
dDocent_Contig_25798	1	388	0	0	0	0	0	0
dDocent_Contig_25819	1	396	0	0	0	0	0	0
dDocent_Contig_25820	1	350	0	0	0	0	0	0
dDocent_Contig_25837	1	239	0	0	0	0	0	0
dDocent_Contig_25840	1	389	0	0	0	0	0	0
dDocent_Contig_25853	1	505	0	0	0	0	0	0
dDocent_Contig_25873	1	403	0	0	0	0	0	0
dDocent_Contig_25903	1	406	0	0	0	0	0	0
dDocent_Contig_25925	1	352	0	0	0	0	0	0
dDocent_Contig_25935	1	411	0	0	0	0	0	0
dDocent_Contig_25937	1	378	0	0	0	0	0	0
dDocent_Contig_25950	1	428	0	0	0	0	0	0
dDocent_Contig_25954	1	331	0	0	0	0	0	0
dDocent_Contig_25985	1	454	0	0	0	0	0	0
dDocent_Contig_25993	1	328	0	0	0	0	0	0
dDocent_Contig_26010	1	399	0	0	0	0	0	0
dDocent_Contig_26015	1	339	0	0	0	0	0	0
dDocent_Contig_26017	1	397	0	0	0	0	0	0
dDocent_Contig_26026	1	512	0	0	0	0	0	0
dDocent_Contig_26035	1	459	0	0	0	0	0	0
dDocent_Contig_26042	1	453	0	0	0	0	0	0
dDocent_Contig_26052	1	511	0	0	0	0	0	0
dDocent_Contig_26061	1	487	0	0	0	0	0	0
dDocent_Contig_26064	1	313	0	0	0	0	0	0
dDocent_Contig_26065	1	384	0	0	0	0	0	0
dDocent_Contig_26066	1	402	0	0	0	0	0	0
dDocent_Contig_26067	1	315	0	0	0	0	0	0
dDocent_Contig_26090	1	493	0	0	0	0	0	0
dDocent_Contig_26091	1	407	0	0	0	0	0	0
dDocent_Contig_26094	1	389	0	0	0	0	0	0
dDocent_Contig_26102	1	361	0	0	0	0	0	0
dDocent_Contig_26110	1	388	0	0	0	0	0	0
dDocent_Contig_26113	1	359	0	0	0	0	0	0
dDocent_Contig_26115	1	419	0	0	0	0	0	0
dDocent_Contig_26121	1	297	0	0	0	0	0	0
dDocent_Contig_26131	1	354	0	0	0	0	0	0
dDocent_Contig_26138	1	434	0	0	0	0	0	0
dDocent_Contig_26147	1	369	0	0	0	0	0	0
dDocent_Contig_26148	1	448	0	0	0	0	0	0
dDocent_Contig_26156	1	278	0	0	0	0	0	0
dDocent_Contig_26167	1	445	0	0	0	0	0	0
dDocent_Contig_26169	1	509	0	0	0	0	0	0
dDocent_Contig_26184	1	463	0	0	0	0	0	0
dDocent_Contig_26189	1	482	0	0	0	0	0	0
dDocent_Contig_26208	1	515	0	0	0	0	0	0
dDocent_Contig_26218	1	431	0	0	0	0	0	0
dDocent_Contig_26219	1	326	0	0	0	0	0	0
dDocent_Contig_26220	1	370	0	0	0	0	0	0
dDocent_Contig_26225	1	235	0	0	0	0	0	0
dDocent_Contig_26229	1	379	0	0	0	0	0	0
dDocent_Contig_26245	1	399	0	0	0	0	0	0
dDocent_Contig_26248	1	408	0	0	0	0	0	0
dDocent_Contig_26252	1	337	0	0	0	0	0	0
dDocent_Contig_26253	1	399	0	0	0	0	0	0
dDocent_Contig_26270	1	484	0	0	0	0	0	0
dDocent_Contig_26281	1	372	0	0	0	0	0	0
dDocent_Contig_26286	1	237	0	0	0	0	0	0
dDocent_Contig_26288	1	362	0	0	0	0	0	0
dDocent_Contig_26289	1	355	0	0	0	0	0	0
dDocent_Contig_26294	1	333	0	0	0	0	0	0
dDocent_Contig_26295	1	384	0	0	0	0	0	0
dDocent_Contig_26301	1	405	0	0	0	0	0	0
dDocent_Contig_26312	1	286	0	0	0	0	0	0
dDocent_Contig_26313	1	265	0	0	0	0	0	0
dDocent_Contig_26316	1	383	0	0	0	0	0	0
dDocent_Contig_26319	1	439	0	0	0	0	0	0
dDocent_Contig_26325	1	376	0	0	0	0	0	0
dDocent_Contig_26327	1	316	0	0	0	0	0	0
dDocent_Contig_26331	1	378	0	0	0	0	0	0
dDocent_Contig_26335	1	333	0	0	0	0	0	0
dDocent_Contig_26363	1	347	0	0	0	0	0	0
dDocent_Contig_26370	1	331	0	0	0	0	0	0
dDocent_Contig_26379	1	395	0	0	0	0	0	0
dDocent_Contig_26384	1	350	0	0	0	0	0	0
dDocent_Contig_26406	1	387	0	0	0	0	0	0
dDocent_Contig_26407	1	410	0	0	0	0	0	0
dDocent_Contig_26419	1	235	0	0	0	0	0	0
dDocent_Contig_26427	1	391	0	0	0	0	0	0
dDocent_Contig_26436	1	389	0	0	0	0	0	0
dDocent_Contig_26440	1	377	0	0	0	0	0	0
dDocent_Contig_26442	1	319	0	0	0	0	0	0
dDocent_Contig_26459	1	296	0	0	0	0	0	0
dDocent_Contig_26461	1	369	0	0	0	0	0	0
dDocent_Contig_26468	1	362	0	0	0	0	0	0
dDocent_Contig_26469	1	334	0	0	0	0	0	0
dDocent_Contig_26471	1	457	0	0	0	0	0	0
dDocent_Contig_26486	1	251	0	0	0	0	0	0
dDocent_Contig_26501	1	381	0	0	0	0	0	0
dDocent_Contig_26505	1	436	0	0	0	0	0	0
dDocent_Contig_26508	1	470	0	0	0	0	0	0
dDocent_Contig_26515	1	391	0	0	0	0	0	0
dDocent_Contig_26535	1	422	0	0	0	0	0	0
dDocent_Contig_26544	1	326	0	0	0	0	0	0
dDocent_Contig_26548	1	434	0	0	0	0	0	0
dDocent_Contig_26562	1	311	0	0	0	0	0	0
dDocent_Contig_26572	1	438	0	0	0	0	0	0
dDocent_Contig_26576	1	415	0	0	0	0	0	0
dDocent_Contig_26577	1	389	0	0	0	0	0	0
dDocent_Contig_26578	1	435	0	0	0	0	0	0
dDocent_Contig_26592	1	411	0	0	0	0	0	0
dDocent_Contig_26598	1	406	0	0	0	0	0	0
dDocent_Contig_26600	1	425	0	0	0	0	0	0
dDocent_Contig_26612	1	359	0	0	0	0	0	0
dDocent_Contig_26614	1	424	0	0	0	0	0	0
dDocent_Contig_26621	1	377	0	0	0	0	0	0
dDocent_Contig_26639	1	381	0	0	0	0	0	0
dDocent_Contig_26681	1	285	0	0	0	0	0	0
dDocent_Contig_26684	1	388	0	0	0	0	0	0
dDocent_Contig_26687	1	226	0	0	0	0	0	0
dDocent_Contig_26688	1	390	0	0	0	0	0	0
dDocent_Contig_26689	1	404	0	0	0	0	0	0
dDocent_Contig_26713	1	388	0	0	0	0	0	0
dDocent_Contig_26716	1	392	0	0	0	0	0	0
dDocent_Contig_26719	1	319	0	0	0	0	0	0
dDocent_Contig_26722	1	416	0	0	0	0	0	0
dDocent_Contig_26723	1	335	0	0	0	0	0	0
dDocent_Contig_26726	1	363	0	0	0	0	0	0
dDocent_Contig_26733	1	386	0	0	0	0	0	0
dDocent_Contig_26737	1	494	0	0	0	0	0	0
dDocent_Contig_26749	1	468	0	0	0	0	0	0
dDocent_Contig_26752	1	458	0	0	0	0	0	0
dDocent_Contig_26757	1	375	0	0	0	0	0	0
dDocent_Contig_26800	1	343	0	0	0	0	0	0
dDocent_Contig_26801	1	322	0	0	0	0	0	0
dDocent_Contig_26806	1	401	0	0	0	0	0	0
dDocent_Contig_26808	1	315	0	0	0	0	0	0
dDocent_Contig_26809	1	481	0	0	0	0	0	0
dDocent_Contig_26811	1	416	0	0	0	0	0	0
dDocent_Contig_26821	1	387	0	0	0	0	0	0
dDocent_Contig_26825	1	443	0	0	0	0	0	0
dDocent_Contig_26829	1	395	0	0	0	0	0	0
dDocent_Contig_26838	1	388	0	0	0	0	0	0
dDocent_Contig_26842	1	272	0	0	0	0	0	0
dDocent_Contig_26849	1	392	0	0	0	0	0	0
dDocent_Contig_26850	1	380	0	0	0	0	0	0
dDocent_Contig_26851	1	343	0	0	0	0	0	0
dDocent_Contig_26853	1	444	0	0	0	0	0	0
dDocent_Contig_26854	1	435	0	0	0	0	0	0
dDocent_Contig_26857	1	393	0	0	0	0	0	0
dDocent_Contig_26864	1	363	0	0	0	0	0	0
dDocent_Contig_26876	1	319	0	0	0	0	0	0
dDocent_Contig_26907	1	418	0	0	0	0	0	0
dDocent_Contig_26927	1	381	0	0	0	0	0	0
dDocent_Contig_26929	1	335	0	0	0	0	0	0
dDocent_Contig_26940	1	341	0	0	0	0	0	0
dDocent_Contig_26961	1	325	0	0	0	0	0	0
dDocent_Contig_26965	1	436	0	0	0	0	0	0
dDocent_Contig_26967	1	519	0	0	0	0	0	0
dDocent_Contig_26985	1	351	0	0	0	0	0	0
dDocent_Contig_26989	1	322	0	0	0	0	0	0
dDocent_Contig_26992	1	302	0	0	0	0	0	0
dDocent_Contig_27004	1	371	0	0	0	0	0	0
dDocent_Contig_27022	1	417	0	0	0	0	0	0
dDocent_Contig_27043	1	399	0	0	0	0	0	0
dDocent_Contig_27044	1	361	0	0	0	0	0	0
dDocent_Contig_27047	1	272	0	0	0	0	0	0
dDocent_Contig_27054	1	312	0	0	0	0	0	0
dDocent_Contig_27055	1	366	0	0	0	0	0	0
dDocent_Contig_27067	1	342	0	0	0	0	0	0
dDocent_Contig_27071	1	316	0	0	0	0	0	0
dDocent_Contig_27084	1	255	0	0	0	0	0	0
dDocent_Contig_27090	1	455	0	0	0	0	0	0
dDocent_Contig_27093	1	393	0	0	0	0	0	0
dDocent_Contig_27105	1	337	0	0	0	0	0	0
dDocent_Contig_27118	1	279	0	0	0	0	0	0
dDocent_Contig_27127	1	388	0	0	0	0	0	0
dDocent_Contig_27130	1	279	0	0	0	0	0	0
dDocent_Contig_27134	1	388	0	0	0	0	0	0
dDocent_Contig_27140	1	262	0	0	0	0	0	0
dDocent_Contig_27179	1	321	0	0	0	0	0	0
dDocent_Contig_27192	1	291	0	0	0	0	0	0
dDocent_Contig_27196	1	475	0	0	0	0	0	0
dDocent_Contig_27209	1	321	0	0	0	0	0	0
dDocent_Contig_27210	1	358	0	0	0	0	0	0
dDocent_Contig_27211	1	505	0	0	0	0	0	0
dDocent_Contig_27214	1	444	0	0	0	0	0	0
dDocent_Contig_27232	1	303	0	0	0	0	0	0
dDocent_Contig_27234	1	345	0	0	0	0	0	0
dDocent_Contig_27235	1	491	0	0	0	0	0	0
dDocent_Contig_27236	1	336	0	0	0	0	0	0
dDocent_Contig_27240	1	443	0	0	0	0	0	0
dDocent_Contig_27242	1	315	0	0	0	0	0	0
dDocent_Contig_27268	1	297	0	0	0	0	0	0
dDocent_Contig_27276	1	319	0	0	0	0	0	0
dDocent_Contig_27278	1	355	0	0	0	0	0	0
dDocent_Contig_27283	1	410	0	0	0	0	0	0
dDocent_Contig_27285	1	371	0	0	0	0	0	0
dDocent_Contig_27286	1	372	0	0	0	0	0	0
dDocent_Contig_27305	1	388	0	0	0	0	0	0
dDocent_Contig_27313	1	396	0	0	0	0	0	0
dDocent_Contig_27317	1	324	0	0	0	0	0	0
dDocent_Contig_27330	1	359	0	0	0	0	0	0
dDocent_Contig_27335	1	383	0	0	0	0	0	0
dDocent_Contig_27340	1	381	0	0	0	0	0	0
dDocent_Contig_27353	1	317	0	0	0	0	0	0
dDocent_Contig_27364	1	397	0	0	0	0	0	0
dDocent_Contig_27367	1	245	0	0	0	0	0	0
dDocent_Contig_27383	1	396	0	0	0	0	0	0
dDocent_Contig_27412	1	348	0	0	0	0	0	0
dDocent_Contig_27426	1	336	0	0	0	0	0	0
dDocent_Contig_27437	1	408	0	0	0	0	0	0
dDocent_Contig_27441	1	343	0	0	0	0	0	0
dDocent_Contig_27442	1	366	0	0	0	0	0	0
dDocent_Contig_27458	1	276	0	0	0	0	0	0
dDocent_Contig_27459	1	396	0	0	0	0	0	0
dDocent_Contig_27472	1	331	0	0	0	0	0	0
dDocent_Contig_27488	1	461	0	0	0	0	0	0
dDocent_Contig_27490	1	418	0	0	0	0	0	0
dDocent_Contig_27498	1	518	0	0	0	0	0	0
dDocent_Contig_27502	1	357	0	0	0	0	0	0
dDocent_Contig_27509	1	468	0	0	0	0	0	0
dDocent_Contig_27536	1	340	0	0	0	0	0	0
dDocent_Contig_27537	1	320	0	0	0	0	0	0
dDocent_Contig_27561	1	362	0	0	0	0	0	0
dDocent_Contig_27562	1	290	0	0	0	0	0	0
dDocent_Contig_27565	1	305	0	0	0	0	0	0
dDocent_Contig_27570	1	435	0	0	0	0	0	0
dDocent_Contig_27574	1	373	0	0	0	0	0	0
dDocent_Contig_27608	1	272	0	0	0	0	0	0
dDocent_Contig_27619	1	418	0	0	0	0	0	0
dDocent_Contig_27623	1	374	0	0	0	0	0	0
dDocent_Contig_27637	1	496	0	0	0	0	0	0
dDocent_Contig_27644	1	400	0	0	0	0	0	0
dDocent_Contig_27690	1	490	0	0	0	0	0	0
dDocent_Contig_27698	1	421	0	0	0	0	0	0
dDocent_Contig_27699	1	282	0	0	0	0	0	0
dDocent_Contig_27700	1	384	0	0	0	0	0	0
dDocent_Contig_27724	1	291	0	0	0	0	0	0
dDocent_Contig_27730	1	346	0	0	0	0	0	0
dDocent_Contig_27732	1	381	0	0	0	0	0	0
dDocent_Contig_27735	1	410	0	0	0	0	0	0
dDocent_Contig_27738	1	370	0	0	0	0	0	0
dDocent_Contig_27753	1	351	0	0	0	0	0	0
dDocent_Contig_27758	1	423	0	0	0	0	0	0
dDocent_Contig_27788	1	397	0	0	0	0	0	0
dDocent_Contig_27807	1	405	0	0	0	0	0	0
dDocent_Contig_27809	1	404	0	0	0	0	0	0
dDocent_Contig_27818	1	380	0	0	0	0	0	0
dDocent_Contig_27840	1	277	0	0	0	0	0	0
dDocent_Contig_27852	1	485	0	0	0	0	0	0
dDocent_Contig_27859	1	388	0	0	0	0	0	0
dDocent_Contig_27862	1	424	0	0	0	0	0	0
dDocent_Contig_27906	1	415	0	0	0	0	0	0
dDocent_Contig_27928	1	396	0	0	0	0	0	0
dDocent_Contig_27934	1	408	0	0	0	0	0	0
dDocent_Contig_27941	1	300	0	0	0	0	0	0
dDocent_Contig_27954	1	479	0	0	0	0	0	0
dDocent_Contig_27956	1	287	0	0	0	0	0	0
dDocent_Contig_27961	1	376	0	0	0	0	0	0
dDocent_Contig_27964	1	417	0	0	0	0	0	0
dDocent_Contig_27969	1	391	0	0	0	0	0	0
dDocent_Contig_27977	1	401	0	0	0	0	0	0
dDocent_Contig_27983	1	385	0	0	0	0	0	0
dDocent_Contig_27987	1	349	0	0	0	0	0	0
dDocent_Contig_27994	1	412	0	0	0	0	0	0
dDocent_Contig_27995	1	509	0	0	0	0	0	0
dDocent_Contig_27996	1	462	0	0	0	0	0	0
dDocent_Contig_28002	1	413	0	0	0	0	0	0
dDocent_Contig_28032	1	485	0	0	0	0	0	0
dDocent_Contig_28033	1	291	0	0	0	0	0	0
dDocent_Contig_28034	1	305	0	0	0	0	0	0
dDocent_Contig_28036	1	401	0	0	0	0	0	0
dDocent_Contig_28039	1	482	0	0	0	0	0	0
dDocent_Contig_28042	1	328	0	0	0	0	0	0
dDocent_Contig_28051	1	348	0	0	0	0	0	0
dDocent_Contig_28053	1	504	0	0	0	0	0	0
dDocent_Contig_28075	1	436	0	0	0	0	0	0
dDocent_Contig_28077	1	480	0	0	0	0	0	0
dDocent_Contig_28086	1	314	0	0	0	0	0	0
dDocent_Contig_28089	1	421	0	0	0	0	0	0
dDocent_Contig_28104	1	323	0	0	0	0	0	0
dDocent_Contig_28122	1	390	0	0	0	0	0	0
dDocent_Contig_28142	1	400	0	0	0	0	0	0
dDocent_Contig_28144	1	418	0	0	0	0	0	0
dDocent_Contig_28147	1	325	0	0	0	0	0	0
dDocent_Contig_28148	1	257	0	0	0	0	0	0
dDocent_Contig_28154	1	336	0	0	0	0	0	0
dDocent_Contig_28168	1	421	0	0	0	0	0	0
dDocent_Contig_28179	1	388	0	0	0	0	0	0
dDocent_Contig_28187	1	396	0	0	0	0	0	0
dDocent_Contig_28193	1	437	0	0	0	0	0	0
dDocent_Contig_28200	1	356	0	0	0	0	0	0
dDocent_Contig_28245	1	323	0	0	0	0	0	0
dDocent_Contig_28247	1	361	0	0	0	0	0	0
dDocent_Contig_28255	1	379	0	0	0	0	0	0
dDocent_Contig_28264	1	339	0	0	0	0	0	0
dDocent_Contig_28265	1	350	0	0	0	0	0	0
dDocent_Contig_28270	1	504	0	0	0	0	0	0
dDocent_Contig_28283	1	480	0	0	0	0	0	0
dDocent_Contig_28285	1	500	0	0	0	0	0	0
dDocent_Contig_28296	1	458	0	0	0	0	0	0
dDocent_Contig_28302	1	434	0	0	0	0	0	0
dDocent_Contig_28331	1	355	0	0	0	0	0	0
dDocent_Contig_28333	1	415	0	0	0	0	0	0
dDocent_Contig_28345	1	248	0	0	0	0	0	0
dDocent_Contig_28348	1	367	0	0	0	0	0	0
dDocent_Contig_28353	1	351	0	0	0	0	0	0
dDocent_Contig_28372	1	420	0	0	0	0	0	0
dDocent_Contig_28388	1	381	0	0	0	0	0	0
dDocent_Contig_28395	1	366	0	0	0	0	0	0
dDocent_Contig_28396	1	398	0	0	0	0	0	0
dDocent_Contig_28408	1	486	0	0	0	0	0	0
dDocent_Contig_28420	1	366	0	0	0	0	0	0
dDocent_Contig_28422	1	442	0	0	0	0	0	0
dDocent_Contig_28424	1	484	0	0	0	0	0	0
dDocent_Contig_28430	1	400	0	0	0	0	0	0
dDocent_Contig_28431	1	395	0	0	0	0	0	0
dDocent_Contig_28438	1	414	0	0	0	0	0	0
dDocent_Contig_28447	1	368	0	0	0	0	0	0
dDocent_Contig_28461	1	344	0	0	0	0	0	0
dDocent_Contig_28472	1	260	0	0	0	0	0	0
dDocent_Contig_28473	1	247	0	0	0	0	0	0
dDocent_Contig_28476	1	310	0	0	0	0	0	0
dDocent_Contig_28480	1	355	0	0	0	0	0	0
dDocent_Contig_28498	1	330	0	0	0	0	0	0
dDocent_Contig_28502	1	311	0	0	0	0	0	0
dDocent_Contig_28518	1	400	0	0	0	0	0	0
dDocent_Contig_28520	1	430	0	0	0	0	0	0
dDocent_Contig_28538	1	450	0	0	0	0	0	0
dDocent_Contig_28540	1	267	0	0	0	0	0	0
dDocent_Contig_28545	1	256	0	0	0	0	0	0
dDocent_Contig_28553	1	312	0	0	0	0	0	0
dDocent_Contig_28556	1	487	0	0	0	0	0	0
dDocent_Contig_28557	1	325	0	0	0	0	0	0
dDocent_Contig_28562	1	444	0	0	0	0	0	0
dDocent_Contig_28564	1	316	0	0	0	0	0	0
dDocent_Contig_28572	1	365	0	0	0	0	0	0
dDocent_Contig_28580	1	431	0	0	0	0	0	0
dDocent_Contig_28582	1	382	0	0	0	0	0	0
dDocent_Contig_28587	1	332	0	0	0	0	0	0
dDocent_Contig_28596	1	424	0	0	0	0	0	0
dDocent_Contig_28598	1	360	0	0	0	0	0	0
dDocent_Contig_28609	1	406	0	0	0	0	0	0
dDocent_Contig_28622	1	335	0	0	0	0	0	0
dDocent_Contig_28623	1	373	0	0	0	0	0	0
dDocent_Contig_28628	1	490	0	0	0	0	0	0
dDocent_Contig_28636	1	396	0	0	0	0	0	0
dDocent_Contig_28644	1	318	0	0	0	0	0	0
dDocent_Contig_28648	1	455	0	0	0	0	0	0
dDocent_Contig_28658	1	383	0	0	0	0	0	0
dDocent_Contig_28665	1	293	0	0	0	0	0	0
dDocent_Contig_28667	1	419	0	0	0	0	0	0
dDocent_Contig_28671	1	356	0	0	0	0	0	0
dDocent_Contig_28675	1	404	0	0	0	0	0	0
dDocent_Contig_28685	1	359	0	0	0	0	0	0
dDocent_Contig_28703	1	305	0	0	0	0	0	0
dDocent_Contig_28708	1	363	0	0	0	0	0	0
dDocent_Contig_28716	1	447	0	0	0	0	0	0
dDocent_Contig_28721	1	329	0	0	0	0	0	0
dDocent_Contig_28725	1	425	0	0	0	0	0	0
dDocent_Contig_28727	1	383	0	0	0	0	0	0
dDocent_Contig_28731	1	406	0	0	0	0	0	0
dDocent_Contig_28737	1	352	0	0	0	0	0	0
dDocent_Contig_28761	1	344	0	0	0	0	0	0
dDocent_Contig_28780	1	420	0	0	0	0	0	0
dDocent_Contig_28802	1	500	0	0	0	0	0	0
dDocent_Contig_28810	1	380	0	0	0	0	0	0
dDocent_Contig_28814	1	392	0	0	0	0	0	0
dDocent_Contig_28833	1	395	0	0	0	0	0	0
dDocent_Contig_28834	1	363	0	0	0	0	0	0
dDocent_Contig_28835	1	372	0	0	0	0	0	0
dDocent_Contig_28837	1	450	0	0	0	0	0	0
dDocent_Contig_28846	1	277	0	0	0	0	0	0
dDocent_Contig_28853	1	392	0	0	0	0	0	0
dDocent_Contig_28860	1	382	0	0	0	0	0	0
dDocent_Contig_28871	1	491	0	0	0	0	0	0
dDocent_Contig_28897	1	271	0	0	0	0	0	0
dDocent_Contig_28901	1	276	0	0	0	0	0	0
dDocent_Contig_28909	1	315	0	0	0	0	0	0
dDocent_Contig_28931	1	413	0	0	0	0	0	0
dDocent_Contig_28935	1	380	0	0	0	0	0	0
dDocent_Contig_28938	1	441	0	0	0	0	0	0
dDocent_Contig_28945	1	361	0	0	0	0	0	0
dDocent_Contig_28946	1	461	0	0	0	0	0	0
dDocent_Contig_28955	1	378	0	0	0	0	0	0
dDocent_Contig_28959	1	388	0	0	0	0	0	0
dDocent_Contig_28974	1	397	0	0	0	0	0	0
dDocent_Contig_28978	1	246	0	0	0	0	0	0
dDocent_Contig_29024	1	379	0	0	0	0	0	0
dDocent_Contig_29059	1	296	0	0	0	0	0	0
dDocent_Contig_29077	1	409	0	0	0	0	0	0
dDocent_Contig_29079	1	307	0	0	0	0	0	0
dDocent_Contig_29110	1	512	0	0	0	0	0	0
dDocent_Contig_29117	1	330	0	0	0	0	0	0
dDocent_Contig_29119	1	278	0	0	0	0	0	0
dDocent_Contig_29122	1	408	0	0	0	0	0	0
dDocent_Contig_29125	1	379	0	0	0	0	0	0
dDocent_Contig_29141	1	413	0	0	0	0	0	0
dDocent_Contig_29143	1	458	0	0	0	0	0	0
dDocent_Contig_29158	1	291	0	0	0	0	0	0
dDocent_Contig_29159	1	426	0	0	0	0	0	0
dDocent_Contig_29167	1	309	0	0	0	0	0	0
dDocent_Contig_29173	1	341	0	0	0	0	0	0
dDocent_Contig_29181	1	353	0	0	0	0	0	0
dDocent_Contig_29183	1	414	0	0	0	0	0	0
dDocent_Contig_29184	1	370	0	0	0	0	0	0
dDocent_Contig_29186	1	323	0	0	0	0	0	0
dDocent_Contig_29193	1	321	0	0	0	0	0	0
dDocent_Contig_29194	1	310	0	0	0	0	0	0
dDocent_Contig_29207	1	380	0	0	0	0	0	0
dDocent_Contig_29211	1	366	0	0	0	0	0	0
dDocent_Contig_29235	1	397	0	0	0	0	0	0
dDocent_Contig_29236	1	439	0	0	0	0	0	0
dDocent_Contig_29242	1	263	0	0	0	0	0	0
dDocent_Contig_29252	1	307	0	0	0	0	0	0
dDocent_Contig_29265	1	380	0	0	0	0	0	0
dDocent_Contig_29280	1	512	0	0	0	0	0	0
dDocent_Contig_29282	1	407	0	0	0	0	0	0
dDocent_Contig_29285	1	343	0	0	0	0	0	0
dDocent_Contig_29293	1	296	0	0	0	0	0	0
dDocent_Contig_29322	1	387	0	0	0	0	0	0
dDocent_Contig_29338	1	391	0	0	0	0	0	0
dDocent_Contig_29340	1	447	0	0	0	0	0	0
dDocent_Contig_29342	1	366	0	0	0	0	0	0
dDocent_Contig_29355	1	381	0	0	0	0	0	0
dDocent_Contig_29360	1	430	0	0	0	0	0	0
dDocent_Contig_29366	1	473	0	0	0	0	0	0
dDocent_Contig_29383	1	391	0	0	0	0	0	0
dDocent_Contig_29386	1	462	0	0	0	0	0	0
dDocent_Contig_29400	1	412	0	0	0	0	0	0
dDocent_Contig_29402	1	459	0	0	0	0	0	0
dDocent_Contig_29413	1	371	0	0	0	0	0	0
dDocent_Contig_29417	1	378	0	0	0	0	0	0
dDocent_Contig_29422	1	401	0	0	0	0	0	0
dDocent_Contig_29423	1	370	0	0	0	0	0	0
dDocent_Contig_29441	1	334	0	0	0	0	0	0
dDocent_Contig_29463	1	374	0	0	0	0	0	0
dDocent_Contig_29499	1	302	0	0	0	0	0	0
dDocent_Contig_29501	1	399	0	0	0	0	0	0
dDocent_Contig_29505	1	345	0	0	0	0	0	0
dDocent_Contig_29515	1	287	0	0	0	0	0	0
dDocent_Contig_29526	1	341	0	0	0	0	0	0
dDocent_Contig_29533	1	342	0	0	0	0	0	0
dDocent_Contig_29562	1	374	0	0	0	0	0	0
dDocent_Contig_29566	1	292	0	0	0	0	0	0
dDocent_Contig_29575	1	369	0	0	0	0	0	0
dDocent_Contig_29576	1	419	0	0	0	0	0	0
dDocent_Contig_29577	1	224	0	0	0	0	0	0
dDocent_Contig_29582	1	406	0	0	0	0	0	0
dDocent_Contig_29584	1	403	0	0	0	0	0	0
dDocent_Contig_29585	1	338	0	0	0	0	0	0
dDocent_Contig_29587	1	472	0	0	0	0	0	0
dDocent_Contig_29615	1	350	0	0	0	0	0	0
dDocent_Contig_29625	1	285	0	0	0	0	0	0
dDocent_Contig_29637	1	397	0	0	0	0	0	0
dDocent_Contig_29642	1	375	0	0	0	0	0	0
dDocent_Contig_29643	1	278	0	0	0	0	0	0
dDocent_Contig_29666	1	378	0	0	0	0	0	0
dDocent_Contig_29669	1	321	0	0	0	0	0	0
dDocent_Contig_29706	1	488	0	0	0	0	0	0
dDocent_Contig_29726	1	462	0	0	0	0	0	0
dDocent_Contig_29736	1	397	0	0	0	0	0	0
dDocent_Contig_29740	1	504	0	0	0	0	0	0
dDocent_Contig_29742	1	366	0	0	0	0	0	0
dDocent_Contig_29744	1	374	0	0	0	0	0	0
dDocent_Contig_29748	1	443	0	0	0	0	0	0
dDocent_Contig_29757	1	380	0	0	0	0	0	0
dDocent_Contig_29764	1	436	0	0	0	0	0	0
dDocent_Contig_29765	1	435	0	0	0	0	0	0
dDocent_Contig_29786	1	396	0	0	0	0	0	0
dDocent_Contig_29792	1	427	0	0	0	0	0	0
dDocent_Contig_29805	1	404	0	0	0	0	0	0
dDocent_Contig_29817	1	366	0	0	0	0	0	0
dDocent_Contig_29823	1	357	0	0	0	0	0	0
dDocent_Contig_29833	1	362	0	0	0	0	0	0
dDocent_Contig_29834	1	403	0	0	0	0	0	0
dDocent_Contig_29835	1	411	0	0	0	0	0	0
dDocent_Contig_29854	1	329	0	0	0	0	0	0
dDocent_Contig_29857	1	285	0	0	0	0	0	0
dDocent_Contig_29870	1	395	0	0	0	0	0	0
dDocent_Contig_29875	1	298	0	0	0	0	0	0
dDocent_Contig_29882	1	332	0	0	0	0	0	0
dDocent_Contig_29899	1	505	0	0	0	0	0	0
dDocent_Contig_29906	1	387	0	0	0	0	0	0
dDocent_Contig_29927	1	349	0	0	0	0	0	0
dDocent_Contig_29938	1	349	0	0	0	0	0	0
dDocent_Contig_29957	1	473	0	0	0	0	0	0
dDocent_Contig_29959	1	337	0	0	0	0	0	0
dDocent_Contig_29961	1	466	0	0	0	0	0	0
dDocent_Contig_29967	1	274	0	0	0	0	0	0
dDocent_Contig_29969	1	505	0	0	0	0	0	0
dDocent_Contig_29971	1	378	0	0	0	0	0	0
dDocent_Contig_29972	1	281	0	0	0	0	0	0
dDocent_Contig_29991	1	453	0	0	0	0	0	0
dDocent_Contig_29994	1	381	0	0	0	0	0	0
dDocent_Contig_30011	1	338	0	0	0	0	0	0
dDocent_Contig_30015	1	387	0	0	0	0	0	0
dDocent_Contig_30017	1	404	0	0	0	0	0	0
dDocent_Contig_30031	1	486	0	0	0	0	0	0
dDocent_Contig_30033	1	309	0	0	0	0	0	0
dDocent_Contig_30046	1	352	0	0	0	0	0	0
dDocent_Contig_30049	1	379	0	0	0	0	0	0
dDocent_Contig_30052	1	391	0	0	0	0	0	0
dDocent_Contig_30055	1	390	0	0	0	0	0	0
dDocent_Contig_30065	1	382	0	0	0	0	0	0
dDocent_Contig_30067	1	460	0	0	0	0	0	0
dDocent_Contig_30073	1	359	0	0	0	0	0	0
dDocent_Contig_30079	1	407	0	0	0	0	0	0
dDocent_Contig_30082	1	314	0	0	0	0	0	0
dDocent_Contig_30085	1	444	0	0	0	0	0	0
dDocent_Contig_30086	1	461	0	0	0	0	0	0
dDocent_Contig_30096	1	442	0	0	0	0	0	0
dDocent_Contig_30099	1	369	0	0	0	0	0	0
dDocent_Contig_30101	1	249	0	0	0	0	0	0
dDocent_Contig_30112	1	252	0	0	0	0	0	0
dDocent_Contig_30114	1	385	0	0	0	0	0	0
dDocent_Contig_30142	1	473	0	0	0	0	0	0
dDocent_Contig_30145	1	469	0	0	0	0	0	0
dDocent_Contig_30146	1	357	0	0	0	0	0	0
dDocent_Contig_30155	1	381	0	0	0	0	0	0
dDocent_Contig_30158	1	363	0	0	0	0	0	0
dDocent_Contig_30172	1	329	0	0	0	0	0	0
dDocent_Contig_30177	1	446	0	0	0	0	0	0
dDocent_Contig_30190	1	320	0	0	0	0	0	0
dDocent_Contig_30191	1	437	0	0	0	0	0	0
dDocent_Contig_30213	1	474	0	0	0	0	0	0
dDocent_Contig_30223	1	391	0	0	0	0	0	0
dDocent_Contig_30228	1	365	0	0	0	0	0	0
dDocent_Contig_30234	1	405	0	0	0	0	0	0
dDocent_Contig_30235	1	411	0	0	0	0	0	0
dDocent_Contig_30238	1	502	0	0	0	0	0	0
dDocent_Contig_30241	1	321	0	0	0	0	0	0
dDocent_Contig_30245	1	373	0	0	0	0	0	0
dDocent_Contig_30247	1	450	0	0	0	0	0	0
dDocent_Contig_30251	1	259	0	0	0	0	0	0
dDocent_Contig_30258	1	410	0	0	0	0	0	0
dDocent_Contig_30264	1	395	0	0	0	0	0	0
dDocent_Contig_30267	1	416	0	0	0	0	0	0
dDocent_Contig_30269	1	408	0	0	0	0	0	0
dDocent_Contig_30276	1	369	0	0	0	0	0	0
dDocent_Contig_30285	1	428	0	0	0	0	0	0
dDocent_Contig_30288	1	317	0	0	0	0	0	0
dDocent_Contig_30306	1	438	0	0	0	0	0	0
dDocent_Contig_30313	1	434	0	0	0	0	0	0
dDocent_Contig_30316	1	403	0	0	0	0	0	0
dDocent_Contig_30318	1	399	0	0	0	0	0	0
dDocent_Contig_30319	1	409	0	0	0	0	0	0
dDocent_Contig_30324	1	284	0	0	0	0	0	0
dDocent_Contig_30326	1	286	0	0	0	0	0	0
dDocent_Contig_30327	1	324	0	0	0	0	0	0
dDocent_Contig_30336	1	423	0	0	0	0	0	0
dDocent_Contig_30351	1	397	0	0	0	0	0	0
dDocent_Contig_30352	1	267	0	0	0	0	0	0
dDocent_Contig_30355	1	372	0	0	0	0	0	0
dDocent_Contig_30357	1	439	0	0	0	0	0	0
dDocent_Contig_30381	1	339	0	0	0	0	0	0
dDocent_Contig_30386	1	442	0	0	0	0	0	0
dDocent_Contig_30394	1	501	0	0	0	0	0	0
dDocent_Contig_30400	1	380	0	0	0	0	0	0
dDocent_Contig_30402	1	347	0	0	0	0	0	0
dDocent_Contig_30403	1	411	0	0	0	0	0	0
dDocent_Contig_30407	1	440	0	0	0	0	0	0
dDocent_Contig_30411	1	279	0	0	0	0	0	0
dDocent_Contig_30413	1	409	0	0	0	0	0	0
dDocent_Contig_30414	1	373	0	0	0	0	0	0
dDocent_Contig_30415	1	325	0	0	0	0	0	0
dDocent_Contig_30419	1	350	0	0	0	0	0	0
dDocent_Contig_30421	1	445	0	0	0	0	0	0
dDocent_Contig_30422	1	251	0	0	0	0	0	0
dDocent_Contig_30424	1	402	0	0	0	0	0	0
dDocent_Contig_30426	1	376	0	0	0	0	0	0
dDocent_Contig_30430	1	498	0	0	0	0	0	0
dDocent_Contig_30431	1	406	0	0	0	0	0	0
dDocent_Contig_30432	1	277	0	0	0	0	0	0
dDocent_Contig_30434	1	362	0	0	0	0	0	0
dDocent_Contig_30435	1	378	0	0	0	0	0	0
dDocent_Contig_30443	1	345	0	0	0	0	0	0
dDocent_Contig_30471	1	480	0	0	0	0	0	0
dDocent_Contig_30473	1	499	0	0	0	0	0	0
dDocent_Contig_30492	1	399	0	0	0	0	0	0
dDocent_Contig_30494	1	488	0	0	0	0	0	0
dDocent_Contig_30505	1	337	0	0	0	0	0	0
dDocent_Contig_30517	1	482	0	0	0	0	0	0
dDocent_Contig_30525	1	367	0	0	0	0	0	0
dDocent_Contig_30560	1	394	0	0	0	0	0	0
dDocent_Contig_30565	1	400	0	0	0	0	0	0
dDocent_Contig_30566	1	391	0	0	0	0	0	0
dDocent_Contig_30572	1	373	0	0	0	0	0	0
dDocent_Contig_30577	1	411	0	0	0	0	0	0
dDocent_Contig_30578	1	265	0	0	0	0	0	0
dDocent_Contig_30583	1	274	0	0	0	0	0	0
dDocent_Contig_30585	1	405	0	0	0	0	0	0
dDocent_Contig_30588	1	400	0	0	0	0	0	0
dDocent_Contig_30596	1	472	0	0	0	0	0	0
dDocent_Contig_30615	1	360	0	0	0	0	0	0
dDocent_Contig_30618	1	448	0	0	0	0	0	0
dDocent_Contig_30639	1	380	0	0	0	0	0	0
dDocent_Contig_30642	1	368	0	0	0	0	0	0
dDocent_Contig_30659	1	515	0	0	0	0	0	0
dDocent_Contig_30672	1	440	0	0	0	0	0	0
dDocent_Contig_30683	1	481	0	0	0	0	0	0
dDocent_Contig_30695	1	384	0	0	0	0	0	0
dDocent_Contig_30703	1	434	0	0	0	0	0	0
dDocent_Contig_30715	1	345	0	0	0	0	0	0
dDocent_Contig_30722	1	333	0	0	0	0	0	0
dDocent_Contig_30725	1	424	0	0	0	0	0	0
dDocent_Contig_30727	1	248	0	0	0	0	0	0
dDocent_Contig_30746	1	280	0	0	0	0	0	0
dDocent_Contig_30750	1	410	0	0	0	0	0	0
dDocent_Contig_30760	1	380	0	0	0	0	0	0
dDocent_Contig_30778	1	396	0	0	0	0	0	0
dDocent_Contig_30785	1	326	0	0	0	0	0	0
dDocent_Contig_30791	1	421	0	0	0	0	0	0
dDocent_Contig_30811	1	418	0	0	0	0	0	0
dDocent_Contig_30826	1	309	0	0	0	0	0	0
dDocent_Contig_30845	1	478	0	0	0	0	0	0
dDocent_Contig_30850	1	464	0	0	0	0	0	0
dDocent_Contig_30854	1	472	0	0	0	0	0	0
dDocent_Contig_30867	1	302	0	0	0	0	0	0
dDocent_Contig_30879	1	420	0	0	0	0	0	0
dDocent_Contig_30890	1	356	0	0	0	0	0	0
dDocent_Contig_30892	1	236	0	0	0	0	0	0
dDocent_Contig_30911	1	401	0	0	0	0	0	0
dDocent_Contig_30925	1	382	0	0	0	0	0	0
dDocent_Contig_30927	1	298	0	0	0	0	0	0
dDocent_Contig_30929	1	401	0	0	0	0	0	0
dDocent_Contig_30972	1	360	0	0	0	0	0	0
dDocent_Contig_30981	1	428	0	0	0	0	0	0
dDocent_Contig_30988	1	289	0	0	0	0	0	0
dDocent_Contig_30991	1	382	0	0	0	0	0	0
dDocent_Contig_31000	1	344	0	0	0	0	0	0
dDocent_Contig_31004	1	477	0	0	0	0	0	0
dDocent_Contig_31009	1	315	0	0	0	0	0	0
dDocent_Contig_31011	1	258	0	0	0	0	0	0
dDocent_Contig_31016	1	386	0	0	0	0	0	0
dDocent_Contig_31018	1	446	0	0	0	0	0	0
dDocent_Contig_31025	1	430	0	0	0	0	0	0
dDocent_Contig_31035	1	374	0	0	0	0	0	0
dDocent_Contig_31037	1	307	0	0	0	0	0	0
dDocent_Contig_31041	1	341	0	0	0	0	0	0
dDocent_Contig_31045	1	393	0	0	0	0	0	0
dDocent_Contig_31048	1	368	0	0	0	0	0	0
dDocent_Contig_31053	1	306	0	0	0	0	0	0
dDocent_Contig_31055	1	289	0	0	0	0	0	0
dDocent_Contig_31073	1	422	0	0	0	0	0	0
dDocent_Contig_31092	1	346	0	0	0	0	0	0
dDocent_Contig_31093	1	398	0	0	0	0	0	0
dDocent_Contig_31098	1	395	0	0	0	0	0	0
dDocent_Contig_31103	1	368	0	0	0	0	0	0
dDocent_Contig_31105	1	377	0	0	0	0	0	0
dDocent_Contig_31106	1	426	0	0	0	0	0	0
dDocent_Contig_31133	1	356	0	0	0	0	0	0
dDocent_Contig_31135	1	427	0	0	0	0	0	0
dDocent_Contig_31159	1	353	0	0	0	0	0	0
dDocent_Contig_31160	1	304	0	0	0	0	0	0
dDocent_Contig_31172	1	452	0	0	0	0	0	0
dDocent_Contig_31174	1	398	0	0	0	0	0	0
dDocent_Contig_31176	1	339	0	0	0	0	0	0
dDocent_Contig_31184	1	367	0	0	0	0	0	0
dDocent_Contig_31188	1	386	0	0	0	0	0	0
dDocent_Contig_31204	1	516	0	0	0	0	0	0
dDocent_Contig_31205	1	323	0	0	0	0	0	0
dDocent_Contig_31211	1	417	0	0	0	0	0	0
dDocent_Contig_31217	1	375	0	0	0	0	0	0
dDocent_Contig_31218	1	426	0	0	0	0	0	0
dDocent_Contig_31221	1	403	0	0	0	0	0	0
dDocent_Contig_31227	1	351	0	0	0	0	0	0
dDocent_Contig_31239	1	432	0	0	0	0	0	0
dDocent_Contig_31244	1	409	0	0	0	0	0	0
dDocent_Contig_31250	1	407	0	0	0	0	0	0
dDocent_Contig_31252	1	290	0	0	0	0	0	0
dDocent_Contig_31256	1	438	0	0	0	0	0	0
dDocent_Contig_31261	1	410	0	0	0	0	0	0
dDocent_Contig_31262	1	500	0	0	0	0	0	0
dDocent_Contig_31265	1	368	0	0	0	0	0	0
dDocent_Contig_31271	1	463	0	0	0	0	0	0
dDocent_Contig_31282	1	452	0	0	0	0	0	0
dDocent_Contig_31287	1	498	0	0	0	0	0	0
dDocent_Contig_31294	1	409	0	0	0	0	0	0
dDocent_Contig_31303	1	460	0	0	0	0	0	0
dDocent_Contig_31310	1	248	0	0	0	0	0	0
dDocent_Contig_31315	1	358	0	0	0	0	0	0
dDocent_Contig_31322	1	489	0	0	0	0	0	0
dDocent_Contig_31326	1	373	0	0	0	0	0	0
dDocent_Contig_31329	1	233	0	0	0	0	0	0
dDocent_Contig_31335	1	362	0	0	0	0	0	0
dDocent_Contig_31336	1	492	0	0	0	0	0	0
dDocent_Contig_31343	1	403	0	0	0	0	0	0
dDocent_Contig_31350	1	464	0	0	0	0	0	0
dDocent_Contig_31368	1	430	0	0	0	0	0	0
dDocent_Contig_31405	1	379	0	0	0	0	0	0
dDocent_Contig_31413	1	403	0	0	0	0	0	0
dDocent_Contig_31415	1	482	0	0	0	0	0	0
dDocent_Contig_31416	1	344	0	0	0	0	0	0
dDocent_Contig_31417	1	383	0	0	0	0	0	0
dDocent_Contig_31418	1	400	0	0	0	0	0	0
dDocent_Contig_31421	1	380	0	0	0	0	0	0
dDocent_Contig_31449	1	399	0	0	0	0	0	0
dDocent_Contig_31451	1	317	0	0	0	0	0	0
dDocent_Contig_31454	1	510	0	0	0	0	0	0
dDocent_Contig_31465	1	405	0	0	0	0	0	0
dDocent_Contig_31470	1	376	0	0	0	0	0	0
dDocent_Contig_31472	1	329	0	0	0	0	0	0
dDocent_Contig_31476	1	366	0	0	0	0	0	0
dDocent_Contig_31493	1	325	0	0	0	0	0	0
dDocent_Contig_31510	1	278	0	0	0	0	0	0
dDocent_Contig_31515	1	375	0	0	0	0	0	0
dDocent_Contig_31525	1	363	0	0	0	0	0	0
dDocent_Contig_31528	1	416	0	0	0	0	0	0
dDocent_Contig_31530	1	461	0	0	0	0	0	0
dDocent_Contig_31536	1	277	0	0	0	0	0	0
dDocent_Contig_31544	1	456	0	0	0	0	0	0
dDocent_Contig_31557	1	394	0	0	0	0	0	0
dDocent_Contig_31569	1	503	0	0	0	0	0	0
dDocent_Contig_31588	1	386	0	0	0	0	0	0
dDocent_Contig_31590	1	406	0	0	0	0	0	0
dDocent_Contig_31592	1	257	0	0	0	0	0	0
dDocent_Contig_31593	1	468	0	0	0	0	0	0
dDocent_Contig_31597	1	457	0	0	0	0	0	0
dDocent_Contig_31609	1	398	0	0	0	0	0	0
dDocent_Contig_31617	1	394	0	0	0	0	0	0
dDocent_Contig_31619	1	494	0	0	0	0	0	0
dDocent_Contig_31629	1	333	0	0	0	0	0	0
dDocent_Contig_31637	1	459	0	0	0	0	0	0
dDocent_Contig_31640	1	349	0	0	0	0	0	0
dDocent_Contig_31663	1	336	0	0	0	0	0	0
dDocent_Contig_31664	1	485	0	0	0	0	0	0
dDocent_Contig_31667	1	399	0	0	0	0	0	0
dDocent_Contig_31670	1	396	0	0	0	0	0	0
dDocent_Contig_31684	1	407	0	0	0	0	0	0
dDocent_Contig_31732	1	502	0	0	0	0	0	0
dDocent_Contig_31737	1	481	0	0	0	0	0	0
dDocent_Contig_31757	1	409	0	0	0	0	0	0
dDocent_Contig_31762	1	413	0	0	0	0	0	0
dDocent_Contig_31771	1	400	0	0	0	0	0	0
dDocent_Contig_31774	1	361	0	0	0	0	0	0
dDocent_Contig_31775	1	472	0	0	0	0	0	0
dDocent_Contig_31776	1	362	0	0	0	0	0	0
dDocent_Contig_31780	1	427	0	0	0	0	0	0
dDocent_Contig_31793	1	376	0	0	0	0	0	0
dDocent_Contig_31797	1	492	0	0	0	0	0	0
dDocent_Contig_31805	1	330	0	0	0	0	0	0
dDocent_Contig_31812	1	485	0	0	0	0	0	0
dDocent_Contig_31828	1	511	0	0	0	0	0	0
dDocent_Contig_31829	1	385	0	0	0	0	0	0
dDocent_Contig_31840	1	319	0	0	0	0	0	0
dDocent_Contig_31850	1	399	0	0	0	0	0	0
dDocent_Contig_31851	1	356	0	0	0	0	0	0
dDocent_Contig_31872	1	501	0	0	0	0	0	0
dDocent_Contig_31892	1	396	0	0	0	0	0	0
dDocent_Contig_31894	1	292	0	0	0	0	0	0
dDocent_Contig_31895	1	278	0	0	0	0	0	0
dDocent_Contig_31901	1	474	0	0	0	0	0	0
dDocent_Contig_31906	1	338	0	0	0	0	0	0
dDocent_Contig_31909	1	373	0	0	0	0	0	0
dDocent_Contig_31910	1	294	0	0	0	0	0	0
dDocent_Contig_31913	1	485	0	0	0	0	0	0
dDocent_Contig_31919	1	367	0	0	0	0	0	0
dDocent_Contig_31920	1	495	0	0	0	0	0	0
dDocent_Contig_31922	1	471	0	0	0	0	0	0
dDocent_Contig_31945	1	430	0	0	0	0	0	0
dDocent_Contig_31958	1	404	0	0	0	0	0	0
dDocent_Contig_31971	1	437	0	0	0	0	0	0
dDocent_Contig_31976	1	247	0	0	0	0	0	0
dDocent_Contig_31978	1	349	0	0	0	0	0	0
dDocent_Contig_31979	1	361	0	0	0	0	0	0
dDocent_Contig_31991	1	439	0	0	0	0	0	0
dDocent_Contig_31997	1	407	0	0	0	0	0	0
dDocent_Contig_32001	1	231	0	0	0	0	0	0
dDocent_Contig_32014	1	431	0	0	0	0	0	0
dDocent_Contig_32023	1	312	0	0	0	0	0	0
dDocent_Contig_32024	1	515	0	0	0	0	0	0
dDocent_Contig_32032	1	410	0	0	0	0	0	0
dDocent_Contig_32050	1	390	0	0	0	0	0	0
dDocent_Contig_32052	1	423	0	0	0	0	0	0
dDocent_Contig_32055	1	304	0	0	0	0	0	0
dDocent_Contig_32058	1	512	0	0	0	0	0	0
dDocent_Contig_32060	1	459	0	0	0	0	0	0
dDocent_Contig_32064	1	272	0	0	0	0	0	0
dDocent_Contig_32073	1	461	0	0	0	0	0	0
dDocent_Contig_32080	1	346	0	0	0	0	0	0
dDocent_Contig_32081	1	422	0	0	0	0	0	0
dDocent_Contig_32083	1	388	0	0	0	0	0	0
dDocent_Contig_32085	1	289	0	0	0	0	0	0
dDocent_Contig_32090	1	371	0	0	0	0	0	0
dDocent_Contig_32094	1	369	0	0	0	0	0	0
dDocent_Contig_32096	1	519	0	0	0	0	0	0
dDocent_Contig_32100	1	320	0	0	0	0	0	0
dDocent_Contig_32107	1	274	0	0	0	0	0	0
dDocent_Contig_32112	1	231	0	0	0	0	0	0
dDocent_Contig_32120	1	389	0	0	0	0	0	0
dDocent_Contig_32129	1	276	0	0	0	0	0	0
dDocent_Contig_32130	1	463	0	0	0	0	0	0
dDocent_Contig_32139	1	461	0	0	0	0	0	0
dDocent_Contig_32147	1	457	0	0	0	0	0	0
dDocent_Contig_32151	1	481	0	0	0	0	0	0
dDocent_Contig_32153	1	444	0	0	0	0	0	0
dDocent_Contig_32166	1	355	0	0	0	0	0	0
dDocent_Contig_32168	1	413	0	0	0	0	0	0
dDocent_Contig_32169	1	316	0	0	0	0	0	0
dDocent_Contig_32172	1	415	0	0	0	0	0	0
dDocent_Contig_32181	1	418	0	0	0	0	0	0
dDocent_Contig_32183	1	363	0	0	0	0	0	0
dDocent_Contig_32184	1	405	0	0	0	0	0	0
dDocent_Contig_32187	1	372	0	0	0	0	0	0
dDocent_Contig_32196	1	411	0	0	0	0	0	0
dDocent_Contig_32202	1	406	0	0	0	0	0	0
dDocent_Contig_32203	1	423	0	0	0	0	0	0
dDocent_Contig_32208	1	499	0	0	0	0	0	0
dDocent_Contig_32209	1	449	0	0	0	0	0	0
dDocent_Contig_32230	1	481	0	0	0	0	0	0
dDocent_Contig_32250	1	492	0	0	0	0	0	0
dDocent_Contig_32252	1	496	0	0	0	0	0	0
dDocent_Contig_32257	1	372	0	0	0	0	0	0
dDocent_Contig_32258	1	426	0	0	0	0	0	0
dDocent_Contig_32264	1	500	0	0	0	0	0	0
dDocent_Contig_32269	1	339	0	0	0	0	0	0
dDocent_Contig_32271	1	442	0	0	0	0	0	0
dDocent_Contig_32275	1	297	0	0	0	0	0	0
dDocent_Contig_32277	1	422	0	0	0	0	0	0
dDocent_Contig_32302	1	324	0	0	0	0	0	0
dDocent_Contig_32305	1	335	0	0	0	0	0	0
dDocent_Contig_32306	1	379	0	0	0	0	0	0
dDocent_Contig_32313	1	428	0	0	0	0	0	0
dDocent_Contig_32327	1	313	0	0	0	0	0	0
dDocent_Contig_32330	1	407	0	0	0	0	0	0
dDocent_Contig_32359	1	380	0	0	0	0	0	0
dDocent_Contig_32363	1	494	0	0	0	0	0	0
dDocent_Contig_32366	1	375	0	0	0	0	0	0
dDocent_Contig_32367	1	352	0	0	0	0	0	0
dDocent_Contig_32377	1	420	0	0	0	0	0	0
dDocent_Contig_32379	1	494	0	0	0	0	0	0
dDocent_Contig_32381	1	438	0	0	0	0	0	0
dDocent_Contig_32386	1	317	0	0	0	0	0	0
dDocent_Contig_32393	1	396	0	0	0	0	0	0
dDocent_Contig_32401	1	394	0	0	0	0	0	0
dDocent_Contig_32405	1	461	0	0	0	0	0	0
dDocent_Contig_32414	1	413	0	0	0	0	0	0
dDocent_Contig_32419	1	326	0	0	0	0	0	0
dDocent_Contig_32431	1	394	0	0	0	0	0	0
dDocent_Contig_32434	1	341	0	0	0	0	0	0
dDocent_Contig_32435	1	357	0	0	0	0	0	0
dDocent_Contig_32437	1	371	0	0	0	0	0	0
dDocent_Contig_32466	1	327	0	0	0	0	0	0
dDocent_Contig_32468	1	490	0	0	0	0	0	0
dDocent_Contig_32469	1	472	0	0	0	0	0	0
dDocent_Contig_32476	1	416	0	0	0	0	0	0
dDocent_Contig_32479	1	374	0	0	0	0	0	0
dDocent_Contig_32481	1	392	0	0	0	0	0	0
dDocent_Contig_32483	1	398	0	0	0	0	0	0
dDocent_Contig_32490	1	473	0	0	0	0	0	0
dDocent_Contig_32495	1	371	0	0	0	0	0	0
dDocent_Contig_32500	1	330	0	0	0	0	0	0
dDocent_Contig_32501	1	368	0	0	0	0	0	0
dDocent_Contig_32506	1	459	0	0	0	0	0	0
dDocent_Contig_32508	1	416	0	0	0	0	0	0
dDocent_Contig_32514	1	371	0	0	0	0	0	0
dDocent_Contig_32519	1	374	0	0	0	0	0	0
dDocent_Contig_32535	1	406	0	0	0	0	0	0
dDocent_Contig_32536	1	370	0	0	0	0	0	0
dDocent_Contig_32537	1	353	0	0	0	0	0	0
dDocent_Contig_32543	1	345	0	0	0	0	0	0
dDocent_Contig_32546	1	308	0	0	0	0	0	0
dDocent_Contig_32547	1	319	0	0	0	0	0	0
dDocent_Contig_32559	1	336	0	0	0	0	0	0
dDocent_Contig_32564	1	403	0	0	0	0	0	0
dDocent_Contig_32566	1	404	0	0	0	0	0	0
dDocent_Contig_32568	1	351	0	0	0	0	0	0
dDocent_Contig_32571	1	389	0	0	0	0	0	0
dDocent_Contig_32610	1	406	0	0	0	0	0	0
dDocent_Contig_32614	1	360	0	0	0	0	0	0
dDocent_Contig_32618	1	428	0	0	0	0	0	0
dDocent_Contig_32622	1	386	0	0	0	0	0	0
dDocent_Contig_32626	1	324	0	0	0	0	0	0
dDocent_Contig_32632	1	370	0	0	0	0	0	0
dDocent_Contig_32637	1	379	0	0	0	0	0	0
dDocent_Contig_32643	1	320	0	0	0	0	0	0
dDocent_Contig_32646	1	430	0	0	0	0	0	0
dDocent_Contig_32648	1	255	0	0	0	0	0	0
dDocent_Contig_32652	1	342	0	0	0	0	0	0
dDocent_Contig_32655	1	325	0	0	0	0	0	0
dDocent_Contig_32657	1	476	0	0	0	0	0	0
dDocent_Contig_32667	1	240	0	0	0	0	0	0
dDocent_Contig_32697	1	403	0	0	0	0	0	0
dDocent_Contig_32702	1	309	0	0	0	0	0	0
dDocent_Contig_32704	1	501	0	0	0	0	0	0
dDocent_Contig_32708	1	397	0	0	0	0	0	0
dDocent_Contig_32709	1	480	0	0	0	0	0	0
dDocent_Contig_32711	1	298	0	0	0	0	0	0
dDocent_Contig_32712	1	428	0	0	0	0	0	0
dDocent_Contig_32714	1	391	0	0	0	0	0	0
dDocent_Contig_32728	1	407	0	0	0	0	0	0
dDocent_Contig_32729	1	373	0	0	0	0	0	0
dDocent_Contig_32735	1	452	0	0	0	0	0	0
dDocent_Contig_32753	1	405	0	0	0	0	0	0
dDocent_Contig_32754	1	462	0	0	0	0	0	0
dDocent_Contig_32755	1	299	0	0	0	0	0	0
dDocent_Contig_32759	1	407	0	0	0	0	0	0
dDocent_Contig_32786	1	451	0	0	0	0	0	0
dDocent_Contig_32791	1	459	0	0	0	0	0	0
dDocent_Contig_32794	1	416	0	0	0	0	0	0
dDocent_Contig_32798	1	405	0	0	0	0	0	0
dDocent_Contig_32800	1	479	0	0	0	0	0	0
dDocent_Contig_32801	1	430	0	0	0	0	0	0
dDocent_Contig_32808	1	433	0	0	0	0	0	0
dDocent_Contig_32809	1	359	0	0	0	0	0	0
dDocent_Contig_32824	1	294	0	0	0	0	0	0
dDocent_Contig_32831	1	383	0	0	0	0	0	0
dDocent_Contig_32834	1	369	0	0	0	0	0	0
dDocent_Contig_32850	1	402	0	0	0	0	0	0
dDocent_Contig_32853	1	353	0	0	0	0	0	0
dDocent_Contig_32856	1	481	0	0	0	0	0	0
dDocent_Contig_32867	1	392	0	0	0	0	0	0
dDocent_Contig_32871	1	483	0	0	0	0	0	0
dDocent_Contig_32881	1	328	0	0	0	0	0	0
dDocent_Contig_32886	1	378	0	0	0	0	0	0
dDocent_Contig_32887	1	412	0	0	0	0	0	0
dDocent_Contig_32903	1	383	0	0	0	0	0	0
dDocent_Contig_32904	1	464	0	0	0	0	0	0
dDocent_Contig_32932	1	371	0	0	0	0	0	0
dDocent_Contig_32942	1	489	0	0	0	0	0	0
dDocent_Contig_32945	1	405	0	0	0	0	0	0
dDocent_Contig_32954	1	406	0	0	0	0	0	0
dDocent_Contig_32969	1	289	0	0	0	0	0	0
dDocent_Contig_32973	1	353	0	0	0	0	0	0
dDocent_Contig_32975	1	388	0	0	0	0	0	0
dDocent_Contig_32976	1	358	0	0	0	0	0	0
dDocent_Contig_32977	1	462	0	0	0	0	0	0
dDocent_Contig_32978	1	339	0	0	0	0	0	0
dDocent_Contig_32993	1	345	0	0	0	0	0	0
dDocent_Contig_33002	1	487	0	0	0	0	0	0
dDocent_Contig_33017	1	396	0	0	0	0	0	0
dDocent_Contig_33018	1	358	0	0	0	0	0	0
dDocent_Contig_33020	1	384	0	0	0	0	0	0
dDocent_Contig_33032	1	455	0	0	0	0	0	0
dDocent_Contig_33038	1	342	0	0	0	0	0	0
dDocent_Contig_33044	1	261	0	0	0	0	0	0
dDocent_Contig_33048	1	419	0	0	0	0	0	0
dDocent_Contig_33050	1	424	0	0	0	0	0	0
dDocent_Contig_33084	1	289	0	0	0	0	0	0
dDocent_Contig_33089	1	388	0	0	0	0	0	0
dDocent_Contig_33092	1	412	0	0	0	0	0	0
dDocent_Contig_33096	1	455	0	0	0	0	0	0
dDocent_Contig_33112	1	377	0	0	0	0	0	0
dDocent_Contig_33114	1	322	0	0	0	0	0	0
dDocent_Contig_33121	1	375	0	0	0	0	0	0
dDocent_Contig_33133	1	375	0	0	0	0	0	0
dDocent_Contig_33135	1	442	0	0	0	0	0	0
dDocent_Contig_33145	1	332	0	0	0	0	0	0
dDocent_Contig_33154	1	375	0	0	0	0	0	0
dDocent_Contig_33160	1	358	0	0	0	0	0	0
dDocent_Contig_33175	1	420	0	0	0	0	0	0
dDocent_Contig_33179	1	517	0	0	0	0	0	0
dDocent_Contig_33185	1	431	0	0	0	0	0	0
dDocent_Contig_33189	1	387	0	0	0	0	0	0
dDocent_Contig_33203	1	508	0	0	0	0	0	0
dDocent_Contig_33227	1	340	0	0	0	0	0	0
dDocent_Contig_33229	1	468	0	0	0	0	0	0
dDocent_Contig_33232	1	363	0	0	0	0	0	0
dDocent_Contig_33234	1	331	0	0	0	0	0	0
dDocent_Contig_33247	1	367	0	0	0	0	0	0
dDocent_Contig_33252	1	356	0	0	0	0	0	0
dDocent_Contig_33254	1	389	0	0	0	0	0	0
dDocent_Contig_33273	1	406	0	0	0	0	0	0
dDocent_Contig_33275	1	417	0	0	0	0	0	0
dDocent_Contig_33281	1	324	0	0	0	0	0	0
dDocent_Contig_33286	1	403	0	0	0	0	0	0
dDocent_Contig_33297	1	456	0	0	0	0	0	0
dDocent_Contig_33315	1	380	0	0	0	0	0	0
dDocent_Contig_33325	1	514	0	0	0	0	0	0
dDocent_Contig_33338	1	312	0	0	0	0	0	0
dDocent_Contig_33344	1	415	0	0	0	0	0	0
dDocent_Contig_33348	1	421	0	0	0	0	0	0
dDocent_Contig_33353	1	365	0	0	0	0	0	0
dDocent_Contig_33354	1	302	0	0	0	0	0	0
dDocent_Contig_33359	1	412	0	0	0	0	0	0
dDocent_Contig_33379	1	368	0	0	0	0	0	0
dDocent_Contig_33380	1	429	0	0	0	0	0	0
dDocent_Contig_33403	1	402	0	0	0	0	0	0
dDocent_Contig_33407	1	337	0	0	0	0	0	0
dDocent_Contig_33411	1	385	0	0	0	0	0	0
dDocent_Contig_33418	1	348	0	0	0	0	0	0
dDocent_Contig_33444	1	369	0	0	0	0	0	0
dDocent_Contig_33448	1	395	0	0	0	0	0	0
dDocent_Contig_33453	1	379	0	0	0	0	0	0
dDocent_Contig_33454	1	501	0	0	0	0	0	0
dDocent_Contig_33456	1	375	0	0	0	0	0	0
dDocent_Contig_33458	1	434	0	0	0	0	0	0
dDocent_Contig_33465	1	410	0	0	0	0	0	0
dDocent_Contig_33466	1	350	0	0	0	0	0	0
dDocent_Contig_33468	1	332	0	0	0	0	0	0
dDocent_Contig_33469	1	294	0	0	0	0	0	0
dDocent_Contig_33481	1	357	0	0	0	0	0	0
dDocent_Contig_33483	1	503	0	0	0	0	0	0
dDocent_Contig_33498	1	227	0	0	0	0	0	0
dDocent_Contig_33499	1	412	0	0	0	0	0	0
dDocent_Contig_33507	1	463	0	0	0	0	0	0
dDocent_Contig_33516	1	371	0	0	0	0	0	0
dDocent_Contig_33520	1	397	0	0	0	0	0	0
dDocent_Contig_33551	1	391	0	0	0	0	0	0
dDocent_Contig_33555	1	290	0	0	0	0	0	0
dDocent_Contig_33560	1	382	0	0	0	0	0	0
dDocent_Contig_33574	1	387	0	0	0	0	0	0
dDocent_Contig_33585	1	355	0	0	0	0	0	0
dDocent_Contig_33586	1	421	0	0	0	0	0	0
dDocent_Contig_33595	1	385	0	0	0	0	0	0
dDocent_Contig_33596	1	240	0	0	0	0	0	0
dDocent_Contig_33609	1	403	0	0	0	0	0	0
dDocent_Contig_33616	1	462	0	0	0	0	0	0
dDocent_Contig_33620	1	382	0	0	0	0	0	0
dDocent_Contig_33624	1	419	0	0	0	0	0	0
dDocent_Contig_33629	1	349	0	0	0	0	0	0
dDocent_Contig_33631	1	354	0	0	0	0	0	0
dDocent_Contig_33632	1	400	0	0	0	0	0	0
dDocent_Contig_33635	1	471	0	0	0	0	0	0
dDocent_Contig_33658	1	369	0	0	0	0	0	0
dDocent_Contig_33664	1	443	0	0	0	0	0	0
dDocent_Contig_33686	1	416	0	0	0	0	0	0
dDocent_Contig_33692	1	385	0	0	0	0	0	0
dDocent_Contig_33708	1	334	0	0	0	0	0	0
dDocent_Contig_33710	1	349	0	0	0	0	0	0
dDocent_Contig_33717	1	383	0	0	0	0	0	0
dDocent_Contig_33719	1	335	0	0	0	0	0	0
dDocent_Contig_33737	1	339	0	0	0	0	0	0
dDocent_Contig_33740	1	413	0	0	0	0	0	0
dDocent_Contig_33749	1	381	0	0	0	0	0	0
dDocent_Contig_33769	1	419	0	0	0	0	0	0
dDocent_Contig_33775	1	313	0	0	0	0	0	0
dDocent_Contig_33790	1	432	0	0	0	0	0	0
dDocent_Contig_33793	1	321	0	0	0	0	0	0
dDocent_Contig_33807	1	361	0	0	0	0	0	0
dDocent_Contig_33815	1	366	0	0	0	0	0	0
dDocent_Contig_33820	1	415	0	0	0	0	0	0
dDocent_Contig_33826	1	422	0	0	0	0	0	0
dDocent_Contig_33828	1	335	0	0	0	0	0	0
dDocent_Contig_33829	1	375	0	0	0	0	0	0
dDocent_Contig_33832	1	345	0	0	0	0	0	0
dDocent_Contig_33840	1	344	0	0	0	0	0	0
dDocent_Contig_33850	1	400	0	0	0	0	0	0
dDocent_Contig_33874	1	401	0	0	0	0	0	0
dDocent_Contig_33889	1	314	0	0	0	0	0	0
dDocent_Contig_33924	1	375	0	0	0	0	0	0
dDocent_Contig_33926	1	501	0	0	0	0	0	0
dDocent_Contig_33934	1	374	0	0	0	0	0	0
dDocent_Contig_33939	1	415	0	0	0	0	0	0
dDocent_Contig_33968	1	366	0	0	0	0	0	0
dDocent_Contig_33976	1	361	0	0	0	0	0	0
dDocent_Contig_33999	1	473	0	0	0	0	0	0
dDocent_Contig_34037	1	377	0	0	0	0	0	0
dDocent_Contig_34049	1	470	0	0	0	0	0	0
dDocent_Contig_34056	1	319	0	0	0	0	0	0
dDocent_Contig_34062	1	404	0	0	0	0	0	0
dDocent_Contig_34064	1	461	0	0	0	0	0	0
dDocent_Contig_34065	1	324	0	0	0	0	0	0
dDocent_Contig_34080	1	486	0	0	0	0	0	0
dDocent_Contig_34101	1	410	0	0	0	0	0	0
dDocent_Contig_34127	1	388	0	0	0	0	0	0
dDocent_Contig_34130	1	366	0	0	0	0	0	0
dDocent_Contig_34140	1	333	0	0	0	0	0	0
dDocent_Contig_34146	1	395	0	0	0	0	0	0
dDocent_Contig_34148	1	351	0	0	0	0	0	0
dDocent_Contig_34154	1	359	0	0	0	0	0	0
dDocent_Contig_34155	1	456	0	0	0	0	0	0
dDocent_Contig_34186	1	419	0	0	0	0	0	0
dDocent_Contig_34189	1	449	0	0	0	0	0	0
dDocent_Contig_34195	1	386	0	0	0	0	0	0
dDocent_Contig_34197	1	401	0	0	0	0	0	0
dDocent_Contig_34217	1	499	0	0	0	0	0	0
dDocent_Contig_34222	1	412	0	0	0	0	0	0
dDocent_Contig_34224	1	418	0	0	0	0	0	0
dDocent_Contig_34243	1	371	0	0	0	0	0	0
dDocent_Contig_34245	1	408	0	0	0	0	0	0
dDocent_Contig_34250	1	424	0	0	0	0	0	0
dDocent_Contig_34259	1	455	0	0	0	0	0	0
dDocent_Contig_34264	1	465	0	0	0	0	0	0
dDocent_Contig_34294	1	368	0	0	0	0	0	0
dDocent_Contig_34295	1	456	0	0	0	0	0	0
dDocent_Contig_34315	1	335	0	0	0	0	0	0
dDocent_Contig_34320	1	385	0	0	0	0	0	0
dDocent_Contig_34380	1	390	0	0	0	0	0	0
dDocent_Contig_34387	1	416	0	0	0	0	0	0
dDocent_Contig_34392	1	288	0	0	0	0	0	0
dDocent_Contig_34395	1	313	0	0	0	0	0	0
dDocent_Contig_34412	1	430	0	0	0	0	0	0
dDocent_Contig_34436	1	281	0	0	0	0	0	0
dDocent_Contig_34439	1	396	0	0	0	0	0	0
dDocent_Contig_34444	1	316	0	0	0	0	0	0
dDocent_Contig_34449	1	340	0	0	0	0	0	0
dDocent_Contig_34456	1	325	0	0	0	0	0	0
dDocent_Contig_34465	1	349	0	0	0	0	0	0
dDocent_Contig_34478	1	281	0	0	0	0	0	0
dDocent_Contig_34481	1	332	0	0	0	0	0	0
dDocent_Contig_34487	1	389	0	0	0	0	0	0
dDocent_Contig_34493	1	379	0	0	0	0	0	0
dDocent_Contig_34500	1	397	0	0	0	0	0	0
dDocent_Contig_34502	1	350	0	0	0	0	0	0
dDocent_Contig_34511	1	307	0	0	0	0	0	0
dDocent_Contig_34516	1	247	0	0	0	0	0	0
dDocent_Contig_34518	1	506	0	0	0	0	0	0
dDocent_Contig_34522	1	428	0	0	0	0	0	0
dDocent_Contig_34533	1	298	0	0	0	0	0	0
dDocent_Contig_34555	1	449	0	0	0	0	0	0
dDocent_Contig_34560	1	403	0	0	0	0	0	0
dDocent_Contig_34565	1	378	0	0	0	0	0	0
dDocent_Contig_34573	1	435	0	0	0	0	0	0
dDocent_Contig_34575	1	390	0	0	0	0	0	0
dDocent_Contig_34587	1	384	0	0	0	0	0	0
dDocent_Contig_34590	1	333	0	0	0	0	0	0
dDocent_Contig_34601	1	374	0	0	0	0	0	0
dDocent_Contig_34607	1	421	0	0	0	0	0	0
dDocent_Contig_34611	1	334	0	0	0	0	0	0
dDocent_Contig_34613	1	499	0	0	0	0	0	0
dDocent_Contig_34632	1	378	0	0	0	0	0	0
dDocent_Contig_34649	1	331	0	0	0	0	0	0
dDocent_Contig_34651	1	337	0	0	0	0	0	0
dDocent_Contig_34662	1	351	0	0	0	0	0	0
dDocent_Contig_34663	1	382	0	0	0	0	0	0
dDocent_Contig_34680	1	401	0	0	0	0	0	0
dDocent_Contig_34693	1	371	0	0	0	0	0	0
dDocent_Contig_34706	1	493	0	0	0	0	0	0
dDocent_Contig_34708	1	433	0	0	0	0	0	0
dDocent_Contig_34709	1	385	0	0	0	0	0	0
dDocent_Contig_34711	1	393	0	0	0	0	0	0
dDocent_Contig_34718	1	389	0	0	0	0	0	0
dDocent_Contig_34732	1	311	0	0	0	0	0	0
dDocent_Contig_34735	1	441	0	0	0	0	0	0
dDocent_Contig_34752	1	341	0	0	0	0	0	0
dDocent_Contig_34754	1	317	0	0	0	0	0	0
dDocent_Contig_34781	1	389	0	0	0	0	0	0
dDocent_Contig_34782	1	396	0	0	0	0	0	0
dDocent_Contig_34786	1	386	0	0	0	0	0	0
dDocent_Contig_34798	1	371	0	0	0	0	0	0
dDocent_Contig_34840	1	402	0	0	0	0	0	0
dDocent_Contig_34846	1	515	0	0	0	0	0	0
dDocent_Contig_34847	1	476	0	0	0	0	0	0
dDocent_Contig_34848	1	385	0	0	0	0	0	0
dDocent_Contig_34851	1	391	0	0	0	0	0	0
dDocent_Contig_34861	1	377	0	0	0	0	0	0
dDocent_Contig_34863	1	345	0	0	0	0	0	0
dDocent_Contig_34873	1	286	0	0	0	0	0	0
dDocent_Contig_34878	1	392	0	0	0	0	0	0
dDocent_Contig_34880	1	347	0	0	0	0	0	0
dDocent_Contig_34902	1	434	0	0	0	0	0	0
dDocent_Contig_34905	1	436	0	0	0	0	0	0
dDocent_Contig_34910	1	409	0	0	0	0	0	0
dDocent_Contig_34928	1	236	0	0	0	0	0	0
dDocent_Contig_34940	1	519	0	0	0	0	0	0
dDocent_Contig_34954	1	477	0	0	0	0	0	0
dDocent_Contig_34973	1	381	0	0	0	0	0	0
dDocent_Contig_34974	1	506	0	0	0	0	0	0
dDocent_Contig_34976	1	362	0	0	0	0	0	0
dDocent_Contig_34978	1	349	0	0	0	0	0	0
dDocent_Contig_34979	1	253	0	0	0	0	0	0
dDocent_Contig_34982	1	375	0	0	0	0	0	0
dDocent_Contig_34983	1	398	0	0	0	0	0	0
dDocent_Contig_34996	1	259	0	0	0	0	0	0
dDocent_Contig_34997	1	500	0	0	0	0	0	0
dDocent_Contig_35015	1	412	0	0	0	0	0	0
dDocent_Contig_35017	1	347	0	0	0	0	0	0
dDocent_Contig_35022	1	395	0	0	0	0	0	0
dDocent_Contig_35028	1	380	0	0	0	0	0	0
dDocent_Contig_35031	1	421	0	0	0	0	0	0
dDocent_Contig_35038	1	387	0	0	0	0	0	0
dDocent_Contig_35058	1	378	0	0	0	0	0	0
dDocent_Contig_35077	1	405	0	0	0	0	0	0
dDocent_Contig_35084	1	342	0	0	0	0	0	0
dDocent_Contig_35086	1	330	0	0	0	0	0	0
dDocent_Contig_35091	1	348	0	0	0	0	0	0
dDocent_Contig_35092	1	367	0	0	0	0	0	0
dDocent_Contig_35097	1	429	0	0	0	0	0	0
dDocent_Contig_35102	1	506	0	0	0	0	0	0
dDocent_Contig_35108	1	393	0	0	0	0	0	0
dDocent_Contig_35110	1	491	0	0	0	0	0	0
dDocent_Contig_35123	1	295	0	0	0	0	0	0
dDocent_Contig_35144	1	455	0	0	0	0	0	0
dDocent_Contig_35161	1	340	0	0	0	0	0	0
dDocent_Contig_35165	1	309	0	0	0	0	0	0
dDocent_Contig_35175	1	314	0	0	0	0	0	0
dDocent_Contig_35176	1	386	0	0	0	0	0	0
dDocent_Contig_35180	1	275	0	0	0	0	0	0
dDocent_Contig_35182	1	338	0	0	0	0	0	0
dDocent_Contig_35183	1	322	0	0	0	0	0	0
dDocent_Contig_35189	1	449	0	0	0	0	0	0
dDocent_Contig_35201	1	429	0	0	0	0	0	0
dDocent_Contig_35213	1	390	0	0	0	0	0	0
dDocent_Contig_35215	1	295	0	0	0	0	0	0
dDocent_Contig_35222	1	371	0	0	0	0	0	0
dDocent_Contig_35232	1	393	0	0	0	0	0	0
dDocent_Contig_35236	1	348	0	0	0	0	0	0
dDocent_Contig_35237	1	376	0	0	0	0	0	0
dDocent_Contig_35241	1	225	0	0	0	0	0	0
dDocent_Contig_35265	1	450	0	0	0	0	0	0
dDocent_Contig_35280	1	275	0	0	0	0	0	0
dDocent_Contig_35297	1	289	0	0	0	0	0	0
dDocent_Contig_35305	1	400	0	0	0	0	0	0
dDocent_Contig_35308	1	395	0	0	0	0	0	0
dDocent_Contig_35310	1	393	0	0	0	0	0	0
dDocent_Contig_35311	1	410	0	0	0	0	0	0
dDocent_Contig_35313	1	424	0	0	0	0	0	0
dDocent_Contig_35316	1	429	0	0	0	0	0	0
dDocent_Contig_35324	1	296	0	0	0	0	0	0
dDocent_Contig_35325	1	360	0	0	0	0	0	0
dDocent_Contig_35329	1	479	0	0	0	0	0	0
dDocent_Contig_35331	1	345	0	0	0	0	0	0
dDocent_Contig_35335	1	411	0	0	0	0	0	0
dDocent_Contig_35342	1	430	0	0	0	0	0	0
dDocent_Contig_35347	1	362	0	0	0	0	0	0
dDocent_Contig_35355	1	264	0	0	0	0	0	0
dDocent_Contig_35356	1	473	0	0	0	0	0	0
dDocent_Contig_35357	1	436	0	0	0	0	0	0
dDocent_Contig_35379	1	396	0	0	0	0	0	0
dDocent_Contig_35383	1	355	0	0	0	0	0	0
dDocent_Contig_35388	1	400	0	0	0	0	0	0
dDocent_Contig_35393	1	365	0	0	0	0	0	0
dDocent_Contig_35466	1	248	0	0	0	0	0	0
dDocent_Contig_35487	1	422	0	0	0	0	0	0
dDocent_Contig_35493	1	392	0	0	0	0	0	0
dDocent_Contig_35497	1	401	0	0	0	0	0	0
dDocent_Contig_35498	1	471	0	0	0	0	0	0
dDocent_Contig_35506	1	386	0	0	0	0	0	0
dDocent_Contig_35508	1	394	0	0	0	0	0	0
dDocent_Contig_35509	1	396	0	0	0	0	0	0
dDocent_Contig_35522	1	375	0	0	0	0	0	0
dDocent_Contig_35530	1	381	0	0	0	0	0	0
dDocent_Contig_35541	1	426	0	0	0	0	0	0
dDocent_Contig_35546	1	322	0	0	0	0	0	0
dDocent_Contig_35570	1	410	0	0	0	0	0	0
dDocent_Contig_35585	1	439	0	0	0	0	0	0
dDocent_Contig_35588	1	326	0	0	0	0	0	0
dDocent_Contig_35594	1	325	0	0	0	0	0	0
dDocent_Contig_35602	1	284	0	0	0	0	0	0
dDocent_Contig_35605	1	320	0	0	0	0	0	0
dDocent_Contig_35614	1	504	0	0	0	0	0	0
dDocent_Contig_35621	1	397	0	0	0	0	0	0
dDocent_Contig_35635	1	355	0	0	0	0	0	0
dDocent_Contig_35648	1	371	0	0	0	0	0	0
dDocent_Contig_35662	1	485	0	0	0	0	0	0
dDocent_Contig_35663	1	352	0	0	0	0	0	0
dDocent_Contig_35674	1	331	0	0	0	0	0	0
dDocent_Contig_35679	1	450	0	0	0	0	0	0
dDocent_Contig_35686	1	342	0	0	0	0	0	0
dDocent_Contig_35691	1	495	0	0	0	0	0	0
dDocent_Contig_35693	1	388	0	0	0	0	0	0
dDocent_Contig_35701	1	400	0	0	0	0	0	0
dDocent_Contig_35729	1	348	0	0	0	0	0	0
dDocent_Contig_35731	1	348	0	0	0	0	0	0
dDocent_Contig_35734	1	442	0	0	0	0	0	0
dDocent_Contig_35739	1	377	0	0	0	0	0	0
dDocent_Contig_35741	1	449	0	0	0	0	0	0
dDocent_Contig_35745	1	417	0	0	0	0	0	0
dDocent_Contig_35749	1	390	0	0	0	0	0	0
dDocent_Contig_35755	1	364	0	0	0	0	0	0
dDocent_Contig_35763	1	320	0	0	0	0	0	0
dDocent_Contig_35791	1	344	0	0	0	0	0	0
dDocent_Contig_35807	1	334	0	0	0	0	0	0
dDocent_Contig_35811	1	391	0	0	0	0	0	0
dDocent_Contig_35820	1	363	0	0	0	0	0	0
dDocent_Contig_35823	1	328	0	0	0	0	0	0
dDocent_Contig_35833	1	447	0	0	0	0	0	0
dDocent_Contig_35836	1	295	0	0	0	0	0	0
dDocent_Contig_35845	1	289	0	0	0	0	0	0
dDocent_Contig_35848	1	309	0	0	0	0	0	0
dDocent_Contig_35854	1	423	0	0	0	0	0	0
dDocent_Contig_35871	1	394	0	0	0	0	0	0
dDocent_Contig_35873	1	253	0	0	0	0	0	0
dDocent_Contig_35880	1	373	0	0	0	0	0	0
dDocent_Contig_35888	1	367	0	0	0	0	0	0
dDocent_Contig_35918	1	332	0	0	0	0	0	0
dDocent_Contig_35919	1	484	0	0	0	0	0	0
dDocent_Contig_35921	1	420	0	0	0	0	0	0
dDocent_Contig_35925	1	485	0	0	0	0	0	0
dDocent_Contig_35998	1	386	0	0	0	0	0	0
dDocent_Contig_35999	1	312	0	0	0	0	0	0
dDocent_Contig_36007	1	321	0	0	0	0	0	0
dDocent_Contig_36008	1	451	0	0	0	0	0	0
dDocent_Contig_36023	1	393	0	0	0	0	0	0
dDocent_Contig_36030	1	404	0	0	0	0	0	0
dDocent_Contig_36043	1	381	0	0	0	0	0	0
dDocent_Contig_36051	1	401	0	0	0	0	0	0
dDocent_Contig_36067	1	366	0	0	0	0	0	0
